source,target,seed,fold,adapt_n,test_n,target_n,mean_classifier_discrepancy,centroid_distance,positive_rate_before,positive_rate_after,entropy_before,entropy_after,probability_drift,mean_dlar_confident_fraction,mean_pseudo_positive_fraction,mean_dlar_loss,mean_lcl_loss,mean_common_neighbors,mean_lcl_pair_count
cleveland,hungary,0,1,235,59,235,0.026940079405903816,1.583781361579895,0.37021276354789734,0.37021276354789734,0.5086345076560974,0.5007725954055786,0.005839490797370672,0.28425530791282655,0.4340425431728363,0.3081907153129578,0.7126601338386536,1.8059574468085107,424.4
cleveland,hungary,0,2,235,59,235,0.0268192570656538,1.7062021493911743,0.3957446813583374,0.3957446813583374,0.5006109476089478,0.4920453429222107,0.0060582514852285385,0.2706382930278778,0.44255316257476807,0.29582231640815737,0.7170179009437561,1.8570212765957446,436.4
cleveland,hungary,0,3,235,59,235,0.02722860686480999,1.6623549461364746,0.3744680881500244,0.3744680881500244,0.5010125041007996,0.4929334819316864,0.005640157964080572,0.2868084967136383,0.42978721857070923,0.30127092599868777,0.7306512057781219,1.8999999999999997,446.5
cleveland,hungary,0,4,235,59,235,0.02672100067138672,1.6574487686157227,0.3787233829498291,0.36595743894577026,0.5050225853919983,0.4963722229003906,0.006227996200323105,0.27234041690826416,0.42978721857070923,0.3017517626285553,0.6920656144618988,1.8565957446808512,436.3
cleveland,hungary,0,5,236,58,236,0.027606923133134842,1.6565684080123901,0.402542382478714,0.402542382478714,0.507449209690094,0.4993341863155365,0.005806681700050831,0.2533898323774338,0.44915252923965454,0.30685914754867555,0.7373180985450745,1.9076271186440679,450.2
cleveland,switzerland,0,1,98,25,98,0.028200583532452583,1.088157296180725,0.7857142686843872,0.7653061151504517,0.5310891270637512,0.525493323802948,0.005975625943392515,0.1877551019191742,0.6326530575752258,0.3709466397762299,1.0750743865966796,2.527551020408164,247.7
cleveland,switzerland,0,2,98,25,98,0.02814621292054653,1.0533461570739746,0.7653061151504517,0.7448979616165161,0.5371270179748535,0.5309456586837769,0.006623472552746534,0.19795917868614196,0.6326530575752258,0.36590099334716797,1.1203413248062133,2.5632653061224486,251.2
cleveland,switzerland,0,3,98,25,98,0.028686143457889557,0.8595720529556274,0.7755101919174194,0.7653061151504517,0.5589134097099304,0.5544425249099731,0.006090168375521898,0.18979591131210327,0.6020408272743225,0.4001728713512421,1.0431589961051941,2.2193877551020407,217.5
cleveland,switzerland,0,4,99,24,99,0.02893158420920372,1.0437536239624023,0.7676767706871033,0.747474730014801,0.5416761040687561,0.5362696647644043,0.006568305194377899,0.18181818425655366,0.6060606241226196,0.3816250503063202,1.105213212966919,2.543434343434343,251.8
cleveland,switzerland,0,5,99,24,99,0.028225021436810493,1.091490626335144,0.7676767706871033,0.7575757503509521,0.5315988063812256,0.5262800455093384,0.006402831058949232,0.19797979295253754,0.6060606241226196,0.3827979266643524,1.1216235518455506,2.6525252525252525,262.6
cleveland,va_long_beach,0,1,160,40,160,0.02752518095076084,1.2101188898086548,0.737500011920929,0.71875,0.5361038446426392,0.5305067300796509,0.0060345991514623165,0.21250000298023225,0.5712500095367432,0.3730914115905762,1.0415899753570557,2.3987500000000006,383.8
cleveland,va_long_beach,0,2,160,40,160,0.02765703573822975,1.118170976638794,0.768750011920929,0.7562500238418579,0.5391916632652283,0.5335701704025269,0.005683439318090677,0.2225000023841858,0.6150000214576721,0.37017673850059507,1.0584126949310302,2.39625,383.4
cleveland,va_long_beach,0,3,160,40,160,0.02743813395500183,1.0867891311645508,0.762499988079071,0.75,0.5406932234764099,0.5354436039924622,0.005622413009405136,0.20375000536441804,0.612500011920929,0.3763237833976746,0.9831701457500458,2.2456249999999995,359.3
cleveland,va_long_beach,0,4,160,40,160,0.027724672108888626,1.1429226398468018,0.768750011920929,0.7562500238418579,0.5363984107971191,0.5311641097068787,0.005524448584765196,0.21875000298023223,0.59375,0.38298731446266177,1.0022074460983277,2.318125,370.9
cleveland,va_long_beach,0,5,160,40,160,0.02732730284333229,1.1925289630889893,0.737500011920929,0.71875,0.5401664972305298,0.5347601175308228,0.005688517354428768,0.20000000596046447,0.5687500238418579,0.3781855642795563,1.0343764185905457,2.37625,380.2
cleveland,hungary,1,1,235,59,235,0.020823325961828232,1.2840443849563599,0.37021276354789734,0.37021276354789734,0.5277805328369141,0.5159680843353271,0.009005891159176826,0.2468084990978241,0.4510638117790222,0.32755197286605836,0.6729066073894501,1.5876595744680853,373.1
cleveland,hungary,1,2,235,59,235,0.019179750233888626,1.4066014289855957,0.4127659499645233,0.4127659499645233,0.5184150338172913,0.5064733624458313,0.008932084776461124,0.2595744729042053,0.46808508038520813,0.31076349020004274,0.7325645983219147,1.7910638297872339,420.9
cleveland,hungary,1,3,235,59,235,0.020258093252778053,1.3870036602020264,0.37021276354789734,0.37021276354789734,0.515329897403717,0.5035021305084229,0.00863839965313673,0.27659574151039124,0.4544680714607239,0.32071547508239745,0.7183608710765839,1.7604255319148936,413.7
cleveland,hungary,1,4,235,59,235,0.020662229508161545,1.3529940843582153,0.3787233829498291,0.3787233829498291,0.5232774615287781,0.5111144781112671,0.009571447037160397,0.2434042513370514,0.44255316257476807,0.31866409778594973,0.7231785178184509,1.751914893617021,411.7
cleveland,hungary,1,5,236,58,236,0.02048308029770851,1.3700203895568848,0.4067796468734741,0.4067796468734741,0.5244448781013489,0.5131840705871582,0.008702827617526054,0.2305084764957428,0.47033897042274475,0.32518386244773867,0.7646372437477111,1.841949152542373,434.7
cleveland,switzerland,1,1,98,25,98,0.019686929881572723,0.6823694705963135,0.7857142686843872,0.7755101919174194,0.5860931873321533,0.5808325409889221,0.006553518585860729,0.2510204046964645,0.6265306115150452,0.4219561517238617,1.1639431357383727,2.394897959183673,234.7
cleveland,switzerland,1,2,98,25,98,0.018007352948188782,0.6745516657829285,0.7755101919174194,0.7551020383834839,0.5905095338821411,0.5844998955726624,0.006932783871889114,0.2734693825244904,0.6428571343421936,0.40534513592720034,1.2582309246063232,2.53469387755102,248.4
cleveland,switzerland,1,3,98,25,98,0.02018199861049652,0.5456140041351318,0.7755101919174194,0.7551020383834839,0.6058840751647949,0.6009231805801392,0.006777580827474594,0.3122448980808258,0.5918367505073547,0.44734014868736266,1.1898865580558777,2.292857142857143,224.7
cleveland,switzerland,1,4,99,24,99,0.020798567682504654,0.6729644536972046,0.7575757503509521,0.7373737096786499,0.5926842093467712,0.5875498056411743,0.00717190420255065,0.2929292917251587,0.6060606241226196,0.42375160455703736,1.1767691254615784,2.3888888888888893,236.5
cleveland,switzerland,1,5,99,24,99,0.018910814076662064,0.6966692805290222,0.7676767706871033,0.7575757503509521,0.5878395438194275,0.5821578502655029,0.006461497396230698,0.2888888895511627,0.6464646458625793,0.40394326448440554,1.2368796467781067,2.485858585858586,246.1
cleveland,va_long_beach,1,1,160,40,160,0.0212384145706892,0.6751759052276611,0.7562500238418579,0.75,0.5857210159301758,0.5806145071983337,0.0067437379620969296,0.2599999994039536,0.5562500357627869,0.44496063590049745,1.2681973338127137,2.555625,408.9
cleveland,va_long_beach,1,2,160,40,160,0.021710162982344627,0.588408887386322,0.793749988079071,0.793749988079071,0.5897833108901978,0.5855221152305603,0.005948490928858519,0.24750000536441802,0.5562500357627869,0.4714932024478912,1.263073706626892,2.5306249999999997,404.9
cleveland,va_long_beach,1,3,160,40,160,0.02177155390381813,0.6072847247123718,0.793749988079071,0.7875000238418579,0.5868722200393677,0.5827218890190125,0.005946862976998091,0.2150000035762787,0.550000011920929,0.47165507078170776,1.1896835923194886,2.425625,388.1
cleveland,va_long_beach,1,4,160,40,160,0.02116214483976364,0.6087023615837097,0.7875000238418579,0.78125,0.587192714214325,0.5828499794006348,0.006101564504206181,0.25250000357627866,0.550000011920929,0.4699956774711609,1.2370760202407838,2.481875,397.1
cleveland,va_long_beach,1,5,160,40,160,0.021739503368735313,0.6555857062339783,0.7437500357627869,0.737500011920929,0.5890287756919861,0.5843192338943481,0.006662116851657629,0.24875000715255738,0.5375000238418579,0.4558689773082733,1.2764079213142394,2.5524999999999998,408.4
cleveland,hungary,2,1,235,59,235,0.044428661465644836,1.3344944715499878,0.32765957713127136,0.32765957713127136,0.5149493217468262,0.5051264762878418,0.007177975494414568,0.2782978594303131,0.3829787075519562,0.31813764572143555,0.609398752450943,1.5702127659574467,369.0
cleveland,hungary,2,2,235,59,235,0.04477757588028908,1.482986330986023,0.3744680881500244,0.3744680881500244,0.5039648413658142,0.49379101395606995,0.0072318981401622295,0.2876595616340637,0.40851062536239624,0.30378950834274293,0.6130252718925476,1.6727659574468086,393.1
cleveland,hungary,2,3,235,59,235,0.042791057378053665,1.4467819929122925,0.3234042525291443,0.3234042525291443,0.5030885338783264,0.4929761290550232,0.007165445946156979,0.30212764739990233,0.38042551279067993,0.31164405941963197,0.6255270302295685,1.6910638297872338,397.4
cleveland,hungary,2,4,235,59,235,0.04411206766963005,1.470974326133728,0.33191487193107605,0.32765957713127136,0.5040307641029358,0.49303343892097473,0.00824024062603712,0.279148930311203,0.3668085038661957,0.30060361623764037,0.6150081872940063,1.6629787234042552,390.8
cleveland,hungary,2,5,236,58,236,0.045315418392419815,1.4382669925689697,0.36016950011253357,0.36016950011253357,0.5102912187576294,0.5002757906913757,0.007390960585325956,0.26271186470985414,0.39406779408454895,0.312218976020813,0.582972526550293,1.5648305084745764,369.3
cleveland,switzerland,2,1,98,25,98,0.05825159326195717,0.9866772294044495,0.7448979616165161,0.7448979616165161,0.5426512360572815,0.5355492234230042,0.007385155186057091,0.1653061181306839,0.6020408272743225,0.38754655718803405,0.885171091556549,2.2061224489795914,216.2
cleveland,switzerland,2,2,98,25,98,0.05709930136799812,1.0054659843444824,0.714285671710968,0.714285671710968,0.5448147654533386,0.5359311103820801,0.008440759964287281,0.169387748837471,0.6224489808082581,0.36206153631210325,0.994830995798111,2.3489795918367347,230.2
cleveland,switzerland,2,3,98,25,98,0.05946454033255577,0.8756335377693176,0.6938775181770325,0.6938775181770325,0.5636848211288452,0.5569896697998047,0.008467946201562881,0.14693877398967742,0.5612244606018066,0.3996950566768646,1.0205734968185425,2.2591836734693875,221.4
cleveland,switzerland,2,4,99,24,99,0.05939193069934845,1.0217846632003784,0.6868686676025391,0.6868686676025391,0.5480148792266846,0.5409121513366699,0.008565980941057205,0.1858585834503174,0.5757575631141663,0.3854142427444458,1.060560441017151,2.4666666666666663,244.2
cleveland,switzerland,2,5,99,24,99,0.06003773212432861,1.0568974018096924,0.6969696879386902,0.6969696879386902,0.5383864641189575,0.5301640629768372,0.00786723755300045,0.16767676770687104,0.6060606241226196,0.367437607049942,1.0361489057540894,2.5333333333333337,250.8
cleveland,va_long_beach,2,1,160,40,160,0.05944639444351196,0.9823044538497925,0.7250000238418579,0.71875,0.5380746722221375,0.5326420068740845,0.007231160532683134,0.15625,0.5312500119209289,0.4460745632648468,0.9261081874370575,2.1931249999999993,350.9
cleveland,va_long_beach,2,2,160,40,160,0.06200188025832176,0.8584209084510803,0.7750000357627869,0.7562500238418579,0.5438398122787476,0.5397132039070129,0.006432485766708851,0.1675000011920929,0.543749988079071,0.4693149745464325,0.9173246085643768,2.13375,341.4
cleveland,va_long_beach,2,3,160,40,160,0.061518650501966476,0.903199315071106,0.768750011920929,0.7437500357627869,0.5398339629173279,0.5354559421539307,0.006497506983578205,0.16250000298023223,0.5424999952316284,0.46232529282569884,0.8003420352935791,1.9293749999999998,308.7
cleveland,va_long_beach,2,4,160,40,160,0.06143007427453995,0.9269902110099792,0.762499988079071,0.737500011920929,0.5361357927322388,0.53156977891922,0.006591831333935261,0.17375000417232514,0.53125,0.4697109282016754,0.8841318786144257,2.1125,338.0
cleveland,va_long_beach,2,5,160,40,160,0.0571567676961422,0.9595860838890076,0.71875,0.6937500238418579,0.5440587997436523,0.5393259525299072,0.007007806096225977,0.13750000298023224,0.5112499952316284,0.4521274626255035,0.8794237732887268,2.04875,327.8
cleveland,hungary,3,1,235,59,235,0.04040418565273285,1.432583212852478,0.3446808457374573,0.35319146513938904,0.5275205373764038,0.5190628170967102,0.00652146665379405,0.1923404186964035,0.3617021143436432,0.3089031636714935,0.6745490849018096,1.7097872340425533,401.8
cleveland,hungary,3,2,235,59,235,0.04175165668129921,1.578691005706787,0.38723403215408325,0.3957446813583374,0.5158579349517822,0.5069913268089294,0.006590563338249922,0.20425531268119812,0.3999999761581421,0.2998765766620636,0.6911314964294434,1.8395744680851063,432.3
cleveland,hungary,3,3,235,59,235,0.04225583001971245,1.5216845273971558,0.3404255211353302,0.3404255211353302,0.5198479890823364,0.5111989378929138,0.006685191765427589,0.1880851000547409,0.34893617033958435,0.3037628710269928,0.6680226683616638,1.7208510638297874,404.4
cleveland,hungary,3,4,235,59,235,0.03848849982023239,1.5917572975158691,0.3404255211353302,0.3361701965332031,0.515540599822998,0.5069453716278076,0.006899128668010235,0.1974468022584915,0.3463829755783081,0.2974111557006836,0.6823298990726471,1.7893617021276593,420.5
cleveland,hungary,3,5,236,58,236,0.04067274555563927,1.559911847114563,0.37288135290145874,0.3686440587043762,0.5189177989959717,0.5104719996452332,0.006550770718604326,0.20423728823661805,0.3694915175437927,0.30387446880340574,0.7088950037956238,1.8567796610169491,438.2
cleveland,switzerland,3,1,98,25,98,0.0358649305999279,1.2919349670410156,0.7244898080825806,0.714285671710968,0.5031176209449768,0.4961283504962921,0.005512458272278309,0.357142847776413,0.5918367505073547,0.35261409878730776,0.8863369166851044,2.123469387755102,208.1
cleveland,switzerland,3,2,98,25,98,0.036080501973629,1.2468692064285278,0.714285671710968,0.714285671710968,0.5117259621620178,0.5030650496482849,0.006578688509762287,0.3346938669681549,0.6122449040412903,0.33343018889427184,0.868216872215271,2.0397959183673473,199.9
cleveland,switzerland,3,3,98,25,98,0.035166967660188675,1.1003373861312866,0.6836734414100647,0.6734693646430969,0.5349093079566956,0.5282050967216492,0.005960576236248016,0.3040816307067871,0.5612244606018066,0.37304105162620543,0.8678206086158753,1.9561224489795923,191.7
cleveland,switzerland,3,4,99,24,99,0.03620700165629387,1.2648663520812988,0.6767676472663879,0.6767676472663879,0.5173488855361938,0.511195957660675,0.005915965884923935,0.3171717166900635,0.5494949698448182,0.36504660844802855,0.8508916914463043,2.06060606060606,204.0
cleveland,switzerland,3,5,99,24,99,0.03619431331753731,1.3008391857147217,0.6969696879386902,0.6868686676025391,0.5056754350662231,0.4984292685985565,0.005945859011262655,0.34545454382896423,0.5858585834503174,0.34577341079711915,0.9880923688411712,2.3464646464646464,232.3
cleveland,va_long_beach,3,1,160,40,160,0.026684636250138283,1.4325225353240967,0.6500000357627869,0.6500000357627869,0.5008991360664368,0.4931775629520416,0.005936939734965563,0.34375000596046446,0.5625,0.3269904971122742,0.9702305555343628,2.313125,370.1
cleveland,va_long_beach,3,2,160,40,160,0.02720312587916851,1.312196969985962,0.675000011920929,0.675000011920929,0.5071547627449036,0.5009030699729919,0.005353288259357214,0.3337500035762787,0.5625,0.3531572461128235,0.9153683364391327,2.119375,339.1
cleveland,va_long_beach,3,3,160,40,160,0.026903999969363213,1.3199533224105835,0.6875,0.6875,0.505221962928772,0.4991554319858551,0.005514264106750488,0.3275000035762787,0.5562500357627869,0.35950688123703,0.8073826253414154,1.9537499999999999,312.6
cleveland,va_long_beach,3,4,160,40,160,0.025715479627251625,1.3781113624572754,0.6812500357627869,0.6812500357627869,0.49961480498313904,0.49335384368896484,0.005379611160606146,0.34625000357627866,0.5625,0.3477639198303223,0.8830840885639191,2.075,332.0
cleveland,va_long_beach,3,5,160,40,160,0.02547501027584076,1.4034035205841064,0.6312500238418579,0.6312500238418579,0.5071788430213928,0.5003442168235779,0.005824057850986719,0.325,0.543749988079071,0.3384538173675537,0.9038873314857483,2.1399999999999997,342.4
cleveland,hungary,4,1,235,59,235,0.03330082446336746,1.2322688102722168,0.32765957713127136,0.32765957713127136,0.5368087887763977,0.5293737649917603,0.0057873050682246685,0.0706382930278778,0.3234042525291443,0.331811797618866,0.5474728167057037,1.4191489361702128,333.5
cleveland,hungary,4,2,235,59,235,0.03483063727617264,1.3546251058578491,0.36595743894577026,0.36595743894577026,0.5263875126838684,0.5183465480804443,0.006171199958771467,0.09787233769893647,0.35319146513938904,0.32325939536094667,0.5807600259780884,1.5161702127659575,356.3
cleveland,hungary,4,3,235,59,235,0.03233490511775017,1.2906761169433594,0.3191489279270172,0.3191489279270172,0.5329059362411499,0.5253098011016846,0.005828922148793936,0.07404255047440529,0.31489360332489014,0.3290814936161041,0.5714363634586335,1.495744680851064,351.5
cleveland,hungary,4,4,235,59,235,0.03246723860502243,1.41195809841156,0.3361701965332031,0.3361701965332031,0.5219617486000061,0.5139102935791016,0.006163924466818571,0.06893616765737534,0.3234042525291443,0.3172669053077698,0.5817783772945404,1.5451063829787235,363.1
cleveland,hungary,4,5,236,58,236,0.033482715487480164,1.3586397171020508,0.35169491171836853,0.35169491171836853,0.5280531048774719,0.5206131935119629,0.005675097927451134,0.0855932205915451,0.33898305892944336,0.3281108796596527,0.5843579351902009,1.55635593220339,367.3
cleveland,switzerland,4,1,98,25,98,0.039816714823246,1.167750597000122,0.7040815949440002,0.7040815949440002,0.5026065111160278,0.4952183961868286,0.005509720649570227,0.10204081237316132,0.5510203838348389,0.3826740860939026,0.8888861477375031,2.16734693877551,212.4
cleveland,switzerland,4,2,98,25,98,0.03931335359811783,1.1268999576568604,0.6734693646430969,0.6632652878761292,0.5112862586975098,0.503652811050415,0.0059125469997525215,0.0714285671710968,0.5408163070678711,0.3857057332992554,0.8784203171730042,2.1275510204081636,208.5
cleveland,switzerland,4,3,98,25,98,0.036669500172138214,1.0186337232589722,0.6530612111091614,0.6428571343421936,0.5329282879829407,0.5263774394989014,0.005726341623812914,0.020408162847161293,0.5,0.4085420787334442,0.8843252539634705,2.0428571428571427,200.2
cleveland,switzerland,4,4,99,24,99,0.03731555491685867,1.1434338092803955,0.6565656661987305,0.6464646458625793,0.5195355415344238,0.5131282806396484,0.005468619056046009,0.07878787815570831,0.5050504803657532,0.39623706936836245,0.9213003218173981,2.2747474747474747,225.2
cleveland,switzerland,4,5,99,24,99,0.038903892040252686,1.178844928741455,0.6868686676025391,0.6767676472663879,0.5057346820831299,0.4986327290534973,0.005586122162640095,0.09292929321527481,0.5353535413742065,0.3809276044368744,0.8788033127784729,2.2070707070707067,218.5
cleveland,va_long_beach,4,1,160,40,160,0.030042270198464394,1.3315032720565796,0.7125000357627869,0.699999988079071,0.4909040927886963,0.4864451587200165,0.005326591432094574,0.08500000089406967,0.4950000047683716,0.39940062165260315,0.773976057767868,1.96875,315.0
cleveland,va_long_beach,4,2,160,40,160,0.030766407027840614,1.2170547246932983,0.7437500357627869,0.731249988079071,0.49752599000930786,0.4932348430156708,0.004696618299931288,0.07750000357627869,0.5,0.41820877194404604,0.7356398403644562,1.8831250000000002,301.3
cleveland,va_long_beach,4,3,160,40,160,0.031132787466049194,1.2571995258331299,0.737500011920929,0.71875,0.49464917182922363,0.49076786637306213,0.004609427414834499,0.08500000089406967,0.4937500059604645,0.42316840291023256,0.6381187975406647,1.7574999999999998,281.2
cleveland,va_long_beach,4,4,160,40,160,0.031037146225571632,1.3085551261901855,0.737500011920929,0.71875,0.4874524176120758,0.4834417402744293,0.004567313939332962,0.10375000238418579,0.5,0.41375778913497924,0.7664636969566345,2.01875,323.0
cleveland,va_long_beach,4,5,160,40,160,0.029704546555876732,1.3084807395935059,0.6937500238418579,0.6812500357627869,0.4980849325656891,0.4942818582057953,0.005289402790367603,0.07625000327825546,0.4737499952316284,0.4136815905570984,0.6993699908256531,1.8537500000000002,296.6
cleveland,hungary,5,1,235,59,235,0.06558281928300858,0.8925313353538513,0.33191487193107605,0.3361701965332031,0.6015415787696838,0.5965554118156433,0.005541088059544563,0.042553190141916275,0.3404255211353302,0.4407992780208588,0.8412880599498749,1.6387234042553191,385.1
cleveland,hungary,5,2,235,59,235,0.06643912196159363,0.9959701299667358,0.3744680881500244,0.3744680881500244,0.5925431847572327,0.5870914459228516,0.005720272660255432,0.05446808487176895,0.36595743894577026,0.43152145147323606,0.8583758473396301,1.7148936170212767,403.0
cleveland,hungary,5,3,235,59,235,0.06559394299983978,0.9484696388244629,0.32765957713127136,0.33191487193107605,0.5967566967010498,0.5915129780769348,0.0057195196859538555,0.05957446545362473,0.3361701965332031,0.4387476801872253,0.8460644304752349,1.6587234042553192,389.8
cleveland,hungary,5,4,235,59,235,0.06464707106351852,1.0116077661514282,0.35319146513938904,0.35319146513938904,0.5911247134208679,0.5857053995132446,0.005800624843686819,0.051914891600608824,0.34893617033958435,0.4291056215763092,0.8386120855808258,1.6706382978723404,392.6
cleveland,hungary,5,5,236,58,236,0.06480886787176132,0.9862135648727417,0.3644067943096161,0.3644067943096161,0.593643069267273,0.58840411901474,0.005561774130910635,0.04999999925494194,0.3644067943096161,0.4351828694343567,0.8321922123432159,1.6521186440677968,389.9
cleveland,switzerland,5,1,98,25,98,0.056142065674066544,0.8949517607688904,0.7244898080825806,0.7244898080825806,0.564443826675415,0.5596855878829956,0.004406696185469627,0.059183673560619356,0.5469387531280517,0.4571056365966797,0.9633172452449799,2.0102040816326534,197.0
cleveland,switzerland,5,2,98,25,98,0.05522918701171875,0.8882402181625366,0.7244898080825806,0.7244898080825806,0.5698830485343933,0.5647618174552917,0.004774135537445545,0.0714285671710968,0.5714285373687744,0.4383967459201813,0.908717942237854,1.846938775510204,181.0
cleveland,switzerland,5,3,98,25,98,0.05169064924120903,0.8145821690559387,0.6938775181770325,0.6938775181770325,0.582461416721344,0.5783514976501465,0.004307391121983528,0.0877551019191742,0.5306122303009033,0.46541628241539,0.9816235601902008,1.9153061224489796,187.7
cleveland,switzerland,5,4,99,24,99,0.05567639693617821,0.9110879898071289,0.6767676472663879,0.6767676472663879,0.5737190842628479,0.5692213773727417,0.004569328855723143,0.07070706784725189,0.5252525210380554,0.4552659749984741,1.0801284790039063,2.2020202020202015,218.0
cleveland,switzerland,5,5,99,24,99,0.055329687893390656,0.930325984954834,0.7171717286109924,0.7171717286109924,0.5654535889625549,0.560248076915741,0.00477811461314559,0.0686868667602539,0.5656565427780151,0.43796452283859255,0.9874865174293518,2.056565656565656,203.6
cleveland,va_long_beach,5,1,160,40,160,0.047042086720466614,1.0346198081970215,0.668749988079071,0.6625000238418579,0.5505387783050537,0.5463435053825378,0.004460939671844244,0.08625000119209289,0.518750011920929,0.4342086613178253,0.9562475442886352,2.0193749999999997,323.1
cleveland,va_long_beach,5,2,160,40,160,0.045096736401319504,0.9322574734687805,0.7125000357627869,0.706250011920929,0.5555408596992493,0.5516931414604187,0.004273404832929373,0.0787500023841858,0.5375000238418579,0.4377282619476318,0.8728703379631042,1.8631250000000001,298.1
cleveland,va_long_beach,5,3,160,40,160,0.045328401029109955,0.9414159059524536,0.7125000357627869,0.7125000357627869,0.5525767207145691,0.5488962531089783,0.0040168846026062965,0.08125000298023224,0.53125,0.449460768699646,0.8156054437160491,1.7825,285.2
cleveland,va_long_beach,5,4,160,40,160,0.04468309506773949,0.9962084889411926,0.7125000357627869,0.706250011920929,0.54664546251297,0.542362630367279,0.004071349743753672,0.09125000089406968,0.5375000238418579,0.438225781917572,0.9680548548698426,2.0718750000000004,331.5
cleveland,va_long_beach,5,5,160,40,160,0.04588892683386803,0.995112955570221,0.668749988079071,0.6625000238418579,0.5557696223258972,0.551889181137085,0.004203391261398792,0.04750000014901161,0.512499988079071,0.43894153237342837,0.8793089091777802,1.9168749999999999,306.7
cleveland,hungary,6,1,235,59,235,0.018292075023055077,1.1662847995758057,0.3574467897415161,0.3574467897415161,0.5826771259307861,0.5768033862113953,0.005417547654360533,0.16936169564723969,0.4382978677749634,0.3839854896068573,0.8321152269840241,1.6902127659574468,397.2
cleveland,hungary,6,2,235,59,235,0.018992481753230095,1.2392820119857788,0.3914893567562103,0.3957446813583374,0.5792450904846191,0.5730738639831543,0.005630575120449066,0.1974468022584915,0.45957446098327637,0.3775558531284332,0.9148083627223969,1.893617021276596,445.0
cleveland,hungary,6,3,235,59,235,0.019253434613347054,1.2322825193405151,0.35319146513938904,0.35319146513938904,0.5764941573143005,0.5710318088531494,0.004988847300410271,0.1812765896320343,0.46382978558540344,0.3908988952636719,0.9157347857952118,1.8829787234042552,442.5
cleveland,hungary,6,4,235,59,235,0.018006883561611176,1.210329294204712,0.36595743894577026,0.36595743894577026,0.5799914598464966,0.5738301277160645,0.005666757933795452,0.18297871947288513,0.4510638117790222,0.3828151345252991,0.8681263506412507,1.822127659574468,428.2
cleveland,hungary,6,5,236,58,236,0.018396927043795586,1.2302711009979248,0.3855932354927063,0.3855932354927063,0.5809288620948792,0.5748656988143921,0.005493923556059599,0.16864406764507295,0.47033897042274475,0.3854936420917511,0.90876904129982,1.8932203389830509,446.8
cleveland,switzerland,6,1,98,25,98,0.019006406888365746,0.6529402732849121,0.7244898080825806,0.7244898080825806,0.6112938523292542,0.6064493656158447,0.005463643930852413,0.2571428507566452,0.6428571343421936,0.42546709179878234,1.1220939874649047,2.1306122448979594,208.8
cleveland,switzerland,6,2,98,25,98,0.018074313178658485,0.6406383514404297,0.7244898080825806,0.7244898080825806,0.6144164800643921,0.6093389987945557,0.00582512840628624,0.26530611515045166,0.6224489808082581,0.43272610306739806,1.205439817905426,2.227551020408163,218.3
cleveland,switzerland,6,3,98,25,98,0.019291510805487633,0.5235214233398438,0.7244898080825806,0.7244898080825806,0.6264764070510864,0.6225880980491638,0.005029171705245972,0.20612244606018065,0.6020408272743225,0.45653426051139834,1.1853785276412965,2.1306122448979594,208.8
cleveland,switzerland,6,4,99,24,99,0.01743697002530098,0.6347383856773376,0.7070707082748413,0.7070707082748413,0.6170213222503662,0.612529456615448,0.005376625340431929,0.2202020227909088,0.6161616444587708,0.430850750207901,1.2136627793312074,2.2222222222222223,220.0
cleveland,switzerland,6,5,99,24,99,0.01824633590877056,0.6580347418785095,0.7373737096786499,0.7373737096786499,0.6115214228630066,0.6066665053367615,0.005489467177540064,0.24040403664112092,0.6262626051902771,0.42892048358917234,1.2544846296310426,2.3474747474747475,232.4
cleveland,va_long_beach,6,1,160,40,160,0.02314966358244419,0.723218560218811,0.6875,0.6812500357627869,0.6039263010025024,0.5994365811347961,0.00580712640658021,0.2600000023841858,0.5875000357627869,0.4220140278339386,1.0422369599342347,1.9743750000000002,315.9
cleveland,va_long_beach,6,2,160,40,160,0.023628700524568558,0.6385303735733032,0.731249988079071,0.7125000357627869,0.6070088744163513,0.6030041575431824,0.005432643927633762,0.2850000083446503,0.59375,0.43639432191848754,0.971669590473175,1.81125,289.8
cleveland,va_long_beach,6,3,160,40,160,0.02336435578763485,0.650115430355072,0.71875,0.706250011920929,0.6051676869392395,0.6012115478515625,0.005331943277269602,0.28125001192092897,0.581250011920929,0.4410817503929138,0.9440228402614593,1.8181250000000002,290.9
cleveland,va_long_beach,6,4,160,40,160,0.0233224518597126,0.6617774367332458,0.731249988079071,0.7125000357627869,0.6038236021995544,0.6000191569328308,0.005209931638091803,0.2900000035762787,0.5625,0.44631850719451904,0.9757947564125061,1.8350000000000002,293.6
cleveland,va_long_beach,6,5,160,40,160,0.02358817122876644,0.6997216939926147,0.6812500357627869,0.6625000238418579,0.6072441339492798,0.6032690405845642,0.005627573933452368,0.27500001192092893,0.5625,0.433390873670578,0.9683225452899933,1.8418750000000004,294.7
cleveland,hungary,7,1,235,59,235,0.04807891696691513,1.2866593599319458,0.35319146513938904,0.34893617033958435,0.5606441497802734,0.5525575280189514,0.007765850983560085,0.17446808516979218,0.36595743894577026,0.34003028869628904,0.8528939366340638,1.9327659574468086,454.2
cleveland,hungary,7,2,235,59,235,0.04801788181066513,1.4266726970672607,0.3914893567562103,0.3914893567562103,0.550855815410614,0.5427584648132324,0.007146201096475124,0.1872340440750122,0.3999999761581421,0.33113096952438353,0.8321375131607056,1.9523404255319146,458.8
cleveland,hungary,7,3,235,59,235,0.04953077808022499,1.3664482831954956,0.3446808457374573,0.3404255211353302,0.5528735518455505,0.544472336769104,0.007929769344627857,0.17446808516979218,0.35319146513938904,0.33503015637397765,0.8604940176010132,2.0148936170212766,473.5
cleveland,hungary,7,4,235,59,235,0.048103492707014084,1.4182038307189941,0.35319146513938904,0.34893617033958435,0.5518457889556885,0.5434874296188354,0.008093306794762611,0.1914893537759781,0.3617021143436432,0.3304563820362091,0.8175859570503234,1.9595744680851062,460.5
cleveland,hungary,7,5,236,58,236,0.04631824791431427,1.3773196935653687,0.37711864709854126,0.37288135290145874,0.5564398765563965,0.5486307740211487,0.007557817734777927,0.18644068241119385,0.3855932354927063,0.34203365445137024,0.8310142934322358,1.946186440677966,459.3
cleveland,switzerland,7,1,98,25,98,0.025383781641721725,1.0794222354888916,0.7448979616165161,0.7346938848495483,0.5605272650718689,0.5557284951210022,0.005364667158573866,0.302040821313858,0.5612244606018066,0.40051501989364624,1.262699544429779,2.710204081632653,265.6
cleveland,switzerland,7,2,98,25,98,0.027109650894999504,1.0571510791778564,0.7346938848495483,0.7244898080825806,0.5651474595069885,0.5597800612449646,0.0059541561640799046,0.32857142090797425,0.5734693527221679,0.393412584066391,1.0626835584640504,2.3448979591836734,229.8
cleveland,switzerland,7,3,98,25,98,0.0246160626411438,0.9150128960609436,0.714285671710968,0.7040815949440002,0.5831376314163208,0.5785380601882935,0.005753699690103531,0.32040815949440005,0.5408163070678711,0.41771703362464907,1.205154299736023,2.477551020408163,242.8
cleveland,switzerland,7,4,99,24,99,0.0276503786444664,1.0720577239990234,0.6969696879386902,0.6868686676025391,0.5697005391120911,0.5648519992828369,0.006012352649122477,0.29090908765792844,0.5454545617103577,0.39942759871482847,1.1877568125724793,2.587878787878788,256.2
cleveland,switzerland,7,5,99,24,99,0.02782418578863144,1.1089204549789429,0.7272727489471436,0.7272727489471436,0.5603980422019958,0.5551660656929016,0.006042436696588993,0.3111111044883728,0.5656565427780151,0.39171340465545657,1.1440415501594543,2.567676767676768,254.2
cleveland,va_long_beach,7,1,160,40,160,0.02556530572474003,1.1506128311157227,0.675000011920929,0.65625,0.5587149858474731,0.5533280372619629,0.006396876182407141,0.3799999952316284,0.543749988079071,0.3891562640666962,0.9801708161830902,2.1725,347.6
cleveland,va_long_beach,7,2,160,40,160,0.02330671064555645,1.0361402034759521,0.7125000357627869,0.6937500238418579,0.5633236169815063,0.5583269000053406,0.006214007269591093,0.3600000083446503,0.5612500071525574,0.4019454002380371,0.9389447867870331,2.005,320.8
cleveland,va_long_beach,7,3,160,40,160,0.02302399091422558,1.0378427505493164,0.7250000238418579,0.699999988079071,0.5621702075004578,0.5576919913291931,0.005911733489483595,0.3475000083446503,0.543749988079071,0.41711204648017886,0.9221407353878022,2.0675,330.8
cleveland,va_long_beach,7,4,160,40,160,0.02439037337899208,1.106828212738037,0.7125000357627869,0.6875,0.5568995475769043,0.5522550940513611,0.005960093345493078,0.3425000011920929,0.543749988079071,0.4116037547588348,0.9282079577445984,2.0862499999999997,333.8
cleveland,va_long_beach,7,5,160,40,160,0.024418620392680168,1.1195542812347412,0.675000011920929,0.643750011920929,0.5630623698234558,0.5582172274589539,0.00632249703630805,0.3487500011920929,0.53125,0.4020374000072479,0.9809635698795318,2.170625,347.3
cleveland,hungary,8,1,235,59,235,0.02759665995836258,1.7812474966049194,0.3617021143436432,0.3574467897415161,0.4999430477619171,0.4899837374687195,0.00724290544167161,0.22638297379016875,0.3914893567562103,0.29583990573883057,0.6571074247360229,1.7638297872340427,414.5
cleveland,hungary,8,2,235,59,235,0.02688339725136757,1.9392173290252686,0.3957446813583374,0.3914893567562103,0.48881006240844727,0.47813680768013,0.00745428865775466,0.2144680768251419,0.4127659499645233,0.28224438428878784,0.6675636053085328,1.897872340425532,446.0
cleveland,hungary,8,3,235,59,235,0.02795513905584812,1.9010989665985107,0.3617021143436432,0.3617021143436432,0.4883077144622803,0.4782683551311493,0.006894533522427082,0.24765956699848174,0.3957446813583374,0.288868910074234,0.6868149936199188,1.882553191489362,442.4
cleveland,hungary,8,4,235,59,235,0.027505546808242798,1.9050848484039307,0.3744680881500244,0.37021276354789734,0.49280717968940735,0.48267772793769836,0.00743346381932497,0.2408510535955429,0.3914893567562103,0.2885426640510559,0.6813018560409546,1.920851063829787,451.4
cleveland,hungary,8,5,236,58,236,0.027513952925801277,1.910224437713623,0.39406779408454895,0.39406779408454895,0.4932752847671509,0.4835742115974426,0.0070569575764238834,0.2618643999099731,0.41101694107055664,0.2905959188938141,0.6987640798091889,1.9707627118644069,465.1
cleveland,switzerland,8,1,98,25,98,0.025243515148758888,1.3598352670669556,0.7857142686843872,0.7857142686843872,0.502569317817688,0.49492955207824707,0.005706381984055042,0.3000000059604645,0.6326530575752258,0.3548628330230713,0.8675345122814179,2.240816326530612,219.6
cleveland,switzerland,8,2,98,25,98,0.026533517986536026,1.3482286930084229,0.7653061151504517,0.7653061151504517,0.5085183382034302,0.5009433627128601,0.00587368244305253,0.27755101323127745,0.6142857193946838,0.35768715143203733,0.8720061779022217,2.1816326530612242,213.8
cleveland,switzerland,8,3,98,25,98,0.02573767490684986,1.1291099786758423,0.7653061151504517,0.7653061151504517,0.5310224890708923,0.5245150923728943,0.005510806106030941,0.32040815949440005,0.6020408272743225,0.38471822142601014,0.9983817040920258,2.352040816326531,230.5
cleveland,switzerland,8,4,99,24,99,0.025916965678334236,1.354828953742981,0.747474730014801,0.747474730014801,0.5140310525894165,0.5066952705383301,0.005837169475853443,0.2707070767879486,0.6060606241226196,0.35844101309776305,0.969288295507431,2.384848484848485,236.1
cleveland,switzerland,8,5,99,24,99,0.025458715856075287,1.4025217294692993,0.7575757503509521,0.7575757503509521,0.5015387535095215,0.49322929978370667,0.006199651397764683,0.29494949579238894,0.6262626051902771,0.3442040979862213,0.9337607681751251,2.336363636363636,231.3
cleveland,va_long_beach,8,1,160,40,160,0.02230224944651127,1.4723683595657349,0.762499988079071,0.7562500238418579,0.5085620880126953,0.5030420422554016,0.0053140269592404366,0.23500000536441804,0.5425000190734863,0.3909948945045471,0.8385863304138184,2.1243749999999997,339.9
cleveland,va_long_beach,8,2,160,40,160,0.023691747337579727,1.3194780349731445,0.793749988079071,0.793749988079071,0.5129926800727844,0.5083566904067993,0.004650578834116459,0.25375000536441805,0.5512500166893005,0.41889589428901675,0.8562670409679413,2.1625,346.0
cleveland,va_long_beach,8,3,160,40,160,0.02332729659974575,1.3297206163406372,0.793749988079071,0.7875000238418579,0.5102704167366028,0.5056479573249817,0.004766400437802076,0.2500000029802322,0.5562500357627869,0.41469170451164244,0.8227751016616821,2.1293750000000005,340.7
cleveland,va_long_beach,8,4,160,40,160,0.022010114043951035,1.384683609008789,0.793749988079071,0.7875000238418579,0.5062853693962097,0.5018590092658997,0.004937275778502226,0.2524999976158142,0.550000011920929,0.4136520326137543,0.7950915575027466,2.080625,332.9
cleveland,va_long_beach,8,5,160,40,160,0.02339058183133602,1.4290456771850586,0.7562500238418579,0.75,0.5134013295173645,0.5086156725883484,0.005137908738106489,0.25750000178813937,0.5212500214576721,0.4103748619556427,0.8238781869411469,2.1825,349.2
cleveland,hungary,9,1,235,59,235,0.01646001636981964,1.4060003757476807,0.3446808457374573,0.3446808457374573,0.5288413166999817,0.5194726586341858,0.007110083010047674,0.3804255247116089,0.35319146513938904,0.3019824206829071,0.6235875070095063,1.5302127659574467,359.6
cleveland,hungary,9,2,235,59,235,0.017652422189712524,1.5370253324508667,0.38723403215408325,0.38723403215408325,0.5190526247024536,0.5093806982040405,0.007186282891780138,0.3906382918357849,0.38723403215408325,0.2937005639076233,0.6986350536346435,1.7689361702127662,415.7
cleveland,hungary,9,3,235,59,235,0.017456255853176117,1.484369158744812,0.3446808457374573,0.3446808457374573,0.5216484665870667,0.5122883319854736,0.006980278063565493,0.4017021119594574,0.35319146513938904,0.298639053106308,0.7152655065059662,1.7723404255319146,416.5
cleveland,hungary,9,4,235,59,235,0.017292611300945282,1.5274263620376587,0.36595743894577026,0.36595743894577026,0.5206285119056702,0.5112739205360413,0.007110264617949724,0.364255303144455,0.36595743894577026,0.29630695581436156,0.6425751209259033,1.6378723404255318,384.9
cleveland,hungary,9,5,236,58,236,0.017321929335594177,1.5107383728027344,0.37711864709854126,0.37711864709854126,0.523039698600769,0.513640284538269,0.007100146729499102,0.37372881174087524,0.37711864709854126,0.3004764556884766,0.6506357967853547,1.6542372881355931,390.4
cleveland,switzerland,9,1,98,25,98,0.02551983669400215,1.1610859632492065,0.7448979616165161,0.7448979616165161,0.5198493599891663,0.5125755071640015,0.005648182239383459,0.35102038979530337,0.5816326141357422,0.3805746495723724,0.7909972131252289,1.9887755102040816,194.9
cleveland,switzerland,9,2,98,25,98,0.026781924068927765,1.154675006866455,0.7040815949440002,0.7040815949440002,0.5248913168907166,0.5165926814079285,0.006449200678616762,0.3183673441410065,0.5918367505073547,0.36210119128227236,0.9305857598781586,2.169387755102041,212.6
cleveland,switzerland,9,3,98,25,98,0.026142552495002747,0.9912881851196289,0.7040815949440002,0.7040815949440002,0.5465940833091736,0.5401250720024109,0.005645182449370623,0.32857142090797425,0.5612244606018066,0.3953866004943848,0.8626503884792328,1.9408163265306122,190.2
cleveland,switzerland,9,4,99,24,99,0.027005502954125404,1.1388275623321533,0.7070707082748413,0.7070707082748413,0.5328682661056519,0.5257641077041626,0.005880735348910093,0.3252525269985199,0.5656565427780151,0.3845949530601501,0.951051265001297,2.2898989898989903,226.7
cleveland,switzerland,9,5,99,24,99,0.02580064907670021,1.1950758695602417,0.7171717286109924,0.7171717286109924,0.5196658968925476,0.5111969709396362,0.006284314673393965,0.3575757622718811,0.5959596037864685,0.3563243269920349,0.918542206287384,2.211111111111111,218.9
cleveland,va_long_beach,9,1,160,40,160,0.02013087086379528,1.2647547721862793,0.7437500357627869,0.737500011920929,0.518284261226654,0.5135756731033325,0.004865547642111778,0.2987500071525574,0.5149999976158142,0.39999040961265564,0.8773929595947265,2.071875,331.5
cleveland,va_long_beach,9,2,160,40,160,0.02106437087059021,1.1344763040542603,0.78125,0.7750000357627869,0.525122880935669,0.5213890075683594,0.004586115945130587,0.30250000953674316,0.518750011920929,0.4244562745094299,0.8078162729740143,1.946875,311.5
cleveland,va_long_beach,9,3,160,40,160,0.0213064756244421,1.1517831087112427,0.7750000357627869,0.768750011920929,0.5222227573394775,0.518446147441864,0.0043178158812224865,0.2975000083446503,0.518750011920929,0.42732748985290525,0.8395643532276154,2.02375,323.8
cleveland,va_long_beach,9,4,160,40,160,0.020213736221194267,1.2173670530319214,0.78125,0.7750000357627869,0.5161927342414856,0.5121878385543823,0.004378097131848335,0.3050000071525574,0.518750011920929,0.4186741650104523,0.8914515912532807,2.125,340.0
cleveland,va_long_beach,9,5,160,40,160,0.02024642750620842,1.2293517589569092,0.7437500357627869,0.7437500357627869,0.5238949060440063,0.5197839736938477,0.004815628286451101,0.28500001430511473,0.5,0.41303686499595643,0.8044345915317536,1.9625,314.0
hungary,cleveland,0,1,242,61,242,0.02300736866891384,1.4534960985183716,0.3512396514415741,0.3512396514415741,0.5206294059753418,0.5118581056594849,0.006599042564630508,0.39504130482673644,0.41322311758995056,0.31571470499038695,0.6676658451557159,1.6599173553719009,401.7
hungary,cleveland,0,2,242,61,242,0.02215941995382309,1.4266527891159058,0.3429751992225647,0.3429751992225647,0.5230168104171753,0.5138354301452637,0.006993653252720833,0.3561983346939087,0.40909090638160706,0.31751773357391355,0.5988009035587311,1.506611570247934,364.6
hungary,cleveland,0,3,242,61,242,0.02281537838280201,1.4537492990493774,0.3636363446712494,0.3636363446712494,0.5228895545005798,0.5138700008392334,0.0068318466655910015,0.3735536992549896,0.41322311758995056,0.3117996871471405,0.6638149321079254,1.6462809917355372,398.4
hungary,cleveland,0,4,243,60,243,0.021594446152448654,1.4510953426361084,0.3374485373497009,0.3374485373497009,0.5203843116760254,0.51092928647995,0.007186204195022583,0.36296295523643496,0.395061731338501,0.311550235748291,0.6656693577766418,1.6662551440329216,404.9
hungary,cleveland,0,5,243,60,243,0.02237594686448574,1.4397450685501099,0.3539094626903534,0.3539094626903534,0.5245641469955444,0.5152767896652222,0.007046828977763653,0.3555555522441864,0.4156378507614136,0.316534560918808,0.6862343728542328,1.6901234567901233,410.7
hungary,switzerland,0,1,98,25,98,0.022312922403216362,0.9976489543914795,0.5612244606018066,0.5612244606018066,0.5809592604637146,0.5743328928947449,0.007028070278465748,0.21836734414100648,0.5306122303009033,0.3754308342933655,1.0980310082435607,2.3316326530612246,228.5
hungary,switzerland,0,2,98,25,98,0.02311995066702366,0.9552870392799377,0.5714285373687744,0.5612244606018066,0.5859867930412292,0.5793561935424805,0.006992354057729244,0.23061224222183227,0.5510203838348389,0.3807294487953186,1.0935272693634033,2.3653061224489798,231.8
hungary,switzerland,0,3,98,25,98,0.0231795497238636,0.8863787055015564,0.5204081535339355,0.5102040767669678,0.5942409038543701,0.5877446532249451,0.008600383996963501,0.19591836333274842,0.5,0.3949382245540619,1.1238019704818725,2.3244897959183675,227.8
hungary,switzerland,0,4,99,24,99,0.023024914786219597,0.9639009833335876,0.5353535413742065,0.5252525210380554,0.5856158137321472,0.5791751742362976,0.007307689171284437,0.20606060922145844,0.5252525210380554,0.38535144329071047,1.0927660465240479,2.3383838383838382,231.5
hungary,switzerland,0,5,99,24,99,0.02299540489912033,1.0113083124160767,0.5757575631141663,0.5757575631141663,0.5799506306648254,0.5732225179672241,0.00685208011418581,0.228282830119133,0.5454545617103577,0.3750710666179657,1.1481969594955443,2.461616161616162,243.7
hungary,va_long_beach,0,1,160,40,160,0.02416544035077095,1.3110615015029907,0.5562500357627869,0.550000011920929,0.5504624247550964,0.5423652529716492,0.007601006422191858,0.30250000953674316,0.5025000095367431,0.3350105881690979,1.0294222474098205,2.3962499999999998,383.4
hungary,va_long_beach,0,2,160,40,160,0.023430153727531433,1.2400238513946533,0.574999988079071,0.574999988079071,0.5572494864463806,0.5496034026145935,0.007494013756513596,0.2875,0.5250000357627869,0.3436059057712555,1.0658950686454773,2.41875,387.0
hungary,va_long_beach,0,3,160,40,160,0.023764772340655327,1.223225474357605,0.5687500238418579,0.550000011920929,0.5588655471801758,0.5514352917671204,0.007996408268809319,0.30375000834465027,0.518750011920929,0.346613472700119,0.9690384924411773,2.1818750000000002,349.1
hungary,va_long_beach,0,4,160,40,160,0.023979267105460167,1.2924249172210693,0.5687500238418579,0.5562500357627869,0.5522522330284119,0.5447834134101868,0.007695610169321299,0.2887500047683716,0.5149999976158142,0.34263764023780824,1.0508745789527894,2.425625,388.1
hungary,va_long_beach,0,5,160,40,160,0.023308711126446724,1.3170796632766724,0.53125,0.518750011920929,0.5509922504425049,0.5430240631103516,0.008167133666574955,0.3062500059604645,0.48750001192092896,0.33616991639137267,1.0413343787193299,2.42375,387.8
hungary,cleveland,1,1,242,61,242,0.01971888728439808,1.483884572982788,0.3264462649822235,0.3264462649822235,0.4902874529361725,0.4795405864715576,0.007141161244362593,0.33636361360549927,0.40082642436027527,0.29473244547843935,0.5993608713150025,1.5404958677685952,372.8
hungary,cleveland,1,2,242,61,242,0.019603993743658066,1.4421707391738892,0.3140495717525482,0.3140495717525482,0.49260562658309937,0.48195984959602356,0.007066612131893635,0.33884296417236326,0.40909090638160706,0.3038066983222961,0.6187893688678742,1.5760330578512396,381.4
hungary,cleveland,1,3,242,61,242,0.01954963244497776,1.4900950193405151,0.3429751992225647,0.3429751992225647,0.4923531711101532,0.4809860587120056,0.007571640890091658,0.33057850003242495,0.40082642436027527,0.2891267776489258,0.6481683373451232,1.6475206611570248,398.7
hungary,cleveland,1,4,243,60,243,0.01795906573534012,1.4834131002426147,0.3086419701576233,0.3086419701576233,0.4883453845977783,0.47657573223114014,0.007827871479094028,0.33580244779586793,0.38683125376701355,0.2899804413318634,0.6135866224765778,1.5604938271604938,379.2
hungary,cleveland,1,5,243,60,243,0.019492216408252716,1.4366384744644165,0.34156376123428345,0.34156376123428345,0.4979686141014099,0.4864860475063324,0.007769996300339699,0.32510286569595337,0.41152262687683105,0.29919934272766113,0.610438483953476,1.5798353909465022,383.9
hungary,switzerland,1,1,98,25,98,0.020932018756866455,0.7587447762489319,0.5612244606018066,0.5510203838348389,0.5986546277999878,0.5914397835731506,0.007620410993695259,0.19387754797935486,0.5408163070678711,0.3983946263790131,1.1723180770874024,2.3744897959183673,232.7
hungary,switzerland,1,2,98,25,98,0.021109215915203094,0.6931164860725403,0.5510203838348389,0.5510203838348389,0.6069316864013672,0.6003768444061279,0.007009226828813553,0.21632653176784516,0.5612244606018066,0.4178777873516083,1.1230156898498536,2.2397959183673466,219.5
hungary,switzerland,1,3,98,25,98,0.02119159698486328,0.6472938060760498,0.5102040767669678,0.5,0.6112167239189148,0.6043164730072021,0.007970360107719898,0.19999999403953553,0.5204081535339355,0.41798490285873413,1.1466051459312439,2.2173469387755103,217.3
hungary,switzerland,1,4,99,24,99,0.020012665539979935,0.7316316366195679,0.5151515007019043,0.5050504803657532,0.6021116971969604,0.5950368642807007,0.007830657064914703,0.19191919267177582,0.5191919088363648,0.4033976435661316,1.0455573081970215,2.1303030303030304,210.9
hungary,switzerland,1,5,99,24,99,0.02181520126760006,0.7215628623962402,0.5454545617103577,0.5454545617103577,0.6035070419311523,0.5967000126838684,0.007223579101264477,0.19797979593276976,0.5555555820465088,0.40896121859550477,1.12509183883667,2.2888888888888888,226.6
hungary,va_long_beach,1,1,160,40,160,0.018933670595288277,0.9649856686592102,0.543749988079071,0.543749988079071,0.5737283229827881,0.5656418800354004,0.0076276930049061775,0.21875000596046448,0.518750011920929,0.35611529350280763,1.219361126422882,2.570625,411.3
hungary,va_long_beach,1,2,160,40,160,0.019463542848825455,0.9126512408256531,0.550000011920929,0.550000011920929,0.5801153779029846,0.5723142027854919,0.007636670023202896,0.20500000119209288,0.518750011920929,0.36139196157455444,1.171715533733368,2.4524999999999997,392.4
hungary,va_long_beach,1,3,160,40,160,0.02060321718454361,0.9379400610923767,0.5562500357627869,0.5562500357627869,0.5775894522666931,0.5697376728057861,0.007668463978916407,0.19750000536441803,0.518750011920929,0.36279296278953554,1.1362143278121948,2.3912500000000003,382.6
hungary,va_long_beach,1,4,160,40,160,0.019472187384963036,0.9524644613265991,0.5562500357627869,0.5562500357627869,0.5759081840515137,0.5681188702583313,0.007548558991402388,0.2112500011920929,0.512499988079071,0.3616303980350494,1.216611659526825,2.545625,407.3
hungary,va_long_beach,1,5,160,40,160,0.019617540761828423,0.9920427203178406,0.518750011920929,0.518750011920929,0.5710926055908203,0.5624682307243347,0.008118586614727974,0.20500000417232514,0.48750001192092896,0.3499420523643494,1.1735060930252075,2.495625,399.3
hungary,cleveland,2,1,242,61,242,0.05467582121491432,1.4386496543884277,0.3099173307418823,0.3140495717525482,0.5075907707214355,0.4982673227787018,0.006688266526907682,0.3801652789115906,0.3801652789115906,0.3149093449115753,0.5419865787029267,1.4041322314049587,339.8
hungary,cleveland,2,2,242,61,242,0.05474742874503136,1.3993463516235352,0.3016528785228729,0.3016528785228729,0.5106713771820068,0.5017021894454956,0.006488909013569355,0.3719007968902588,0.3966941833496094,0.329302179813385,0.5427696704864502,1.4235537190082643,344.5
hungary,cleveland,2,3,242,61,242,0.05756387859582901,1.4477444887161255,0.3305785059928894,0.3388429582118988,0.5100200772285461,0.5010752081871033,0.006503282114863396,0.37190080881118776,0.40082642436027527,0.3180974841117859,0.549816232919693,1.430578512396694,346.2
hungary,cleveland,2,4,243,60,243,0.054734114557504654,1.441508412361145,0.29629629850387573,0.29629629850387573,0.507335364818573,0.4974587559700012,0.007049800828099251,0.36625513434410095,0.374485582113266,0.3156547546386719,0.5595153033733368,1.4481481481481482,351.9
hungary,cleveland,2,5,243,60,243,0.057381413877010345,1.390510082244873,0.3292180895805359,0.3292180895805359,0.516574501991272,0.5074793696403503,0.006798229180276394,0.3572016417980194,0.3991769552230835,0.3233919978141785,0.5237738490104675,1.3292181069958848,323.0
hungary,switzerland,2,1,98,25,98,0.07348436862230301,0.9563697576522827,0.5306122303009033,0.5306122303009033,0.5843722224235535,0.5759565830230713,0.008344598114490509,0.23469386994838715,0.5306122303009033,0.39463611245155333,1.004163008928299,2.211224489795918,216.7
hungary,switzerland,2,2,98,25,98,0.07333046197891235,0.9145268797874451,0.5204081535339355,0.5204081535339355,0.5894736051559448,0.5814713835716248,0.007935785688459873,0.22448979318141937,0.5408163070678711,0.40367417335510253,0.9514709711074829,2.095918367346939,205.4
hungary,switzerland,2,3,98,25,98,0.07220615446567535,0.9065187573432922,0.47959181666374207,0.47959181666374207,0.589083731174469,0.58074951171875,0.00848598126322031,0.2551020383834839,0.5102040767669678,0.4055342197418213,1.0235933184623718,2.137755102040816,209.5
hungary,switzerland,2,4,99,24,99,0.07537344843149185,0.9479655623435974,0.5050504803657532,0.5050504803657532,0.5857936143875122,0.5776548981666565,0.008119586855173111,0.2222222238779068,0.5252525210380554,0.39929652214050293,0.9875170826911926,2.1707070707070706,214.9
hungary,switzerland,2,5,99,24,99,0.07682297378778458,0.9932752847671509,0.5252525210380554,0.5252525210380554,0.5809821486473083,0.5728195905685425,0.007748279720544815,0.22626262605190278,0.5353535413742065,0.390927255153656,0.94279745221138,2.1050505050505053,208.4
hungary,va_long_beach,2,1,160,40,160,0.06947415322065353,1.2335067987442017,0.5062500238418579,0.5062500238418579,0.5556666851043701,0.5465639233589172,0.008162344805896282,0.21250000596046448,0.5,0.3332253575325012,0.9094893217086792,2.059375,329.5
hungary,va_long_beach,2,2,160,40,160,0.07065721601247787,1.14272940158844,0.5375000238418579,0.518750011920929,0.5646732449531555,0.5562126040458679,0.008200319483876228,0.19375000894069672,0.5100000023841857,0.34644944667816163,1.0066436171531676,2.1931249999999998,350.9
hungary,va_long_beach,2,3,160,40,160,0.07282023876905441,1.1964834928512573,0.5375000238418579,0.518750011920929,0.5597991347312927,0.551059901714325,0.00820112507790327,0.1875,0.5062500238418579,0.34635152816772463,0.8818986654281616,2.0018749999999996,320.3
hungary,va_long_beach,2,4,160,40,160,0.07277839630842209,1.2311131954193115,0.53125,0.512499988079071,0.5562543272972107,0.5473852753639221,0.00810291524976492,0.1875,0.5062500238418579,0.33960427045822145,0.937849760055542,2.13375,341.4
hungary,va_long_beach,2,5,160,40,160,0.06606193631887436,1.2510672807693481,0.48750001192092896,0.46875,0.5537599921226501,0.5446295142173767,0.008317636325955391,0.21875,0.4699999988079071,0.33183634877204893,0.893545138835907,2.015625,322.5
hungary,cleveland,3,1,242,61,242,0.027230937033891678,1.5043364763259888,0.3677685856819153,0.3719007968902588,0.518440306186676,0.5092804431915283,0.007096834480762482,0.20413222312927246,0.3801652789115906,0.30441861748695376,0.5284867525100708,1.430578512396694,346.2
hungary,cleveland,3,2,242,61,242,0.027974938973784447,1.4708399772644043,0.3595041036605835,0.3677685856819153,0.5207712054252625,0.5118287205696106,0.006961234845221043,0.22066115140914916,0.3884297311306,0.3114137232303619,0.5564870119094849,1.454132231404959,351.9
hungary,cleveland,3,3,242,61,242,0.02681666985154152,1.5297424793243408,0.3842974901199341,0.3884297311306,0.5172924995422363,0.5080980658531189,0.007022474892437458,0.22314048707485198,0.39256197214126587,0.3020656704902649,0.5374270081520081,1.4367768595041324,347.7
hungary,cleveland,3,4,243,60,243,0.027495110407471657,1.5267760753631592,0.34567901492118835,0.3497942388057709,0.5152186155319214,0.5056288838386536,0.007117874454706907,0.2230452597141266,0.37037035822868347,0.3007113993167877,0.5342426598072052,1.4370370370370371,349.2
hungary,cleveland,3,5,243,60,243,0.027216263115406036,1.4819116592407227,0.374485582113266,0.38271602988243103,0.52141273021698,0.5121600031852722,0.007060525473207235,0.2164608955383301,0.38683125376701355,0.30658485889434817,0.5575805723667144,1.4378600823045269,349.4
hungary,switzerland,3,1,98,25,98,0.028449079021811485,1.1003659963607788,0.5510203838348389,0.5612244606018066,0.5613164305686951,0.5532313585281372,0.006897743791341782,0.2632652997970581,0.5306122303009033,0.3475846529006958,0.9353942930698395,2.1316326530612244,208.9
hungary,switzerland,3,2,98,25,98,0.03054138273000717,1.0040422677993774,0.5612244606018066,0.5714285373687744,0.5727906227111816,0.564914882183075,0.0076311188749969006,0.259183669090271,0.5306122303009033,0.3687590420246124,0.9280359745025635,2.0540816326530615,201.3
hungary,switzerland,3,3,98,25,98,0.027384772896766663,0.9717782735824585,0.5204081535339355,0.5204081535339355,0.5781623125076294,0.570695698261261,0.007712565828114748,0.24693877398967742,0.5204081535339355,0.36315472722053527,0.8814393579959869,2.0040816326530613,196.4
hungary,switzerland,3,4,99,24,99,0.03025863692164421,1.079643964767456,0.5353535413742065,0.5454545617103577,0.5654898285865784,0.5577715635299683,0.00679580494761467,0.24848484992980957,0.5151515007019043,0.35465306639671323,0.8561633408069611,1.9242424242424245,190.5
hungary,switzerland,3,5,99,24,99,0.029566623270511627,1.0989447832107544,0.5555555820465088,0.5656565427780151,0.561862051486969,0.5536701083183289,0.007144845090806484,0.2222222238779068,0.5252525210380554,0.35151622295379636,0.8592991411685944,2.0060606060606063,198.6
hungary,va_long_beach,3,1,160,40,160,0.023058176040649414,1.4350780248641968,0.53125,0.53125,0.5278446078300476,0.5178901553153992,0.007632099092006683,0.29250000715255736,0.5,0.3080690801143646,0.8142874538898468,1.95375,312.6
hungary,va_long_beach,3,2,160,40,160,0.023332135751843452,1.3667305707931519,0.5687500238418579,0.5687500238418579,0.5334078073501587,0.5235952734947205,0.007631626911461353,0.2612500131130219,0.518750011920929,0.3139303088188171,0.7644987046718598,1.8206250000000002,291.3
hungary,va_long_beach,3,3,160,40,160,0.02240676060318947,1.3916453123092651,0.5625,0.5625,0.5314255952835083,0.5216600298881531,0.007486808579415083,0.2475000023841858,0.5062500238418579,0.31877684593200684,0.7760586559772491,1.891875,302.7
hungary,va_long_beach,3,4,160,40,160,0.022236408665776253,1.4504673480987549,0.5562500357627869,0.550000011920929,0.5249480605125427,0.5154599547386169,0.007004917599260807,0.30125001072883606,0.5,0.31311541199684145,0.7666575253009796,1.8925,302.8
hungary,va_long_beach,3,5,160,40,160,0.021798616275191307,1.452003002166748,0.5062500238418579,0.5062500238418579,0.5276891589164734,0.5179563164710999,0.007334951311349869,0.29375001788139343,0.4749999940395355,0.30742650032043456,0.7858292460441589,1.87625,300.2
hungary,cleveland,4,1,242,61,242,0.02979699894785881,1.2534207105636597,0.3429751992225647,0.3512396514415741,0.5386556386947632,0.5312153100967407,0.0066069141030311584,0.114876027405262,0.3471074104309082,0.3299276947975159,0.4933794289827347,1.2487603305785124,302.2
hungary,cleveland,4,2,242,61,242,0.029120400547981262,1.229017734527588,0.3429751992225647,0.3512396514415741,0.5410940647125244,0.5333008170127869,0.007261819671839476,0.09008263945579528,0.3512396514415741,0.3336082220077515,0.5279737949371338,1.3119834710743803,317.5
hungary,cleveland,4,3,242,61,242,0.02999357134103775,1.2860711812973022,0.35537189245224,0.3636363446712494,0.5358436703681946,0.5284162163734436,0.006171344313770533,0.11322313845157624,0.3595041036605835,0.32743489146232607,0.5155096113681793,1.26198347107438,305.4
hungary,cleveland,4,4,243,60,243,0.028997059911489487,1.268376350402832,0.3333333134651184,0.3333333134651184,0.5360471606254578,0.5288093090057373,0.005713663995265961,0.10123456418514251,0.3349794030189514,0.32612247467041017,0.4934856653213501,1.2551440329218109,305.0
hungary,cleveland,4,5,243,60,243,0.029813647270202637,1.2418713569641113,0.3580246865749359,0.36625513434410095,0.539770781993866,0.5322433710098267,0.006289156153798103,0.10781892687082291,0.36213991045951843,0.3315177023410797,0.4819335162639618,1.177366255144033,286.1
hungary,switzerland,4,1,98,25,98,0.034044377505779266,1.0086722373962402,0.5204081535339355,0.5204081535339355,0.5631597638130188,0.5551437139511108,0.006912060547620058,0.15510203838348388,0.47959181666374207,0.361185759305954,0.9102468013763427,2.0622448979591836,202.1
hungary,switzerland,4,2,98,25,98,0.03332560509443283,0.9151100516319275,0.5204081535339355,0.5408163070678711,0.574306309223175,0.5657391548156738,0.00842075515538454,0.13265305757522583,0.4897959232330322,0.37603707909584044,0.9385264337062835,2.046938775510204,200.6
hungary,switzerland,4,3,98,25,98,0.03145807981491089,0.9140123128890991,0.4693877398967743,0.47959181666374207,0.5759950876235962,0.5672528743743896,0.008816968649625778,0.1428571343421936,0.47959181666374207,0.3653002858161926,0.9180922210216522,2.0214285714285714,198.1
hungary,switzerland,4,4,99,24,99,0.033542416989803314,0.9856368899345398,0.49494948983192444,0.49494948983192444,0.5677013993263245,0.5596026182174683,0.007482700049877167,0.13333333134651185,0.4747474789619446,0.36667323112487793,0.8662400186061859,1.9818181818181817,196.2
hungary,switzerland,4,5,99,24,99,0.03295031562447548,1.0040227174758911,0.5151515007019043,0.5252525210380554,0.5645180940628052,0.5563856363296509,0.007376806810498238,0.15555555522441863,0.4848484992980957,0.3665632426738739,0.8578628063201904,1.9919191919191916,197.2
hungary,va_long_beach,4,1,160,40,160,0.029897166416049004,1.3597981929779053,0.48125001788139343,0.48125001788139343,0.5262622833251953,0.51845782995224,0.006359245162457228,0.04750000014901161,0.45625001192092896,0.327741402387619,0.7408709228038788,1.8043749999999998,288.7
hungary,va_long_beach,4,2,160,40,160,0.03054657019674778,1.310075283050537,0.5062500238418579,0.5,0.531220018863678,0.5240603089332581,0.006043511442840099,0.05000000074505806,0.45000001788139343,0.3410739958286285,0.7276904940605163,1.810625,289.7
hungary,va_long_beach,4,3,160,40,160,0.030668748542666435,1.358604907989502,0.5062500238418579,0.5,0.527047336101532,0.5196077227592468,0.00626834062859416,0.04250000119209289,0.45000001788139343,0.338755202293396,0.6578661143779755,1.671875,267.5
hungary,va_long_beach,4,4,160,40,160,0.03145946189761162,1.4080498218536377,0.512499988079071,0.5062500238418579,0.5207441449165344,0.5132587552070618,0.006140206940472126,0.042500000447034836,0.4625000059604645,0.3332377791404724,0.7365029752254486,1.8712499999999994,299.4
hungary,va_long_beach,4,5,160,40,160,0.03126147389411926,1.4093022346496582,0.46875,0.4625000059604645,0.5226892828941345,0.5151483416557312,0.007044368889182806,0.042500000447034836,0.4312500059604645,0.3286551237106323,0.7974958956241608,1.9087500000000002,305.4
hungary,cleveland,5,1,242,61,242,0.08036742359399796,0.999707818031311,0.3719007968902588,0.3760330379009247,0.5848498344421387,0.5789527297019958,0.005696441978216171,0.14462809264659882,0.42975205183029175,0.39128327965736387,0.6976121425628662,1.481818181818182,358.6
hungary,cleveland,5,2,242,61,242,0.0810871571302414,0.9915339350700378,0.3595041036605835,0.3636363446712494,0.5844693779945374,0.5784733295440674,0.005729128140956163,0.1528925597667694,0.41322311758995056,0.3906520187854767,0.656202620267868,1.409917355371901,341.2
hungary,cleveland,5,3,242,61,242,0.07876567542552948,1.0056458711624146,0.3842974901199341,0.3884297311306,0.5850082039833069,0.579102098941803,0.005700338631868362,0.1652892529964447,0.42975205183029175,0.3895966947078705,0.6650496184825897,1.3991735537190082,338.6
hungary,cleveland,5,4,243,60,243,0.08100240677595139,1.030006766319275,0.34567901492118835,0.3497942388057709,0.580985963344574,0.574815034866333,0.005818186793476343,0.16460904479026794,0.3991769552230835,0.3831481337547302,0.6916836738586426,1.4703703703703703,357.3
hungary,cleveland,5,5,243,60,243,0.07848919928073883,0.9946737885475159,0.37037035822868347,0.37037035822868347,0.585939347743988,0.5800370573997498,0.00568325025960803,0.16131686568260192,0.4238682985305786,0.39263715744018557,0.7130174100399017,1.500411522633745,364.6
hungary,switzerland,5,1,98,25,98,0.05021003261208534,0.7833995223045349,0.5714285373687744,0.5714285373687744,0.6083992719650269,0.6033040881156921,0.005585276987403631,0.3122448980808258,0.5102040767669678,0.43399286866188047,0.9980902433395386,1.9234693877551021,188.5
hungary,switzerland,5,2,98,25,98,0.05057577043771744,0.7681896090507507,0.5816326141357422,0.5918367505073547,0.6117898225784302,0.6065134406089783,0.005900180898606777,0.2918367326259613,0.5204081535339355,0.43951337337493895,1.035037362575531,1.993877551020408,195.4
hungary,switzerland,5,3,98,25,98,0.049478791654109955,0.7241181135177612,0.5204081535339355,0.5306122303009033,0.6174690127372742,0.6124631762504578,0.005850313231348991,0.2693877458572388,0.4897959232330322,0.44357128739356994,1.127485752105713,2.102040816326531,206.0
hungary,switzerland,5,4,99,24,99,0.05144296959042549,0.7924383282661438,0.5252525210380554,0.5252525210380554,0.6104920506477356,0.6053044199943542,0.005708048585802317,0.2707070767879486,0.49494948983192444,0.4373224675655365,1.0962794899940491,2.0868686868686863,206.6
hungary,switzerland,5,5,99,24,99,0.04881691187620163,0.8178821206092834,0.5656565427780151,0.5656565427780151,0.6066663265228271,0.6011926531791687,0.005803715903311968,0.30101010799407957,0.5151515007019043,0.4313814163208008,1.1066303968429565,2.1474747474747473,212.6
hungary,va_long_beach,5,1,160,40,160,0.04988246038556099,1.022325873374939,0.5375000238418579,0.5375000238418579,0.5844920873641968,0.5780450701713562,0.0064611355774104595,0.33250001072883606,0.518750011920929,0.37484443187713623,0.8886731624603271,1.8212499999999998,291.4
hungary,va_long_beach,5,2,160,40,160,0.048396121710538864,0.9428454041481018,0.5625,0.5625,0.590732753276825,0.5850094556808472,0.006050945725291967,0.3262500107288361,0.543749988079071,0.38324521780014037,0.9215117156505584,1.82875,292.6
hungary,va_long_beach,5,3,160,40,160,0.04790741205215454,0.9464378356933594,0.5625,0.5625,0.5898179411888123,0.5842165350914001,0.006116815377026796,0.3062500059604645,0.53125,0.3890096604824066,0.8573593497276306,1.7181250000000001,274.9
hungary,va_long_beach,5,4,160,40,160,0.047610510140657425,0.9962357878684998,0.5687500238418579,0.5687500238418579,0.5842499136924744,0.5782372951507568,0.006205000448971987,0.32500000596046447,0.53125,0.38417779207229613,0.8390361905097962,1.6981250000000003,271.7
hungary,va_long_beach,5,5,160,40,160,0.052971865981817245,1.0064502954483032,0.518750011920929,0.518750011920929,0.5866047739982605,0.580308735370636,0.0064849271439015865,0.33000001311302185,0.5062500238418579,0.38029364943504335,0.8346658885478974,1.709375,273.5
hungary,cleveland,6,1,242,61,242,0.04497784003615379,1.3767650127410889,0.26033055782318115,0.26033055782318115,0.5328012108802795,0.5277115702629089,0.004842586815357208,0.3495867609977722,0.4264462649822235,0.40989634990692136,0.6310922920703887,1.4541322314049587,351.9
hungary,cleveland,6,2,242,61,242,0.04555261507630348,1.3616982698440552,0.25206610560417175,0.25206610560417175,0.5348405241966248,0.5293963551521301,0.004786078818142414,0.3520660996437073,0.41735535860061646,0.4064475238323212,0.6570252478122711,1.4723140495867768,356.3
hungary,cleveland,6,3,242,61,242,0.04566452279686928,1.3982373476028442,0.28512394428253174,0.28512394428253174,0.5362664461135864,0.5309302806854248,0.004885542672127485,0.348760312795639,0.43388429284095764,0.4055174648761749,0.6612186849117279,1.4962809917355373,362.1
hungary,cleveland,6,4,243,60,243,0.04489022493362427,1.3954603672027588,0.2633744776248932,0.2633744776248932,0.532745361328125,0.527289867401123,0.004753902554512024,0.3448559582233429,0.4197530746459961,0.4077253580093384,0.6169181048870087,1.4102880658436214,342.7
hungary,cleveland,6,5,243,60,243,0.04533250629901886,1.3619405031204224,0.27572014927864075,0.27572014927864075,0.5402790307998657,0.5352790355682373,0.004738822113722563,0.3423868238925934,0.43786005973815917,0.41274158358573915,0.6621031880378723,1.4419753086419753,350.4
hungary,switzerland,6,1,98,25,98,0.04867416247725487,0.6914895176887512,0.47959181666374207,0.47959181666374207,0.6281849145889282,0.6246334314346313,0.004533863160759211,0.2448979616165161,0.5510203838348389,0.4746071457862854,1.36880065202713,2.463265306122449,241.4
hungary,switzerland,6,2,98,25,98,0.047082170844078064,0.6365957856178284,0.4897959232330322,0.4897959232330322,0.6338064670562744,0.6306043863296509,0.004450357984751463,0.20204080939292907,0.5510203838348389,0.4885596036911011,1.3062940001487733,2.3591836734693876,231.2
hungary,switzerland,6,3,98,25,98,0.04624483361840248,0.5799844861030579,0.43877550959587097,0.43877550959587097,0.6357827186584473,0.6325127482414246,0.0045617795549333096,0.2551020383834839,0.5265305995941162,0.4929370045661926,1.3401231527328492,2.3755102040816327,232.8
hungary,switzerland,6,4,99,24,99,0.045782845467329025,0.657352089881897,0.46464645862579346,0.46464645862579346,0.631015419960022,0.6274816989898682,0.004648467525839806,0.2222222238779068,0.5353535413742065,0.4822145998477936,1.352700161933899,2.426262626262626,240.2
hungary,switzerland,6,5,99,24,99,0.048650842159986496,0.6675953269004822,0.4848484992980957,0.4848484992980957,0.6314224600791931,0.6280692219734192,0.004595632664859295,0.21212121844291687,0.5555555820465088,0.48742749691009524,1.3656490206718446,2.4333333333333327,240.9
hungary,va_long_beach,6,1,160,40,160,0.048315174877643585,0.9181491732597351,0.45625001192092896,0.4625000059604645,0.6061315536499023,0.6010573506355286,0.005793351214379072,0.26250001788139343,0.550000011920929,0.43116386532783507,1.0593544006347657,2.09125,334.6
hungary,va_long_beach,6,2,160,40,160,0.04976963624358177,0.8505486845970154,0.46875,0.4749999940395355,0.6130550503730774,0.6081987619400024,0.005583039950579405,0.24375000596046448,0.550000011920929,0.43923153877258303,1.0780676364898683,2.081875,333.1
hungary,va_long_beach,6,3,160,40,160,0.04943929985165596,0.8629066944122314,0.46875,0.46875,0.6115871667861938,0.6066575050354004,0.005583993624895811,0.25,0.543749988079071,0.43426350355148313,0.9801687479019165,1.8887500000000004,302.2
hungary,va_long_beach,6,4,160,40,160,0.04951367899775505,0.8805606365203857,0.4625000059604645,0.46875,0.6100108623504639,0.6045464873313904,0.005999328102916479,0.24375000596046448,0.5375000238418579,0.429944783449173,1.071565854549408,2.073125,331.7
hungary,va_long_beach,6,5,160,40,160,0.04779979959130287,0.927907407283783,0.4437499940395355,0.45000001788139343,0.6042075753211975,0.59852534532547,0.006022750865668058,0.2562499940395355,0.512499988079071,0.4194807827472687,1.0614750027656554,2.066875,330.7
hungary,cleveland,7,1,242,61,242,0.06420040130615234,1.3580008745193481,0.3429751992225647,0.3388429582118988,0.5441269278526306,0.5362297892570496,0.006224839482456446,0.11900825947523117,0.40495866537094116,0.36661000847816466,0.6331181585788727,1.5376033057851237,372.1
hungary,cleveland,7,2,242,61,242,0.06442777812480927,1.3254187107086182,0.3347107172012329,0.3223140239715576,0.545041024684906,0.5373121500015259,0.006119239144027233,0.12727272659540176,0.3966941833496094,0.36879701614379884,0.6397204279899598,1.522727272727273,368.5
hungary,cleveland,7,3,242,61,242,0.06438010185956955,1.3641011714935303,0.35537189245224,0.3471074104309082,0.5451090931892395,0.5371591448783875,0.006504221353679895,0.13140495419502257,0.40909090638160706,0.3631792366504669,0.6625141084194184,1.55702479338843,376.8
hungary,cleveland,7,4,243,60,243,0.06504036486148834,1.3798571825027466,0.3292180895805359,0.32098764181137085,0.5403411984443665,0.5319990515708923,0.006708099972456694,0.13991768658161163,0.38271602988243103,0.3586714923381805,0.6204625308513642,1.4835390946502058,360.5
hungary,cleveland,7,5,243,60,243,0.06288725137710571,1.338687777519226,0.3539094626903534,0.34156376123428345,0.54766446352005,0.5395488739013672,0.006682694889605045,0.13415637314319612,0.40740740299224854,0.36442769765853883,0.6425317525863647,1.5024691358024693,365.1
hungary,switzerland,7,1,98,25,98,0.047604020684957504,0.9812467694282532,0.5102040767669678,0.5,0.5940669178962708,0.5883343815803528,0.006253101397305727,0.2224489778280258,0.5,0.39829646348953246,1.1620463132858276,2.427551020408163,237.9
hungary,switzerland,7,2,98,25,98,0.04697095975279808,0.9122126698493958,0.5102040767669678,0.5,0.6002039313316345,0.5950781106948853,0.005468378309160471,0.22448979318141937,0.5,0.411927330493927,1.1979252457618714,2.4397959183673468,239.1
hungary,switzerland,7,3,98,25,98,0.04641237109899521,0.8693224191665649,0.4591836631298065,0.4591836631298065,0.6040596961975098,0.5989784002304077,0.005476846359670162,0.22040816247463227,0.4693877398967743,0.4153275966644287,1.1205739736557008,2.2510204081632654,220.6
hungary,switzerland,7,4,99,24,99,0.04778963327407837,0.9550691843032837,0.4848484992980957,0.4747474789619446,0.5967027544975281,0.5910474061965942,0.006246640346944332,0.20202020108699797,0.4747474789619446,0.4027659475803375,1.0412907123565673,2.2070707070707067,218.5
hungary,switzerland,7,5,99,24,99,0.0473405085504055,0.9939501881599426,0.5151515007019043,0.5151515007019043,0.5926187038421631,0.5868653655052185,0.005825478583574295,0.20808081030845643,0.5151515007019043,0.39534653425216676,1.0926302433013917,2.3040404040404034,228.1
hungary,va_long_beach,7,1,160,40,160,0.0500979982316494,1.2706818580627441,0.512499988079071,0.5062500238418579,0.5673525333404541,0.5601548552513123,0.00670181680470705,0.24125000238418579,0.5,0.35335431694984437,1.0832858681678772,2.346875,375.5
hungary,va_long_beach,7,2,160,40,160,0.04964374750852585,1.2033392190933228,0.53125,0.5250000357627869,0.5736626982688904,0.5669833421707153,0.006596863269805908,0.21250000298023225,0.518750011920929,0.3605892539024353,1.0599718689918518,2.260625,361.7
hungary,va_long_beach,7,3,160,40,160,0.049102913588285446,1.2077150344848633,0.5250000357627869,0.518750011920929,0.573979377746582,0.5671724677085876,0.006618477404117584,0.21875000298023223,0.518750011920929,0.36185691952705384,0.9331678986549378,2.0075,321.2
hungary,va_long_beach,7,4,160,40,160,0.048461295664310455,1.2729361057281494,0.5250000357627869,0.518750011920929,0.5680021643638611,0.5611116290092468,0.006650667171925306,0.25,0.512499988079071,0.35503789186477663,1.0266724944114685,2.2181249999999997,354.9
hungary,va_long_beach,7,5,160,40,160,0.050685327500104904,1.2796704769134521,0.48125001788139343,0.48125001788139343,0.5677370429039001,0.5605292320251465,0.007169056683778763,0.22375000715255738,0.4749999940395355,0.3518446981906891,1.029670786857605,2.23,356.8
hungary,cleveland,8,1,242,61,242,0.024771016091108322,1.6603647470474243,0.3347107172012329,0.3347107172012329,0.5062465667724609,0.49567297101020813,0.007500737905502319,0.3917355120182037,0.3842974901199341,0.2983164608478546,0.6205741107463837,1.5388429752066115,372.4
hungary,cleveland,8,2,242,61,242,0.025103198364377022,1.6205072402954102,0.3223140239715576,0.3223140239715576,0.5095990300178528,0.4990379214286804,0.007522846572101116,0.39834707975387573,0.39256197214126587,0.3087365746498108,0.6080768465995788,1.509504132231405,365.3
hungary,cleveland,8,3,242,61,242,0.025332557037472725,1.6709461212158203,0.3595041036605835,0.3595041036605835,0.5095131993293762,0.4986547529697418,0.007830793038010597,0.3983470916748047,0.3966941833496094,0.297956383228302,0.6243255794048309,1.512396694214876,366.0
hungary,cleveland,8,4,243,60,243,0.02483406662940979,1.6687593460083008,0.3127571940422058,0.3127571940422058,0.5058700442314148,0.4953519403934479,0.007592912297695875,0.38271602988243103,0.3786008059978485,0.30204762816429137,0.5699273765087127,1.4168724279835392,344.3
hungary,cleveland,8,5,243,60,243,0.02527794986963272,1.6219332218170166,0.3539094626903534,0.3539094626903534,0.5140575170516968,0.5030765533447266,0.008023584261536598,0.401646089553833,0.4,0.30615886449813845,0.6346703052520752,1.5609053497942387,379.3
hungary,switzerland,8,1,98,25,98,0.03182558715343475,1.1083256006240845,0.6020408272743225,0.5918367505073547,0.574481189250946,0.5661843419075012,0.007570973131805658,0.3265306055545807,0.5510203838348389,0.37934539318084715,1.0188583254814148,2.2500000000000004,220.5
hungary,switzerland,8,2,98,25,98,0.031572647392749786,1.0578025579452515,0.6020408272743225,0.5918367505073547,0.5800455808639526,0.5719680786132812,0.007776505779474974,0.3040816366672516,0.5408163070678711,0.38614567518234255,0.9999514758586884,2.2091836734693877,216.5
hungary,switzerland,8,3,98,25,98,0.030510857701301575,0.9648237824440002,0.5918367505073547,0.5816326141357422,0.5903810858726501,0.5826992392539978,0.007597277872264385,0.33265305161476133,0.5265305995941162,0.40019707679748534,0.9885308504104614,2.1091836734693876,206.7
hungary,switzerland,8,4,99,24,99,0.030544158071279526,1.1013500690460205,0.5959596037864685,0.5858585834503174,0.5766215324401855,0.5692704319953918,0.007183576002717018,0.3050504982471466,0.5252525210380554,0.38653906583786013,1.0399748086929321,2.2666666666666666,224.4
hungary,switzerland,8,5,99,24,99,0.029360078275203705,1.1316264867782593,0.6161616444587708,0.6161616444587708,0.5714629292488098,0.5627923011779785,0.00795764196664095,0.32929293513298036,0.5757575631141663,0.37196229100227357,1.0012329816818237,2.2525252525252526,223.0
hungary,va_long_beach,8,1,160,40,160,0.029380498453974724,1.4638527631759644,0.5562500357627869,0.5562500357627869,0.5450249910354614,0.5365262031555176,0.00783213134855032,0.39875001311302183,0.5037500143051148,0.3386191189289093,1.0250601887702941,2.369375,379.1
hungary,va_long_beach,8,2,160,40,160,0.03032941184937954,1.358640193939209,0.5875000357627869,0.5875000357627869,0.5531824231147766,0.5454453825950623,0.007809802889823914,0.4237500011920929,0.5250000357627869,0.3478626489639282,0.9806679606437683,2.221875,355.5
hungary,va_long_beach,8,3,160,40,160,0.031245356425642967,1.3861775398254395,0.5875000357627869,0.5875000357627869,0.550325334072113,0.5427492260932922,0.007643549237400293,0.40500000715255735,0.518750011920929,0.3510363519191742,1.0093223094940185,2.2781249999999997,364.5
hungary,va_long_beach,8,4,160,40,160,0.028805140405893326,1.4530072212219238,0.581250011920929,0.581250011920929,0.5443698763847351,0.5362566113471985,0.007827815599739552,0.3875,0.518750011920929,0.3387983202934265,0.9819217562675476,2.236875,357.9
hungary,va_long_beach,8,5,160,40,160,0.030593937262892723,1.4740017652511597,0.5375000238418579,0.5375000238418579,0.5445761680603027,0.536082923412323,0.008299070410430431,0.41625000834465026,0.48750001192092896,0.3332171022891998,0.9952855169773102,2.300625,368.1
hungary,cleveland,9,1,242,61,242,0.02623620256781578,1.292690396308899,0.3801652789115906,0.3884297311306,0.5455312728881836,0.5374243855476379,0.007562239654362202,0.29504130482673646,0.41074379086494445,0.33702254891395567,0.5606392860412598,1.4057851239669423,340.2
hungary,cleveland,9,2,242,61,242,0.024915453046560287,1.2599962949752808,0.3760330379009247,0.3842974901199341,0.5484194159507751,0.5409005880355835,0.007385037839412689,0.27851237654685973,0.41735535860061646,0.3443587303161621,0.5365432918071746,1.3442148760330581,325.3
hungary,cleveland,9,3,242,61,242,0.026201369240880013,1.302567958831787,0.3842974901199341,0.3884297311306,0.5458377003669739,0.5376391410827637,0.007496193051338196,0.299999988079071,0.41322311758995056,0.33770245909690855,0.5419657528400421,1.3367768595041323,323.5
hungary,cleveland,9,4,243,60,243,0.024805143475532532,1.2959885597229004,0.36213991045951843,0.37037035822868347,0.5448256731033325,0.5368930697441101,0.00673893466591835,0.2954732418060303,0.4,0.3385929048061371,0.5596424520015717,1.3991769547325106,340.0
hungary,cleveland,9,5,243,60,243,0.024981243535876274,1.254191279411316,0.3786008059978485,0.38271602988243103,0.5506393313407898,0.5425076484680176,0.007065518293529749,0.28888887763023374,0.40740740299224854,0.3421355962753296,0.586471962928772,1.454320987654321,353.4
hungary,switzerland,9,1,98,25,98,0.026923969388008118,1.0110357999801636,0.5816326141357422,0.5816326141357422,0.5776321887969971,0.5704420804977417,0.006488055922091007,0.22448979318141937,0.5204081535339355,0.38304311633110044,0.9813703298568726,2.095918367346939,205.4
hungary,switzerland,9,2,98,25,98,0.027484480291604996,0.9471795558929443,0.6020408272743225,0.6020408272743225,0.5842142701148987,0.5769719481468201,0.007144268602132797,0.21836734414100648,0.5306122303009033,0.39458559155464173,0.9304987668991089,1.9693877551020407,193.0
hungary,switzerland,9,3,98,25,98,0.02570858784019947,0.9289677143096924,0.5510203838348389,0.5510203838348389,0.5882371068000793,0.5807867050170898,0.007788970600813627,0.2183673471212387,0.5306122303009033,0.38358710408210756,0.87788907289505,1.8591836734693878,182.2
hungary,switzerland,9,4,99,24,99,0.026851309463381767,0.9536815881729126,0.5656565427780151,0.5656565427780151,0.5849090218544006,0.5778965950012207,0.0067773256450891495,0.20202020108699797,0.5151515007019043,0.3935685992240906,0.9129386246204376,2.003030303030303,198.3
hungary,switzerland,9,5,99,24,99,0.026792779564857483,1.0037786960601807,0.5858585834503174,0.5858585834503174,0.5781421661376953,0.5702952742576599,0.007588398177176714,0.226262629032135,0.5353535413742065,0.3826550304889679,0.8917386829853058,1.9414141414141413,192.2
hungary,va_long_beach,9,1,160,40,160,0.02592945098876953,1.3666331768035889,0.518750011920929,0.518750011920929,0.5447984933853149,0.536445677280426,0.006981660611927509,0.3012500047683716,0.4937500059604645,0.3343534529209137,0.8689904034137725,2.073125,331.7
hungary,va_long_beach,9,2,160,40,160,0.025826454162597656,1.2898821830749512,0.5375000238418579,0.5375000238418579,0.5516769289970398,0.5433529019355774,0.007060542702674866,0.2862500071525574,0.512499988079071,0.33855119347572327,0.8623870253562927,1.9962499999999999,319.4
hungary,va_long_beach,9,3,160,40,160,0.026277711614966393,1.3260082006454468,0.543749988079071,0.543749988079071,0.54844731092453,0.5404607653617859,0.007183268200606108,0.2449999988079071,0.5062500238418579,0.3403955340385437,0.7826519966125488,1.8849999999999998,301.6
hungary,va_long_beach,9,4,160,40,160,0.02581207826733589,1.376612901687622,0.5375000238418579,0.5375000238418579,0.5430907011032104,0.5349733233451843,0.0065877544693648815,0.2625,0.512499988079071,0.3347981333732605,0.8213826596736908,1.9912500000000002,318.6
hungary,va_long_beach,9,5,160,40,160,0.025870954617857933,1.3767354488372803,0.48750001192092896,0.48750001192092896,0.5449821352958679,0.536795437335968,0.007332277484238148,0.2962500095367432,0.4749999940395355,0.332659512758255,0.8491465389728546,2.0050000000000003,320.8
switzerland,cleveland,0,1,242,61,242,0.08816559612751007,0.025540390983223915,0.9999999403953552,0.9999999403953552,0.6550282835960388,0.6549973487854004,0.0011504784924909472,0.3338842809200287,0.42975205183029175,0.7928043246269226,0.27638462781906126,0.4524793388429752,109.5
switzerland,cleveland,0,2,242,61,242,0.08757344633340836,0.027739258483052254,0.9999999403953552,0.9999999403953552,0.6542291045188904,0.6541870832443237,0.0010638738749548793,0.348760312795639,0.43801650404930115,0.7872101187705993,0.25688824355602263,0.41942148760330583,101.5
switzerland,cleveland,0,3,242,61,242,0.08947282284498215,0.022959107533097267,0.9999999403953552,0.9999999403953552,0.6561437249183655,0.6563056707382202,0.001119507709518075,0.3223140358924866,0.44214874505996704,0.7893993139266968,0.2235609471797943,0.362396694214876,87.7
switzerland,cleveland,0,4,243,60,243,0.08659226447343826,0.028019379824399948,0.9999999403953552,0.9999999403953552,0.6542313098907471,0.6541801691055298,0.0011870617745444179,0.34403290748596194,0.45679011940956116,0.7775729060173034,0.2541962280869484,0.4148148148148148,100.8
switzerland,cleveland,0,5,243,60,243,0.08789117634296417,0.027485348284244537,0.9999999403953552,0.9999999403953552,0.6551412343978882,0.6552081108093262,0.00111446063965559,0.3201645970344543,0.43539092540740965,0.788235342502594,0.2402039110660553,0.39423868312757204,95.8
switzerland,hungary,0,1,235,59,235,0.0845576822757721,0.034841202199459076,0.9999999403953552,0.9999999403953552,0.6580513119697571,0.6578046083450317,0.0010181005345657468,0.31914892196655276,0.45276594161987305,0.7630377054214478,0.2570577308535576,0.4165957446808511,97.9
switzerland,hungary,0,2,235,59,235,0.08497107774019241,0.039385925978422165,0.9999999403953552,0.9999999403953552,0.6571342945098877,0.6567585468292236,0.001199816819280386,0.33021275997161864,0.4451063573360443,0.7635473608970642,0.32850230038166045,0.5297872340425531,124.5
switzerland,hungary,0,3,235,59,235,0.08443974703550339,0.035683710128068924,0.9999999403953552,0.9999999403953552,0.6565011143684387,0.6559968590736389,0.0013378271833062172,0.33872339129447937,0.48085105419158936,0.7493188977241516,0.29465706646442413,0.4804255319148936,112.9
switzerland,hungary,0,4,235,59,235,0.08607576787471771,0.035585884004831314,0.9999999403953552,0.9999999403953552,0.6579717397689819,0.6578275561332703,0.0010721072321757674,0.31148935556411744,0.42978721857070923,0.774825394153595,0.29266296327114105,0.4727659574468085,111.1
switzerland,hungary,0,5,236,58,236,0.08677101135253906,0.037619370967149734,1.0,1.0,0.6574713587760925,0.6572079062461853,0.0011095281224697828,0.30762711763381956,0.4415254294872284,0.7690594434738159,0.2706192880868912,0.4402542372881356,103.9
switzerland,va_long_beach,0,1,160,40,160,0.12177486717700958,0.015130321495234966,1.0,1.0,0.6622238755226135,0.6619735956192017,0.000598606129642576,0.23125000298023224,0.45500001311302185,0.8121027708053589,0.3906406193971634,0.609375,97.5
switzerland,va_long_beach,0,2,160,40,160,0.12245521694421768,0.015057433396577835,1.0,1.0,0.6618750691413879,0.6616093516349792,0.0007427241653203964,0.2212500035762787,0.4625000059604645,0.8112980365753174,0.35293455719947814,0.5525,88.4
switzerland,va_long_beach,0,3,160,40,160,0.12351689487695694,0.016965260729193687,1.0,1.0,0.6608157157897949,0.6602639555931091,0.0010428838431835175,0.2487500011920929,0.5,0.7936611771583557,0.38437339663505554,0.6031250000000001,96.5
switzerland,va_long_beach,0,4,160,40,160,0.12315040081739426,0.01582878828048706,1.0,1.0,0.6619350910186768,0.661507785320282,0.0008445043349638581,0.26125000715255736,0.4749999940395355,0.8057801842689514,0.43310987055301664,0.67625,108.2
switzerland,va_long_beach,0,5,160,40,160,0.12186221033334732,0.016149800270795822,1.0,1.0,0.6617579460144043,0.6613041162490845,0.0008827034616842866,0.21375000178813935,0.4487500131130219,0.8133697867393493,0.492340287566185,0.7725000000000001,123.6
switzerland,cleveland,1,1,242,61,242,0.021290943026542664,0.042167309671640396,0.9999999403953552,0.9999999403953552,0.6701427102088928,0.6696543097496033,0.0010284680174663663,0.1603305697441101,0.4057851076126099,0.7264005184173584,0.4234119653701782,0.6615702479338843,160.1
switzerland,cleveland,1,2,242,61,242,0.02008719928562641,0.037516627460718155,0.9999999403953552,0.9999999403953552,0.6700818538665771,0.6695463061332703,0.0011250339448451996,0.18347106277942657,0.41570246815681455,0.7234987854957581,0.45867104828357697,0.7148760330578512,173.0
switzerland,cleveland,1,3,242,61,242,0.021221518516540527,0.04064145311713219,0.9999999403953552,0.9999999403953552,0.6701287627220154,0.669586181640625,0.0011216881684958935,0.15289255380630493,0.41818180680274963,0.7220721483230591,0.42608065009117124,0.6632231404958678,160.5
switzerland,cleveland,1,4,243,60,243,0.020901760086417198,0.04016224294900894,0.9999999403953552,0.9999999403953552,0.6699512004852295,0.6693710088729858,0.0011858220677822828,0.18765431940555571,0.4230452537536621,0.7204012274742126,0.4219490230083466,0.6551440329218108,159.2
switzerland,cleveland,1,5,243,60,243,0.020404476672410965,0.03622511774301529,0.9999999403953552,0.9999999403953552,0.6703003644943237,0.6697419285774231,0.0011555568780750036,0.19012345373630524,0.4271604776382446,0.7209355115890503,0.44065681993961336,0.6880658436213992,167.2
switzerland,hungary,1,1,235,59,235,0.02413591556251049,0.035113655030727386,0.9999999403953552,0.9999999403953552,0.672307014465332,0.6715868711471558,0.0015430545900017023,0.2485106348991394,0.46808508038520813,0.6969168782234192,0.4083081752061844,0.6289361702127659,147.8
switzerland,hungary,1,2,235,59,235,0.023315316066145897,0.03693288192152977,0.9999999403953552,0.9999999403953552,0.671703040599823,0.6708828806877136,0.0017114420188590884,0.26127658486366273,0.46808508038520813,0.6957063317298889,0.42804238200187683,0.6625531914893616,155.7
switzerland,hungary,1,3,235,59,235,0.022869819775223732,0.03499269858002663,0.9999999403953552,0.9999999403953552,0.6719218492507935,0.6711481213569641,0.0016485347878187895,0.2536170184612274,0.4723404049873352,0.6958574175834655,0.37756831347942355,0.583404255319149,137.1
switzerland,hungary,1,4,235,59,235,0.024033309891819954,0.037190746515989304,0.9999999403953552,0.9999999403953552,0.6718600988388062,0.6712998151779175,0.001234611263498664,0.23319148421287536,0.4570212662220001,0.7002969980239868,0.40136702358722687,0.6212765957446809,146.0
switzerland,hungary,1,5,236,58,236,0.023876221850514412,0.03997625783085823,1.0,1.0,0.6715208888053894,0.670626699924469,0.001851527369581163,0.24661016464233398,0.47457626461982727,0.6919508695602417,0.42793596982955934,0.6601694915254237,155.8
switzerland,va_long_beach,1,1,160,40,160,0.023430898785591125,0.035363856703042984,1.0,1.0,0.6768426299095154,0.6763295531272888,0.0012504201149567962,0.2775000035762787,0.4325000047683716,0.698437774181366,0.7517353951931,1.145,183.2
switzerland,va_long_beach,1,2,160,40,160,0.023633329197764397,0.035714875906705856,1.0,1.0,0.6769995093345642,0.6765236258506775,0.0011470150202512741,0.29500000476837157,0.42500001192092896,0.7011709332466125,0.7851381897926331,1.191875,190.7
switzerland,va_long_beach,1,3,160,40,160,0.023580387234687805,0.039171479642391205,1.0,1.0,0.6762592196464539,0.6757411956787109,0.001220746780745685,0.2762500047683716,0.4200000107288361,0.7017685532569885,0.7520756244659423,1.1425,182.8
switzerland,va_long_beach,1,4,160,40,160,0.023031901568174362,0.03587885946035385,1.0,1.0,0.6767438054084778,0.6762596964836121,0.0011960369301959872,0.2900000035762787,0.42500001192092896,0.7002667307853698,0.7527424991130829,1.145,183.2
switzerland,va_long_beach,1,5,160,40,160,0.023305801674723625,0.038262493908405304,1.0,1.0,0.6769218444824219,0.6763745546340942,0.0012972283875569701,0.293750011920929,0.42750000953674316,0.6974419832229615,0.7665039658546448,1.1625,186.0
switzerland,cleveland,2,1,242,61,242,0.0928005650639534,0.028286440297961235,0.9999999403953552,0.9999999403953552,0.6211239695549011,0.6215725541114807,0.0007748744101263583,0.1570247858762741,0.46280990839004515,0.8206727147102356,0.26881293654441835,0.48016528925619834,116.2
switzerland,cleveland,2,2,242,61,242,0.09577760100364685,0.02740316279232502,0.9999999403953552,0.9999999403953552,0.6201969385147095,0.620506227016449,0.0006361650303006172,0.1429751992225647,0.475206583738327,0.81487957239151,0.2797514408826828,0.5004132231404959,121.1
switzerland,cleveland,2,3,242,61,242,0.09237503260374069,0.028113899752497673,0.9999999403953552,0.9999999403953552,0.6210006475448608,0.6215196847915649,0.0009079752489924431,0.15206611156463623,0.44628097414970397,0.8342261552810669,0.24967619478702546,0.45165289256198343,109.3
switzerland,cleveland,2,4,243,60,243,0.09577403217554092,0.02591823600232601,0.9999999403953552,0.9999999403953552,0.6196542382240295,0.620090901851654,0.0007331204251386225,0.16378600299358367,0.4674897015094757,0.8240026712417603,0.275381463766098,0.4901234567901234,119.1
switzerland,cleveland,2,5,243,60,243,0.09492378681898117,0.0261572003364563,0.9999999403953552,0.9999999403953552,0.6209462881088257,0.6214364767074585,0.0007847279775887728,0.1736625462770462,0.4864197313785553,0.8068630695343018,0.23243205845355988,0.41234567901234565,100.2
switzerland,hungary,2,1,235,59,235,0.10328873991966248,0.019083624705672264,0.9999999403953552,0.9999999403953552,0.629710853099823,0.6298502683639526,0.0004675865056924522,0.12595744282007218,0.5021276473999023,0.8005336403846741,0.2811964124441147,0.48680851063829794,114.4
switzerland,hungary,2,2,235,59,235,0.10320889204740524,0.022172611206769943,0.9999999403953552,0.9999999403953552,0.6283517479896545,0.6283956170082092,0.00045068946201354265,0.10042552947998047,0.5106382846832276,0.7933876872062683,0.30049011707305906,0.5199999999999999,122.2
switzerland,hungary,2,3,235,59,235,0.10463870316743851,0.021049359813332558,0.9999999403953552,0.9999999403953552,0.627874493598938,0.6279714107513428,0.00038495773333124816,0.13531914055347444,0.5029787003993988,0.803094458580017,0.31939042508602145,0.5523404255319149,129.8
switzerland,hungary,2,4,235,59,235,0.101939357817173,0.021432803943753242,0.9999999403953552,0.9999999403953552,0.6288890838623047,0.6290545463562012,0.0005099035333842039,0.11574467569589615,0.47234041094779966,0.8197487592697144,0.3227494388818741,0.5612765957446808,131.9
switzerland,hungary,2,5,236,58,236,0.10455745458602905,0.02117096446454525,1.0,1.0,0.6278085112571716,0.6281534433364868,0.0006411315407603979,0.09830508530139923,0.5008474588394165,0.8028863430023193,0.23897103667259217,0.4203389830508475,99.2
switzerland,va_long_beach,2,1,160,40,160,0.09420004487037659,0.023486444726586342,1.0,1.0,0.616685688495636,0.6169448494911194,0.0004801496979780495,0.18250000178813935,0.45625001192092896,0.8385561108589172,0.3297985017299652,0.5974999999999999,95.6
switzerland,va_long_beach,2,2,160,40,160,0.0935569554567337,0.023546651005744934,1.0,1.0,0.6171959042549133,0.6172318458557129,0.00039451458724215627,0.1662500023841858,0.501250010728836,0.7974583148956299,0.3457102060317993,0.621875,99.5
switzerland,va_long_beach,2,3,160,40,160,0.09356842190027237,0.02579311467707157,1.0,1.0,0.615325391292572,0.6152439713478088,0.00038654805393889546,0.1900000035762787,0.5087500095367432,0.7939213871955871,0.3573975682258606,0.6475,103.6
switzerland,va_long_beach,2,4,160,40,160,0.09198281168937683,0.02435232326388359,1.0,1.0,0.615318775177002,0.6153294444084167,0.0003794696240220219,0.17250000536441804,0.4637500047683716,0.8300170302391052,0.396612611413002,0.7150000000000001,114.4
switzerland,va_long_beach,2,5,160,40,160,0.09254776686429977,0.0243199672549963,1.0,1.0,0.617134690284729,0.6172281503677368,0.00042889194446615875,0.19375000298023223,0.4824999988079071,0.813309621810913,0.33999161422252655,0.610625,97.7
switzerland,cleveland,3,1,242,61,242,0.02977890707552433,0.10370391607284546,0.9999999403953552,0.9999999403953552,0.5723565220832825,0.5735917091369629,0.001889962935820222,0.25537189841270447,0.4669421315193176,0.7720291018486023,0.2781223595142365,0.5979338842975206,144.7
switzerland,cleveland,3,2,242,61,242,0.029317358508706093,0.09445727616548538,0.9999999403953552,0.9999999403953552,0.5733497142791748,0.574124276638031,0.0015510383527725935,0.2933884263038635,0.48925618529319764,0.7548893809318542,0.27829747796058657,0.5826446280991735,141.0
switzerland,cleveland,3,3,242,61,242,0.030079396441578865,0.10297456383705139,0.9999999403953552,0.9999999403953552,0.5728759169578552,0.5735051035881042,0.0015740529634058475,0.25289255380630493,0.4669421374797821,0.774074137210846,0.27467778623104094,0.5962809917355372,144.3
switzerland,cleveland,3,4,243,60,243,0.02994035929441452,0.10136772692203522,0.9999999403953552,0.9999999403953552,0.5730170011520386,0.5739843845367432,0.0016210032626986504,0.25925925374031067,0.47407405972480776,0.7665056109428405,0.3008084148168564,0.6362139917695473,154.6
switzerland,cleveland,3,5,243,60,243,0.029928036034107208,0.09048962593078613,0.9999999403953552,0.9999999403953552,0.5739157199859619,0.5748186111450195,0.0015668863197788596,0.2913580179214478,0.48477364182472227,0.7574536800384521,0.276057168841362,0.5674897119341564,137.9
switzerland,hungary,3,1,235,59,235,0.04167037829756737,0.0792902484536171,0.9999999403953552,0.9999999403953552,0.5966818928718567,0.5953340530395508,0.0013645528815686703,0.3514893472194672,0.4655319035053253,0.7546135544776916,0.32492527067661287,0.5919148936170212,139.1
switzerland,hungary,3,2,235,59,235,0.04206838831305504,0.08740603923797607,0.9999999403953552,0.9999999403953552,0.5929044485092163,0.5917105078697205,0.0012478734133765101,0.3514893472194672,0.4723404049873352,0.7489139199256897,0.27631459534168246,0.5170212765957447,121.5
switzerland,hungary,3,3,235,59,235,0.040983520448207855,0.08624060451984406,0.9999999403953552,0.9999999403953552,0.5935311913490295,0.5920674800872803,0.0014126449823379517,0.3438297748565674,0.46723402142524717,0.7526201844215393,0.3138218462467194,0.5876595744680851,138.1
switzerland,hungary,3,4,235,59,235,0.040885135531425476,0.08952071517705917,0.9999999403953552,0.9999999403953552,0.5933964848518372,0.5919686555862427,0.0013955425238236785,0.35999998450279236,0.4646808445453644,0.7496584415435791,0.32817998230457307,0.6059574468085106,142.4
switzerland,hungary,3,5,236,58,236,0.041334208101034164,0.09048320353031158,1.0,1.0,0.5908014178276062,0.5891838669776917,0.0015445878962054849,0.36610168814659116,0.4906779587268829,0.731905484199524,0.2883763164281845,0.5402542372881356,127.5
switzerland,va_long_beach,3,1,160,40,160,0.04849333316087723,0.09505961835384369,1.0,1.0,0.5922639966011047,0.5903887152671814,0.002001628978177905,0.34250000715255735,0.48125001788139343,0.7397931337356567,0.45407815277576447,0.8675,138.8
switzerland,va_long_beach,3,2,160,40,160,0.04974089562892914,0.08874395489692688,1.0,1.0,0.5939558148384094,0.5918863415718079,0.001989837735891342,0.3350000023841858,0.4937500059604645,0.7324163317680359,0.3714379549026489,0.693125,110.9
switzerland,va_long_beach,3,3,160,40,160,0.04596366733312607,0.08940684795379639,1.0,1.0,0.5869377255439758,0.5860210657119751,0.001890363171696663,0.3137499988079071,0.4975000023841858,0.7345212578773499,0.3744844555854797,0.713125,114.1
switzerland,va_long_beach,3,4,160,40,160,0.046983134001493454,0.097773976624012,1.0,1.0,0.5886601805686951,0.586651623249054,0.0020686083007603884,0.3412500023841858,0.4937500059604645,0.7285048007965088,0.4107458978891373,0.778125,124.5
switzerland,va_long_beach,3,5,160,40,160,0.04758292809128761,0.09726624935865402,1.0,1.0,0.5908013582229614,0.5887420773506165,0.001975222257897258,0.3525000035762787,0.48625001311302185,0.7351467370986938,0.4532508820295334,0.8387500000000001,134.2
switzerland,cleveland,4,1,242,61,242,0.05866663157939911,0.17153839766979218,0.9999999403953552,0.9999999403953552,0.5261292457580566,0.5272616744041443,0.0017777796601876616,0.03966942057013512,0.4380165159702301,0.8571528911590576,0.3368019163608551,0.7946280991735538,192.3
switzerland,cleveland,4,2,242,61,242,0.0589858815073967,0.16758358478546143,0.9999999403953552,0.9999999403953552,0.5272725224494934,0.5283882021903992,0.0017659534933045506,0.04214875921607018,0.45206609964370725,0.839348566532135,0.3341697514057159,0.7793388429752065,188.6
switzerland,cleveland,4,3,242,61,242,0.056949518620967865,0.17019608616828918,0.9999999403953552,0.9999999403953552,0.524662435054779,0.526236891746521,0.0020105731673538685,0.04876032844185829,0.44380163550376894,0.8503538608551026,0.2899981111288071,0.6789256198347108,164.3
switzerland,cleveland,4,4,243,60,243,0.05967224761843681,0.16902902722358704,0.9999999403953552,0.9999999403953552,0.5251342058181763,0.5261023044586182,0.0018401414854452014,0.03292180970311165,0.4427983283996582,0.8509584784507751,0.35125608146190646,0.7979423868312757,193.9
switzerland,cleveland,4,5,243,60,243,0.05954912677407265,0.16009564697742462,0.9999999403953552,0.9999999403953552,0.5245946645736694,0.5261529088020325,0.001965068746358156,0.046090534329414366,0.44032920002937315,0.8623510360717773,0.3288647770881653,0.731687242798354,177.8
switzerland,hungary,4,1,235,59,235,0.06911281496286392,0.13058367371559143,0.9999999403953552,0.9999999403953552,0.5208454132080078,0.5225737690925598,0.0020934385247528553,0.04510638117790222,0.4119148850440979,0.9369300484657288,0.3184230446815491,0.7719148936170213,181.4
switzerland,hungary,4,2,235,59,235,0.07065682858228683,0.14869168400764465,0.9999999403953552,0.9999999403953552,0.5146083831787109,0.515860915184021,0.002121967962011695,0.028936169296503066,0.4229787111282349,0.92309410572052,0.3173202097415924,0.8004255319148935,188.1
switzerland,hungary,4,3,235,59,235,0.06841517984867096,0.14468535780906677,0.9999999403953552,0.9999999403953552,0.5207732915878296,0.5225294828414917,0.0021739450749009848,0.039148935675621034,0.4170212745666504,0.9243991494178772,0.31701624393463135,0.7880851063829788,185.2
switzerland,hungary,4,4,235,59,235,0.06851640343666077,0.15617743134498596,0.9999999403953552,0.9999999403953552,0.5165745615959167,0.517871618270874,0.0021779071539640427,0.03319148756563663,0.426382964849472,0.9125776886940002,0.30907208323478697,0.774468085106383,182.0
switzerland,hungary,4,5,236,58,236,0.07028372585773468,0.1526392102241516,1.0,1.0,0.5140973329544067,0.5153896808624268,0.001967162359505892,0.03135593235492706,0.41610169410705566,0.933473813533783,0.35183864235877993,0.8813559322033898,208.0
switzerland,va_long_beach,4,1,160,40,160,0.0735657587647438,0.146484375,1.0,1.0,0.46830612421035767,0.4679053723812103,0.0013874213909730315,0.05000000074505806,0.5,0.892877733707428,0.38499076962471007,1.06125,169.8
switzerland,va_long_beach,4,2,160,40,160,0.0736747533082962,0.13213090598583221,1.0,1.0,0.46745893359184265,0.46746572852134705,0.0014525860315188766,0.07124999985098839,0.5062500238418579,0.8914131641387939,0.35088353753089907,0.9450000000000001,151.2
switzerland,va_long_beach,4,3,160,40,160,0.07443417608737946,0.14260010421276093,1.0,1.0,0.46284815669059753,0.4631895124912262,0.0014147121692076325,0.06750000268220901,0.5075000047683715,0.8946245789527894,0.3269430935382843,0.9075000000000001,145.2
switzerland,va_long_beach,4,4,160,40,160,0.07459602504968643,0.14302565157413483,1.0,1.0,0.46289950609207153,0.4631851315498352,0.0013253375655040145,0.05625000074505806,0.5,0.9024874091148376,0.35748175382614134,0.991875,158.7
switzerland,va_long_beach,4,5,160,40,160,0.0728796198964119,0.14601027965545654,1.0,1.0,0.4679332673549652,0.46740880608558655,0.0014818229246884584,0.05125000029802322,0.4937500059604645,0.9014120817184448,0.3999870359897614,1.085625,173.7
switzerland,cleveland,5,1,242,61,242,0.04402806609869003,0.012558314017951488,0.9999999403953552,0.9999999403953552,0.6313012838363647,0.6333444118499756,0.0028644208796322346,0.20082643628120422,0.4380165159702301,0.7945151925086975,0.15794935673475266,0.2735537190082645,66.2
switzerland,cleveland,5,2,242,61,242,0.042284999042749405,0.012693984434008598,0.9999999403953552,0.9999999403953552,0.6311590671539307,0.6323375105857849,0.0016587295103818178,0.23966941237449646,0.47933881878852846,0.7620197296142578,0.1879245713353157,0.32520661157024794,78.7
switzerland,cleveland,5,3,242,61,242,0.04312192648649216,0.010539478622376919,0.9999999403953552,0.9999999403953552,0.6322121620178223,0.6326624155044556,0.0008149976492859423,0.2305785059928894,0.5099173367023468,0.7413902759552002,0.17423122823238374,0.29710743801652895,71.9
switzerland,cleveland,5,4,243,60,243,0.04231160879135132,0.011003379710018635,0.9999999403953552,0.9999999403953552,0.6311161518096924,0.6328479051589966,0.0024287572596222162,0.22551440000534057,0.4641975164413452,0.7765233874320984,0.15503476411104203,0.2695473251028807,65.5
switzerland,cleveland,5,5,243,60,243,0.0414310097694397,0.01092542801052332,0.9999999403953552,0.9999999403953552,0.6330698132514954,0.6341459155082703,0.0015532673569396138,0.22469135224819184,0.4855966866016388,0.7570615172386169,0.15592068284749985,0.26584362139917694,64.6
switzerland,hungary,5,1,235,59,235,0.04462118446826935,0.011869240552186966,0.9999999403953552,0.9999999403953552,0.6353189945220947,0.6354544162750244,0.0009364721481688321,0.25106382369995117,0.5046808362007141,0.7404618859291077,0.23545873314142227,0.3978723404255319,93.5
switzerland,hungary,5,2,235,59,235,0.0468817763030529,0.012475247494876385,0.9999999403953552,0.9999999403953552,0.6341407299041748,0.633568525314331,0.001240897923707962,0.25446808338165283,0.5489361643791199,0.7103467464447022,0.24124336689710618,0.4072340425531914,95.7
switzerland,hungary,5,3,235,59,235,0.04451526701450348,0.012332423590123653,0.9999999403953552,0.9999999403953552,0.6338657736778259,0.6334989070892334,0.001069449819624424,0.24510637819766998,0.5319148898124695,0.7210742950439453,0.2679004639387131,0.45404255319148934,106.7
switzerland,hungary,5,4,235,59,235,0.046235907822847366,0.011434145271778107,0.9999999403953552,0.9999999403953552,0.6345922946929932,0.6347790360450745,0.0009863026207312942,0.23914892673492433,0.5199999809265137,0.7302160024642944,0.19020339250564575,0.32170212765957445,75.6
switzerland,hungary,5,5,236,58,236,0.046357251703739166,0.012671589851379395,1.0,1.0,0.6345250010490417,0.6342219710350037,0.0008295365259982646,0.22711864709854127,0.5194915294647217,0.7307127475738525,0.2801803559064865,0.47245762711864403,111.5
switzerland,va_long_beach,5,1,160,40,160,0.05698251724243164,0.02077493816614151,1.0,1.0,0.6279994249343872,0.6275796890258789,0.001188970054499805,0.09125000089406968,0.4950000047683716,0.7631879687309265,0.3917428940534592,0.6793750000000001,108.7
switzerland,va_long_beach,5,2,160,40,160,0.05640015751123428,0.019804883748292923,1.0,1.0,0.6289777755737305,0.6290469765663147,0.0006346050649881363,0.10750000327825546,0.4637500047683716,0.7890001773834229,0.3379610300064087,0.5887499999999999,94.2
switzerland,va_long_beach,5,3,160,40,160,0.05770102143287659,0.022157182916998863,1.0,1.0,0.6277320981025696,0.6280013918876648,0.0008224219200201333,0.10750000327825546,0.4575000047683716,0.7921536326408386,0.32480705976486207,0.5606249999999999,89.7
switzerland,va_long_beach,5,4,160,40,160,0.05664268881082535,0.022633463144302368,1.0,1.0,0.6285080313682556,0.6284422278404236,0.0007956181070767343,0.0925000011920929,0.4850000083446503,0.7763850808143615,0.3637286961078644,0.6256250000000001,100.1
switzerland,va_long_beach,5,5,160,40,160,0.057705581188201904,0.020660171285271645,1.0,1.0,0.6281418204307556,0.6278311014175415,0.0009269751608371735,0.11125000268220901,0.4737500011920929,0.7819145441055297,0.4529808431863785,0.7837500000000001,125.4
switzerland,cleveland,6,1,242,61,242,0.02878853864967823,0.10437019169330597,0.9999999403953552,0.9999999403953552,0.5125561356544495,0.5107936859130859,0.001531399437226355,0.46446279287338255,0.5851239442825318,0.7124557733535767,0.22937749773263932,0.5533057851239669,133.9
switzerland,cleveland,6,2,242,61,242,0.028489725664258003,0.10281172394752502,0.9999999403953552,0.9999999403953552,0.5144825577735901,0.5137971043586731,0.0013292008079588413,0.4495867550373077,0.5595041036605835,0.744117820262909,0.25332209914922715,0.5975206611570247,144.6
switzerland,cleveland,6,3,242,61,242,0.030135629698634148,0.10857810825109482,0.9999999403953552,0.9999999403953552,0.5172990560531616,0.5162628293037415,0.0013252897188067436,0.4578512251377106,0.5545454263687134,0.7448758721351624,0.23858490735292434,0.5756198347107437,139.3
switzerland,cleveland,6,4,243,60,243,0.029512200504541397,0.10738397389650345,0.9999999403953552,0.9999999403953552,0.5135613083839417,0.511568009853363,0.0016594388289377093,0.4576131641864777,0.5843621492385864,0.7095529079437256,0.24469188451766968,0.5831275720164608,141.7
switzerland,cleveland,6,5,243,60,243,0.02962333895266056,0.10872633010149002,0.9999999403953552,0.9999999403953552,0.51661616563797,0.5154815912246704,0.0014429675647988915,0.4781892836093903,0.5604937911033631,0.7376194357872009,0.2561915531754494,0.5983539094650207,145.4
switzerland,hungary,6,1,235,59,235,0.029478952288627625,0.0872030183672905,0.9999999403953552,0.9999999403953552,0.5308153033256531,0.5312169194221497,0.0011982894502580166,0.4127659499645233,0.5182978749275208,0.7847350597381592,0.23485940545797349,0.5463829787234042,128.4
switzerland,hungary,6,2,235,59,235,0.029901806265115738,0.08420253545045853,0.9999999403953552,0.9999999403953552,0.534710705280304,0.5350443124771118,0.0014012805186212063,0.45276594161987305,0.5293616890907288,0.7679227590560913,0.2255237504839897,0.5046808510638299,118.6
switzerland,hungary,6,3,235,59,235,0.029070597141981125,0.09498021751642227,0.9999999403953552,0.9999999403953552,0.5297529697418213,0.5303520560264587,0.0012517079012468457,0.4246808350086212,0.5234042406082153,0.7750926971435547,0.22114193439483643,0.5123404255319148,120.4
switzerland,hungary,6,4,235,59,235,0.029320906847715378,0.08947347849607468,0.9999999403953552,0.9999999403953552,0.5315386056900024,0.5316872596740723,0.001368694007396698,0.4340425431728363,0.5336170077323914,0.7654868960380554,0.2347928062081337,0.5451063829787234,128.1
switzerland,hungary,6,5,236,58,236,0.030164169147610664,0.09005521982908249,1.0,1.0,0.5313677191734314,0.531802773475647,0.0014710029354318976,0.43644067645072937,0.5347457528114319,0.763727355003357,0.20973581373691558,0.47754237288135587,112.7
switzerland,va_long_beach,6,1,160,40,160,0.04626539349555969,0.05759165808558464,1.0,1.0,0.5526091456413269,0.5506849884986877,0.001554541289806366,0.3525000035762787,0.5112499952316284,0.7826505184173584,0.3137445718050003,0.6731250000000001,107.7
switzerland,va_long_beach,6,2,160,40,160,0.045790500938892365,0.05750860646367073,1.0,1.0,0.5543487071990967,0.5523313283920288,0.0016450167167931795,0.36500000953674316,0.5087500095367432,0.7843864440917969,0.31857654452323914,0.6912499999999999,110.6
switzerland,va_long_beach,6,3,160,40,160,0.044811099767684937,0.062366876751184464,1.0,1.0,0.5496577620506287,0.5476377606391907,0.001626611570827663,0.36125001311302185,0.4975000023841858,0.7973236918449402,0.3416319310665131,0.73875,118.2
switzerland,va_long_beach,6,4,160,40,160,0.04707563668489456,0.055829789489507675,1.0,1.0,0.5529066324234009,0.5512325167655945,0.0013630386674776673,0.35875001549720764,0.48875001072883606,0.8103274583816529,0.3344978094100952,0.725,116.0
switzerland,va_long_beach,6,5,160,40,160,0.044705767184495926,0.058694712817668915,1.0,1.0,0.5498239398002625,0.5486950874328613,0.0010284911841154099,0.3525000035762787,0.47875000834465026,0.8229576349258423,0.31510199308395387,0.6900000000000001,110.4
switzerland,cleveland,7,1,242,61,242,0.04016972333192825,0.02877248078584671,0.9999999403953552,0.9999999403953552,0.621446430683136,0.6223378777503967,0.0017839662032201886,0.2603305697441101,0.3917355239391327,0.8356967806816101,0.30411113500595094,0.5433884297520659,131.5
switzerland,cleveland,7,2,242,61,242,0.03943110629916191,0.026200149208307266,0.9999999403953552,0.9999999403953552,0.6215524673461914,0.6225776076316833,0.001960660330951214,0.26446279883384705,0.39173551797866824,0.8374247670173645,0.282781520485878,0.5057851239669422,122.4
switzerland,cleveland,7,3,242,61,242,0.03814375400543213,0.026555046439170837,0.9999999403953552,0.9999999403953552,0.621990442276001,0.6229555010795593,0.0018374461214989424,0.24462808668613434,0.40165287256240845,0.8267507791519165,0.29320705831050875,0.5256198347107438,127.2
switzerland,cleveland,7,4,243,60,243,0.0400131419301033,0.02535063400864601,0.9999999403953552,0.9999999403953552,0.6214659810066223,0.6226324439048767,0.0021050656214356422,0.2633744776248932,0.401646089553833,0.8297487735748291,0.22921060919761657,0.4094650205761317,99.5
switzerland,cleveland,7,5,243,60,243,0.03840012475848198,0.025449123233556747,0.9999999403953552,0.9999999403953552,0.6223750710487366,0.6233050227165222,0.0017936899093911052,0.28724278807640075,0.3925925850868225,0.8354409217834473,0.2801870495080948,0.49711934156378607,120.8
switzerland,hungary,7,1,235,59,235,0.038717932999134064,0.0169981662184,0.9999999403953552,0.9999999403953552,0.6283506751060486,0.6289089322090149,0.0011167231714352965,0.2748936116695404,0.38127657771110535,0.8365678310394287,0.31316923201084135,0.5451063829787234,128.1
switzerland,hungary,7,2,235,59,235,0.03731279447674751,0.02089708298444748,0.9999999403953552,0.9999999403953552,0.6267457008361816,0.6271812915802002,0.001139555242843926,0.2748936116695404,0.4076595604419708,0.8161699652671814,0.32955620288848875,0.5787234042553192,136.0
switzerland,hungary,7,3,235,59,235,0.03852737322449684,0.01956053636968136,0.9999999403953552,0.9999999403953552,0.6269764304161072,0.627208411693573,0.0009789559990167618,0.2655319035053253,0.3974467933177948,0.8268805861473083,0.2981168329715729,0.5242553191489362,123.2
switzerland,hungary,7,4,235,59,235,0.039087336510419846,0.02204185351729393,0.9999999403953552,0.9999999403953552,0.6271250247955322,0.6278095841407776,0.001457390608265996,0.263829779624939,0.37872339487075807,0.8381771326065064,0.347087624669075,0.6140425531914894,144.3
switzerland,hungary,7,5,236,58,236,0.039967626333236694,0.02065102756023407,1.0,1.0,0.6264437437057495,0.6268266439437866,0.0011529846815392375,0.27203389406204226,0.3855932354927063,0.835701870918274,0.3429731816053391,0.6084745762711865,143.6
switzerland,va_long_beach,7,1,160,40,160,0.04519025608897209,0.03136104345321655,1.0,1.0,0.6167580485343933,0.6158791780471802,0.0010378778679296374,0.21125000417232515,0.49750000834465025,0.7600805401802063,0.4758370518684387,0.8612500000000001,137.8
switzerland,va_long_beach,7,2,160,40,160,0.04419872537255287,0.030376624315977097,1.0,1.0,0.6171842813491821,0.6166837811470032,0.0007086932891979814,0.17875000238418579,0.4625000059604645,0.7885361909866333,0.4003622829914093,0.7262500000000001,116.2
switzerland,va_long_beach,7,3,160,40,160,0.04628978669643402,0.033692166209220886,1.0,1.0,0.615143895149231,0.6143980026245117,0.0008834846667014062,0.16750000417232513,0.4712499976158142,0.7833659529685975,0.450826969742775,0.8231249999999999,131.7
switzerland,va_long_beach,7,4,160,40,160,0.045978136360645294,0.03633848950266838,1.0,1.0,0.6149818301200867,0.6141645312309265,0.0009572423878125846,0.17750000357627868,0.4625000059604645,0.7903978228569031,0.49809534251689913,0.91375,146.2
switzerland,va_long_beach,7,5,160,40,160,0.04666968807578087,0.03320249170064926,1.0,1.0,0.6164246797561646,0.6154727935791016,0.0011095419758930802,0.20000000596046447,0.48125001788139343,0.773581075668335,0.4955105036497116,0.9043750000000002,144.7
switzerland,cleveland,8,1,242,61,242,0.09993443638086319,0.039970513433218,0.9999999403953552,0.9999999403953552,0.6309506297111511,0.6313531994819641,0.0007817752193659544,0.10743801295757294,0.4991735339164734,0.7815999507904052,0.26944898068904877,0.456198347107438,110.4
switzerland,cleveland,8,2,242,61,242,0.09996869415044785,0.04246078431606293,0.9999999403953552,0.9999999403953552,0.630728542804718,0.6312648057937622,0.0009146955562755466,0.1206611528992653,0.4966941952705383,0.7842046737670898,0.2789545714855194,0.46900826446280997,113.5
switzerland,cleveland,8,3,242,61,242,0.09788045287132263,0.03979646414518356,0.9999999403953552,0.9999999403953552,0.6331988573074341,0.6336557269096375,0.0008817999623715878,0.12975206077098847,0.5123966634273529,0.7698869705200195,0.27769081592559813,0.465702479338843,112.7
switzerland,cleveland,8,4,243,60,243,0.09907225519418716,0.04242788627743721,0.9999999403953552,0.9999999403953552,0.631122350692749,0.6314283609390259,0.0007988400757312775,0.10041151940822601,0.4971193253993988,0.7827150106430054,0.30403387546539307,0.5164609053497942,125.5
switzerland,cleveland,8,5,243,60,243,0.09789791703224182,0.04239986464381218,0.9999999403953552,0.9999999403953552,0.6326757669448853,0.6327694058418274,0.0007112707826308906,0.11440328806638718,0.5061728358268738,0.7744151592254639,0.33407487273216246,0.5641975308641975,137.1
switzerland,hungary,8,1,235,59,235,0.10705697536468506,0.02876979485154152,0.9999999403953552,0.9999999403953552,0.6215972304344177,0.6224715709686279,0.0011644434416666627,0.09872340261936188,0.4893616795539856,0.8201590180397034,0.2748455494642258,0.48425531914893616,113.8
switzerland,hungary,8,2,235,59,235,0.10528851300477982,0.03017132170498371,0.9999999403953552,0.9999999403953552,0.6209812760353088,0.6218290328979492,0.0011305052321404219,0.10382978171110153,0.46638296246528627,0.8382838368415833,0.29018442928791044,0.5089361702127658,119.6
switzerland,hungary,8,3,235,59,235,0.10850123316049576,0.03040032647550106,0.9999999403953552,0.9999999403953552,0.6200304627418518,0.6208476424217224,0.0010971231386065483,0.10127659291028976,0.48510637879371643,0.8271478176116943,0.25269412249326706,0.4463829787234042,104.9
switzerland,hungary,8,4,235,59,235,0.10627391189336777,0.03218039497733116,0.9999999403953552,0.9999999403953552,0.6211570501327515,0.6216405630111694,0.0008516493835486472,0.09872340112924576,0.49191486835479736,0.8156942248344421,0.296272748708725,0.5238297872340425,123.1
switzerland,hungary,8,5,236,58,236,0.10592011362314224,0.031553398817777634,1.0,1.0,0.6205304861068726,0.621306300163269,0.0010473581496626139,0.10254237353801728,0.4822033941745758,0.8239341497421264,0.2722120225429535,0.4813559322033898,113.6
switzerland,va_long_beach,8,1,160,40,160,0.08640308678150177,0.04163343459367752,1.0,1.0,0.6316022872924805,0.6319724917411804,0.0008698761812411249,0.09125000089406968,0.4375,0.8242072701454163,0.43293242156505585,0.7381249999999999,118.1
switzerland,va_long_beach,8,2,160,40,160,0.08534976094961166,0.04372868314385414,1.0,1.0,0.632764995098114,0.6327617764472961,0.0007554523763246834,0.09250000268220901,0.4212500095367432,0.8295902848243714,0.49031913876533506,0.8474999999999999,135.6
switzerland,va_long_beach,8,3,160,40,160,0.08744042366743088,0.04436765983700752,1.0,1.0,0.6292105317115784,0.6289815902709961,0.0007872179266996682,0.1,0.45625001192092896,0.8118407011032105,0.5128997921943664,0.8924999999999998,142.8
switzerland,va_long_beach,8,4,160,40,160,0.08535925298929214,0.04635171592235565,1.0,1.0,0.6306862235069275,0.6306250095367432,0.0008098844555206597,0.10250000059604644,0.4150000035762787,0.8357811093330383,0.5411843419075012,0.945625,151.3
switzerland,va_long_beach,8,5,160,40,160,0.08746689558029175,0.04204215481877327,1.0,1.0,0.63037109375,0.6302530169487,0.0007326576742343605,0.12375000417232514,0.4625000059604645,0.8071616768836976,0.48970642387866975,0.849375,135.9
switzerland,cleveland,9,1,242,61,242,0.03775467351078987,0.04819918051362038,0.9999999403953552,0.9999999403953552,0.6533095836639404,0.6515816450119019,0.0026259389705955982,0.2925619661808014,0.5206611156463623,0.6720321297645568,0.3538381338119507,0.5772727272727272,139.7
switzerland,cleveland,9,2,242,61,242,0.03806668519973755,0.04849403724074364,0.9999999403953552,0.9999999403953552,0.6531252861022949,0.6515911221504211,0.0023116180673241615,0.2743801474571228,0.51074378490448,0.676922082901001,0.3815445929765701,0.6210743801652893,150.3
switzerland,cleveland,9,3,242,61,242,0.037977125495672226,0.04743064194917679,0.9999999403953552,0.9999999403953552,0.653795599937439,0.6526029109954834,0.001958667067810893,0.2851239562034607,0.501652866601944,0.6809035897254944,0.3196776628494263,0.5227272727272727,126.5
switzerland,cleveland,9,4,243,60,243,0.036496106535196304,0.04571392014622688,0.9999999403953552,0.9999999403953552,0.6530120968818665,0.6511220932006836,0.002875800244510174,0.30370370149612425,0.5292180895805358,0.6680878043174744,0.38765728771686553,0.6279835390946502,152.6
switzerland,cleveland,9,5,243,60,243,0.037304773926734924,0.04520103335380554,0.9999999403953552,0.9999999403953552,0.6532980799674988,0.6523301601409912,0.001758312457241118,0.2847736418247223,0.5045267462730407,0.6815205931663513,0.2761754900217056,0.4530864197530864,110.1
switzerland,hungary,9,1,235,59,235,0.038047995418310165,0.02515224739909172,0.9999999403953552,0.9999999403953552,0.6464775800704956,0.6454527974128723,0.0017647136701270938,0.24085105657577516,0.4944680631160736,0.7202421665191651,0.33889745771884916,0.5540425531914893,130.2
switzerland,hungary,9,2,235,59,235,0.03987676277756691,0.02591058984398842,0.9999999403953552,0.9999999403953552,0.6464705467224121,0.646665632724762,0.0017198947025462985,0.2127659499645233,0.4553191363811493,0.7443362712860108,0.2748455435037613,0.45574468085106384,107.1
switzerland,hungary,9,3,235,59,235,0.03882712498307228,0.02605566754937172,0.9999999403953552,0.9999999403953552,0.6465420722961426,0.6461315155029297,0.0015107475919649005,0.2229787141084671,0.49446806907653806,0.721367347240448,0.3249885380268097,0.5319148936170212,125.0
switzerland,hungary,9,4,235,59,235,0.03731017932295799,0.026754047721624374,0.9999999403953552,0.9999999403953552,0.6462507247924805,0.6464272737503052,0.0016632328042760491,0.22127658724784852,0.45787231922149657,0.7425409913063049,0.33945354223251345,0.5536170212765958,130.1
switzerland,hungary,9,5,236,58,236,0.03842910751700401,0.027032511308789253,1.0,1.0,0.6455708742141724,0.6462348103523254,0.0019604938570410013,0.21186440885066987,0.45338982343673706,0.7458019733428956,0.24806728810071946,0.4101694915254237,96.8
switzerland,va_long_beach,9,1,160,40,160,0.029330534860491753,0.03716906160116196,1.0,1.0,0.6492087244987488,0.6482172012329102,0.0020393074955791235,0.24124999940395356,0.4675000011920929,0.7157092213630676,0.5687175929546356,0.9243749999999998,147.9
switzerland,va_long_beach,9,2,160,40,160,0.02875707484781742,0.038372598588466644,1.0,1.0,0.6505259871482849,0.6495871543884277,0.0020591579377651215,0.23375000059604645,0.4699999988079071,0.7069948077201843,0.5204431176185608,0.845,135.2
switzerland,va_long_beach,9,3,160,40,160,0.030871301889419556,0.04021410644054413,1.0,1.0,0.6479727625846863,0.6468974947929382,0.0022682652343064547,0.22875000536441803,0.46875,0.7122705936431885,0.534249746799469,0.871875,139.5
switzerland,va_long_beach,9,4,160,40,160,0.028003308922052383,0.04066617786884308,1.0,1.0,0.6486630439758301,0.6476536989212036,0.0020181729923933744,0.23125000298023224,0.4637500047683716,0.7136115431785583,0.5633442223072052,0.911875,145.9
switzerland,va_long_beach,9,5,160,40,160,0.028436601161956787,0.03824450075626373,1.0,1.0,0.6491991877555847,0.6485573053359985,0.0018486734479665756,0.2225000023841858,0.45000001788139343,0.7220923781394959,0.5338187158107758,0.8625,138.0
va_long_beach,cleveland,0,1,242,61,242,0.028279365971684456,0.12394236028194427,0.9999999403953552,0.9999999403953552,0.5958982110023499,0.5974127054214478,0.0034504609648138285,0.2801652789115906,0.4578512191772461,0.7424181461334228,0.2578130841255188,0.5223140495867769,126.4
va_long_beach,cleveland,0,2,242,61,242,0.028568310663104057,0.11742448061704636,0.9999999403953552,0.9999999403953552,0.5967381596565247,0.598958432674408,0.0037941341288387775,0.2785123884677887,0.42396692633628846,0.7779399156570435,0.2838874816894531,0.5809917355371901,140.6
va_long_beach,cleveland,0,3,242,61,242,0.027311142534017563,0.12094469368457794,0.9999999403953552,0.9999999403953552,0.5970249176025391,0.5983839631080627,0.0033308344427496195,0.2776859402656555,0.44876031279563905,0.7511948943138123,0.2813102751970291,0.5809917355371901,140.6
va_long_beach,cleveland,0,4,243,60,243,0.028952864930033684,0.1146659329533577,0.9999999403953552,0.9999999403953552,0.5955783724784851,0.5977282524108887,0.0038088776636868715,0.27407405972480775,0.4238682985305786,0.7784958124160767,0.26460168063640593,0.5407407407407407,131.4
va_long_beach,cleveland,0,5,243,60,243,0.02845148742198944,0.11380012333393097,0.9999999403953552,0.9999999403953552,0.596139669418335,0.5983645915985107,0.003859464544802904,0.28312755227088926,0.43621397018432617,0.7692198634147644,0.24361303448677063,0.49588477366255146,120.5
va_long_beach,hungary,0,1,235,59,235,0.029839076101779938,0.1021256148815155,0.9999999403953552,0.9999999403953552,0.6252234578132629,0.6258969902992249,0.003181141335517168,0.3336170017719269,0.4153191387653351,0.739989411830902,0.4082761198282242,0.7348936170212766,172.7
va_long_beach,hungary,0,2,235,59,235,0.02999797835946083,0.12350799143314362,0.9999999403953552,0.9999999403953552,0.6214384436607361,0.6223531365394592,0.0035656949039548635,0.3327659428119659,0.40340423583984375,0.7461131811141968,0.37010708451271057,0.6927659574468084,162.8
va_long_beach,hungary,0,3,235,59,235,0.03063948079943657,0.11665858328342438,0.9999999403953552,0.9999999403953552,0.6218600869178772,0.6229629516601562,0.0035002490039914846,0.31063827872276306,0.384680837392807,0.7656531214714051,0.39787245988845826,0.7438297872340426,174.8
va_long_beach,hungary,0,4,235,59,235,0.028767896816134453,0.128080815076828,0.9999999403953552,0.9999999403953552,0.6211705803871155,0.6222686767578125,0.003674181178212166,0.30893614888191223,0.37872338891029356,0.7648875713348389,0.387721848487854,0.7293617021276595,171.4
va_long_beach,hungary,0,5,236,58,236,0.028699249029159546,0.12417375296354294,1.0,1.0,0.6193522810935974,0.6204347610473633,0.0033913131337612867,0.3110169529914856,0.39406779408454895,0.7571102261543274,0.40471977591514585,0.7495762711864407,176.9
va_long_beach,switzerland,0,1,98,25,98,0.019849292933940887,0.12179049104452133,1.0,1.0,0.5733269453048706,0.5717517733573914,0.002305930946022272,0.3163265287876129,0.5244897842407227,0.7032980561256409,0.523709899187088,1.0683673469387756,104.7
va_long_beach,switzerland,0,2,98,25,98,0.022198058664798737,0.12286581099033356,1.0,1.0,0.5756707191467285,0.574537456035614,0.002175938105210662,0.32244897484779356,0.5306122303009033,0.6983577609062195,0.4525274962186813,0.9224489795918368,90.4
va_long_beach,switzerland,0,3,98,25,98,0.021285995841026306,0.10819536447525024,1.0,1.0,0.5803148150444031,0.579543948173523,0.0019198862137272954,0.29387754797935484,0.5204081535339355,0.7105716943740845,0.47627138793468476,0.9428571428571428,92.4
va_long_beach,switzerland,0,4,99,24,99,0.022272875532507896,0.11994417756795883,1.0,1.0,0.5778038501739502,0.5766569972038269,0.00202412367798388,0.313131308555603,0.5111110925674438,0.715810215473175,0.5153944879770279,1.0575757575757576,104.7
va_long_beach,switzerland,0,5,99,24,99,0.02116839773952961,0.12684591114521027,1.0,1.0,0.5740547180175781,0.5722611546516418,0.0024397270753979683,0.3232323229312897,0.5414141535758972,0.6871359348297119,0.5344344973564148,1.1161616161616161,110.5
va_long_beach,cleveland,1,1,242,61,242,0.03487120941281319,0.13002009689807892,0.9999999403953552,0.9999999403953552,0.6395505666732788,0.6396409869194031,0.0023454229813069105,0.18099172711372374,0.40165287256240845,0.7191070556640625,0.34889410734176635,0.6648760330578513,160.9
va_long_beach,cleveland,1,2,242,61,242,0.03428623452782631,0.11744028329849243,0.9999999403953552,0.9999999403953552,0.6410620212554932,0.6414441466331482,0.0024090521037578583,0.20247932970523835,0.39008261561393737,0.7264784455299378,0.35543724000453947,0.653305785123967,158.1
va_long_beach,cleveland,1,3,242,61,242,0.03380957618355751,0.1316990852355957,0.9999999403953552,0.9999999403953552,0.6392083168029785,0.6393621563911438,0.0024020925629884005,0.19421486258506776,0.39586774706840516,0.7223180651664733,0.38988869488239286,0.7491735537190083,181.3
va_long_beach,cleveland,1,4,243,60,243,0.0345161110162735,0.1251174956560135,0.9999999403953552,0.9999999403953552,0.6403583884239197,0.6406209468841553,0.00252256216481328,0.1975308656692505,0.3999999940395355,0.7183237433433532,0.33813525438308717,0.634567901234568,154.2
va_long_beach,cleveland,1,5,243,60,243,0.034450069069862366,0.11478932946920395,0.9999999403953552,0.9999999403953552,0.640453577041626,0.6407060027122498,0.002394159324467182,0.2172839403152466,0.404938268661499,0.720054566860199,0.33378539979457855,0.6382716049382716,155.1
va_long_beach,hungary,1,1,235,59,235,0.02393791638314724,0.09655411541461945,0.9999999403953552,0.9999999403953552,0.6490622162818909,0.6489822268486023,0.0019065721426159143,0.21106382310390473,0.4280850887298584,0.6988867998123169,0.42640877366065977,0.7327659574468084,172.2
va_long_beach,hungary,1,2,235,59,235,0.022999068722128868,0.11084481328725815,0.9999999403953552,0.9999999403953552,0.6465542316436768,0.6467545032501221,0.0026628861669451,0.2255319058895111,0.40510637164115904,0.7064722537994385,0.4732701897621155,0.8417021276595745,197.8
va_long_beach,hungary,1,3,235,59,235,0.024301711469888687,0.10326860845088959,0.9999999403953552,0.9999999403953552,0.6482725739479065,0.6485567092895508,0.002549616387113929,0.21106382310390473,0.40595743060112,0.7096357345581055,0.44572466909885405,0.7885106382978723,185.3
va_long_beach,hungary,1,4,235,59,235,0.02336212806403637,0.11964789777994156,0.9999999403953552,0.9999999403953552,0.6456266045570374,0.6456137299537659,0.002367553999647498,0.20170212388038636,0.4212765872478485,0.6988211274147034,0.4575388580560684,0.808936170212766,190.1
va_long_beach,hungary,1,5,236,58,236,0.024384276941418648,0.11768326908349991,1.0,1.0,0.6446759700775146,0.6447913646697998,0.0024061601143330336,0.22288135588169097,0.41525423526763916,0.7034806489944458,0.3683878034353256,0.6741525423728814,159.1
va_long_beach,switzerland,1,1,98,25,98,0.018248073756694794,0.08206664025783539,1.0,1.0,0.6390565037727356,0.6381796598434448,0.001714411424472928,0.29591837525367737,0.45714284777641295,0.6949094533920288,0.7815456449985504,1.342857142857143,131.6
va_long_beach,switzerland,1,2,98,25,98,0.01872861012816429,0.0756237655878067,1.0,1.0,0.6418909430503845,0.6409773230552673,0.0018105220515280962,0.2857142686843872,0.4693877398967743,0.6898284435272217,0.7042351543903351,1.2040816326530612,118.0
va_long_beach,switzerland,1,3,98,25,98,0.019857998937368393,0.07613948732614517,1.0,1.0,0.644778311252594,0.6439074873924255,0.0015623203944414854,0.27959182262420657,0.44897958636283875,0.7003828406333923,0.6655652582645416,1.1387755102040817,111.6
va_long_beach,switzerland,1,4,99,24,99,0.019063308835029602,0.07594228535890579,1.0,1.0,0.641363263130188,0.6404892206192017,0.0019787983037531376,0.2929292917251587,0.48686869740486144,0.6792928814888001,0.5539936482906341,0.9616161616161616,95.2
va_long_beach,switzerland,1,5,99,24,99,0.019289104267954826,0.07571285218000412,1.0,1.0,0.641260027885437,0.640117347240448,0.002052359515801072,0.31313130259513855,0.5030302822589874,0.6676313042640686,0.6913186252117157,1.1797979797979796,116.8
va_long_beach,cleveland,2,1,242,61,242,0.022582244127988815,0.10586117953062057,0.9999999403953552,0.9999999403953552,0.5959553718566895,0.5961194038391113,0.0020671433303505182,0.19090908169746398,0.43966940641403196,0.7536362409591675,0.3373793035745621,0.693801652892562,167.9
va_long_beach,cleveland,2,2,242,61,242,0.023587418720126152,0.10274652391672134,0.9999999403953552,0.9999999403953552,0.5970123410224915,0.5973273515701294,0.0022232024930417538,0.18677684664726257,0.44214874505996704,0.7530112385749816,0.3451521933078766,0.7086776859504132,171.5
va_long_beach,cleveland,2,3,242,61,242,0.023096805438399315,0.11001531034708023,0.9999999403953552,0.9999999403953552,0.5962792634963989,0.5962844491004944,0.001995632890611887,0.184297513961792,0.43801650404930115,0.7500742316246033,0.35965281128883364,0.734297520661157,177.7
va_long_beach,cleveland,2,4,243,60,243,0.022851979359984398,0.10310826450586319,0.9999999403953552,0.9999999403953552,0.5942469239234924,0.5948396921157837,0.0023632775992155075,0.18930040597915648,0.43045265674591066,0.7606838822364808,0.33879768252372744,0.6757201646090534,164.2
va_long_beach,cleveland,2,5,243,60,243,0.02277989126741886,0.09924184530973434,0.9999999403953552,0.9999999403953552,0.5963090658187866,0.5962903499603271,0.0020234188996255398,0.18436213433742524,0.45267489552497864,0.7443293929100037,0.3577882438898087,0.7246913580246914,176.1
va_long_beach,hungary,2,1,235,59,235,0.027946438640356064,0.06090132147073746,0.9999999403953552,0.9999999403953552,0.6262012720108032,0.6259737014770508,0.001411779085174203,0.1659574419260025,0.4893616855144501,0.7079524874687195,0.41730750501155855,0.7480851063829788,175.8
va_long_beach,hungary,2,2,235,59,235,0.02765376679599285,0.07648219168186188,0.9999999403953552,0.9999999403953552,0.62259441614151,0.6221877932548523,0.0014985916204750538,0.16170212328433992,0.47574466466903687,0.7133857488632203,0.4374726891517639,0.8046808510638297,189.1
va_long_beach,hungary,2,3,235,59,235,0.02787998877465725,0.07655458152294159,0.9999999403953552,0.9999999403953552,0.6229106783866882,0.6224353909492493,0.0014716333243995905,0.16765956580638885,0.4944680631160736,0.7004070162773133,0.4205484241247177,0.7714893617021276,181.3
va_long_beach,hungary,2,4,235,59,235,0.027682477608323097,0.08066098392009735,0.9999999403953552,0.9999999403953552,0.6219390034675598,0.6218854784965515,0.0018831610213965178,0.14468084871768952,0.4553191363811493,0.7261049628257752,0.42785064578056337,0.7923404255319151,186.2
va_long_beach,hungary,2,5,236,58,236,0.02874596230685711,0.07909402251243591,1.0,1.0,0.6207221150398254,0.6203489303588867,0.0016582340467721224,0.11864406615495682,0.4788135588169098,0.7118410110473633,0.4430704653263092,0.8258474576271186,194.9
va_long_beach,switzerland,2,1,98,25,98,0.02705511637032032,0.08409915864467621,1.0,1.0,0.578471302986145,0.577319324016571,0.001468132366426289,0.2183673471212387,0.44897958636283875,0.7806147456169128,0.6239025712013244,1.2744897959183672,124.9
va_long_beach,switzerland,2,2,98,25,98,0.026001716032624245,0.07699984312057495,1.0,1.0,0.5815504789352417,0.5801036953926086,0.001646971213631332,0.2551020383834839,0.4591836631298065,0.772064459323883,0.6030475735664368,1.216326530612245,119.2
va_long_beach,switzerland,2,3,98,25,98,0.02806987054646015,0.07997065037488937,1.0,1.0,0.5824908018112183,0.581886887550354,0.0012048890348523855,0.2244897961616516,0.4285714328289032,0.8022204041481018,0.6571041107177734,1.3316326530612246,130.5
va_long_beach,switzerland,2,4,99,24,99,0.027248801663517952,0.07834132760763168,1.0,1.0,0.5834928750991821,0.5826677680015564,0.00139461865182966,0.230303031206131,0.41818182468414306,0.8083187818527222,0.6252147912979126,1.2565656565656567,124.4
va_long_beach,switzerland,2,5,99,24,99,0.02707466296851635,0.08624862134456635,1.0,1.0,0.5781556963920593,0.5767324566841125,0.0015488857170566916,0.27070707082748413,0.4848484992980957,0.7436565518379211,0.6024277627468109,1.198989898989899,118.7
va_long_beach,cleveland,3,1,242,61,242,0.026762748137116432,0.23592953383922577,0.9999999403953552,0.9999999403953552,0.6019010543823242,0.6016224026679993,0.0030042848084121943,0.19338842034339904,0.43719006776809693,0.6845154404640198,0.3898916721343994,0.7909090909090909,191.4
va_long_beach,cleveland,3,2,242,61,242,0.026450075209140778,0.21922942996025085,0.9999999403953552,0.9999999403953552,0.6050679683685303,0.6045973300933838,0.002832793164998293,0.2214875966310501,0.45950412154197695,0.6710528492927551,0.3888916015625,0.7619834710743802,184.4
va_long_beach,cleveland,3,3,242,61,242,0.02695418708026409,0.23280136287212372,0.9999999403953552,0.9999999403953552,0.6028077602386475,0.6025332808494568,0.0030322333332151175,0.2049586683511734,0.44214874505996704,0.6832246303558349,0.3490723192691803,0.7359504132231405,178.1
va_long_beach,cleveland,3,4,243,60,243,0.02726898156106472,0.22856523096561432,0.9999999403953552,0.9999999403953552,0.6024103164672852,0.6020144820213318,0.00309447618201375,0.20740740299224852,0.45432098507881163,0.6732429385185241,0.3840084284543991,0.7790123456790123,189.3
va_long_beach,cleveland,3,5,243,60,243,0.026631226763129234,0.20722883939743042,0.9999999403953552,0.9999999403953552,0.6040844917297363,0.6038911938667297,0.0028445536736398935,0.19670781791210173,0.45102880597114564,0.6818791270256043,0.36711445152759553,0.7382716049382716,179.4
va_long_beach,hungary,3,1,235,59,235,0.0327867828309536,0.16394993662834167,0.9999999403953552,0.9999999403953552,0.642142653465271,0.6410821080207825,0.0029059003572911024,0.25106382369995117,0.3931914806365967,0.6732345461845398,0.38039725720882417,0.6646808510638298,156.2
va_long_beach,hungary,3,2,235,59,235,0.033635783940553665,0.19176965951919556,0.9999999403953552,0.9999999403953552,0.637021541595459,0.6356602907180786,0.003311635460704565,0.22723403573036194,0.41531914472579956,0.6606658339500427,0.412653449177742,0.7514893617021275,176.6
va_long_beach,hungary,3,3,235,59,235,0.03249311074614525,0.19023996591567993,0.9999999403953552,0.9999999403953552,0.6388731002807617,0.6378560662269592,0.0030531049706041813,0.20425531268119812,0.3914893567562103,0.6737303376197815,0.4803887397050858,0.857872340425532,201.6
va_long_beach,hungary,3,4,235,59,235,0.03263721242547035,0.20695152878761292,0.9999999403953552,0.9999999403953552,0.63569176197052,0.6346853971481323,0.0036795882042497396,0.22212764620780945,0.38723403215408325,0.6732201218605042,0.4554059624671936,0.814468085106383,191.4
va_long_beach,hungary,3,5,236,58,236,0.03331398591399193,0.20205408334732056,1.0,1.0,0.6343752145767212,0.6331775188446045,0.003228473477065563,0.21610169112682343,0.402542382478714,0.6688465118408203,0.4213633596897125,0.7771186440677966,183.4
va_long_beach,switzerland,3,1,98,25,98,0.03527366369962692,0.21907460689544678,1.0,1.0,0.5914994478225708,0.5887984037399292,0.0028111764695495367,0.3632652997970581,0.49795918464660643,0.65586177110672,0.6751740992069244,1.2408163265306122,121.6
va_long_beach,switzerland,3,2,98,25,98,0.03683384880423546,0.2128363847732544,1.0,1.0,0.5942544937133789,0.5914100408554077,0.002833296312019229,0.3877550959587097,0.5102040767669678,0.6431121230125427,0.7085386633872985,1.3255102040816327,129.9
va_long_beach,switzerland,3,3,98,25,98,0.035842690616846085,0.2042301446199417,1.0,1.0,0.6003435254096985,0.597826361656189,0.002663237741217017,0.37755101919174194,0.4897959232330322,0.6549244165420532,0.7268462002277374,1.3418367346938775,131.5
va_long_beach,switzerland,3,4,99,24,99,0.035329677164554596,0.20895706117153168,1.0,1.0,0.5993459224700928,0.5962018370628357,0.0031486088410019875,0.40202019810676576,0.5171717047691345,0.6289607405662536,0.6419266521930694,1.18989898989899,117.8
va_long_beach,switzerland,3,5,99,24,99,0.03728771209716797,0.21835529804229736,1.0,1.0,0.5936639308929443,0.5906360745429993,0.0030096040572971106,0.40202019810676576,0.5151515007019043,0.6378618359565735,0.6966895401477814,1.3161616161616159,130.3
va_long_beach,cleveland,4,1,242,61,242,0.041624847799539566,0.21570418775081635,0.9999999403953552,0.9999999403953552,0.6252202987670898,0.6236777305603027,0.0024730036966502666,0.299999988079071,0.3966942012310028,0.6863027572631836,0.482905775308609,0.8822314049586776,213.5
va_long_beach,cleveland,4,2,242,61,242,0.041324909776449203,0.2009536176919937,0.9999999403953552,0.9999999403953552,0.6277572512626648,0.626754105091095,0.0021796035580337048,0.2809917271137238,0.39504130482673644,0.6900516271591186,0.4829817324876785,0.8681818181818182,210.1
va_long_beach,cleveland,4,3,242,61,242,0.04229552671313286,0.21180614829063416,0.9999999403953552,0.9999999403953552,0.6250262260437012,0.6236175298690796,0.0023549082688987255,0.29421486854553225,0.39752063155174255,0.6885765194892883,0.4834542810916901,0.8896694214876033,215.3
va_long_beach,cleveland,4,4,243,60,243,0.041499048471450806,0.20888781547546387,0.9999999403953552,0.9999999403953552,0.625335156917572,0.6243246793746948,0.002339286031201482,0.27818928360939027,0.374485582113266,0.7012531995773316,0.48641746640205386,0.8786008230452677,213.5
va_long_beach,cleveland,4,5,243,60,243,0.04114333912730217,0.19478236138820648,0.9999999403953552,0.9999999403953552,0.6265963315963745,0.6256551742553711,0.0022827275097370148,0.2913580179214478,0.3818929851055145,0.7035780429840088,0.47783659398555756,0.8609053497942387,209.2
va_long_beach,hungary,4,1,235,59,235,0.039432741701602936,0.14982162415981293,0.9999999403953552,0.9999999403953552,0.6438397169113159,0.6431208252906799,0.0025755849201232195,0.2689361572265625,0.35319146513938904,0.7034878611564637,0.47634890079498293,0.827659574468085,194.5
va_long_beach,hungary,4,2,235,59,235,0.039432354271411896,0.17873156070709229,0.9999999403953552,0.9999999403953552,0.6386752128601074,0.6371975541114807,0.002765930024906993,0.27234041690826416,0.3914893567562103,0.6787763953208923,0.4785116225481033,0.8685106382978723,204.1
va_long_beach,hungary,4,3,235,59,235,0.039939846843481064,0.17093391716480255,0.9999999403953552,0.9999999403953552,0.6414941549301147,0.6403524875640869,0.002670110436156392,0.25957446694374087,0.34893617033958435,0.703261935710907,0.4907279759645462,0.8974468085106382,210.9
va_long_beach,hungary,4,4,235,59,235,0.04102262109518051,0.19124920666217804,0.9999999403953552,0.9999999403953552,0.637316882610321,0.6361544132232666,0.0026141926646232605,0.2570212721824646,0.3617021143436432,0.6935285925865173,0.5255163133144378,0.9561702127659574,224.7
va_long_beach,hungary,4,5,236,58,236,0.04001463204622269,0.1901136338710785,1.0,1.0,0.6362633109092712,0.6351087093353271,0.0026021278463304043,0.2601694941520691,0.3703389883041382,0.6912962794303894,0.5024655193090439,0.9156779661016948,216.1
va_long_beach,switzerland,4,1,98,25,98,0.027334515005350113,0.17524407804012299,1.0,1.0,0.5986942052841187,0.5964969396591187,0.002264838432893157,0.2510204046964645,0.4877551019191742,0.6606325745582581,0.6237788617610931,1.1602040816326533,113.7
va_long_beach,switzerland,4,2,98,25,98,0.026961226016283035,0.1646447330713272,1.0,1.0,0.6038314700126648,0.6018564701080322,0.002488770056515932,0.23061224520206453,0.48571428656578064,0.6607744336128235,0.5546831250190735,1.0448979591836736,102.4
va_long_beach,switzerland,4,3,98,25,98,0.02881823293864727,0.16015279293060303,1.0,1.0,0.6092619299888611,0.6066680550575256,0.002840132685378194,0.3040816307067871,0.4918367385864258,0.6497796416282654,0.5958269715309144,1.092857142857143,107.1
va_long_beach,switzerland,4,4,99,24,99,0.028169285506010056,0.16200649738311768,1.0,1.0,0.6059895753860474,0.603100061416626,0.002944361651316285,0.2787878692150116,0.5212121129035949,0.629229998588562,0.6162898182868958,1.1424242424242423,113.1
va_long_beach,switzerland,4,5,99,24,99,0.027082977816462517,0.16316796839237213,1.0,1.0,0.6035464406013489,0.6013708114624023,0.002369128167629242,0.2727272629737854,0.5050504803657532,0.6442299962043763,0.5771435737609864,1.0838383838383838,107.3
va_long_beach,cleveland,5,1,242,61,242,0.03489355370402336,0.10767409205436707,0.9999999403953552,0.9999999403953552,0.6227515339851379,0.6221215128898621,0.002245783805847168,0.290909081697464,0.452892541885376,0.7103294968605042,0.41385040879249574,0.7359504132231404,178.1
va_long_beach,cleveland,5,2,242,61,242,0.03579898551106453,0.1043270155787468,0.9999999403953552,0.9999999403953552,0.6248008012771606,0.6245693564414978,0.0022665723226964474,0.2801652789115906,0.44628098607063293,0.7147777795791626,0.36877926588058474,0.653305785123967,158.1
va_long_beach,cleveland,5,3,242,61,242,0.03376924246549606,0.09608793258666992,0.9999999403953552,0.9999999403953552,0.624147355556488,0.6236348748207092,0.0022158492356538773,0.3049586653709412,0.461983460187912,0.7069300651550293,0.3732052206993103,0.6516528925619834,157.7
va_long_beach,cleveland,5,4,243,60,243,0.03635700047016144,0.10420211404561996,0.9999999403953552,0.9999999403953552,0.6242517828941345,0.6239226460456848,0.002306676469743252,0.30205761194229125,0.4502057611942291,0.7132479071617126,0.3619632422924042,0.6497942386831276,157.9
va_long_beach,cleveland,5,5,243,60,243,0.03462284430861473,0.09208835661411285,0.9999999403953552,0.9999999403953552,0.626212477684021,0.6260274052619934,0.0022498161997646093,0.29053497314453125,0.45679011940956116,0.7107413530349731,0.31644358932971955,0.5563786008230452,135.2
va_long_beach,hungary,5,1,235,59,235,0.037562254816293716,0.07778578996658325,0.9999999403953552,0.9999999403953552,0.6417931914329529,0.6419498324394226,0.002046653302386403,0.19659574031829835,0.38042551279067993,0.7504603147506714,0.5331425666809082,0.9051063829787236,212.7
va_long_beach,hungary,5,2,235,59,235,0.0373317189514637,0.0878358855843544,0.9999999403953552,0.9999999403953552,0.6392666101455688,0.6393287181854248,0.0020839713979512453,0.19489361047744752,0.38638296723365784,0.7440897941589355,0.49077493846416476,0.8425531914893616,198.0
va_long_beach,hungary,5,3,235,59,235,0.03791453316807747,0.08880339562892914,0.9999999403953552,0.9999999403953552,0.6404054760932922,0.6407779455184937,0.00242175767198205,0.1982978641986847,0.3668085038661957,0.7558338046073914,0.46858766078948977,0.8102127659574467,190.4
va_long_beach,hungary,5,4,235,59,235,0.03779180720448494,0.09166347235441208,0.9999999403953552,0.9999999403953552,0.6380423903465271,0.638073205947876,0.0022005075588822365,0.19148935973644257,0.38638296723365784,0.7447040677070618,0.4660384148359299,0.8008510638297872,188.2
va_long_beach,hungary,5,5,236,58,236,0.03685559332370758,0.09140706062316895,1.0,1.0,0.637823224067688,0.6378791928291321,0.0021815362852066755,0.1915254235267639,0.3872881352901459,0.7450070142745971,0.4884530812501907,0.8461864406779661,199.7
va_long_beach,switzerland,5,1,98,25,98,0.032991863787174225,0.11946707218885422,1.0,1.0,0.5993887186050415,0.597969114780426,0.00164071936160326,0.1816326469182968,0.4693877398967743,0.7205969452857971,0.8045319259166718,1.4908163265306125,146.1
va_long_beach,switzerland,5,2,98,25,98,0.03199264779686928,0.11593330651521683,1.0,1.0,0.60249924659729,0.6015521287918091,0.0015846028691157699,0.17551020085811614,0.44897958636283875,0.7358886480331421,0.7223582327365875,1.359183673469388,133.2
va_long_beach,switzerland,5,3,98,25,98,0.029304832220077515,0.11909563094377518,1.0,1.0,0.6043120622634888,0.6031033396720886,0.0016851576510816813,0.18775509893894196,0.44897958636283875,0.7285921692848205,0.7660077214241028,1.4214285714285713,139.3
va_long_beach,switzerland,5,4,99,24,99,0.031732261180877686,0.11409050226211548,1.0,1.0,0.6063076853752136,0.6052799224853516,0.0017446321435272694,0.1818181872367859,0.4343434274196625,0.7379430294036865,0.7711846172809601,1.4252525252525252,141.1
va_long_beach,switzerland,5,5,99,24,99,0.03145286813378334,0.11501163244247437,1.0,1.0,0.6032577157020569,0.6020383238792419,0.0017727998783811927,0.17979798018932341,0.44242424368858335,0.7409085512161255,0.7762847959995269,1.4484848484848487,143.4
va_long_beach,cleveland,6,1,242,61,242,0.019403444603085518,0.08734218031167984,0.9999999403953552,0.9999999403953552,0.5898007154464722,0.5914472341537476,0.0027379882521927357,0.25041321814060213,0.45041319727897644,0.7618601322174072,0.22070298194885254,0.43760330578512396,105.9
va_long_beach,cleveland,6,2,242,61,242,0.019487153738737106,0.07992357760667801,0.9999999403953552,0.9999999403953552,0.5920752882957458,0.5927748084068298,0.0020558179821819067,0.24958677291870118,0.48347105979919436,0.7304093599319458,0.2523505538702011,0.4847107438016529,117.3
va_long_beach,cleveland,6,3,242,61,242,0.02023928053677082,0.08210411667823792,0.9999999403953552,0.9999999403953552,0.5921552181243896,0.5936389565467834,0.002544155577197671,0.23801652193069459,0.44545453786849976,0.7654819130897522,0.23348855078220368,0.4508264462809917,109.1
va_long_beach,cleveland,6,4,243,60,243,0.020216085016727448,0.08029504865407944,0.9999999403953552,0.9999999403953552,0.5912618041038513,0.5920886397361755,0.00228902418166399,0.2477366179227829,0.46008229851722715,0.7559062957763671,0.2651969701051712,0.5222222222222223,126.9
va_long_beach,cleveland,6,5,243,60,243,0.019590133801102638,0.07588877528905869,0.9999999403953552,0.9999999403953552,0.5927671194076538,0.5942574739456177,0.002280900254845619,0.25514402985572815,0.45432098507881163,0.7608119368553161,0.2651032418012619,0.5098765432098765,123.9
va_long_beach,hungary,6,1,235,59,235,0.018867509439587593,0.057317450642585754,0.9999999403953552,0.9999999403953552,0.6170222759246826,0.617487370967865,0.002060129540041089,0.24255318939685822,0.4553191363811493,0.7377716422080993,0.3158492177724838,0.5791489361702128,136.1
va_long_beach,hungary,6,2,235,59,235,0.018564648926258087,0.06288538128137589,0.9999999403953552,0.9999999403953552,0.6162285208702087,0.6166216135025024,0.0021603917703032494,0.23914892971515656,0.43914892077445983,0.7483169078826905,0.3499661713838577,0.6451063829787235,151.6
va_long_beach,hungary,6,3,235,59,235,0.018390558660030365,0.06440968066453934,0.9999999403953552,0.9999999403953552,0.6159294247627258,0.6163115501403809,0.0019442749908193946,0.2612765908241272,0.43914892077445983,0.7479377865791321,0.3525832712650299,0.6480851063829787,152.3
va_long_beach,hungary,6,4,235,59,235,0.01884685643017292,0.06414099037647247,0.9999999403953552,0.9999999403953552,0.6145103573799133,0.6150625348091125,0.0023220651783049107,0.2459574371576309,0.43574467301368713,0.7502959966659546,0.3366143375635147,0.6225531914893618,146.3
va_long_beach,hungary,6,5,236,58,236,0.018802976235747337,0.06506611406803131,1.0,1.0,0.6133062243461609,0.6139124631881714,0.0022480569314211607,0.251694917678833,0.44576271176338195,0.745700454711914,0.30073913037776945,0.5716101694915254,134.9
va_long_beach,switzerland,6,1,98,25,98,0.015758778899908066,0.09815210103988647,1.0,1.0,0.5847311615943909,0.5835791826248169,0.0014482846017926931,0.2265306144952774,0.43877550959587097,0.7778211236000061,0.6035453259944916,1.2112244897959183,118.7
va_long_beach,switzerland,6,2,98,25,98,0.015212484635412693,0.10180038958787918,1.0,1.0,0.585694432258606,0.584674596786499,0.0014458238147199154,0.23877550959587096,0.4530612170696259,0.760784900188446,0.5853937268257141,1.1744897959183673,115.1
va_long_beach,switzerland,6,3,98,25,98,0.014890789985656738,0.09492207318544388,1.0,1.0,0.5881670117378235,0.5874966382980347,0.0013278607511892915,0.19387754499912263,0.43469387888908384,0.781096589565277,0.6011209905147552,1.1908163265306124,116.7
va_long_beach,switzerland,6,4,99,24,99,0.015295328572392464,0.07486257702112198,1.0,1.0,0.5927754640579224,0.5921534299850464,0.0013520639622583985,0.226262629032135,0.4444444477558136,0.7665740251541138,0.5706237137317658,1.0818181818181818,107.1
va_long_beach,switzerland,6,5,99,24,99,0.015115504153072834,0.08634427934885025,1.0,1.0,0.5894796848297119,0.5891497731208801,0.0013533667661249638,0.18585858643054962,0.4343434274196625,0.7804127216339112,0.569456821680069,1.105050505050505,109.4
va_long_beach,cleveland,7,1,242,61,242,0.023045511916279793,0.13719776272773743,0.9999999403953552,0.9999999403953552,0.6040751338005066,0.6042536497116089,0.0020664609037339687,0.1694214791059494,0.3933884143829346,0.7821964740753173,0.3909117728471756,0.7739669421487604,187.3
va_long_beach,cleveland,7,2,242,61,242,0.02297532930970192,0.12905918061733246,0.9999999403953552,0.9999999403953552,0.606165885925293,0.6066282391548157,0.0022087881807237864,0.1611570119857788,0.3884297311306,0.7850216627120972,0.3747906893491745,0.7347107438016528,177.8
va_long_beach,cleveland,7,3,242,61,242,0.021988971158862114,0.13032479584217072,0.9999999403953552,0.9999999403953552,0.6055970788002014,0.6057718992233276,0.0021578725427389145,0.1900826394557953,0.39752063155174255,0.778934383392334,0.38765145242214205,0.7747933884297521,187.5
va_long_beach,cleveland,7,4,243,60,243,0.022394167259335518,0.13048891723155975,0.9999999403953552,0.9999999403953552,0.6051228642463684,0.6052675843238831,0.0021963221952319145,0.14897119104862214,0.38518516421318055,0.7887680649757385,0.4040923923254013,0.7905349794238684,192.1
va_long_beach,cleveland,7,5,243,60,243,0.022333338856697083,0.12552492320537567,0.9999999403953552,0.9999999403953552,0.6062922477722168,0.6066447496414185,0.0020392094738781452,0.17366255223751068,0.39423868060112,0.7829460501670837,0.4195802569389343,0.8020576131687243,194.9
va_long_beach,hungary,7,1,235,59,235,0.020054170861840248,0.10069302469491959,0.9999999403953552,0.9999999403953552,0.6279382109642029,0.6282320022583008,0.0020958478562533855,0.16510637402534484,0.3617021143436432,0.7737836480140686,0.46354025304317475,0.8391489361702128,197.2
va_long_beach,hungary,7,2,235,59,235,0.020514361560344696,0.12192836403846741,0.9999999403953552,0.9999999403953552,0.6237449645996094,0.623710036277771,0.002125384984537959,0.16765956878662108,0.3761702001094818,0.762208616733551,0.46768034994602203,0.8787234042553191,206.5
va_long_beach,hungary,7,3,235,59,235,0.02001071535050869,0.11598893254995346,0.9999999403953552,0.9999999403953552,0.6255772709846497,0.6257248520851135,0.001987524563446641,0.1378723382949829,0.3446808457374573,0.787630820274353,0.4612933784723282,0.8587234042553191,201.8
va_long_beach,hungary,7,4,235,59,235,0.021470269188284874,0.12956225872039795,0.9999999403953552,0.9999999403953552,0.6233890652656555,0.6235666871070862,0.0022317692637443542,0.13021275997161866,0.34382978081703186,0.7823017477989197,0.45199349522590637,0.8531914893617021,200.5
va_long_beach,hungary,7,5,236,58,236,0.021020274609327316,0.12228461354970932,1.0,1.0,0.6224918961524963,0.6227508783340454,0.0020251814275979996,0.148305082321167,0.3440678060054779,0.7904353380203247,0.46690019965171814,0.8860169491525424,209.1
va_long_beach,switzerland,7,1,98,25,98,0.02233637496829033,0.12186791002750397,1.0,1.0,0.5842448472976685,0.5837888121604919,0.0012565400684252381,0.22653060853481294,0.4285714328289032,0.7883790612220765,0.6274475276470184,1.2418367346938775,121.7
va_long_beach,switzerland,7,2,98,25,98,0.02295551262795925,0.11215795576572418,1.0,1.0,0.5886299014091492,0.5882329344749451,0.0013521806104108691,0.2122448980808258,0.40816324949264526,0.8056656956672669,0.587253338098526,1.1479591836734695,112.5
va_long_beach,switzerland,7,3,98,25,98,0.021606257185339928,0.10810980200767517,1.0,1.0,0.592258095741272,0.5916411876678467,0.001409437507390976,0.20408163070678711,0.43469387888908384,0.772664475440979,0.6036745786666871,1.1918367346938774,116.8
va_long_beach,switzerland,7,4,99,24,99,0.02237851731479168,0.11485130339860916,1.0,1.0,0.59150230884552,0.5911980271339417,0.0015228926204144955,0.19797979593276976,0.4363636374473572,0.7723971009254456,0.5237454503774643,1.0414141414141416,103.1
va_long_beach,switzerland,7,5,99,24,99,0.021569136530160904,0.11751730740070343,1.0,1.0,0.5865278244018555,0.5859145522117615,0.0014183851890265942,0.2181818187236786,0.4262626349925995,0.7875914573669434,0.6067814409732819,1.206060606060606,119.4
va_long_beach,cleveland,8,1,242,61,242,0.024264615029096603,0.17879027128219604,0.9999999403953552,0.9999999403953552,0.6013351082801819,0.600532054901123,0.0021702784579247236,0.184297513961792,0.45454543828964233,0.7106173872947693,0.48363868296146395,0.9392561983471074,227.3
va_long_beach,cleveland,8,2,242,61,242,0.02359861694276333,0.17342688143253326,0.9999999403953552,0.9999999403953552,0.6024912595748901,0.6016936898231506,0.002077789744362235,0.18016527891159057,0.47603303790092466,0.6932914733886719,0.4517204791307449,0.8574380165289256,207.5
va_long_beach,cleveland,8,3,242,61,242,0.024597235023975372,0.18239380419254303,0.9999999403953552,0.9999999403953552,0.6023480892181396,0.6014963984489441,0.0021632276475429535,0.18016527891159057,0.475206583738327,0.6894334435462952,0.46302855014801025,0.8880165289256199,214.9
va_long_beach,cleveland,8,4,243,60,243,0.023516390472650528,0.17825396358966827,0.9999999403953552,0.9999999403953552,0.6018110513687134,0.6010381579399109,0.0021010139025747776,0.19423868060111998,0.4650205671787262,0.7008958578109741,0.49041341841220853,0.9526748971193417,231.5
va_long_beach,cleveland,8,5,243,60,243,0.023880118504166603,0.17264877259731293,0.9999999403953552,0.9999999403953552,0.6026841998100281,0.6019167900085449,0.002090491121634841,0.1917695462703705,0.4724279701709747,0.6962009787559509,0.4435726314783096,0.8724279835390947,212.0
va_long_beach,hungary,8,1,235,59,235,0.01773872785270214,0.1490703970193863,0.9999999403953552,0.9999999403953552,0.6097296476364136,0.6089779734611511,0.0021522880997508764,0.18468084633350373,0.42978721857070923,0.7241138100624085,0.5578502178192138,1.0804255319148937,253.9
va_long_beach,hungary,8,2,235,59,235,0.01744433492422104,0.17020152509212494,0.9999999403953552,0.9999999403953552,0.6049678921699524,0.6039032340049744,0.002349059795960784,0.20085106194019317,0.44680848717689514,0.709931480884552,0.5555947303771973,1.1080851063829789,260.4
va_long_beach,hungary,8,3,235,59,235,0.017474664375185966,0.16510286927223206,0.9999999403953552,0.9999999403953552,0.6073165535926819,0.6067894697189331,0.0023572403006255627,0.1855319082736969,0.427234023809433,0.7270195007324218,0.5218365848064422,1.0272340425531914,241.4
va_long_beach,hungary,8,4,235,59,235,0.018287241458892822,0.1775841861963272,0.9999999403953552,0.9999999403953552,0.6042565107345581,0.603289008140564,0.002345234388485551,0.1685106337070465,0.4340425431728363,0.7203965544700622,0.5578142523765564,1.1170212765957446,262.5
va_long_beach,hungary,8,5,236,58,236,0.01823599450290203,0.17897967994213104,1.0,1.0,0.6032265424728394,0.6022752523422241,0.0023155533708631992,0.21610169112682343,0.4661017060279846,0.6942341446876525,0.47315122187137604,0.9622881355932202,227.1
va_long_beach,switzerland,8,1,98,25,98,0.02407113090157509,0.18581914901733398,1.0,1.0,0.5500848889350891,0.5477069616317749,0.0021431068889796734,0.16326530277729034,0.5,0.7274273037910461,0.7471498966217041,1.698979591836735,166.5
va_long_beach,switzerland,8,2,98,25,98,0.02452622540295124,0.18455681204795837,1.0,1.0,0.5548022985458374,0.5530552864074707,0.0018657682230696082,0.17346937954425812,0.47142855525016786,0.7537776470184326,0.7245367050170899,1.6173469387755106,158.5
va_long_beach,switzerland,8,3,98,25,98,0.0233627762645483,0.1599714756011963,1.0,1.0,0.5604998469352722,0.5586987733840942,0.0016812006942927837,0.17755101919174193,0.46326529383659365,0.7664673924446106,0.7883081793785095,1.733673469387755,169.9
va_long_beach,switzerland,8,4,99,24,99,0.022852232679724693,0.1755964756011963,1.0,1.0,0.5584072470664978,0.5564838647842407,0.0019089970737695694,0.16565656363964082,0.4767676830291748,0.7459081768989563,0.8173879861831665,1.8474747474747477,182.9
va_long_beach,switzerland,8,5,99,24,99,0.02385123074054718,0.1786244958639145,1.0,1.0,0.5541797280311584,0.5521763563156128,0.0019063822692260146,0.16161616146564484,0.47272727489471433,0.755238163471222,0.8315765678882598,1.8505050505050504,183.2
va_long_beach,cleveland,9,1,242,61,242,0.03384222090244293,0.21715998649597168,0.9999999403953552,0.9999999403953552,0.6009421348571777,0.6002944707870483,0.002035169629380107,0.20826445519924164,0.4619834542274475,0.6849959969520569,0.4100728064775467,0.8033057851239669,194.4
va_long_beach,cleveland,9,2,242,61,242,0.034467339515686035,0.21008102595806122,0.9999999403953552,0.9999999403953552,0.6024311184883118,0.6012876033782959,0.0020263930782675743,0.22396693527698516,0.4801652729511261,0.6692059159278869,0.4244205683469772,0.8223140495867769,199.0
va_long_beach,cleveland,9,3,242,61,242,0.034440528601408005,0.21359995007514954,0.9999999403953552,0.9999999403953552,0.6012817621231079,0.6003498435020447,0.0019243452697992325,0.20578511357307433,0.4628099024295807,0.683981966972351,0.4245127409696579,0.8223140495867769,199.0
va_long_beach,cleveland,9,4,243,60,243,0.0328170582652092,0.2058277279138565,0.9999999403953552,0.9999999403953552,0.6010547280311584,0.6002386808395386,0.002042891923338175,0.21728394329547882,0.45925924777984617,0.6902231931686401,0.44721814393997195,0.8781893004115228,213.4
va_long_beach,cleveland,9,5,243,60,243,0.033233996480703354,0.1924181431531906,0.9999999403953552,0.9999999403953552,0.6020529270172119,0.6011976599693298,0.0018401999259367585,0.20987653732299805,0.4658436119556427,0.6905685544013977,0.41367036700248716,0.8131687242798353,197.6
va_long_beach,hungary,9,1,235,59,235,0.03238988295197487,0.1662064492702484,0.9999999403953552,0.9999999403953552,0.6172994375228882,0.6167671084403992,0.0021941829472780228,0.22723403573036194,0.4365957319736481,0.6922120571136474,0.5151742815971374,0.925531914893617,217.5
va_long_beach,hungary,9,2,235,59,235,0.034597307443618774,0.19469235837459564,0.9999999403953552,0.9999999403953552,0.6148900985717773,0.6144490838050842,0.002485522534698248,0.22893616259098054,0.4331914782524109,0.6910300850868225,0.5063612073659897,0.9570212765957447,224.9
va_long_beach,hungary,9,3,235,59,235,0.03365277126431465,0.192400261759758,0.9999999403953552,0.9999999403953552,0.6156591176986694,0.6150376200675964,0.002236613305285573,0.21787233054637908,0.44851061701774597,0.6835913538932801,0.478839123249054,0.9076595744680851,213.3
va_long_beach,hungary,9,4,235,59,235,0.033086683601140976,0.202092707157135,0.9999999403953552,0.9999999403953552,0.6124765872955322,0.612030565738678,0.002430834574624896,0.22127658724784852,0.4289361536502838,0.6939539313316345,0.5132262945175171,0.9553191489361701,224.5
va_long_beach,hungary,9,5,236,58,236,0.03318070247769356,0.19932778179645538,1.0,1.0,0.6108500361442566,0.6110920310020447,0.0026564341969788074,0.20932203233242036,0.42372881174087523,0.7056672215461731,0.4800146758556366,0.9076271186440679,214.2
va_long_beach,switzerland,9,1,98,25,98,0.03915398195385933,0.19837631285190582,1.0,1.0,0.5736504793167114,0.5730910897254944,0.0018432504730299115,0.28775508999824523,0.46530610918998716,0.7284289002418518,0.5805223703384399,1.1877551020408164,116.4
va_long_beach,switzerland,9,2,98,25,98,0.039929039776325226,0.19436374306678772,1.0,1.0,0.5767949819564819,0.5758989453315735,0.0020130672492086887,0.27959182262420657,0.4673469245433807,0.7203349232673645,0.5890909612178803,1.2285714285714284,120.4
va_long_beach,switzerland,9,3,98,25,98,0.03760626167058945,0.18450118601322174,1.0,1.0,0.5833978056907654,0.5810714364051819,0.002346661640331149,0.3183673441410065,0.5102040767669678,0.6759499669075012,0.6050672352313995,1.2387755102040816,121.4
va_long_beach,switzerland,9,4,99,24,99,0.04150795191526413,0.17758232355117798,1.0,1.0,0.581673800945282,0.5800204873085022,0.002195894718170166,0.30909091234207153,0.5050504803657532,0.6867698907852173,0.5979045569896698,1.2121212121212122,120.0
va_long_beach,switzerland,9,5,99,24,99,0.03982175514101982,0.19146943092346191,1.0,1.0,0.5782831311225891,0.5764888525009155,0.001921649556607008,0.31919191479682923,0.4929292917251587,0.6964714407920838,0.7324920713901519,1.4676767676767675,145.3
