seed,target,variant,fold,reliability_mode,selected_per_class,selected_n,teacher_positive_rate,mean_selected_confidence,class_support_score,missingness_rate,missingness_factor,reliability_score,adaptation_skipped,entropy_before,entropy_after,positive_rate_before,positive_rate_after,teacher_drift
0,hungary,candidate_full,1,full,47,94,0.3659574468085106,0.9230107069015503,0.7319148936170212,0.0005319148936170213,0.999468085106383,0.6752059401133956,False,0.4181784689426422,0.4163960814476013,0.3659574468085106,0.3617021276595745,0.0036935904063284397
0,hungary,candidate_full,2,full,47,94,0.39574468085106385,0.9312041997909546,0.7914893617021277,0.002127659574468085,0.997872340425532,0.7354700512862303,False,0.40543925762176514,0.4037681221961975,0.39574468085106385,0.39148936170212767,0.0030082836747169495
0,hungary,candidate_full,3,full,47,94,0.3659574468085106,0.9291489124298096,0.7319148936170212,0.002127659574468085,0.997872340425532,0.6786109956350193,False,0.40734922885894775,0.4058968424797058,0.3659574468085106,0.3574468085106383,0.0029050654266029596
0,hungary,candidate_full,4,full,47,94,0.37872340425531914,0.9295483827590942,0.7574468085106383,0.001595744680851064,0.9984042553191489,0.70295991844751,False,0.4128437340259552,0.41040411591529846,0.37872340425531914,0.3659574468085106,0.004111859947443008
0,hungary,candidate_full,5,full,47,94,0.3983050847457627,0.9308176040649414,0.7966101694915254,0.00211864406779661,0.9978813559322034,0.7399277973709282,False,0.4150664210319519,0.41347333788871765,0.3983050847457627,0.3898305084745763,0.003738848026841879
0,hungary,candidate_no_entropy,1,full,47,94,0.3659574468085106,0.9230107069015503,0.7319148936170212,0.0005319148936170213,0.999468085106383,0.6752059401133956,False,0.4181784689426422,0.4191651940345764,0.3659574468085106,0.3617021276595745,0.0025614218320697546
0,hungary,candidate_no_entropy,2,full,47,94,0.39574468085106385,0.9312041997909546,0.7914893617021277,0.002127659574468085,0.997872340425532,0.7354700512862303,False,0.40543925762176514,0.40648019313812256,0.39574468085106385,0.39148936170212767,0.002185836201533675
0,hungary,candidate_no_entropy,3,full,47,94,0.3659574468085106,0.9291489124298096,0.7319148936170212,0.002127659574468085,0.997872340425532,0.6786109956350193,False,0.40734922885894775,0.40850985050201416,0.3659574468085106,0.3617021276595745,0.002032211981713772
0,hungary,candidate_no_entropy,4,full,47,94,0.37872340425531914,0.9295483827590942,0.7574468085106383,0.001595744680851064,0.9984042553191489,0.70295991844751,False,0.4128437340259552,0.4131857454776764,0.37872340425531914,0.3702127659574468,0.0028846468776464462
0,hungary,candidate_no_entropy,5,full,47,94,0.3983050847457627,0.9308176040649414,0.7966101694915254,0.00211864406779661,0.9978813559322034,0.7399277973709282,False,0.4150664210319519,0.41600292921066284,0.3983050847457627,0.3940677966101695,0.0026863079983741045
0,hungary,candidate_no_anchor,1,full,47,94,0.3659574468085106,0.9230107069015503,0.7319148936170212,0.0005319148936170213,0.999468085106383,0.6752059401133956,False,0.4181784689426422,0.40870401263237,0.3659574468085106,0.35319148936170214,0.0070203738287091255
0,hungary,candidate_no_anchor,2,full,47,94,0.39574468085106385,0.9312041997909546,0.7914893617021277,0.002127659574468085,0.997872340425532,0.7354700512862303,False,0.40543925762176514,0.3962738811969757,0.39574468085106385,0.39148936170212767,0.006149838212877512
0,hungary,candidate_no_anchor,3,full,47,94,0.3659574468085106,0.9291489124298096,0.7319148936170212,0.002127659574468085,0.997872340425532,0.6786109956350193,False,0.40734922885894775,0.3981500566005707,0.3659574468085106,0.35319148936170214,0.006709184031933546
0,hungary,candidate_no_anchor,4,full,47,94,0.37872340425531914,0.9295483827590942,0.7574468085106383,0.001595744680851064,0.9984042553191489,0.70295991844751,False,0.4128437340259552,0.40333127975463867,0.37872340425531914,0.3617021276595745,0.007119599264115095
0,hungary,candidate_no_anchor,5,full,47,94,0.3983050847457627,0.9308176040649414,0.7966101694915254,0.00211864406779661,0.9978813559322034,0.7399277973709282,False,0.4150664210319519,0.40621405839920044,0.3983050847457627,0.3855932203389831,0.00647268071770668
0,hungary,candidate_no_prior,1,full,47,94,0.3659574468085106,0.9230107069015503,0.7319148936170212,0.0005319148936170213,0.999468085106383,0.6752059401133956,False,0.4181784689426422,0.4165625274181366,0.3659574468085106,0.3617021276595745,0.0033985634800046682
0,hungary,candidate_no_prior,2,full,47,94,0.39574468085106385,0.9312041997909546,0.7914893617021277,0.002127659574468085,0.997872340425532,0.7354700512862303,False,0.40543925762176514,0.40383684635162354,0.39574468085106385,0.39148936170212767,0.002845381386578083
0,hungary,candidate_no_prior,3,full,47,94,0.3659574468085106,0.9291489124298096,0.7319148936170212,0.002127659574468085,0.997872340425532,0.6786109956350193,False,0.40734922885894775,0.40602120757102966,0.3659574468085106,0.3574468085106383,0.002683328464627266
0,hungary,candidate_no_prior,4,full,47,94,0.37872340425531914,0.9295483827590942,0.7574468085106383,0.001595744680851064,0.9984042553191489,0.70295991844751,False,0.4128437340259552,0.41055548191070557,0.37872340425531914,0.3659574468085106,0.0038375966250896454
0,hungary,candidate_no_prior,5,full,47,94,0.3983050847457627,0.9308176040649414,0.7966101694915254,0.00211864406779661,0.9978813559322034,0.7399277973709282,False,0.4150664210319519,0.41358429193496704,0.3983050847457627,0.3898305084745763,0.003502902342006564
0,hungary,unit_reliability,1,unit,47,94,0.3659574468085106,0.9230107069015503,0.7319148936170212,0.0005319148936170213,0.999468085106383,1.0,False,0.4181784689426422,0.415109246969223,0.3659574468085106,0.3574468085106383,0.0042520868591964245
0,hungary,unit_reliability,2,unit,47,94,0.39574468085106385,0.9312041997909546,0.7914893617021277,0.002127659574468085,0.997872340425532,1.0,False,0.40543925762176514,0.40283095836639404,0.39574468085106385,0.39148936170212767,0.0033522294834256172
0,hungary,unit_reliability,3,unit,47,94,0.3659574468085106,0.9291489124298096,0.7319148936170212,0.002127659574468085,0.997872340425532,1.0,False,0.40734922885894775,0.40467917919158936,0.3659574468085106,0.3574468085106383,0.0034458653535693884
0,hungary,unit_reliability,4,unit,47,94,0.37872340425531914,0.9295483827590942,0.7574468085106383,0.001595744680851064,0.9984042553191489,1.0,False,0.4128437340259552,0.40929579734802246,0.37872340425531914,0.3659574468085106,0.004597632214426994
0,hungary,unit_reliability,5,unit,47,94,0.3983050847457627,0.9308176040649414,0.7966101694915254,0.00211864406779661,0.9978813559322034,1.0,False,0.4150664210319519,0.41261643171310425,0.3983050847457627,0.3855932203389831,0.00408001197502017
0,hungary,no_missingness_factor,1,no_missingness,47,94,0.3659574468085106,0.9230107069015503,0.7319148936170212,0.0005319148936170213,0.999468085106383,0.6755652833492197,False,0.4181784689426422,0.4163946807384491,0.3659574468085106,0.3617021276595745,0.0036942590959370136
0,hungary,no_missingness_factor,2,no_missingness,47,94,0.39574468085106385,0.9312041997909546,0.7914893617021277,0.002127659574468085,0.997872340425532,0.7370382177068833,False,0.40543925762176514,0.40376028418540955,0.39574468085106385,0.39148936170212767,0.0030094613321125507
0,hungary,no_missingness_factor,3,no_missingness,47,94,0.3659574468085106,0.9291489124298096,0.7319148936170212,0.002127659574468085,0.997872340425532,0.680057927395435,False,0.40734922885894775,0.40589138865470886,0.3659574468085106,0.3574468085106383,0.002907564863562584
0,hungary,no_missingness_factor,4,no_missingness,47,94,0.37872340425531914,0.9295483827590942,0.7574468085106383,0.001595744680851064,0.9984042553191489,0.7040834558771012,False,0.4128437340259552,0.4103999137878418,0.37872340425531914,0.3659574468085106,0.004113796167075634
0,hungary,no_missingness_factor,5,no_missingness,47,94,0.3983050847457627,0.9308176040649414,0.7966101694915254,0.00211864406779661,0.9978813559322034,0.7414987693398686,False,0.4150664210319519,0.4134681224822998,0.3983050847457627,0.3898305084745763,0.003741044085472822
0,hungary,no_class_support_factor,1,no_class_support,47,94,0.3659574468085106,0.9230107069015503,0.7319148936170212,0.0005319148936170213,0.999468085106383,0.9225197437595813,False,0.4181784689426422,0.4154055416584015,0.3659574468085106,0.3617021276595745,0.004125995561480522
0,hungary,no_class_support_factor,2,no_class_support,47,94,0.39574468085106385,0.9312041997909546,0.7914893617021277,0.002127659574468085,0.997872340425532,0.9292229142594846,False,0.40543925762176514,0.4030752182006836,0.39574468085106385,0.39148936170212767,0.00326133263297379
0,hungary,no_class_support_factor,3,no_class_support,47,94,0.3659574468085106,0.9291489124298096,0.7319148936170212,0.002127659574468085,0.997872340425532,0.9271719998501717,False,0.40734922885894775,0.4049467146396637,0.3659574468085106,0.3574468085106383,0.00332809379324317
0,hungary,no_class_support_factor,4,no_class_support,47,94,0.37872340425531914,0.9295483827590942,0.7574468085106383,0.001595744680851064,0.9984042553191489,0.9280650608717127,False,0.4128437340259552,0.40955692529678345,0.37872340425531914,0.3659574468085106,0.004487784579396248
0,hungary,no_class_support_factor,5,no_class_support,47,94,0.3983050847457627,0.9308176040649414,0.7966101694915254,0.00211864406779661,0.9978813559322034,0.9288455328698886,False,0.4150664210319519,0.41284501552581787,0.3983050847457627,0.3855932203389831,0.00398933794349432
0,hungary,no_confidence_factor,1,no_confidence,47,94,0.3659574468085106,0.9230107069015503,0.7319148936170212,0.0005319148936170213,0.999468085106383,0.7315255771842462,False,0.4181784689426422,0.4161677062511444,0.3659574468085106,0.3617021276595745,0.0037940857000648975
0,hungary,no_confidence_factor,2,no_confidence,47,94,0.39574468085106385,0.9312041997909546,0.7914893617021277,0.002127659574468085,0.997872340425532,0.7898053417836126,False,0.40543925762176514,0.40357303619384766,0.39574468085106385,0.39148936170212767,0.0030801540706306696
0,hungary,no_confidence_factor,3,no_confidence,47,94,0.3659574468085106,0.9291489124298096,0.7319148936170212,0.002127659574468085,0.997872340425532,0.7303576278859212,False,0.40734922885894775,0.40569424629211426,0.3659574468085106,0.3574468085106383,0.0029966416768729687
0,hungary,no_confidence_factor,4,no_confidence,47,94,0.37872340425531914,0.9295483827590942,0.7574468085106383,0.001595744680851064,0.9984042553191489,0.7562381167949298,False,0.4128437340259552,0.4102012515068054,0.37872340425531914,0.3659574468085106,0.004204763099551201
0,hungary,no_confidence_factor,5,no_confidence,47,94,0.3983050847457627,0.9308176040649414,0.7966101694915254,0.00211864406779661,0.9978813559322034,0.7949224360815857,False,0.4150664210319519,0.41328495740890503,0.3983050847457627,0.3855932203389831,0.003814911935478449
0,switzerland,candidate_full,1,full,20,40,0.7857142857142857,0.8478876948356628,0.4285714285714286,0.012755102040816325,0.9872448979591837,0.3587454860438064,False,0.4402715265750885,0.43895965814590454,0.7857142857142857,0.7857142857142857,0.003468893701210618
0,switzerland,candidate_full,2,full,20,40,0.7653061224489796,0.845715343952179,0.4693877551020409,0.007653061224489795,0.9923469387755102,0.39393040307893307,False,0.4500875771045685,0.4497353434562683,0.7653061224489796,0.7653061224489796,0.001111565507017076
0,switzerland,candidate_full,3,full,20,40,0.7653061224489796,0.837457537651062,0.4693877551020409,0.011479591836734693,0.9885204081632653,0.38857977427712886,False,0.47245103120803833,0.4727308452129364,0.7653061224489796,0.7653061224489796,0.00182020862121135
0,switzerland,candidate_full,4,full,20,40,0.7474747474747475,0.8520897030830383,0.505050505050505,0.01388888888888889,0.9861111111111112,0.4243712746836119,False,0.4564271867275238,0.45597153902053833,0.7474747474747475,0.7474747474747475,0.0018859910778701305
0,switzerland,candidate_full,5,full,20,40,0.7575757575757576,0.8556110262870789,0.48484848484848486,0.0101010101010101,0.98989898989899,0.41065138941479634,False,0.4380033016204834,0.4371366798877716,0.7575757575757576,0.7575757575757576,0.0033305541146546602
0,switzerland,candidate_no_entropy,1,full,20,40,0.7857142857142857,0.8478876948356628,0.4285714285714286,0.012755102040816325,0.9872448979591837,0.3587454860438064,False,0.4402715265750885,0.4400586187839508,0.7857142857142857,0.7857142857142857,0.0029114685021340847
0,switzerland,candidate_no_entropy,2,full,20,40,0.7653061224489796,0.845715343952179,0.4693877551020409,0.007653061224489795,0.9923469387755102,0.39393040307893307,False,0.4500875771045685,0.450852632522583,0.7653061224489796,0.7653061224489796,0.0010523678502067924
0,switzerland,candidate_no_entropy,3,full,20,40,0.7653061224489796,0.837457537651062,0.4693877551020409,0.011479591836734693,0.9885204081632653,0.38857977427712886,False,0.47245103120803833,0.47366827726364136,0.7653061224489796,0.7653061224489796,0.00161636876873672
0,switzerland,candidate_no_entropy,4,full,20,40,0.7474747474747475,0.8520897030830383,0.505050505050505,0.01388888888888889,0.9861111111111112,0.4243712746836119,False,0.4564271867275238,0.4570102393627167,0.7474747474747475,0.7474747474747475,0.0015306203858926892
0,switzerland,candidate_no_entropy,5,full,20,40,0.7575757575757576,0.8556110262870789,0.48484848484848486,0.0101010101010101,0.98989898989899,0.41065138941479634,False,0.4380033016204834,0.4382847547531128,0.7575757575757576,0.7575757575757576,0.002801318420097232
0,switzerland,candidate_no_anchor,1,full,20,40,0.7857142857142857,0.8478876948356628,0.4285714285714286,0.012755102040816325,0.9872448979591837,0.3587454860438064,False,0.4402715265750885,0.432222455739975,0.7857142857142857,0.7857142857142857,0.00877644494175911
0,switzerland,candidate_no_anchor,2,full,20,40,0.7653061224489796,0.845715343952179,0.4693877551020409,0.007653061224489795,0.9923469387755102,0.39393040307893307,False,0.4500875771045685,0.44178640842437744,0.7653061224489796,0.7653061224489796,0.007140145171433687
0,switzerland,candidate_no_anchor,3,full,20,40,0.7653061224489796,0.837457537651062,0.4693877551020409,0.011479591836734693,0.9885204081632653,0.38857977427712886,False,0.47245103120803833,0.4647460877895355,0.7653061224489796,0.7653061224489796,0.008373782970011234
0,switzerland,candidate_no_anchor,4,full,20,40,0.7474747474747475,0.8520897030830383,0.505050505050505,0.01388888888888889,0.9861111111111112,0.4243712746836119,False,0.4564271867275238,0.44916385412216187,0.7474747474747475,0.7474747474747475,0.007944924756884575
0,switzerland,candidate_no_anchor,5,full,20,40,0.7575757575757576,0.8556110262870789,0.48484848484848486,0.0101010101010101,0.98989898989899,0.41065138941479634,False,0.4380033016204834,0.4300781786441803,0.7575757575757576,0.7575757575757576,0.007956678047776222
0,switzerland,candidate_no_prior,1,full,20,40,0.7857142857142857,0.8478876948356628,0.4285714285714286,0.012755102040816325,0.9872448979591837,0.3587454860438064,False,0.4402715265750885,0.43933647871017456,0.7857142857142857,0.7857142857142857,0.003041018731892109
0,switzerland,candidate_no_prior,2,full,20,40,0.7653061224489796,0.845715343952179,0.4693877551020409,0.007653061224489795,0.9923469387755102,0.39393040307893307,False,0.4500875771045685,0.4499668478965759,0.7653061224489796,0.7653061224489796,0.001094966777600348
0,switzerland,candidate_no_prior,3,full,20,40,0.7653061224489796,0.837457537651062,0.4693877551020409,0.011479591836734693,0.9885204081632653,0.38857977427712886,False,0.47245103120803833,0.473007470369339,0.7653061224489796,0.7653061224489796,0.0015590772964060307
0,switzerland,candidate_no_prior,4,full,20,40,0.7474747474747475,0.8520897030830383,0.505050505050505,0.01388888888888889,0.9861111111111112,0.4243712746836119,False,0.4564271867275238,0.45624303817749023,0.7474747474747475,0.7474747474747475,0.001550929737277329
0,switzerland,candidate_no_prior,5,full,20,40,0.7575757575757576,0.8556110262870789,0.48484848484848486,0.0101010101010101,0.98989898989899,0.41065138941479634,False,0.4380033016204834,0.43744799494743347,0.7575757575757576,0.7575757575757576,0.0029098661616444588
0,switzerland,unit_reliability,1,unit,20,40,0.7857142857142857,0.8478876948356628,0.4285714285714286,0.012755102040816325,0.9872448979591837,1.0,False,0.4402715265750885,0.4371466040611267,0.7857142857142857,0.7857142857142857,0.004769349470734596
0,switzerland,unit_reliability,2,unit,20,40,0.7653061224489796,0.845715343952179,0.4693877551020409,0.007653061224489795,0.9923469387755102,1.0,False,0.4500875771045685,0.4480311870574951,0.7653061224489796,0.7653061224489796,0.0019597343634814024
0,switzerland,unit_reliability,3,unit,20,40,0.7653061224489796,0.837457537651062,0.4693877551020409,0.011479591836734693,0.9885204081632653,1.0,False,0.47245103120803833,0.4711728096008301,0.7653061224489796,0.7653061224489796,0.0026066661812365055
0,switzerland,unit_reliability,4,unit,20,40,0.7474747474747475,0.8520897030830383,0.505050505050505,0.01388888888888889,0.9861111111111112,1.0,False,0.4564271867275238,0.4545832574367523,0.7474747474747475,0.7474747474747475,0.002797473920509219
0,switzerland,unit_reliability,5,unit,20,40,0.7575757575757576,0.8556110262870789,0.48484848484848486,0.0101010101010101,0.98989898989899,1.0,False,0.4380033016204834,0.4355316460132599,0.7575757575757576,0.7575757575757576,0.0043859719298779964
0,switzerland,no_missingness_factor,1,no_missingness,20,40,0.7857142857142857,0.8478876948356628,0.4285714285714286,0.012755102040816325,0.9872448979591837,0.36338044064385555,False,0.4402715265750885,0.4389457702636719,0.7857142857142857,0.7857142857142857,0.003478526370599866
0,switzerland,no_missingness_factor,2,no_missingness,20,40,0.7653061224489796,0.845715343952179,0.4693877551020409,0.007653061224489795,0.9923469387755102,0.39696842675306365,False,0.4500875771045685,0.44972676038742065,0.7653061224489796,0.7653061224489796,0.001113521633669734
0,switzerland,no_missingness_factor,3,no_missingness,20,40,0.7653061224489796,0.837457537651062,0.4693877551020409,0.011479591836734693,0.9885204081632653,0.3930923135913149,False,0.47245103120803833,0.4727199375629425,0.7653061224489796,0.7653061224489796,0.0018239228520542383
0,switzerland,no_missingness_factor,4,no_missingness,20,40,0.7474747474747475,0.8520897030830383,0.505050505050505,0.01388888888888889,0.9861111111111112,0.43034833489042335,False,0.4564271867275238,0.45595720410346985,0.7474747474747475,0.7474747474747475,0.0018940115114673972
0,switzerland,no_missingness_factor,5,no_missingness,20,40,0.7575757575757576,0.8556110262870789,0.48484848484848486,0.0101010101010101,0.98989898989899,0.4148417097149473,False,0.4380033016204834,0.43712541460990906,0.7575757575757576,0.7575757575757576,0.003337567439302802
0,switzerland,no_class_support_factor,1,no_class_support,20,40,0.7857142857142857,0.8478876948356628,0.4285714285714286,0.012755102040816325,0.9872448979591837,0.8370728007688815,False,0.4402715265750885,0.43757569789886475,0.7857142857142857,0.7857142857142857,0.004460697993636131
0,switzerland,no_class_support_factor,2,no_class_support,20,40,0.7653061224489796,0.845715343952179,0.4693877551020409,0.007653061224489795,0.9923469387755102,0.8392430326464224,False,0.4500875771045685,0.4484674036502838,0.7653061224489796,0.7653061224489796,0.0016781146405264735
0,switzerland,no_class_support_factor,3,no_class_support,20,40,0.7653061224489796,0.837457537651062,0.4693877551020409,0.011479591836734693,0.9885204081632653,0.8278438669382309,False,0.47245103120803833,0.47161683440208435,0.7653061224489796,0.7653061224489796,0.0022992936428636312
0,switzerland,no_class_support_factor,4,no_class_support,20,40,0.7474747474747475,0.8520897030830383,0.505050505050505,0.01388888888888889,0.9861111111111112,0.8402551238735517,False,0.4564271867275238,0.45494911074638367,0.7474747474747475,0.7474747474747475,0.002522719092667103
0,switzerland,no_class_support_factor,5,no_class_support,20,40,0.7575757575757576,0.8556110262870789,0.48484848484848486,0.0101010101010101,0.98989898989899,0.8469684906680175,False,0.4380033016204834,0.435930460691452,0.7575757575757576,0.7575757575757576,0.004124742932617664
0,switzerland,no_confidence_factor,1,no_confidence,20,40,0.7857142857142857,0.8478876948356628,0.4285714285714286,0.012755102040816325,0.9872448979591837,0.4231049562682216,False,0.4402715265750885,0.43876558542251587,0.7857142857142857,0.7857142857142857,0.0036055948585271835
0,switzerland,no_confidence_factor,2,no_confidence,20,40,0.7653061224489796,0.845715343952179,0.4693877551020409,0.007653061224489795,0.9923469387755102,0.46579550187421914,False,0.4500875771045685,0.44952812790870667,0.7653061224489796,0.7653061224489796,0.0011641469318419695
0,switzerland,no_confidence_factor,3,no_confidence,20,40,0.7653061224489796,0.837457537651062,0.4693877551020409,0.011479591836734693,0.9885204081632653,0.46399937526030827,False,0.47245103120803833,0.47254714369773865,0.7653061224489796,0.7653061224489796,0.001880146679468453
0,switzerland,no_confidence_factor,4,no_confidence,20,40,0.7474747474747475,0.8520897030830383,0.505050505050505,0.01388888888888889,0.9861111111111112,0.4980359147025813,False,0.4564271867275238,0.4557872712612152,0.7474747474747475,0.7474747474747475,0.001979752676561475
0,switzerland,no_confidence_factor,5,no_confidence,20,40,0.7575757575757576,0.8556110262870789,0.48484848484848486,0.0101010101010101,0.98989898989899,0.4799510254055709,False,0.4380033016204834,0.436935156583786,0.7575757575757576,0.7575757575757576,0.003459866624325514
0,va_long_beach,candidate_full,1,full,32,64,0.7625,0.8598334789276123,0.4750000000000001,0.13984375,0.86015625,0.3513057919079438,False,0.4486005902290344,0.4496522843837738,0.7625,0.7625,0.001268726191483438
0,va_long_beach,candidate_full,2,full,32,64,0.79375,0.8457746505737305,0.4125000000000001,0.13828125000000002,0.86171875,0.3006381983030588,False,0.4505460858345032,0.4511418342590332,0.79375,0.79375,0.0018724396359175444
0,va_long_beach,candidate_full,3,full,32,64,0.79375,0.8413809537887573,0.4125000000000001,0.12578125,0.87421875,0.30341478984919384,False,0.4521046578884125,0.4517819285392761,0.79375,0.79375,0.002718461211770773
0,va_long_beach,candidate_full,4,full,32,64,0.79375,0.8466622829437256,0.4125000000000001,0.1328125,0.8671875,0.30286366625223315,False,0.44687619805336,0.44754117727279663,0.79375,0.79375,0.0017149796476587653
0,va_long_beach,candidate_full,5,full,32,64,0.75625,0.8558922410011292,0.48750000000000004,0.14765625,0.85234375,0.355638271116768,False,0.45608583092689514,0.45559757947921753,0.75625,0.75625,0.002493594540283084
0,va_long_beach,candidate_no_entropy,1,full,32,64,0.7625,0.8598334789276123,0.4750000000000001,0.13984375,0.86015625,0.3513057919079438,False,0.4486005902290344,0.4507688581943512,0.7625,0.7625,0.0014197201235219836
0,va_long_beach,candidate_no_entropy,2,full,32,64,0.79375,0.8457746505737305,0.4125000000000001,0.13828125000000002,0.86171875,0.3006381983030588,False,0.4505460858345032,0.45216235518455505,0.79375,0.79375,0.0017256399150937796
0,va_long_beach,candidate_no_entropy,3,full,32,64,0.79375,0.8413809537887573,0.4125000000000001,0.12578125,0.87421875,0.30341478984919384,False,0.4521046578884125,0.45276087522506714,0.79375,0.79375,0.002388418186455965
0,va_long_beach,candidate_no_entropy,4,full,32,64,0.79375,0.8466622829437256,0.4125000000000001,0.1328125,0.8671875,0.30286366625223315,False,0.44687619805336,0.44849056005477905,0.79375,0.79375,0.0015940647572278976
0,va_long_beach,candidate_no_entropy,5,full,32,64,0.75625,0.8558922410011292,0.48750000000000004,0.14765625,0.85234375,0.355638271116768,False,0.45608583092689514,0.4566631317138672,0.75625,0.75625,0.002200530143454671
0,va_long_beach,candidate_no_anchor,1,full,32,64,0.7625,0.8598334789276123,0.4750000000000001,0.13984375,0.86015625,0.3513057919079438,False,0.4486005902290344,0.44072383642196655,0.7625,0.7625,0.006274747662246227
0,va_long_beach,candidate_no_anchor,2,full,32,64,0.79375,0.8457746505737305,0.4125000000000001,0.13828125000000002,0.86171875,0.3006381983030588,False,0.4505460858345032,0.4424580931663513,0.79375,0.79375,0.007811295334249735
0,va_long_beach,candidate_no_anchor,3,full,32,64,0.79375,0.8413809537887573,0.4125000000000001,0.12578125,0.87421875,0.30341478984919384,False,0.4521046578884125,0.4444355368614197,0.79375,0.79375,0.008965881541371346
0,va_long_beach,candidate_no_anchor,4,full,32,64,0.79375,0.8466622829437256,0.4125000000000001,0.1328125,0.8671875,0.30286366625223315,False,0.44687619805336,0.4394248127937317,0.79375,0.79375,0.0071360645815730095
0,va_long_beach,candidate_no_anchor,5,full,32,64,0.75625,0.8558922410011292,0.48750000000000004,0.14765625,0.85234375,0.355638271116768,False,0.45608583092689514,0.448699951171875,0.75625,0.75625,0.0077913193963468075
0,va_long_beach,candidate_no_prior,1,full,32,64,0.7625,0.8598334789276123,0.4750000000000001,0.13984375,0.86015625,0.3513057919079438,False,0.4486005902290344,0.4498634934425354,0.7625,0.7625,0.0011151941725984216
0,va_long_beach,candidate_no_prior,2,full,32,64,0.79375,0.8457746505737305,0.4125000000000001,0.13828125000000002,0.86171875,0.3006381983030588,False,0.4505460858345032,0.451486200094223,0.79375,0.79375,0.00166030484251678
0,va_long_beach,candidate_no_prior,3,full,32,64,0.79375,0.8413809537887573,0.4125000000000001,0.12578125,0.87421875,0.30341478984919384,False,0.4521046578884125,0.4522019326686859,0.79375,0.79375,0.00233926041983068
0,va_long_beach,candidate_no_prior,4,full,32,64,0.79375,0.8466622829437256,0.4125000000000001,0.1328125,0.8671875,0.30286366625223315,False,0.44687619805336,0.44782447814941406,0.79375,0.79375,0.0015393159119412303
0,va_long_beach,candidate_no_prior,5,full,32,64,0.75625,0.8558922410011292,0.48750000000000004,0.14765625,0.85234375,0.355638271116768,False,0.45608583092689514,0.45588192343711853,0.75625,0.75625,0.002113873604685068
0,va_long_beach,unit_reliability,1,unit,32,64,0.7625,0.8598334789276123,0.4750000000000001,0.13984375,0.86015625,1.0,False,0.4486005902290344,0.44730496406555176,0.7625,0.7625,0.0018388691823929548
0,va_long_beach,unit_reliability,2,unit,32,64,0.79375,0.8457746505737305,0.4125000000000001,0.13828125000000002,0.86171875,1.0,False,0.4505460858345032,0.4485906958580017,0.79375,0.79375,0.003057837951928377
0,va_long_beach,unit_reliability,3,unit,32,64,0.79375,0.8413809537887573,0.4125000000000001,0.12578125,0.87421875,1.0,False,0.4521046578884125,0.4495469629764557,0.79375,0.79375,0.004267523996531963
0,va_long_beach,unit_reliability,4,unit,32,64,0.79375,0.8466622829437256,0.4125000000000001,0.1328125,0.8671875,1.0,False,0.44687619805336,0.44518500566482544,0.79375,0.79375,0.0027063016314059496
0,va_long_beach,unit_reliability,5,unit,32,64,0.75625,0.8558922410011292,0.48750000000000004,0.14765625,0.85234375,1.0,False,0.45608583092689514,0.4536662697792053,0.75625,0.75625,0.0036708384286612272
0,va_long_beach,no_missingness_factor,1,no_missingness,32,64,0.7625,0.8598334789276123,0.4750000000000001,0.13984375,0.86015625,0.4084209024906159,False,0.4486005902290344,0.44945400953292847,0.7625,0.7625,0.0012716123601421714
0,va_long_beach,no_missingness_factor,2,no_missingness,32,64,0.79375,0.8457746505737305,0.4125000000000001,0.13828125000000002,0.86171875,0.3488820433616639,False,0.4505460858345032,0.45096904039382935,0.79375,0.79375,0.0019069041591137648
0,va_long_beach,no_missingness_factor,3,no_missingness,32,64,0.79375,0.8413809537887573,0.4125000000000001,0.12578125,0.87421875,0.34706964343786245,False,0.4521046578884125,0.4516381323337555,0.79375,0.79375,0.0027898154221475124
0,va_long_beach,no_missingness_factor,4,no_missingness,32,64,0.79375,0.8466622829437256,0.4125000000000001,0.1328125,0.8671875,0.3492481917142869,False,0.44687619805336,0.4473905563354492,0.79375,0.79375,0.0017383990343660116
0,va_long_beach,no_missingness_factor,5,no_missingness,32,64,0.75625,0.8558922410011292,0.48750000000000004,0.14765625,0.85234375,0.41724746748805047,False,0.45608583092689514,0.4554116725921631,0.75625,0.75625,0.002579593565315008
0,va_long_beach,no_class_support_factor,1,no_class_support,32,64,0.7625,0.8598334789276123,0.4750000000000001,0.13984375,0.86015625,0.7395911408588289,False,0.4486005902290344,0.4482649862766266,0.7625,0.7625,0.001422841683961451
0,va_long_beach,no_class_support_factor,2,no_class_support,32,64,0.79375,0.8457746505737305,0.4125000000000001,0.13828125000000002,0.86171875,0.7288198746740818,False,0.4505460858345032,0.44957438111305237,0.79375,0.79375,0.002419224940240383
0,va_long_beach,no_class_support_factor,3,no_class_support,32,64,0.79375,0.8413809537887573,0.4125000000000001,0.12578125,0.87421875,0.7355510056950152,False,0.4521046578884125,0.4503578245639801,0.79375,0.79375,0.0036521670408546925
0,va_long_beach,no_class_support_factor,4,no_class_support,32,64,0.79375,0.8466622829437256,0.4125000000000001,0.1328125,0.8671875,0.734214948490262,False,0.44687619805336,0.4460877776145935,0.79375,0.79375,0.0021398919634521008
0,va_long_beach,no_class_support_factor,5,no_class_support,32,64,0.75625,0.8558922410011292,0.48750000000000004,0.14765625,0.85234375,0.7295144022908061,False,0.45608583092689514,0.4544578194618225,0.75625,0.75625,0.0031568710692226887
0,va_long_beach,no_confidence_factor,1,no_confidence,32,64,0.7625,0.8598334789276123,0.4750000000000001,0.13984375,0.86015625,0.40857421875000005,False,0.4486005902290344,0.4494534432888031,0.7625,0.7625,0.001271624001674354
0,va_long_beach,no_confidence_factor,2,no_confidence,32,64,0.79375,0.8457746505737305,0.4125000000000001,0.13828125000000002,0.86171875,0.35545898437500006,False,0.4505460858345032,0.4509449899196625,0.79375,0.79375,0.0019127365667372942
0,va_long_beach,no_confidence_factor,3,no_confidence,32,64,0.79375,0.8413809537887573,0.4125000000000001,0.12578125,0.87421875,0.3606152343750001,False,0.4521046578884125,0.4515931010246277,0.79375,0.79375,0.0028127306140959263
0,va_long_beach,no_confidence_factor,4,no_confidence,32,64,0.79375,0.8466622829437256,0.4125000000000001,0.1328125,0.8671875,0.35771484375000007,False,0.44687619805336,0.4473636746406555,0.79375,0.79375,0.001743036089465022
0,va_long_beach,no_confidence_factor,5,no_confidence,32,64,0.75625,0.8558922410011292,0.48750000000000004,0.14765625,0.85234375,0.415517578125,False,0.45608583092689514,0.4554167687892914,0.75625,0.75625,0.002577041508629918
1,hungary,candidate_full,1,full,47,94,0.3617021276595745,0.9213240742683411,0.723404255319149,0.0005319148936170213,0.999468085106383,0.6661352400261119,False,0.43015968799591064,0.42887961864471436,0.3617021276595745,0.3617021276595745,0.002088706474751234
1,hungary,candidate_full,2,full,47,94,0.39574468085106385,0.9272671937942505,0.7914893617021277,0.002127659574468085,0.997872340425532,0.7323605829193993,False,0.4202549159526825,0.4186471998691559,0.39574468085106385,0.39574468085106385,0.0026986526791006327
1,hungary,candidate_full,3,full,47,94,0.37872340425531914,0.9241288304328918,0.7574468085106383,0.002127659574468085,0.997872340425532,0.6984891174486073,False,0.4212767481803894,0.42002713680267334,0.37872340425531914,0.37872340425531914,0.0011254696873947978
1,hungary,candidate_full,4,full,47,94,0.37446808510638296,0.926829993724823,0.7489361702127659,0.001595744680851064,0.9984042553191489,0.6930288413014547,False,0.42420071363449097,0.422247052192688,0.37446808510638296,0.37446808510638296,0.00240879412740469
1,hungary,candidate_full,5,full,47,94,0.3940677966101695,0.930177628993988,0.788135593220339,0.00211864406779661,0.9978813559322034,0.7315529065430849,False,0.4254038631916046,0.4241098165512085,0.3940677966101695,0.3940677966101695,0.0015104793710634112
1,hungary,candidate_no_entropy,1,full,47,94,0.3617021276595745,0.9213240742683411,0.723404255319149,0.0005319148936170213,0.999468085106383,0.6661352400261119,False,0.43015968799591064,0.4310702979564667,0.3617021276595745,0.3617021276595745,0.00169263849966228
1,hungary,candidate_no_entropy,2,full,47,94,0.39574468085106385,0.9272671937942505,0.7914893617021277,0.002127659574468085,0.997872340425532,0.7323605829193993,False,0.4202549159526825,0.42119672894477844,0.39574468085106385,0.39574468085106385,0.002260856330394745
1,hungary,candidate_no_entropy,3,full,47,94,0.37872340425531914,0.9241288304328918,0.7574468085106383,0.002127659574468085,0.997872340425532,0.6984891174486073,False,0.4212767481803894,0.4223957657814026,0.37872340425531914,0.37872340425531914,0.0009413596126250923
1,hungary,candidate_no_entropy,4,full,47,94,0.37446808510638296,0.926829993724823,0.7489361702127659,0.001595744680851064,0.9984042553191489,0.6930288413014547,False,0.42420071363449097,0.42467886209487915,0.37446808510638296,0.37446808510638296,0.0018292228924110532
1,hungary,candidate_no_entropy,5,full,47,94,0.3940677966101695,0.930177628993988,0.788135593220339,0.00211864406779661,0.9978813559322034,0.7315529065430849,False,0.4254038631916046,0.42635905742645264,0.3940677966101695,0.3940677966101695,0.001341304276138544
1,hungary,candidate_no_anchor,1,full,47,94,0.3617021276595745,0.9213240742683411,0.723404255319149,0.0005319148936170213,0.999468085106383,0.6661352400261119,False,0.43015968799591064,0.42166459560394287,0.3617021276595745,0.3574468085106383,0.0060009886510670185
1,hungary,candidate_no_anchor,2,full,47,94,0.39574468085106385,0.9272671937942505,0.7914893617021277,0.002127659574468085,0.997872340425532,0.7323605829193993,False,0.4202549159526825,0.4117526412010193,0.39574468085106385,0.39148936170212767,0.005559270735830069
1,hungary,candidate_no_anchor,3,full,47,94,0.37872340425531914,0.9241288304328918,0.7574468085106383,0.002127659574468085,0.997872340425532,0.6984891174486073,False,0.4212767481803894,0.41277414560317993,0.37872340425531914,0.37446808510638296,0.005722024478018284
1,hungary,candidate_no_anchor,4,full,47,94,0.37446808510638296,0.926829993724823,0.7489361702127659,0.001595744680851064,0.9984042553191489,0.6930288413014547,False,0.42420071363449097,0.4155310392379761,0.37446808510638296,0.3659574468085106,0.006248689256608486
1,hungary,candidate_no_anchor,5,full,47,94,0.3940677966101695,0.930177628993988,0.788135593220339,0.00211864406779661,0.9978813559322034,0.7315529065430849,False,0.4254038631916046,0.41724634170532227,0.3940677966101695,0.3940677966101695,0.005451541859656572
1,hungary,candidate_no_prior,1,full,47,94,0.3617021276595745,0.9213240742683411,0.723404255319149,0.0005319148936170213,0.999468085106383,0.6661352400261119,False,0.43015968799591064,0.42899203300476074,0.3617021276595745,0.3617021276595745,0.0017862790264189243
1,hungary,candidate_no_prior,2,full,47,94,0.39574468085106385,0.9272671937942505,0.7914893617021277,0.002127659574468085,0.997872340425532,0.7323605829193993,False,0.4202549159526825,0.4187195897102356,0.39574468085106385,0.39574468085106385,0.002368195680901408
1,hungary,candidate_no_prior,3,full,47,94,0.37872340425531914,0.9241288304328918,0.7574468085106383,0.002127659574468085,0.997872340425532,0.6984891174486073,False,0.4212767481803894,0.42011457681655884,0.37872340425531914,0.37872340425531914,0.0010292049264535308
1,hungary,candidate_no_prior,4,full,47,94,0.37446808510638296,0.926829993724823,0.7489361702127659,0.001595744680851064,0.9984042553191489,0.6930288413014547,False,0.42420071363449097,0.42236101627349854,0.37446808510638296,0.37446808510638296,0.0021173907443881035
1,hungary,candidate_no_prior,5,full,47,94,0.3940677966101695,0.930177628993988,0.788135593220339,0.00211864406779661,0.9978813559322034,0.7315529065430849,False,0.4254038631916046,0.4241703450679779,0.3940677966101695,0.3940677966101695,0.0013619682285934687
1,hungary,unit_reliability,1,unit,47,94,0.3617021276595745,0.9213240742683411,0.723404255319149,0.0005319148936170213,0.999468085106383,1.0,False,0.43015968799591064,0.42782166600227356,0.3617021276595745,0.3617021276595745,0.002528049983084202
1,hungary,unit_reliability,2,unit,47,94,0.39574468085106385,0.9272671937942505,0.7914893617021277,0.002127659574468085,0.997872340425532,1.0,False,0.4202549159526825,0.41777849197387695,0.39574468085106385,0.39574468085106385,0.0029232788365334272
1,hungary,unit_reliability,3,unit,47,94,0.37872340425531914,0.9241288304328918,0.7574468085106383,0.002127659574468085,0.997872340425532,1.0,False,0.4212767481803894,0.41906678676605225,0.37872340425531914,0.37872340425531914,0.0016733752563595772
1,hungary,unit_reliability,4,unit,47,94,0.37446808510638296,0.926829993724823,0.7489361702127659,0.001595744680851064,0.9984042553191489,1.0,False,0.42420071363449097,0.4212827682495117,0.37446808510638296,0.37446808510638296,0.002869440708309412
1,hungary,unit_reliability,5,unit,47,94,0.3940677966101695,0.930177628993988,0.788135593220339,0.00211864406779661,0.9978813559322034,1.0,False,0.4254038631916046,0.423337459564209,0.3940677966101695,0.3940677966101695,0.0019347475608810782
1,hungary,no_missingness_factor,1,no_missingness,47,94,0.3617021276595745,0.9213240742683411,0.723404255319149,0.0005319148936170213,0.999468085106383,0.6664897558536936,False,0.43015968799591064,0.428878515958786,0.3617021276595745,0.3617021276595745,0.0020891360472887754
1,hungary,no_missingness_factor,2,no_missingness,47,94,0.39574468085106385,0.9272671937942505,0.7914893617021277,0.002127659574468085,0.997872340425532,0.7339221193435345,False,0.4202549159526825,0.41864216327667236,0.39574468085106385,0.39574468085106385,0.0026999262627214193
1,hungary,no_missingness_factor,3,no_missingness,47,94,0.37872340425531914,0.9241288304328918,0.7574468085106383,0.002127659574468085,0.997872340425532,0.6999784332640627,False,0.4212767481803894,0.42002245783805847,0.37872340425531914,0.37872340425531914,0.0011276665609329939
1,hungary,no_missingness_factor,4,no_missingness,47,94,0.37446808510638296,0.926829993724823,0.7489361702127659,0.001595744680851064,0.9984042553191489,0.6941365059385908,False,0.42420071363449097,0.42224347591400146,0.37446808510638296,0.37446808510638296,0.0024102216120809317
1,hungary,no_missingness_factor,5,no_missingness,47,94,0.3940677966101695,0.930177628993988,0.788135593220339,0.00211864406779661,0.9978813559322034,0.7331060974274651,False,0.4254038631916046,0.4241054356098175,0.3940677966101695,0.3940677966101695,0.0015127446968108416
1,hungary,no_class_support_factor,1,no_class_support,47,94,0.3617021276595745,0.9213240742683411,0.723404255319149,0.0005319148936170213,0.999468085106383,0.9208340082713898,False,0.43015968799591064,0.42806681990623474,0.3617021276595745,0.3617021276595745,0.0024180440232157707
1,hungary,no_class_support_factor,2,no_class_support,47,94,0.39574468085106385,0.9272671937942505,0.7914893617021277,0.002127659574468085,0.997872340425532,0.9252942848712841,False,0.4202549159526825,0.418014794588089,0.39574468085106385,0.39574468085106385,0.0028549712151288986
1,hungary,no_class_support_factor,3,no_class_support,47,94,0.37872340425531914,0.9241288304328918,0.7574468085106383,0.002127659574468085,0.997872340425532,0.9221625988787794,False,0.4212767481803894,0.4193125069141388,0.37872340425531914,0.37872340425531914,0.0015266680857166648
1,hungary,no_class_support_factor,4,no_class_support,47,94,0.37446808510638296,0.926829993724823,0.7489361702127659,0.001595744680851064,0.9984042553191489,0.9253510096922833,False,0.42420071363449097,0.42151257395744324,0.37446808510638296,0.37446808510638296,0.002748348517343402
1,hungary,no_class_support_factor,5,no_class_support,47,94,0.3940677966101695,0.930177628993988,0.788135593220339,0.00211864406779661,0.9978813559322034,0.9282069136783229,False,0.4254038631916046,0.42354047298431396,0.3940677966101695,0.3940677966101695,0.0018170950934290886
1,hungary,no_confidence_factor,1,no_confidence,47,94,0.3617021276595745,0.9213240742683411,0.723404255319149,0.0005319148936170213,0.999468085106383,0.7230194658216388,False,0.43015968799591064,0.4286905825138092,0.3617021276595745,0.3617021276595745,0.0021591049153357744
1,hungary,no_confidence_factor,2,no_confidence,47,94,0.39574468085106385,0.9272671937942505,0.7914893617021277,0.002127659574468085,0.997872340425532,0.7898053417836126,False,0.4202549159526825,0.4184529483318329,0.39574468085106385,0.39574468085106385,0.002748347818851471
1,hungary,no_confidence_factor,3,no_confidence,47,94,0.37872340425531914,0.9241288304328918,0.7574468085106383,0.002127659574468085,0.997872340425532,0.7558352195563603,False,0.4212767481803894,0.41984206438064575,0.37872340425531914,0.37872340425531914,0.0012222680961713195
1,hungary,no_confidence_factor,4,no_confidence,47,94,0.37446808510638296,0.926829993724823,0.7489361702127659,0.001595744680851064,0.9984042553191489,0.747741059302852,False,0.42420071363449097,0.4220680296421051,0.37446808510638296,0.37446808510638296,0.0024827036540955305
1,hungary,no_confidence_factor,5,no_confidence,47,94,0.3940677966101695,0.930177628993988,0.788135593220339,0.00211864406779661,0.9978813559322034,0.7864658144211434,False,0.4254038631916046,0.42394793033599854,0.3940677966101695,0.3940677966101695,0.0015937580028548837
1,switzerland,candidate_full,1,full,20,40,0.7755102040816326,0.8212122917175293,0.44897959183673475,0.012755102040816325,0.9872448979591837,0.36400465700140805,False,0.48204341530799866,0.4811619222164154,0.7755102040816326,0.7755102040816326,0.001907504629343748
1,switzerland,candidate_full,2,full,20,40,0.7551020408163265,0.8190935254096985,0.48979591836734704,0.007653061224489795,0.9923469387755102,0.39811834408709634,False,0.49407416582107544,0.4937947392463684,0.7551020408163265,0.7551020408163265,0.001800495432689786
1,switzerland,candidate_full,3,full,20,40,0.7551020408163265,0.8018642663955688,0.48979591836734704,0.011479591836734693,0.9885204081632653,0.3882412368533315,False,0.5155497789382935,0.5158516764640808,0.7551020408163265,0.7551020408163265,0.0014931251062080264
1,switzerland,candidate_full,4,full,20,40,0.7474747474747475,0.8219799995422363,0.505050505050505,0.01388888888888889,0.9861111111111112,0.40937556093924504,False,0.4936367869377136,0.49358758330345154,0.7474747474747475,0.7474747474747475,0.0016627503791823983
1,switzerland,candidate_full,5,full,20,40,0.7474747474747475,0.8250778317451477,0.505050505050505,0.0101010101010101,0.98989898989899,0.41249682435988405,False,0.48443105816841125,0.48451223969459534,0.7474747474747475,0.7474747474747475,0.0012195686576887965
1,switzerland,candidate_no_entropy,1,full,20,40,0.7755102040816326,0.8212122917175293,0.44897959183673475,0.012755102040816325,0.9872448979591837,0.36400465700140805,False,0.48204341530799866,0.48223885893821716,0.7755102040816326,0.7755102040816326,0.0014113059733062983
1,switzerland,candidate_no_entropy,2,full,20,40,0.7551020408163265,0.8190935254096985,0.48979591836734704,0.007653061224489795,0.9923469387755102,0.39811834408709634,False,0.49407416582107544,0.4949580132961273,0.7551020408163265,0.7551020408163265,0.001517732278443873
1,switzerland,candidate_no_entropy,3,full,20,40,0.7551020408163265,0.8018642663955688,0.48979591836734704,0.011479591836734693,0.9885204081632653,0.3882412368533315,False,0.5155497789382935,0.5169693231582642,0.7551020408163265,0.7551020408163265,0.001435201382264495
1,switzerland,candidate_no_entropy,4,full,20,40,0.7474747474747475,0.8219799995422363,0.505050505050505,0.01388888888888889,0.9861111111111112,0.40937556093924504,False,0.4936367869377136,0.4947006106376648,0.7474747474747475,0.7474747474747475,0.0014706635847687721
1,switzerland,candidate_no_entropy,5,full,20,40,0.7474747474747475,0.8250778317451477,0.505050505050505,0.0101010101010101,0.98989898989899,0.41249682435988405,False,0.48443105816841125,0.4856349229812622,0.7474747474747475,0.7474747474747475,0.0012743957340717316
1,switzerland,candidate_no_anchor,1,full,20,40,0.7755102040816326,0.8212122917175293,0.44897959183673475,0.012755102040816325,0.9872448979591837,0.36400465700140805,False,0.48204341530799866,0.47339677810668945,0.7755102040816326,0.7959183673469388,0.00815261248499155
1,switzerland,candidate_no_anchor,2,full,20,40,0.7551020408163265,0.8190935254096985,0.48979591836734704,0.007653061224489795,0.9923469387755102,0.39811834408709634,False,0.49407416582107544,0.4859524667263031,0.7551020408163265,0.7653061224489796,0.007301247678697109
1,switzerland,candidate_no_anchor,3,full,20,40,0.7551020408163265,0.8018642663955688,0.48979591836734704,0.011479591836734693,0.9885204081632653,0.3882412368533315,False,0.5155497789382935,0.5080905556678772,0.7551020408163265,0.7551020408163265,0.007365111727267504
1,switzerland,candidate_no_anchor,4,full,20,40,0.7474747474747475,0.8219799995422363,0.505050505050505,0.01388888888888889,0.9861111111111112,0.40937556093924504,False,0.4936367869377136,0.48589128255844116,0.7474747474747475,0.7474747474747475,0.007420204114168882
1,switzerland,candidate_no_anchor,5,full,20,40,0.7474747474747475,0.8250778317451477,0.505050505050505,0.0101010101010101,0.98989898989899,0.41249682435988405,False,0.48443105816841125,0.47586870193481445,0.7474747474747475,0.7474747474747475,0.00692384410649538
1,switzerland,candidate_no_prior,1,full,20,40,0.7755102040816326,0.8212122917175293,0.44897959183673475,0.012755102040816325,0.9872448979591837,0.36400465700140805,False,0.48204341530799866,0.48145946860313416,0.7755102040816326,0.7755102040816326,0.0015324278501793742
1,switzerland,candidate_no_prior,2,full,20,40,0.7551020408163265,0.8190935254096985,0.48979591836734704,0.007653061224489795,0.9923469387755102,0.39811834408709634,False,0.49407416582107544,0.49407148361206055,0.7551020408163265,0.7551020408163265,0.001553027774207294
1,switzerland,candidate_no_prior,3,full,20,40,0.7551020408163265,0.8018642663955688,0.48979591836734704,0.011479591836734693,0.9885204081632653,0.3882412368533315,False,0.5155497789382935,0.5161098837852478,0.7551020408163265,0.7551020408163265,0.0012879143469035625
1,switzerland,candidate_no_prior,4,full,20,40,0.7474747474747475,0.8219799995422363,0.505050505050505,0.01388888888888889,0.9861111111111112,0.40937556093924504,False,0.4936367869377136,0.4938434660434723,0.7474747474747475,0.7474747474747475,0.0014193948591127992
1,switzerland,candidate_no_prior,5,full,20,40,0.7474747474747475,0.8250778317451477,0.505050505050505,0.0101010101010101,0.98989898989899,0.41249682435988405,False,0.48443105816841125,0.48473262786865234,0.7474747474747475,0.7474747474747475,0.0011168187484145164
1,switzerland,unit_reliability,1,unit,20,40,0.7755102040816326,0.8212122917175293,0.44897959183673475,0.012755102040816325,0.9872448979591837,1.0,False,0.48204341530799866,0.47934719920158386,0.7755102040816326,0.7755102040816326,0.0032769569661468267
1,switzerland,unit_reliability,2,unit,20,40,0.7551020408163265,0.8190935254096985,0.48979591836734704,0.007653061224489795,0.9923469387755102,1.0,False,0.49407416582107544,0.4920767545700073,0.7551020408163265,0.7551020408163265,0.003034992376342416
1,switzerland,unit_reliability,3,unit,20,40,0.7551020408163265,0.8018642663955688,0.48979591836734704,0.011479591836734693,0.9885204081632653,1.0,False,0.5155497789382935,0.5141144394874573,0.7551020408163265,0.7551020408163265,0.0026137742679566145
1,switzerland,unit_reliability,4,unit,20,40,0.7474747474747475,0.8219799995422363,0.505050505050505,0.01388888888888889,0.9861111111111112,1.0,False,0.4936367869377136,0.49198558926582336,0.7474747474747475,0.7474747474747475,0.002813854953274131
1,switzerland,unit_reliability,5,unit,20,40,0.7474747474747475,0.8250778317451477,0.505050505050505,0.0101010101010101,0.98989898989899,1.0,False,0.48443105816841125,0.4828197658061981,0.7474747474747475,0.7474747474747475,0.002156737493351102
1,switzerland,no_missingness_factor,1,no_missingness,20,40,0.7755102040816326,0.8212122917175293,0.44897959183673475,0.012755102040816325,0.9872448979591837,0.36870755954664586,False,0.48204341530799866,0.481145977973938,0.7755102040816326,0.7755102040816326,0.0019185005221515894
1,switzerland,no_missingness_factor,2,no_missingness,20,40,0.7551020408163265,0.8190935254096985,0.48979591836734704,0.007653061224489795,0.9923469387755102,0.40118866550679116,False,0.49407416582107544,0.4937860071659088,0.7551020408163265,0.7551020408163265,0.0018050485523417592
1,switzerland,no_missingness_factor,3,no_missingness,20,40,0.7551020408163265,0.8018642663955688,0.48979591836734704,0.011479591836734693,0.9885204081632653,0.39274984476517666,False,0.5155497789382935,0.5158393979072571,0.7551020408163265,0.7551020408163265,0.0014965287409722805
1,switzerland,no_missingness_factor,4,no_missingness,20,40,0.7474747474747475,0.8219799995422363,0.505050505050505,0.01388888888888889,0.9861111111111112,0.4151414139102203,False,0.4936367869377136,0.4935718774795532,0.7474747474747475,0.7474747474747475,0.001669598976150155
1,switzerland,no_missingness_factor,5,no_missingness,20,40,0.7474747474747475,0.8250778317451477,0.505050505050505,0.0101010101010101,0.98989898989899,0.4167059756288624,False,0.48443105816841125,0.4845002591609955,0.7474747474747475,0.7474747474747475,0.0012214378220960498
1,switzerland,no_class_support_factor,1,no_class_support,20,40,0.7755102040816326,0.8212122917175293,0.44897959183673475,0.012755102040816325,0.9872448979591837,0.8107376451394996,False,0.48204341530799866,0.4798710346221924,0.7755102040816326,0.7755102040816326,0.002883009845390916
1,switzerland,no_class_support_factor,2,no_class_support,20,40,0.7551020408163265,0.8190935254096985,0.48979591836734704,0.007653061224489795,0.9923469387755102,0.8128249525111548,False,0.49407416582107544,0.4925909638404846,0.7551020408163265,0.7551020408163265,0.0026500390376895666
1,switzerland,no_class_support_factor,3,no_class_support,20,40,0.7551020408163265,0.8018642663955688,0.48979591836734704,0.011479591836734693,0.9885204081632653,0.792659191908885,False,0.5155497789382935,0.5146923661231995,0.7551020408163265,0.7551020408163265,0.0021286963019520044
1,switzerland,no_class_support_factor,4,no_class_support,20,40,0.7474747474747475,0.8219799995422363,0.505050505050505,0.01388888888888889,0.9861111111111112,0.8105636106597053,False,0.4936367869377136,0.49249425530433655,0.7474747474747475,0.7474747474747475,0.0024225935339927673
1,switzerland,no_class_support_factor,5,no_class_support,20,40,0.7474747474747475,0.8250778317451477,0.505050505050505,0.0101010101010101,0.98989898989899,0.8167437122325705,False,0.48443105816841125,0.48335155844688416,0.7474747474747475,0.7474747474747475,0.0017803818918764591
1,switzerland,no_confidence_factor,1,no_confidence,20,40,0.7755102040816326,0.8212122917175293,0.44897959183673475,0.012755102040816325,0.9872448979591837,0.44325281132861316,False,0.48204341530799866,0.4809246361255646,0.7755102040816326,0.7755102040816326,0.002083452884107828
1,switzerland,no_confidence_factor,2,no_confidence,20,40,0.7551020408163265,0.8190935254096985,0.48979591836734704,0.007653061224489795,0.9923469387755102,0.4860474802165765,False,0.49407416582107544,0.4935380518436432,0.7551020408163265,0.7551020408163265,0.001959086861461401
1,switzerland,no_confidence_factor,3,no_confidence,20,40,0.7551020408163265,0.8018642663955688,0.48979591836734704,0.011479591836734693,0.9885204081632653,0.48417326114119125,False,0.5155497789382935,0.5155661702156067,0.7551020408163265,0.7551020408163265,0.0015703518874943256
1,switzerland,no_confidence_factor,4,no_confidence,20,40,0.7474747474747475,0.8219799995422363,0.505050505050505,0.01388888888888889,0.9861111111111112,0.4980359147025813,False,0.4936367869377136,0.4933445155620575,0.7474747474747475,0.7474747474747475,0.0017904104897752404
1,switzerland,no_confidence_factor,5,no_confidence,20,40,0.7474747474747475,0.8250778317451477,0.505050505050505,0.0101010101010101,0.98989898989899,0.4999489847974696,False,0.48443105816841125,0.4842703342437744,0.7474747474747475,0.7474747474747475,0.0012752178590744734
1,va_long_beach,candidate_full,1,full,32,64,0.75625,0.8426305651664734,0.48750000000000004,0.13984375,0.86015625,0.353337049196125,False,0.4751560091972351,0.4744868874549866,0.75625,0.75625,0.001221557380631566
1,va_long_beach,candidate_full,2,full,32,64,0.79375,0.8242276906967163,0.4125000000000001,0.13828125000000002,0.86171875,0.29297913782880647,False,0.47698670625686646,0.4764038622379303,0.79375,0.79375,0.001697028405033052
1,va_long_beach,candidate_full,3,full,32,64,0.7875,0.8194769620895386,0.42500000000000004,0.12578125,0.87421875,0.3044709033169784,False,0.4781110882759094,0.4786578118801117,0.7875,0.7875,0.001001972472295165
1,va_long_beach,candidate_full,4,full,32,64,0.7875,0.8242952823638916,0.42500000000000004,0.1328125,0.8671875,0.3037978901993484,False,0.4742213785648346,0.4750981330871582,0.7875,0.7875,0.0006247263518162072
1,va_long_beach,candidate_full,5,full,32,64,0.75,0.8383751511573792,0.5,0.14765625,0.85234375,0.35729191012214867,False,0.4804155230522156,0.4803045392036438,0.75,0.75625,0.001209727255627513
1,va_long_beach,candidate_no_entropy,1,full,32,64,0.75625,0.8426305651664734,0.48750000000000004,0.13984375,0.86015625,0.353337049196125,False,0.4751560091972351,0.4758586883544922,0.75625,0.75625,0.0009417291730642319
1,va_long_beach,candidate_no_entropy,2,full,32,64,0.79375,0.8242276906967163,0.4125000000000001,0.13828125000000002,0.86171875,0.29297913782880647,False,0.47698670625686646,0.47758570313453674,0.79375,0.79375,0.0012435109820216894
1,va_long_beach,candidate_no_entropy,3,full,32,64,0.7875,0.8194769620895386,0.42500000000000004,0.12578125,0.87421875,0.3044709033169784,False,0.4781110882759094,0.4798664450645447,0.7875,0.7875,0.0012416973477229476
1,va_long_beach,candidate_no_entropy,4,full,32,64,0.7875,0.8242952823638916,0.42500000000000004,0.1328125,0.8671875,0.3037978901993484,False,0.4742213785648346,0.4763163626194,0.7875,0.7875,0.0013792607933282852
1,va_long_beach,candidate_no_entropy,5,full,32,64,0.75,0.8383751511573792,0.5,0.14765625,0.85234375,0.35729191012214867,False,0.4804155230522156,0.48149728775024414,0.75,0.75,0.0011347534600645304
1,va_long_beach,candidate_no_anchor,1,full,32,64,0.75625,0.8426305651664734,0.48750000000000004,0.13984375,0.86015625,0.353337049196125,False,0.4751560091972351,0.4671355187892914,0.75625,0.7625,0.006204900331795216
1,va_long_beach,candidate_no_anchor,2,full,32,64,0.79375,0.8242276906967163,0.4125000000000001,0.13828125000000002,0.86171875,0.29297913782880647,False,0.47698670625686646,0.46869736909866333,0.79375,0.79375,0.007306827697902918
1,va_long_beach,candidate_no_anchor,3,full,32,64,0.7875,0.8194769620895386,0.42500000000000004,0.12578125,0.87421875,0.3044709033169784,False,0.4781110882759094,0.4699082374572754,0.7875,0.79375,0.007137402892112732
1,va_long_beach,candidate_no_anchor,4,full,32,64,0.7875,0.8242952823638916,0.42500000000000004,0.1328125,0.8671875,0.3037978901993484,False,0.4742213785648346,0.4656534194946289,0.7875,0.79375,0.006660269107669592
1,va_long_beach,candidate_no_anchor,5,full,32,64,0.75,0.8383751511573792,0.5,0.14765625,0.85234375,0.35729191012214867,False,0.4804155230522156,0.47308212518692017,0.75,0.75625,0.006018630228936672
1,va_long_beach,candidate_no_prior,1,full,32,64,0.75625,0.8426305651664734,0.48750000000000004,0.13984375,0.86015625,0.353337049196125,False,0.4751560091972351,0.47472962737083435,0.75625,0.75625,0.0009075353154912591
1,va_long_beach,candidate_no_prior,2,full,32,64,0.79375,0.8242276906967163,0.4125000000000001,0.13828125000000002,0.86171875,0.29297913782880647,False,0.47698670625686646,0.4767538905143738,0.79375,0.79375,0.0012982856715098023
1,va_long_beach,candidate_no_prior,3,full,32,64,0.7875,0.8194769620895386,0.42500000000000004,0.12578125,0.87421875,0.3044709033169784,False,0.4781110882759094,0.47895392775535583,0.7875,0.7875,0.0008727809181436896
1,va_long_beach,candidate_no_prior,4,full,32,64,0.7875,0.8242952823638916,0.42500000000000004,0.1328125,0.8671875,0.3037978901993484,False,0.4742213785648346,0.47532957792282104,0.7875,0.7875,0.0008205276099033654
1,va_long_beach,candidate_no_prior,5,full,32,64,0.75,0.8383751511573792,0.5,0.14765625,0.85234375,0.35729191012214867,False,0.4804155230522156,0.48052889108657837,0.75,0.75,0.0009553480194881558
1,va_long_beach,unit_reliability,1,unit,32,64,0.75625,0.8426305651664734,0.48750000000000004,0.13984375,0.86015625,1.0,False,0.4751560091972351,0.47225743532180786,0.75625,0.7625,0.0025891163386404514
1,va_long_beach,unit_reliability,2,unit,32,64,0.79375,0.8242276906967163,0.4125000000000001,0.13828125000000002,0.86171875,1.0,False,0.47698670625686646,0.4738258421421051,0.79375,0.79375,0.0034798779524862766
1,va_long_beach,unit_reliability,3,unit,32,64,0.7875,0.8194769620895386,0.42500000000000004,0.12578125,0.87421875,1.0,False,0.4781110882759094,0.47603854537010193,0.7875,0.79375,0.002436548238620162
1,va_long_beach,unit_reliability,4,unit,32,64,0.7875,0.8242952823638916,0.42500000000000004,0.1328125,0.8671875,1.0,False,0.4742213785648346,0.47231370210647583,0.7875,0.79375,0.001601386466063559
1,va_long_beach,unit_reliability,5,unit,32,64,0.75,0.8383751511573792,0.5,0.14765625,0.85234375,1.0,False,0.4804155230522156,0.4783205986022949,0.75,0.75625,0.002445443067699671
1,va_long_beach,no_missingness_factor,1,no_missingness,32,64,0.75625,0.8426305651664734,0.48750000000000004,0.13984375,0.86015625,0.41078240051865583,False,0.4751560091972351,0.4742732644081116,0.75625,0.7625,0.0013519009808078408
1,va_long_beach,no_missingness_factor,2,no_missingness,32,64,0.79375,0.8242276906967163,0.4125000000000001,0.13828125000000002,0.86171875,0.33999392241239557,False,0.47698670625686646,0.4762122631072998,0.79375,0.79375,0.00181730673648417
1,va_long_beach,no_missingness_factor,3,no_missingness,32,64,0.7875,0.8194769620895386,0.42500000000000004,0.12578125,0.87421875,0.3482777088880539,False,0.4781110882759094,0.47848382592201233,0.7875,0.7875,0.0010093708988279104
1,va_long_beach,no_missingness_factor,4,no_missingness,32,64,0.7875,0.8242952823638916,0.42500000000000004,0.1328125,0.8671875,0.350325495004654,False,0.4742213785648346,0.474911630153656,0.7875,0.7875,0.0005434422055259347
1,va_long_beach,no_missingness_factor,5,no_missingness,32,64,0.75,0.8383751511573792,0.5,0.14765625,0.85234375,0.4191875755786896,False,0.4804155230522156,0.48010319471359253,0.75,0.75625,0.001317228889092803
1,va_long_beach,no_class_support_factor,1,no_class_support,32,64,0.75625,0.8426305651664734,0.48750000000000004,0.13984375,0.86015625,0.7247939470689744,False,0.4751560091972351,0.4731522500514984,0.75625,0.7625,0.002039768733084202
1,va_long_beach,no_class_support_factor,2,no_class_support,32,64,0.79375,0.8242276906967163,0.4125000000000001,0.13828125000000002,0.86171875,0.710252455342561,False,0.47698670625686646,0.47481927275657654,0.79375,0.79375,0.0027882433496415615
1,va_long_beach,no_class_support_factor,3,no_class_support,32,64,0.7875,0.8194769620895386,0.42500000000000004,0.12578125,0.87421875,0.7164021254517139,False,0.4781110882759094,0.47705936431884766,0.7875,0.79375,0.00170238281134516
1,va_long_beach,no_class_support_factor,4,no_class_support,32,64,0.7875,0.8242952823638916,0.42500000000000004,0.1328125,0.8671875,0.7148185651749372,False,0.4742213785648346,0.4734160304069519,0.7875,0.7875,0.0008871307363733649
1,va_long_beach,no_class_support_factor,5,no_class_support,32,64,0.75,0.8383751511573792,0.5,0.14765625,0.85234375,0.7145838202442973,False,0.4804155230522156,0.4791712164878845,0.75,0.75625,0.0018825255101546645
1,va_long_beach,no_confidence_factor,1,no_confidence,32,64,0.75625,0.8426305651664734,0.48750000000000004,0.13984375,0.86015625,0.41932617187500004,False,0.4751560091972351,0.4742407202720642,0.75625,0.7625,0.0013715249951928854
1,va_long_beach,no_confidence_factor,2,no_confidence,32,64,0.79375,0.8242276906967163,0.4125000000000001,0.13828125000000002,0.86171875,0.35545898437500006,False,0.47698670625686646,0.47614604234695435,0.79375,0.79375,0.0018618442118167877
1,va_long_beach,no_confidence_factor,3,no_confidence,32,64,0.7875,0.8194769620895386,0.42500000000000004,0.12578125,0.87421875,0.37154296875000004,False,0.4781110882759094,0.4783918261528015,0.7875,0.7875,0.0010157423093914986
1,va_long_beach,no_confidence_factor,4,no_confidence,32,64,0.7875,0.8242952823638916,0.42500000000000004,0.1328125,0.8671875,0.36855468750000003,False,0.4742213785648346,0.4748349189758301,0.7875,0.7875,0.0005176042905077338
1,va_long_beach,no_confidence_factor,5,no_confidence,32,64,0.75,0.8383751511573792,0.5,0.14765625,0.85234375,0.426171875,False,0.4804155230522156,0.4800809323787689,0.75,0.75625,0.0013297938276082277
2,hungary,candidate_full,1,full,47,94,0.3702127659574468,0.9238357543945312,0.7404255319148936,0.0005319148936170213,0.999468085106383,0.6836677332645413,False,0.41929540038108826,0.41763338446617126,0.3702127659574468,0.3617021276595745,0.002147633582353592
2,hungary,candidate_full,2,full,47,94,0.39574468085106385,0.9334055185317993,0.7914893617021277,0.002127659574468085,0.997872340425532,0.737208664586718,False,0.40434184670448303,0.4024820923805237,0.39574468085106385,0.39148936170212767,0.0025119022466242313
2,hungary,candidate_full,3,full,47,94,0.37872340425531914,0.9312973022460938,0.7574468085106383,0.002127659574468085,0.997872340425532,0.7039073009154224,False,0.408514142036438,0.40731486678123474,0.37872340425531914,0.3702127659574468,0.0020883181132376194
2,hungary,candidate_full,4,full,47,94,0.39148936170212767,0.9327707290649414,0.7829787234042553,0.001595744680851064,0.9984042553191489,0.7291741990848816,False,0.41041746735572815,0.4085279107093811,0.39148936170212767,0.37872340425531914,0.002665547654032707
2,hungary,candidate_full,5,full,47,94,0.4025423728813559,0.9324305057525635,0.8050847457627118,0.00211864406779661,0.9978813559322034,0.7490951411214172,False,0.4146442115306854,0.4131355881690979,0.4025423728813559,0.3940677966101695,0.0020126071758568287
2,hungary,candidate_no_entropy,1,full,47,94,0.3702127659574468,0.9238357543945312,0.7404255319148936,0.0005319148936170213,0.999468085106383,0.6836677332645413,False,0.41929540038108826,0.4208143651485443,0.3702127659574468,0.3659574468085106,0.001258012023754418
2,hungary,candidate_no_entropy,2,full,47,94,0.39574468085106385,0.9334055185317993,0.7914893617021277,0.002127659574468085,0.997872340425532,0.737208664586718,False,0.40434184670448303,0.4057697653770447,0.39574468085106385,0.39148936170212767,0.00158615258987993
2,hungary,candidate_no_entropy,3,full,47,94,0.37872340425531914,0.9312973022460938,0.7574468085106383,0.002127659574468085,0.997872340425532,0.7039073009154224,False,0.408514142036438,0.41033264994621277,0.37872340425531914,0.37446808510638296,0.0013657809467986226
2,hungary,candidate_no_entropy,4,full,47,94,0.39148936170212767,0.9327707290649414,0.7829787234042553,0.001595744680851064,0.9984042553191489,0.7291741990848816,False,0.41041746735572815,0.41195055842399597,0.39148936170212767,0.39148936170212767,0.0016161910025402904
2,hungary,candidate_no_entropy,5,full,47,94,0.4025423728813559,0.9324305057525635,0.8050847457627118,0.00211864406779661,0.9978813559322034,0.7490951411214172,False,0.4146442115306854,0.4160255789756775,0.4025423728813559,0.3983050847457627,0.0012297246139496565
2,hungary,candidate_no_anchor,1,full,47,94,0.3702127659574468,0.9238357543945312,0.7404255319148936,0.0005319148936170213,0.999468085106383,0.6836677332645413,False,0.41929540038108826,0.40930530428886414,0.3702127659574468,0.3574468085106383,0.00721450662240386
2,hungary,candidate_no_anchor,2,full,47,94,0.39574468085106385,0.9334055185317993,0.7914893617021277,0.002127659574468085,0.997872340425532,0.737208664586718,False,0.40434184670448303,0.39464449882507324,0.39574468085106385,0.3829787234042553,0.0065515837632119656
2,hungary,candidate_no_anchor,3,full,47,94,0.37872340425531914,0.9312973022460938,0.7574468085106383,0.002127659574468085,0.997872340425532,0.7039073009154224,False,0.408514142036438,0.3989119529724121,0.37872340425531914,0.3617021276595745,0.006931416690349579
2,hungary,candidate_no_anchor,4,full,47,94,0.39148936170212767,0.9327707290649414,0.7829787234042553,0.001595744680851064,0.9984042553191489,0.7291741990848816,False,0.41041746735572815,0.40031445026397705,0.39148936170212767,0.3702127659574468,0.007449452765285969
2,hungary,candidate_no_anchor,5,full,47,94,0.4025423728813559,0.9324305057525635,0.8050847457627118,0.00211864406779661,0.9978813559322034,0.7490951411214172,False,0.4146442115306854,0.4052586853504181,0.4025423728813559,0.3813559322033898,0.00683043384924531
2,hungary,candidate_no_prior,1,full,47,94,0.3702127659574468,0.9238357543945312,0.7404255319148936,0.0005319148936170213,0.999468085106383,0.6836677332645413,False,0.41929540038108826,0.41768765449523926,0.3702127659574468,0.3659574468085106,0.0020611246582120657
2,hungary,candidate_no_prior,2,full,47,94,0.39574468085106385,0.9334055185317993,0.7914893617021277,0.002127659574468085,0.997872340425532,0.737208664586718,False,0.40434184670448303,0.40254464745521545,0.39574468085106385,0.39148936170212767,0.0023889599833637476
2,hungary,candidate_no_prior,3,full,47,94,0.37872340425531914,0.9312973022460938,0.7574468085106383,0.002127659574468085,0.997872340425532,0.7039073009154224,False,0.408514142036438,0.4073963165283203,0.37872340425531914,0.3702127659574468,0.001968849916011095
2,hungary,candidate_no_prior,4,full,47,94,0.39148936170212767,0.9327707290649414,0.7829787234042553,0.001595744680851064,0.9984042553191489,0.7291741990848816,False,0.41041746735572815,0.4086276888847351,0.39148936170212767,0.37872340425531914,0.002489801263436675
2,hungary,candidate_no_prior,5,full,47,94,0.4025423728813559,0.9324305057525635,0.8050847457627118,0.00211864406779661,0.9978813559322034,0.7490951411214172,False,0.4146442115306854,0.41316694021224976,0.4025423728813559,0.3940677966101695,0.0019588973373174667
2,hungary,unit_reliability,1,unit,47,94,0.3702127659574468,0.9238357543945312,0.7404255319148936,0.0005319148936170213,0.999468085106383,1.0,False,0.41929540038108826,0.4162164330482483,0.3702127659574468,0.3617021276595745,0.0029402601066976786
2,hungary,unit_reliability,2,unit,47,94,0.39574468085106385,0.9334055185317993,0.7914893617021277,0.002127659574468085,0.997872340425532,1.0,False,0.40434184670448303,0.4013703167438507,0.39574468085106385,0.3872340425531915,0.002972855232656002
2,hungary,unit_reliability,3,unit,47,94,0.37872340425531914,0.9312973022460938,0.7574468085106383,0.002127659574468085,0.997872340425532,1.0,False,0.408514142036438,0.4060717523097992,0.37872340425531914,0.3659574468085106,0.0027383044362068176
2,hungary,unit_reliability,4,unit,47,94,0.39148936170212767,0.9327707290649414,0.7829787234042553,0.001595744680851064,0.9984042553191489,1.0,False,0.41041746735572815,0.40727499127388,0.39148936170212767,0.37872340425531914,0.0032835823949426413
2,hungary,unit_reliability,5,unit,47,94,0.4025423728813559,0.9324305057525635,0.8050847457627118,0.00211864406779661,0.9978813559322034,1.0,False,0.4146442115306854,0.412188321352005,0.4025423728813559,0.3940677966101695,0.0025391229428350925
2,hungary,no_missingness_factor,1,no_missingness,47,94,0.3702127659574468,0.9238357543945312,0.7404255319148936,0.0005319148936170213,0.999468085106383,0.6840315798495678,False,0.41929540038108826,0.41763171553611755,0.3702127659574468,0.3617021276595745,0.0021484869066625834
2,hungary,no_missingness_factor,2,no_missingness,47,94,0.39574468085106385,0.9334055185317993,0.7914893617021277,0.002127659574468085,0.997872340425532,0.7387805380719774,False,0.40434184670448303,0.40247538685798645,0.39574468085106385,0.39148936170212767,0.0025145607069134712
2,hungary,no_missingness_factor,3,no_missingness,47,94,0.37872340425531914,0.9312973022460938,0.7574468085106383,0.002127659574468085,0.997872340425532,0.705408169360871,False,0.408514142036438,0.40730857849121094,0.37872340425531914,0.3702127659574468,0.0020914350170642138
2,hungary,no_missingness_factor,4,no_missingness,47,94,0.39148936170212767,0.9327707290649414,0.7829787234042553,0.001595744680851064,0.9984042553191489,0.7303396346721244,False,0.41041746735572815,0.4085225760936737,0.39148936170212767,0.37872340425531914,0.0026680449955165386
2,hungary,no_missingness_factor,5,no_missingness,47,94,0.4025423728813559,0.9324305057525635,0.8050847457627118,0.00211864406779661,0.9978813559322034,0.7506855766651994,False,0.4146442115306854,0.4131295680999756,0.4025423728813559,0.3940677966101695,0.0020158113911747932
2,hungary,no_class_support_factor,1,no_class_support,47,94,0.3702127659574468,0.9238357543945312,0.7404255319148936,0.0005319148936170213,0.999468085106383,0.9233443523975129,False,0.41929540038108826,0.4165533781051636,0.3702127659574468,0.3617021276595745,0.0027415091171860695
2,hungary,no_class_support_factor,2,no_class_support,47,94,0.39574468085106385,0.9334055185317993,0.7914893617021277,0.002127659574468085,0.997872340425532,0.9314195493434339,False,0.40434184670448303,0.4016527235507965,0.39574468085106385,0.3872340425531915,0.0028528624679893255
2,hungary,no_class_support_factor,3,no_class_support,47,94,0.37872340425531914,0.9312973022460938,0.7574468085106383,0.002127659574468085,0.997872340425532,0.9293158186242936,False,0.408514142036438,0.40636110305786133,0.37872340425531914,0.3659574468085106,0.0025815588887780905
2,hungary,no_class_support_factor,4,no_class_support,47,94,0.39148936170212767,0.9327707290649414,0.7829787234042553,0.001595744680851064,0.9984042553191489,0.9312822651355824,False,0.41041746735572815,0.4075857698917389,0.39148936170212767,0.37872340425531914,0.003124106675386429
2,hungary,no_class_support_factor,5,no_class_support,47,94,0.4025423728813559,0.9324305057525635,0.8050847457627118,0.00211864406779661,0.9978813559322034,0.9304550173929182,False,0.4146442115306854,0.4124438166618347,0.4025423728813559,0.3940677966101695,0.0023930410388857126
2,hungary,no_confidence_factor,1,no_confidence,47,94,0.3702127659574468,0.9238357543945312,0.7404255319148936,0.0005319148936170213,0.999468085106383,0.7400316885468537,False,0.41929540038108826,0.41737568378448486,0.3702127659574468,0.3617021276595745,0.002283293753862381
2,hungary,no_confidence_factor,2,no_confidence,47,94,0.39574468085106385,0.9334055185317993,0.7914893617021277,0.002127659574468085,0.997872340425532,0.7898053417836126,False,0.40434184670448303,0.4022529125213623,0.39574468085106385,0.39148936170212767,0.0026025797706097364
2,hungary,no_confidence_factor,3,no_confidence,47,94,0.37872340425531914,0.9312973022460938,0.7574468085106383,0.002127659574468085,0.997872340425532,0.7558352195563603,False,0.408514142036438,0.4070878028869629,0.37872340425531914,0.3702127659574468,0.0021968295332044363
2,hungary,no_confidence_factor,4,no_confidence,47,94,0.39148936170212767,0.9327707290649414,0.7829787234042553,0.001595744680851064,0.9984042553191489,0.7817292892711634,False,0.41041746735572815,0.4082760810852051,0.39148936170212767,0.37872340425531914,0.002785234246402979
2,hungary,no_confidence_factor,5,no_confidence,47,94,0.4025423728813559,0.9324305057525635,0.8050847457627118,0.00211864406779661,0.9978813559322034,0.8033790577420281,False,0.4146442115306854,0.41292664408683777,0.4025423728813559,0.3940677966101695,0.0021261214278638363
2,switzerland,candidate_full,1,full,20,40,0.7755102040816326,0.8399308919906616,0.44897959183673475,0.012755102040816325,0.9872448979591837,0.3723017291966105,False,0.4439796507358551,0.4422518014907837,0.7755102040816326,0.7755102040816326,0.003822019789367914
2,switzerland,candidate_full,2,full,20,40,0.7448979591836735,0.8425754308700562,0.510204081632653,0.007653061224489795,0.9923469387755102,0.4265954844445697,False,0.45103731751441956,0.4505714774131775,0.7448979591836735,0.7448979591836735,0.001735122874379158
2,switzerland,candidate_full,3,full,20,40,0.7448979591836735,0.835338294506073,0.510204081632653,0.011479591836734693,0.9885204081632653,0.42130048563242295,False,0.4715110957622528,0.4705179035663605,0.7448979591836735,0.7551020408163265,0.002897551516070962
2,switzerland,candidate_full,4,full,20,40,0.7373737373737373,0.8525787591934204,0.5252525252525253,0.01388888888888889,0.9861111111111112,0.4415994358785225,False,0.4542008936405182,0.45379897952079773,0.7373737373737373,0.7373737373737373,0.001369019504636526
2,switzerland,candidate_full,5,full,20,40,0.7373737373737373,0.8562591671943665,0.5252525252525253,0.0101010101010101,0.98989898989899,0.44520933741684443,False,0.43656712770462036,0.43608352541923523,0.7373737373737373,0.7373737373737373,0.00209424807690084
2,switzerland,candidate_no_entropy,1,full,20,40,0.7755102040816326,0.8399308919906616,0.44897959183673475,0.012755102040816325,0.9872448979591837,0.3723017291966105,False,0.4439796507358551,0.4433048367500305,0.7755102040816326,0.7755102040816326,0.003086529904976487
2,switzerland,candidate_no_entropy,2,full,20,40,0.7448979591836735,0.8425754308700562,0.510204081632653,0.007653061224489795,0.9923469387755102,0.4265954844445697,False,0.45103731751441956,0.45180001854896545,0.7448979591836735,0.7448979591836735,0.0015748711302876472
2,switzerland,candidate_no_entropy,3,full,20,40,0.7448979591836735,0.835338294506073,0.510204081632653,0.011479591836734693,0.9885204081632653,0.42130048563242295,False,0.4715110957622528,0.47154155373573303,0.7448979591836735,0.7448979591836735,0.002357185585424304
2,switzerland,candidate_no_entropy,4,full,20,40,0.7373737373737373,0.8525787591934204,0.5252525252525253,0.01388888888888889,0.9861111111111112,0.4415994358785225,False,0.4542008936405182,0.45492276549339294,0.7373737373737373,0.7373737373737373,0.001176198828034103
2,switzerland,candidate_no_entropy,5,full,20,40,0.7373737373737373,0.8562591671943665,0.5252525252525253,0.0101010101010101,0.98989898989899,0.44520933741684443,False,0.43656712770462036,0.4373732805252075,0.7373737373737373,0.7373737373737373,0.0018662172369658947
2,switzerland,candidate_no_anchor,1,full,20,40,0.7755102040816326,0.8399308919906616,0.44897959183673475,0.012755102040816325,0.9872448979591837,0.3723017291966105,False,0.4439796507358551,0.43556615710258484,0.7755102040816326,0.7857142857142857,0.009943190962076187
2,switzerland,candidate_no_anchor,2,full,20,40,0.7448979591836735,0.8425754308700562,0.510204081632653,0.007653061224489795,0.9923469387755102,0.4265954844445697,False,0.45103731751441956,0.44277891516685486,0.7448979591836735,0.7653061224489796,0.008019746281206608
2,switzerland,candidate_no_anchor,3,full,20,40,0.7448979591836735,0.835338294506073,0.510204081632653,0.011479591836734693,0.9885204081632653,0.42130048563242295,False,0.4715110957622528,0.4641416072845459,0.7448979591836735,0.7551020408163265,0.009457465261220932
2,switzerland,candidate_no_anchor,4,full,20,40,0.7373737373737373,0.8525787591934204,0.5252525252525253,0.01388888888888889,0.9861111111111112,0.4415994358785225,False,0.4542008936405182,0.4467599391937256,0.7373737373737373,0.7474747474747475,0.007565521635115147
2,switzerland,candidate_no_anchor,5,full,20,40,0.7373737373737373,0.8562591671943665,0.5252525252525253,0.0101010101010101,0.98989898989899,0.44520933741684443,False,0.43656712770462036,0.4282259941101074,0.7373737373737373,0.7474747474747475,0.0072841946966946125
2,switzerland,candidate_no_prior,1,full,20,40,0.7755102040816326,0.8399308919906616,0.44897959183673475,0.012755102040816325,0.9872448979591837,0.3723017291966105,False,0.4439796507358551,0.44265496730804443,0.7755102040816326,0.7755102040816326,0.003272462170571089
2,switzerland,candidate_no_prior,2,full,20,40,0.7448979591836735,0.8425754308700562,0.510204081632653,0.007653061224489795,0.9923469387755102,0.4265954844445697,False,0.45103731751441956,0.4508498013019562,0.7448979591836735,0.7448979591836735,0.001427793176844716
2,switzerland,candidate_no_prior,3,full,20,40,0.7448979591836735,0.835338294506073,0.510204081632653,0.011479591836734693,0.9885204081632653,0.42130048563242295,False,0.4715110957622528,0.470822274684906,0.7448979591836735,0.7448979591836735,0.002384018152952194
2,switzerland,candidate_no_prior,4,full,20,40,0.7373737373737373,0.8525787591934204,0.5252525252525253,0.01388888888888889,0.9861111111111112,0.4415994358785225,False,0.4542008936405182,0.45402130484580994,0.7373737373737373,0.7373737373737373,0.0010634547797963023
2,switzerland,candidate_no_prior,5,full,20,40,0.7373737373737373,0.8562591671943665,0.5252525252525253,0.0101010101010101,0.98989898989899,0.44520933741684443,False,0.43656712770462036,0.436305433511734,0.7373737373737373,0.7373737373737373,0.0017847338458523154
2,switzerland,unit_reliability,1,unit,20,40,0.7755102040816326,0.8399308919906616,0.44897959183673475,0.012755102040816325,0.9872448979591837,1.0,False,0.4439796507358551,0.44058048725128174,0.7755102040816326,0.7755102040816326,0.005024673417210579
2,switzerland,unit_reliability,2,unit,20,40,0.7448979591836735,0.8425754308700562,0.510204081632653,0.007653061224489795,0.9923469387755102,1.0,False,0.45103731751441956,0.4489477872848511,0.7448979591836735,0.7448979591836735,0.0027214237488806248
2,switzerland,unit_reliability,3,unit,20,40,0.7448979591836735,0.835338294506073,0.510204081632653,0.011479591836734693,0.9885204081632653,1.0,False,0.4715110957622528,0.46921220421791077,0.7448979591836735,0.7551020408163265,0.0038973470218479633
2,switzerland,unit_reliability,4,unit,20,40,0.7373737373737373,0.8525787591934204,0.5252525252525253,0.01388888888888889,0.9861111111111112,1.0,False,0.4542008936405182,0.4524257183074951,0.7373737373737373,0.7373737373737373,0.002259416040033102
2,switzerland,unit_reliability,5,unit,20,40,0.7373737373737373,0.8562591671943665,0.5252525252525253,0.0101010101010101,0.98989898989899,1.0,False,0.43656712770462036,0.43446677923202515,0.7373737373737373,0.7373737373737373,0.0030556765850633383
2,switzerland,no_missingness_factor,1,no_missingness,20,40,0.7755102040816326,0.8399308919906616,0.44897959183673475,0.012755102040816325,0.9872448979591837,0.3771118290570318,False,0.4439796507358551,0.44223856925964355,0.7755102040816326,0.7755102040816326,0.0038315742276608944
2,switzerland,no_missingness_factor,2,no_missingness,20,40,0.7448979591836735,0.8425754308700562,0.510204081632653,0.007653061224489795,0.9923469387755102,0.4298854239132939,False,0.45103731751441956,0.45056211948394775,0.7448979591836735,0.7448979591836735,0.0017385995015501976
2,switzerland,no_missingness_factor,3,no_missingness,20,40,0.7448979591836735,0.835338294506073,0.510204081632653,0.011479591836734693,0.9885204081632653,0.4261930074010576,False,0.4715110957622528,0.4705066382884979,0.7448979591836735,0.7551020408163265,0.002906168345361948
2,switzerland,no_missingness_factor,4,no_missingness,20,40,0.7373737373737373,0.8525787591934204,0.5252525252525253,0.01388888888888889,0.9861111111111112,0.4478191462430087,False,0.4542008936405182,0.45378366112709045,0.7373737373737373,0.7373737373737373,0.0013763587921857834
2,switzerland,no_missingness_factor,5,no_missingness,20,40,0.7373737373737373,0.8562591671943665,0.5252525252525253,0.0101010101010101,0.98989898989899,0.44975228983946525,False,0.43656712770462036,0.4360707104206085,0.7373737373737373,0.7373737373737373,0.002100111683830619
2,switzerland,no_class_support_factor,1,no_class_support,20,40,0.7755102040816326,0.8399308919906616,0.44897959183673475,0.012755102040816325,0.9872448979591837,0.8292174877560868,False,0.4439796507358551,0.44101038575172424,0.7755102040816326,0.7755102040816326,0.0047159078530967236
2,switzerland,no_class_support_factor,2,no_class_support,20,40,0.7448979591836735,0.8425754308700562,0.510204081632653,0.007653061224489795,0.9923469387755102,0.8361271495113567,False,0.45103731751441956,0.4494127929210663,0.7448979591836735,0.7448979591836735,0.0024177448358386755
2,switzerland,no_class_support_factor,3,no_class_support,20,40,0.7448979591836735,0.835338294506073,0.510204081632653,0.011479591836734693,0.9885204081632653,0.8257489518395491,False,0.4715110957622528,0.46958988904953003,0.7448979591836735,0.7551020408163265,0.003605918027460575
2,switzerland,no_class_support_factor,4,no_class_support,20,40,0.7373737373737373,0.8525787591934204,0.5252525252525253,0.01388888888888889,0.9861111111111112,0.8407373875379562,False,0.4542008936405182,0.45280903577804565,0.7373737373737373,0.7373737373737373,0.0019877918530255556
2,switzerland,no_class_support_factor,5,no_class_support,20,40,0.7373737373737373,0.8562591671943665,0.5252525252525253,0.0101010101010101,0.98989898989899,0.8476100846974537,False,0.43656712770462036,0.4349014163017273,0.7373737373737373,0.7373737373737373,0.0027844435535371304
2,switzerland,no_confidence_factor,1,no_confidence,20,40,0.7755102040816326,0.8399308919906616,0.44897959183673475,0.012755102040816325,0.9872448979591837,0.44325281132861316,False,0.4439796507358551,0.44205334782600403,0.7755102040816326,0.7755102040816326,0.003964918199926615
2,switzerland,no_confidence_factor,2,no_confidence,20,40,0.7448979591836735,0.8425754308700562,0.510204081632653,0.007653061224489795,0.9923469387755102,0.5062994585589337,False,0.45103731751441956,0.45034435391426086,0.7448979591836735,0.7448979591836735,0.0018436750397086143
2,switzerland,no_confidence_factor,3,no_confidence,20,40,0.7448979591836735,0.835338294506073,0.510204081632653,0.011479591836734693,0.9885204081632653,0.5043471470220741,False,0.4715110957622528,0.4703211188316345,0.7448979591836735,0.7551020408163265,0.0030451356433331966
2,switzerland,no_confidence_factor,4,no_confidence,20,40,0.7373737373737373,0.8525787591934204,0.5252525252525253,0.01388888888888889,0.9861111111111112,0.5179573512906847,False,0.4542008936405182,0.4536120891571045,0.7373737373737373,0.7373737373737373,0.0014594746753573418
2,switzerland,no_confidence_factor,5,no_confidence,20,40,0.7373737373737373,0.8562591671943665,0.5252525252525253,0.0101010101010101,0.98989898989899,0.5199469441893685,False,0.43656712770462036,0.43586021661758423,0.7373737373737373,0.7373737373737373,0.0022101167123764753
2,va_long_beach,candidate_full,1,full,32,64,0.7625,0.8466918468475342,0.4750000000000001,0.13984375,0.86015625,0.345936459847726,False,0.4394850730895996,0.4383164346218109,0.7625,0.7625,0.0027840284164994955
2,va_long_beach,candidate_full,2,full,32,64,0.79375,0.8287954330444336,0.4125000000000001,0.13828125000000002,0.86171875,0.2946027828846127,False,0.44053101539611816,0.43921661376953125,0.79375,0.79375,0.0030859236139804125
2,va_long_beach,candidate_full,3,full,32,64,0.79375,0.8284490704536438,0.4125000000000001,0.12578125,0.87421875,0.2987513557093917,False,0.4400861859321594,0.43838757276535034,0.79375,0.79375,0.003579088719561696
2,va_long_beach,candidate_full,4,full,32,64,0.79375,0.8319090604782104,0.4125000000000001,0.1328125,0.8671875,0.29758621958317244,False,0.43480223417282104,0.43234890699386597,0.79375,0.79375,0.003738104598596692
2,va_long_beach,candidate_full,5,full,32,64,0.75625,0.8445829749107361,0.48750000000000004,0.14765625,0.85234375,0.35093907226051674,False,0.44851452112197876,0.4480109214782715,0.75625,0.75625,0.0022109486162662506
2,va_long_beach,candidate_no_entropy,1,full,32,64,0.7625,0.8466918468475342,0.4750000000000001,0.13984375,0.86015625,0.345936459847726,False,0.4394850730895996,0.4395597577095032,0.7625,0.7625,0.002222034614533186
2,va_long_beach,candidate_no_entropy,2,full,32,64,0.79375,0.8287954330444336,0.4125000000000001,0.13828125000000002,0.86171875,0.2946027828846127,False,0.44053101539611816,0.440335750579834,0.79375,0.79375,0.002447813283652067
2,va_long_beach,candidate_no_entropy,3,full,32,64,0.79375,0.8284490704536438,0.4125000000000001,0.12578125,0.87421875,0.2987513557093917,False,0.4400861859321594,0.43952998518943787,0.79375,0.79375,0.00284756300970912
2,va_long_beach,candidate_no_entropy,4,full,32,64,0.79375,0.8319090604782104,0.4125000000000001,0.1328125,0.8671875,0.29758621958317244,False,0.43480223417282104,0.4333786964416504,0.79375,0.79375,0.003056459128856659
2,va_long_beach,candidate_no_entropy,5,full,32,64,0.75625,0.8445829749107361,0.48750000000000004,0.14765625,0.85234375,0.35093907226051674,False,0.44851452112197876,0.4491645395755768,0.75625,0.75625,0.0018403863068670034
2,va_long_beach,candidate_no_anchor,1,full,32,64,0.7625,0.8466918468475342,0.4750000000000001,0.13984375,0.86015625,0.345936459847726,False,0.4394850730895996,0.43163037300109863,0.7625,0.76875,0.007780144922435284
2,va_long_beach,candidate_no_anchor,2,full,32,64,0.79375,0.8287954330444336,0.4125000000000001,0.13828125000000002,0.86171875,0.2946027828846127,False,0.44053101539611816,0.43191391229629517,0.79375,0.79375,0.00934682972729206
2,va_long_beach,candidate_no_anchor,3,full,32,64,0.79375,0.8284490704536438,0.4125000000000001,0.12578125,0.87421875,0.2987513557093917,False,0.4400861859321594,0.4318365156650543,0.79375,0.8,0.00938072707504034
2,va_long_beach,candidate_no_anchor,4,full,32,64,0.79375,0.8319090604782104,0.4125000000000001,0.1328125,0.8671875,0.29758621958317244,False,0.43480223417282104,0.42698660492897034,0.79375,0.8,0.009001793339848518
2,va_long_beach,candidate_no_anchor,5,full,32,64,0.75625,0.8445829749107361,0.48750000000000004,0.14765625,0.85234375,0.35093907226051674,False,0.44851452112197876,0.4410431981086731,0.75625,0.7625,0.0077233510091900826
2,va_long_beach,candidate_no_prior,1,full,32,64,0.7625,0.8466918468475342,0.4750000000000001,0.13984375,0.86015625,0.345936459847726,False,0.4394850730895996,0.43861016631126404,0.7625,0.7625,0.002380802296102047
2,va_long_beach,candidate_no_prior,2,full,32,64,0.79375,0.8287954330444336,0.4125000000000001,0.13828125000000002,0.86171875,0.2946027828846127,False,0.44053101539611816,0.4396804869174957,0.79375,0.79375,0.0025427257642149925
2,va_long_beach,candidate_no_prior,3,full,32,64,0.79375,0.8284490704536438,0.4125000000000001,0.12578125,0.87421875,0.2987513557093917,False,0.4400861859321594,0.4388224482536316,0.79375,0.79375,0.003067885059863329
2,va_long_beach,candidate_no_prior,4,full,32,64,0.79375,0.8319090604782104,0.4125000000000001,0.1328125,0.8671875,0.29758621958317244,False,0.43480223417282104,0.43270331621170044,0.79375,0.79375,0.0032610218040645123
2,va_long_beach,candidate_no_prior,5,full,32,64,0.75625,0.8445829749107361,0.48750000000000004,0.14765625,0.85234375,0.35093907226051674,False,0.44851452112197876,0.448281854391098,0.75625,0.75625,0.0018317149952054024
2,va_long_beach,unit_reliability,1,unit,32,64,0.7625,0.8466918468475342,0.4750000000000001,0.13984375,0.86015625,1.0,False,0.4394850730895996,0.43615588545799255,0.7625,0.7625,0.004133035894483328
2,va_long_beach,unit_reliability,2,unit,32,64,0.79375,0.8287954330444336,0.4125000000000001,0.13828125000000002,0.86171875,1.0,False,0.44053101539611816,0.43673986196517944,0.79375,0.79375,0.004795081913471222
2,va_long_beach,unit_reliability,3,unit,32,64,0.79375,0.8284490704536438,0.4125000000000001,0.12578125,0.87421875,1.0,False,0.4400861859321594,0.4360230565071106,0.79375,0.79375,0.005246973596513271
2,va_long_beach,unit_reliability,4,unit,32,64,0.79375,0.8319090604782104,0.4125000000000001,0.1328125,0.8671875,1.0,False,0.43480223417282104,0.43033188581466675,0.79375,0.79375,0.005114519037306309
2,va_long_beach,unit_reliability,5,unit,32,64,0.75625,0.8445829749107361,0.48750000000000004,0.14765625,0.85234375,1.0,False,0.44851452112197876,0.44593626260757446,0.75625,0.75625,0.003599724266678095
2,va_long_beach,no_missingness_factor,1,no_missingness,32,64,0.7625,0.8466918468475342,0.4750000000000001,0.13984375,0.86015625,0.4021786272525788,False,0.4394850730895996,0.4381197392940521,0.7625,0.7625,0.0029080859385430813
2,va_long_beach,no_missingness_factor,2,no_missingness,32,64,0.79375,0.8287954330444336,0.4125000000000001,0.13828125000000002,0.86171875,0.3418781161308289,False,0.44053101539611816,0.43904000520706177,0.79375,0.79375,0.0032061240635812283
2,va_long_beach,no_missingness_factor,3,no_missingness,32,64,0.79375,0.8284490704536438,0.4125000000000001,0.12578125,0.87421875,0.34173524156212814,False,0.4400861859321594,0.4382190704345703,0.79375,0.79375,0.0036969364155083895
2,va_long_beach,no_missingness_factor,4,no_missingness,32,64,0.79375,0.8319090604782104,0.4125000000000001,0.1328125,0.8671875,0.3431624874472619,False,0.43480223417282104,0.4321978688240051,0.79375,0.79375,0.0038390508852899075
2,va_long_beach,no_missingness_factor,5,no_missingness,32,64,0.75625,0.8445829749107361,0.48750000000000004,0.14765625,0.85234375,0.4117342002689839,False,0.44851452112197876,0.4478103518486023,0.75625,0.75625,0.0023386406246572733
2,va_long_beach,no_class_support_factor,1,no_class_support,32,64,0.7625,0.8466918468475342,0.4750000000000001,0.13984375,0.86015625,0.7282872838899492,False,0.4394850730895996,0.43700218200683594,0.7625,0.7625,0.0036028579343110323
2,va_long_beach,no_class_support_factor,2,no_class_support,32,64,0.79375,0.8287954330444336,0.4125000000000001,0.13828125000000002,0.86171875,0.714188564568758,False,0.44053101539611816,0.43768104910850525,0.79375,0.79375,0.004141691606491804
2,va_long_beach,no_class_support_factor,3,no_class_support,32,64,0.79375,0.8284490704536438,0.4125000000000001,0.12578125,0.87421875,0.7242457108106465,False,0.4400861859321594,0.43687352538108826,0.79375,0.79375,0.004640309140086174
2,va_long_beach,no_class_support_factor,4,no_class_support,32,64,0.79375,0.8319090604782104,0.4125000000000001,0.1328125,0.8671875,0.7214211383834481,False,0.43480223417282104,0.4310585558414459,0.79375,0.79375,0.004612407181411982
2,va_long_beach,no_class_support_factor,5,no_class_support,32,64,0.75625,0.8445829749107361,0.48750000000000004,0.14765625,0.85234375,0.7198750200215727,False,0.44851452112197876,0.44680747389793396,0.75625,0.75625,0.0030152276158332825
2,va_long_beach,no_confidence_factor,1,no_confidence,32,64,0.7625,0.8466918468475342,0.4750000000000001,0.13984375,0.86015625,0.40857421875000005,False,0.4394850730895996,0.438096821308136,0.7625,0.7625,0.002921412466093898
2,va_long_beach,no_confidence_factor,2,no_confidence,32,64,0.79375,0.8287954330444336,0.4125000000000001,0.13828125000000002,0.86171875,0.35545898437500006,False,0.44053101539611816,0.43898648023605347,0.79375,0.79375,0.0032419762574136257
2,va_long_beach,no_confidence_factor,3,no_confidence,32,64,0.79375,0.8284490704536438,0.4125000000000001,0.12578125,0.87421875,0.3606152343750001,False,0.4400861859321594,0.43814802169799805,0.79375,0.79375,0.003746184054762125
2,va_long_beach,no_confidence_factor,4,no_confidence,32,64,0.79375,0.8319090604782104,0.4125000000000001,0.1328125,0.8671875,0.35771484375000007,False,0.43480223417282104,0.43214911222457886,0.79375,0.79375,0.0038717363495379686
2,va_long_beach,no_confidence_factor,5,no_confidence,32,64,0.75625,0.8445829749107361,0.48750000000000004,0.14765625,0.85234375,0.415517578125,False,0.44851452112197876,0.44779807329177856,0.75625,0.75625,0.002347183646634221
3,hungary,candidate_full,1,full,47,94,0.3574468085106383,0.9225510358810425,0.7148936170212766,0.0005319148936170213,0.999468085106383,0.6591750353070177,False,0.4271661937236786,0.42600956559181213,0.3574468085106383,0.3574468085106383,0.0020047405268996954
3,hungary,candidate_full,2,full,47,94,0.4,0.9303341507911682,0.8,0.002127659574468085,0.997872340425532,0.7426837731422263,False,0.4139077663421631,0.41209256649017334,0.4,0.4,0.0014295991277322173
3,hungary,candidate_full,3,full,47,94,0.35319148936170214,0.9289928078651428,0.7063829787234043,0.002127659574468085,0.997872340425532,0.6548284840519043,False,0.4133792817592621,0.41187146306037903,0.35319148936170214,0.35319148936170214,0.002061537466943264
3,hungary,candidate_full,4,full,47,94,0.3702127659574468,0.9305661916732788,0.7404255319148936,0.001595744680851064,0.9984042553191489,0.6879154754823664,False,0.4169922471046448,0.41602063179016113,0.3702127659574468,0.3702127659574468,0.0010441777994856238
3,hungary,candidate_full,5,full,47,94,0.3898305084745763,0.9319260716438293,0.7796610169491526,0.00211864406779661,0.9978813559322034,0.7250470507122668,False,0.4188595712184906,0.41764140129089355,0.3898305084745763,0.3898305084745763,0.0011497754603624344
3,hungary,candidate_no_entropy,1,full,47,94,0.3574468085106383,0.9225510358810425,0.7148936170212766,0.0005319148936170213,0.999468085106383,0.6591750353070177,False,0.4271661937236786,0.42871925234794617,0.3574468085106383,0.3574468085106383,0.0013413656270131469
3,hungary,candidate_no_entropy,2,full,47,94,0.4,0.9303341507911682,0.8,0.002127659574468085,0.997872340425532,0.7426837731422263,False,0.4139077663421631,0.41494789719581604,0.4,0.4,0.0008428868022747338
3,hungary,candidate_no_entropy,3,full,47,94,0.35319148936170214,0.9289928078651428,0.7063829787234043,0.002127659574468085,0.997872340425532,0.6548284840519043,False,0.4133792817592621,0.4143446981906891,0.35319148936170214,0.35319148936170214,0.0012132145930081606
3,hungary,candidate_no_entropy,4,full,47,94,0.3702127659574468,0.9305661916732788,0.7404255319148936,0.001595744680851064,0.9984042553191489,0.6879154754823664,False,0.4169922471046448,0.418853759765625,0.3702127659574468,0.3702127659574468,0.0013685947051271796
3,hungary,candidate_no_entropy,5,full,47,94,0.3898305084745763,0.9319260716438293,0.7796610169491526,0.00211864406779661,0.9978813559322034,0.7250470507122668,False,0.4188595712184906,0.42027050256729126,0.3898305084745763,0.3898305084745763,0.0009231576113961637
3,hungary,candidate_no_anchor,1,full,47,94,0.3574468085106383,0.9225510358810425,0.7148936170212766,0.0005319148936170213,0.999468085106383,0.6591750353070177,False,0.4271661937236786,0.41834717988967896,0.3574468085106383,0.3574468085106383,0.006472295615822077
3,hungary,candidate_no_anchor,2,full,47,94,0.4,0.9303341507911682,0.8,0.002127659574468085,0.997872340425532,0.7426837731422263,False,0.4139077663421631,0.40534707903862,0.4,0.4,0.005717656575143337
3,hungary,candidate_no_anchor,3,full,47,94,0.35319148936170214,0.9289928078651428,0.7063829787234043,0.002127659574468085,0.997872340425532,0.6548284840519043,False,0.4133792817592621,0.4048132002353668,0.35319148936170214,0.35319148936170214,0.006344693247228861
3,hungary,candidate_no_anchor,4,full,47,94,0.3702127659574468,0.9305661916732788,0.7404255319148936,0.001595744680851064,0.9984042553191489,0.6879154754823664,False,0.4169922471046448,0.40799665451049805,0.3702127659574468,0.3702127659574468,0.006407455541193485
3,hungary,candidate_no_anchor,5,full,47,94,0.3898305084745763,0.9319260716438293,0.7796610169491526,0.00211864406779661,0.9978813559322034,0.7250470507122668,False,0.4188595712184906,0.4105784595012665,0.3898305084745763,0.3898305084745763,0.005933564621955156
3,hungary,candidate_no_prior,1,full,47,94,0.3574468085106383,0.9225510358810425,0.7148936170212766,0.0005319148936170213,0.999468085106383,0.6591750353070177,False,0.4271661937236786,0.4260972738265991,0.3574468085106383,0.3574468085106383,0.001842415309511125
3,hungary,candidate_no_prior,2,full,47,94,0.4,0.9303341507911682,0.8,0.002127659574468085,0.997872340425532,0.7426837731422263,False,0.4139077663421631,0.4120922386646271,0.4,0.4,0.0014035120839253068
3,hungary,candidate_no_prior,3,full,47,94,0.35319148936170214,0.9289928078651428,0.7063829787234043,0.002127659574468085,0.997872340425532,0.6548284840519043,False,0.4133792817592621,0.41193580627441406,0.35319148936170214,0.35319148936170214,0.001891044550575316
3,hungary,candidate_no_prior,4,full,47,94,0.3702127659574468,0.9305661916732788,0.7404255319148936,0.001595744680851064,0.9984042553191489,0.6879154754823664,False,0.4169922471046448,0.4160443842411041,0.3702127659574468,0.3702127659574468,0.0010368598159402609
3,hungary,candidate_no_prior,5,full,47,94,0.3898305084745763,0.9319260716438293,0.7796610169491526,0.00211864406779661,0.9978813559322034,0.7250470507122668,False,0.4188595712184906,0.41766390204429626,0.3898305084745763,0.3898305084745763,0.0011074390495195985
3,hungary,unit_reliability,1,unit,47,94,0.3574468085106383,0.9225510358810425,0.7148936170212766,0.0005319148936170213,0.999468085106383,1.0,False,0.4271661937236786,0.42462459206581116,0.3574468085106383,0.3574468085106383,0.0026291939429938793
3,hungary,unit_reliability,2,unit,47,94,0.4,0.9303341507911682,0.8,0.002127659574468085,0.997872340425532,1.0,False,0.4139077663421631,0.41115429997444153,0.4,0.4,0.0019631951581686735
3,hungary,unit_reliability,3,unit,47,94,0.35319148936170214,0.9289928078651428,0.7063829787234043,0.002127659574468085,0.997872340425532,1.0,False,0.4133792817592621,0.41058018803596497,0.35319148936170214,0.35319148936170214,0.0025951554998755455
3,hungary,unit_reliability,4,unit,47,94,0.3702127659574468,0.9305661916732788,0.7404255319148936,0.001595744680851064,0.9984042553191489,1.0,False,0.4169922471046448,0.4147336781024933,0.3702127659574468,0.3702127659574468,0.0016989518189802766
3,hungary,unit_reliability,5,unit,47,94,0.3898305084745763,0.9319260716438293,0.7796610169491526,0.00211864406779661,0.9978813559322034,1.0,False,0.4188595712184906,0.416666179895401,0.3898305084745763,0.3898305084745763,0.001667530625127256
3,hungary,no_missingness_factor,1,no_missingness,47,94,0.3574468085106383,0.9225510358810425,0.7148936170212766,0.0005319148936170213,0.999468085106383,0.659525846927724,False,0.4271661937236786,0.42600807547569275,0.3574468085106383,0.3574468085106383,0.002005387330427766
3,hungary,no_missingness_factor,2,no_missingness,47,94,0.4,0.9303341507911682,0.8,0.002127659574468085,0.997872340425532,0.7442673206329347,False,0.4139077663421631,0.41208672523498535,0.4,0.4,0.0014326488599181175
3,hungary,no_missingness_factor,3,no_missingness,47,94,0.35319148936170214,0.9289928078651428,0.7063829787234043,0.002127659574468085,0.997872340425532,0.6562247068323988,False,0.4133792817592621,0.41186627745628357,0.35319148936170214,0.35319148936170214,0.0020636445842683315
3,hungary,no_missingness_factor,4,no_missingness,47,94,0.3702127659574468,0.9305661916732788,0.7404255319148936,0.001595744680851064,0.9984042553191489,0.6890149674517043,False,0.4169922471046448,0.4160160720348358,0.3702127659574468,0.3702127659574468,0.001045947545208037
3,hungary,no_missingness_factor,5,no_missingness,47,94,0.3898305084745763,0.9319260716438293,0.7796610169491526,0.00211864406779661,0.9978813559322034,0.7265864287392568,False,0.4188595712184906,0.417635977268219,0.3898305084745763,0.3898305084745763,0.001152209471911192
3,hungary,no_class_support_factor,1,no_class_support,47,94,0.3574468085106383,0.9225510358810425,0.7148936170212766,0.0005319148936170213,0.999468085106383,0.9220603172449355,False,0.4271661937236786,0.4249308109283447,0.3574468085106383,0.3574468085106383,0.00248731835745275
3,hungary,no_class_support_factor,2,no_class_support,47,94,0.4,0.9303341507911682,0.8,0.002127659574468085,0.997872340425532,0.9283547164277828,False,0.4139077663421631,0.4114093482494354,0.4,0.4,0.0018111407989636064
3,hungary,no_class_support_factor,3,no_class_support,47,94,0.35319148936170214,0.9289928078651428,0.7063829787234043,0.002127659574468085,0.997872340425532,0.9270162274228766,False,0.4133792817592621,0.41084206104278564,0.35319148936170214,0.35319148936170214,0.0024786568246781826
3,hungary,no_class_support_factor,4,no_class_support,47,94,0.3702127659574468,0.9305661916732788,0.7404255319148936,0.001595744680851064,0.9984042553191489,0.9290812456227363,False,0.4169922471046448,0.4150232970714569,0.3702127659574468,0.3702127659574468,0.0015270602889358997
3,hungary,no_class_support_factor,5,no_class_support,47,94,0.3898305084745763,0.9319260716438293,0.7796610169491526,0.00211864406779661,0.9978813559322034,0.9299516520005161,False,0.4188595712184906,0.41691136360168457,0.3898305084745763,0.3898305084745763,0.0015241842484101653
3,hungary,no_confidence_factor,1,no_confidence,47,94,0.3574468085106383,0.9225510358810425,0.7148936170212766,0.0005319148936170213,0.999468085106383,0.7145133544590313,False,0.4271661937236786,0.42577916383743286,0.3574468085106383,0.3574468085106383,0.0021063401363790035
3,hungary,no_confidence_factor,2,no_confidence,47,94,0.4,0.9303341507911682,0.8,0.002127659574468085,0.997872340425532,0.7982978723404256,False,0.4139077663421631,0.4118834435939789,0.4,0.4,0.0015410551568493247
3,hungary,no_confidence_factor,3,no_confidence,47,94,0.35319148936170214,0.9289928078651428,0.7063829787234043,0.002127659574468085,0.997872340425532,0.7048800362154822,False,0.4133792817592621,0.41168054938316345,0.35319148936170214,0.35319148936170214,0.002137276576831937
3,hungary,no_confidence_factor,4,no_confidence,47,94,0.3702127659574468,0.9305661916732788,0.7404255319148936,0.001595744680851064,0.9984042553191489,0.739244001810774,False,0.4169922471046448,0.41580730676651,0.3702127659574468,0.3702127659574468,0.0011332035064697266
3,hungary,no_confidence_factor,5,no_confidence,47,94,0.3898305084745763,0.9319260716438293,0.7796610169491526,0.00211864406779661,0.9978813559322034,0.778009192760701,False,0.4188595712184906,0.41744673252105713,0.3898305084745763,0.3898305084745763,0.001239862060174346
3,switzerland,candidate_full,1,full,20,40,0.7653061224489796,0.831839919090271,0.4693877551020409,0.012755102040816325,0.9872448979591837,0.38547517283540733,False,0.4684736430644989,0.4674636721611023,0.7653061224489796,0.7755102040816326,0.003246061969548464
3,switzerland,candidate_full,2,full,20,40,0.7551020408163265,0.8348976969718933,0.48979591836734704,0.007653061224489795,0.9923469387755102,0.40579992185181163,False,0.4761095941066742,0.47559213638305664,0.7551020408163265,0.7551020408163265,0.0018150444375351071
3,switzerland,candidate_full,3,full,20,40,0.7448979591836735,0.8245618939399719,0.510204081632653,0.011479591836734693,0.9885204081632653,0.4158654387517428,False,0.5000112652778625,0.4998931884765625,0.7448979591836735,0.7551020408163265,0.0031122879590839148
3,switzerland,candidate_full,4,full,20,40,0.7272727272727273,0.8400279879570007,0.5454545454545454,0.01388888888888889,0.9861111111111112,0.4518332359465686,False,0.48223811388015747,0.4820564091205597,0.7272727272727273,0.7373737373737373,0.002570121781900525
3,switzerland,candidate_full,5,full,20,40,0.7474747474747475,0.8402643203735352,0.505050505050505,0.0101010101010101,0.98989898989899,0.4200892939322846,False,0.4684920608997345,0.46811386942863464,0.7474747474747475,0.7575757575757576,0.0022606130223721266
3,switzerland,candidate_no_entropy,1,full,20,40,0.7653061224489796,0.831839919090271,0.4693877551020409,0.012755102040816325,0.9872448979591837,0.38547517283540733,False,0.4684736430644989,0.4686008393764496,0.7653061224489796,0.7755102040816326,0.0025528427213430405
3,switzerland,candidate_no_entropy,2,full,20,40,0.7551020408163265,0.8348976969718933,0.48979591836734704,0.007653061224489795,0.9923469387755102,0.40579992185181163,False,0.4761095941066742,0.4768139123916626,0.7551020408163265,0.7551020408163265,0.0016387717332690954
3,switzerland,candidate_no_entropy,3,full,20,40,0.7448979591836735,0.8245618939399719,0.510204081632653,0.011479591836734693,0.9885204081632653,0.4158654387517428,False,0.5000112652778625,0.5009676218032837,0.7448979591836735,0.7551020408163265,0.002844120841473341
3,switzerland,candidate_no_entropy,4,full,20,40,0.7272727272727273,0.8400279879570007,0.5454545454545454,0.01388888888888889,0.9861111111111112,0.4518332359465686,False,0.48223811388015747,0.48325440287590027,0.7272727272727273,0.7373737373737373,0.0023099961690604687
3,switzerland,candidate_no_entropy,5,full,20,40,0.7474747474747475,0.8402643203735352,0.505050505050505,0.0101010101010101,0.98989898989899,0.4200892939322846,False,0.4684920608997345,0.4694559872150421,0.7474747474747475,0.7575757575757576,0.001959068700671196
3,switzerland,candidate_no_anchor,1,full,20,40,0.7653061224489796,0.831839919090271,0.4693877551020409,0.012755102040816325,0.9872448979591837,0.38547517283540733,False,0.4684736430644989,0.4618653357028961,0.7653061224489796,0.7755102040816326,0.0074670989997684956
3,switzerland,candidate_no_anchor,2,full,20,40,0.7551020408163265,0.8348976969718933,0.48979591836734704,0.007653061224489795,0.9923469387755102,0.40579992185181163,False,0.4761095941066742,0.4687954783439636,0.7551020408163265,0.7551020408163265,0.006512726657092571
3,switzerland,candidate_no_anchor,3,full,20,40,0.7448979591836735,0.8245618939399719,0.510204081632653,0.011479591836734693,0.9885204081632653,0.4158654387517428,False,0.5000112652778625,0.4934103786945343,0.7448979591836735,0.7551020408163265,0.0070231277495622635
3,switzerland,candidate_no_anchor,4,full,20,40,0.7272727272727273,0.8400279879570007,0.5454545454545454,0.01388888888888889,0.9861111111111112,0.4518332359465686,False,0.48223811388015747,0.4756670892238617,0.7272727272727273,0.7373737373737373,0.006536475382745266
3,switzerland,candidate_no_anchor,5,full,20,40,0.7474747474747475,0.8402643203735352,0.505050505050505,0.0101010101010101,0.98989898989899,0.4200892939322846,False,0.4684920608997345,0.4615207612514496,0.7474747474747475,0.7575757575757576,0.006211013998836279
3,switzerland,candidate_no_prior,1,full,20,40,0.7653061224489796,0.831839919090271,0.4693877551020409,0.012755102040816325,0.9872448979591837,0.38547517283540733,False,0.4684736430644989,0.4678228795528412,0.7653061224489796,0.7755102040816326,0.0027689465787261724
3,switzerland,candidate_no_prior,2,full,20,40,0.7551020408163265,0.8348976969718933,0.48979591836734704,0.007653061224489795,0.9923469387755102,0.40579992185181163,False,0.4761095941066742,0.475832998752594,0.7551020408163265,0.7551020408163265,0.001518366625532508
3,switzerland,candidate_no_prior,3,full,20,40,0.7448979591836735,0.8245618939399719,0.510204081632653,0.011479591836734693,0.9885204081632653,0.4158654387517428,False,0.5000112652778625,0.5001441240310669,0.7448979591836735,0.7551020408163265,0.0028437066357582808
3,switzerland,candidate_no_prior,4,full,20,40,0.7272727272727273,0.8400279879570007,0.5454545454545454,0.01388888888888889,0.9861111111111112,0.4518332359465686,False,0.48223811388015747,0.4823085069656372,0.7272727272727273,0.7373737373737373,0.0021812133491039276
3,switzerland,candidate_no_prior,5,full,20,40,0.7474747474747475,0.8402643203735352,0.505050505050505,0.0101010101010101,0.98989898989899,0.4200892939322846,False,0.4684920608997345,0.4684069752693176,0.7474747474747475,0.7575757575757576,0.0018811385380104184
3,switzerland,unit_reliability,1,unit,20,40,0.7653061224489796,0.831839919090271,0.4693877551020409,0.012755102040816325,0.9872448979591837,1.0,False,0.4684736430644989,0.46582260727882385,0.7653061224489796,0.7755102040816326,0.0044145528227090836
3,switzerland,unit_reliability,2,unit,20,40,0.7551020408163265,0.8348976969718933,0.48979591836734704,0.007653061224489795,0.9923469387755102,1.0,False,0.4761095941066742,0.47382813692092896,0.7551020408163265,0.7551020408163265,0.0029587296303361654
3,switzerland,unit_reliability,3,unit,20,40,0.7448979591836735,0.8245618939399719,0.510204081632653,0.011479591836734693,0.9885204081632653,1.0,False,0.5000112652778625,0.4983173608779907,0.7448979591836735,0.7551020408163265,0.004276825115084648
3,switzerland,unit_reliability,4,unit,20,40,0.7272727272727273,0.8400279879570007,0.5454545454545454,0.01388888888888889,0.9861111111111112,1.0,False,0.48223811388015747,0.48062238097190857,0.7272727272727273,0.7373737373737373,0.003536204108968377
3,switzerland,unit_reliability,5,unit,20,40,0.7474747474747475,0.8402643203735352,0.505050505050505,0.0101010101010101,0.98989898989899,1.0,False,0.4684920608997345,0.4662797749042511,0.7474747474747475,0.7575757575757576,0.003430802607908845
3,switzerland,no_missingness_factor,1,no_missingness,20,40,0.7653061224489796,0.831839919090271,0.4693877551020409,0.012755102040816325,0.9872448979591837,0.39045547222604565,False,0.4684736430644989,0.4674491882324219,0.7653061224489796,0.7755102040816326,0.003256469266489148
3,switzerland,no_missingness_factor,2,no_missingness,20,40,0.7551020408163265,0.8348976969718933,0.48979591836734704,0.007653061224489795,0.9923469387755102,0.4089294842311315,False,0.4761095941066742,0.47557979822158813,0.7551020408163265,0.7551020408163265,0.0018216118915006518
3,switzerland,no_missingness_factor,3,no_missingness,20,40,0.7448979591836735,0.8245618939399719,0.510204081632653,0.011479591836734693,0.9885204081632653,0.42069484384692435,False,0.5000112652778625,0.49988093972206116,0.7448979591836735,0.7551020408163265,0.003118589287623763
3,switzerland,no_missingness_factor,4,no_missingness,20,40,0.7272727272727273,0.8400279879570007,0.5454545454545454,0.01388888888888889,0.9861111111111112,0.4581970843401822,False,0.48223811388015747,0.4820394515991211,0.7272727272727273,0.7373737373737373,0.002580045722424984
3,switzerland,no_missingness_factor,5,no_missingness,20,40,0.7474747474747475,0.8402643203735352,0.505050505050505,0.0101010101010101,0.98989898989899,0.42437591938057323,False,0.4684920608997345,0.46810010075569153,0.7474747474747475,0.7575757575757576,0.0022691478952765465
3,switzerland,no_class_support_factor,1,no_class_support,20,40,0.7653061224489796,0.831839919090271,0.4693877551020409,0.012755102040816325,0.9872448979591837,0.8212297160406502,False,0.4684736430644989,0.46626654267311096,0.7653061224489796,0.7755102040816326,0.004100210033357143
3,switzerland,no_class_support_factor,2,no_class_support,20,40,0.7551020408163265,0.8348976969718933,0.48979591836734704,0.007653061224489795,0.9923469387755102,0.8285081737807819,False,0.4761095941066742,0.4743161201477051,0.7551020408163265,0.7551020408163265,0.0026363718789070845
3,switzerland,no_class_support_factor,3,no_class_support,20,40,0.7448979591836735,0.8245618939399719,0.510204081632653,0.011479591836734693,0.9885204081632653,0.8150962599534161,False,0.5000112652778625,0.4988025724887848,0.7448979591836735,0.7551020408163265,0.0039038262329995632
3,switzerland,no_class_support_factor,4,no_class_support,20,40,0.7272727272727273,0.8400279879570007,0.5454545454545454,0.01388888888888889,0.9861111111111112,0.8283609325687091,False,0.48223811388015747,0.4810601770877838,0.7272727272727273,0.7373737373737373,0.0032369866967201233
3,switzerland,no_class_support_factor,5,no_class_support,20,40,0.7474747474747475,0.8402643203735352,0.505050505050505,0.0101010101010101,0.98989898989899,0.8317768019859237,False,0.4684920608997345,0.4667782783508301,0.7474747474747475,0.7575757575757576,0.003117013955488801
3,switzerland,no_confidence_factor,1,no_confidence,20,40,0.7653061224489796,0.831839919090271,0.4693877551020409,0.012755102040816325,0.9872448979591837,0.4634006663890047,False,0.4684736430644989,0.46724018454551697,0.7653061224489796,0.7755102040816326,0.0034062147606164217
3,switzerland,no_confidence_factor,2,no_confidence,20,40,0.7551020408163265,0.8348976969718933,0.48979591836734704,0.007653061224489795,0.9923469387755102,0.4860474802165765,False,0.4761095941066742,0.4753442108631134,0.7551020408163265,0.7551020408163265,0.001963024027645588
3,switzerland,no_confidence_factor,3,no_confidence,20,40,0.7448979591836735,0.8245618939399719,0.510204081632653,0.011479591836734693,0.9885204081632653,0.5043471470220741,False,0.5000112652778625,0.49965524673461914,0.7448979591836735,0.7551020408163265,0.003260495141148567
3,switzerland,no_confidence_factor,4,no_confidence,20,40,0.7272727272727273,0.8400279879570007,0.5454545454545454,0.01388888888888889,0.9861111111111112,0.5378787878787878,False,0.48223811388015747,0.48182567954063416,0.7272727272727273,0.7373737373737373,0.0027158441953361034
3,switzerland,no_confidence_factor,5,no_confidence,20,40,0.7474747474747475,0.8402643203735352,0.505050505050505,0.0101010101010101,0.98989898989899,0.4999489847974696,False,0.4684920608997345,0.4678453505039215,0.7474747474747475,0.7575757575757576,0.002432955661788583
3,va_long_beach,candidate_full,1,full,32,64,0.7625,0.8433632850646973,0.4750000000000001,0.13984375,0.86015625,0.3445764953177423,False,0.47015389800071716,0.46948546171188354,0.7625,0.7625,0.0026476276107132435
3,va_long_beach,candidate_full,2,full,32,64,0.79375,0.8212006688117981,0.4125000000000001,0.13828125000000002,0.86171875,0.29190315570391256,False,0.4772893786430359,0.4762418270111084,0.79375,0.79375,0.003331223037093878
3,va_long_beach,candidate_full,3,full,32,64,0.79375,0.8234221935272217,0.4125000000000001,0.12578125,0.87421875,0.29693858730839573,False,0.47349682450294495,0.4729143977165222,0.79375,0.79375,0.0031441189348697662
3,va_long_beach,candidate_full,4,full,32,64,0.79375,0.8264609575271606,0.4125000000000001,0.1328125,0.8671875,0.2956373522873037,False,0.4712998867034912,0.4708951413631439,0.79375,0.79375,0.0029006400145590305
3,va_long_beach,candidate_full,5,full,32,64,0.75625,0.8387635946273804,0.48750000000000004,0.14765625,0.85234375,0.34852101745898834,False,0.47792744636535645,0.4770847260951996,0.75625,0.75625,0.002972126007080078
3,va_long_beach,candidate_no_entropy,1,full,32,64,0.7625,0.8433632850646973,0.4750000000000001,0.13984375,0.86015625,0.3445764953177423,False,0.47015389800071716,0.47071927785873413,0.7625,0.7625,0.0022827975917607546
3,va_long_beach,candidate_no_entropy,2,full,32,64,0.79375,0.8212006688117981,0.4125000000000001,0.13828125000000002,0.86171875,0.29190315570391256,False,0.4772893786430359,0.4773496687412262,0.79375,0.79375,0.0028905090875923634
3,va_long_beach,candidate_no_entropy,3,full,32,64,0.79375,0.8234221935272217,0.4125000000000001,0.12578125,0.87421875,0.29693858730839573,False,0.47349682450294495,0.4741275906562805,0.79375,0.79375,0.002792690647765994
3,va_long_beach,candidate_no_entropy,4,full,32,64,0.79375,0.8264609575271606,0.4125000000000001,0.1328125,0.8671875,0.2956373522873037,False,0.4712998867034912,0.4718523919582367,0.79375,0.79375,0.002693571848794818
3,va_long_beach,candidate_no_entropy,5,full,32,64,0.75625,0.8387635946273804,0.48750000000000004,0.14765625,0.85234375,0.34852101745898834,False,0.47792744636535645,0.4783002436161041,0.75625,0.75625,0.002426017774268985
3,va_long_beach,candidate_no_anchor,1,full,32,64,0.7625,0.8433632850646973,0.4750000000000001,0.13984375,0.86015625,0.3445764953177423,False,0.47015389800071716,0.4637506902217865,0.7625,0.7625,0.006111443508416414
3,va_long_beach,candidate_no_anchor,2,full,32,64,0.79375,0.8212006688117981,0.4125000000000001,0.13828125000000002,0.86171875,0.29190315570391256,False,0.4772893786430359,0.470907986164093,0.79375,0.79375,0.0074437810108065605
3,va_long_beach,candidate_no_anchor,3,full,32,64,0.79375,0.8234221935272217,0.4125000000000001,0.12578125,0.87421875,0.29693858730839573,False,0.47349682450294495,0.4668377935886383,0.79375,0.79375,0.007736939005553722
3,va_long_beach,candidate_no_anchor,4,full,32,64,0.79375,0.8264609575271606,0.4125000000000001,0.1328125,0.8671875,0.2956373522873037,False,0.4712998867034912,0.4651098847389221,0.79375,0.79375,0.006775401532649994
3,va_long_beach,candidate_no_anchor,5,full,32,64,0.75625,0.8387635946273804,0.48750000000000004,0.14765625,0.85234375,0.34852101745898834,False,0.47792744636535645,0.4716625213623047,0.75625,0.75625,0.006585339549928904
3,va_long_beach,candidate_no_prior,1,full,32,64,0.7625,0.8433632850646973,0.4750000000000001,0.13984375,0.86015625,0.3445764953177423,False,0.47015389800071716,0.46976518630981445,0.7625,0.7625,0.002216468332335353
3,va_long_beach,candidate_no_prior,2,full,32,64,0.79375,0.8212006688117981,0.4125000000000001,0.13828125000000002,0.86171875,0.29190315570391256,False,0.4772893786430359,0.4766729474067688,0.79375,0.79375,0.0028645892161875963
3,va_long_beach,candidate_no_prior,3,full,32,64,0.79375,0.8234221935272217,0.4125000000000001,0.12578125,0.87421875,0.29693858730839573,False,0.47349682450294495,0.47336849570274353,0.79375,0.79375,0.002732764231041074
3,va_long_beach,candidate_no_prior,4,full,32,64,0.79375,0.8264609575271606,0.4125000000000001,0.1328125,0.8671875,0.2956373522873037,False,0.4712998867034912,0.47121304273605347,0.79375,0.79375,0.002642101375386119
3,va_long_beach,candidate_no_prior,5,full,32,64,0.75625,0.8387635946273804,0.48750000000000004,0.14765625,0.85234375,0.34852101745898834,False,0.47792744636535645,0.47740277647972107,0.75625,0.75625,0.0024609942920506
3,va_long_beach,unit_reliability,1,unit,32,64,0.7625,0.8433632850646973,0.4750000000000001,0.13984375,0.86015625,1.0,False,0.47015389800071716,0.46732234954833984,0.7625,0.7625,0.003981452435255051
3,va_long_beach,unit_reliability,2,unit,32,64,0.79375,0.8212006688117981,0.4125000000000001,0.13828125000000002,0.86171875,1.0,False,0.4772893786430359,0.47387319803237915,0.79375,0.79375,0.0050234124064445496
3,va_long_beach,unit_reliability,3,unit,32,64,0.79375,0.8234221935272217,0.4125000000000001,0.12578125,0.87421875,1.0,False,0.47349682450294495,0.47030121088027954,0.79375,0.79375,0.005100376904010773
3,va_long_beach,unit_reliability,4,unit,32,64,0.79375,0.8264609575271606,0.4125000000000001,0.1328125,0.8671875,1.0,False,0.4712998867034912,0.46868428587913513,0.79375,0.79375,0.004498942755162716
3,va_long_beach,unit_reliability,5,unit,32,64,0.75625,0.8387635946273804,0.48750000000000004,0.14765625,0.85234375,1.0,False,0.47792744636535645,0.4751676917076111,0.75625,0.75625,0.004265270195901394
3,va_long_beach,no_missingness_factor,1,no_missingness,32,64,0.7625,0.8433632850646973,0.4750000000000001,0.13984375,0.86015625,0.4005975604057313,False,0.47015389800071716,0.46928805112838745,0.7625,0.7625,0.002770005026832223
3,va_long_beach,no_missingness_factor,2,no_missingness,32,64,0.79375,0.8212006688117981,0.4125000000000001,0.13828125000000002,0.86171875,0.3387452758848668,False,0.4772893786430359,0.47606363892555237,0.79375,0.79375,0.0034550726413726807
3,va_long_beach,no_missingness_factor,3,no_missingness,32,64,0.79375,0.8234221935272217,0.4125000000000001,0.12578125,0.87421875,0.339661654829979,False,0.47349682450294495,0.4727393686771393,0.79375,0.79375,0.003273738082498312
3,va_long_beach,no_missingness_factor,4,no_missingness,32,64,0.79375,0.8264609575271606,0.4125000000000001,0.1328125,0.8671875,0.34091514497995384,False,0.4712998867034912,0.47074565291404724,0.79375,0.79375,0.0030017737299203873
3,va_long_beach,no_missingness_factor,5,no_missingness,32,64,0.75625,0.8387635946273804,0.48750000000000004,0.14765625,0.85234375,0.40889725238084795,False,0.47792744636535645,0.4768854081630707,0.75625,0.75625,0.0031045456416904926
3,va_long_beach,no_class_support_factor,1,no_class_support,32,64,0.7625,0.8433632850646973,0.4750000000000001,0.13984375,0.86015625,0.725424200668931,False,0.47015389800071716,0.46814775466918945,0.7625,0.7625,0.003477683989331126
3,va_long_beach,no_class_support_factor,2,no_class_support,32,64,0.79375,0.8212006688117981,0.4125000000000001,0.13828125000000002,0.86171875,0.7076440138276666,False,0.4772893786430359,0.4747368395328522,0.79375,0.79375,0.004399966448545456
3,va_long_beach,no_class_support_factor,3,no_class_support,32,64,0.79375,0.8234221935272217,0.4125000000000001,0.12578125,0.87421875,0.7198511207476259,False,0.47349682450294495,0.47124218940734863,0.79375,0.79375,0.004389188252389431
3,va_long_beach,no_class_support_factor,4,no_class_support,32,64,0.79375,0.8264609575271606,0.4125000000000001,0.1328125,0.8671875,0.7166966116055846,False,0.4712998867034912,0.46952399611473083,0.79375,0.79375,0.0038896636106073856
3,va_long_beach,no_class_support_factor,5,no_class_support,32,64,0.75625,0.8387635946273804,0.48750000000000004,0.14765625,0.85234375,0.7149149076081812,False,0.47792744636535645,0.47592225670814514,0.75625,0.75625,0.003751930547878146
3,va_long_beach,no_confidence_factor,1,no_confidence,32,64,0.7625,0.8433632850646973,0.4750000000000001,0.13984375,0.86015625,0.40857421875000005,False,0.47015389800071716,0.46925997734069824,0.7625,0.7625,0.0027875672094523907
3,va_long_beach,no_confidence_factor,2,no_confidence,32,64,0.79375,0.8212006688117981,0.4125000000000001,0.13828125000000002,0.86171875,0.35545898437500006,False,0.4772893786430359,0.47600141167640686,0.79375,0.79375,0.0034989858977496624
3,va_long_beach,no_confidence_factor,3,no_confidence,32,64,0.79375,0.8234221935272217,0.4125000000000001,0.12578125,0.87421875,0.3606152343750001,False,0.47349682450294495,0.4726482331752777,0.79375,0.79375,0.003342257346957922
3,va_long_beach,no_confidence_factor,4,no_confidence,32,64,0.79375,0.8264609575271606,0.4125000000000001,0.1328125,0.8671875,0.35771484375000007,False,0.4712998867034912,0.4706898629665375,0.79375,0.79375,0.0030425109434872866
3,va_long_beach,no_confidence_factor,5,no_confidence,32,64,0.75625,0.8387635946273804,0.48750000000000004,0.14765625,0.85234375,0.415517578125,False,0.47792744636535645,0.4768637716770172,0.75625,0.75625,0.0031196409836411476
4,hungary,candidate_full,1,full,47,94,0.35319148936170214,0.9318006038665771,0.7063829787234043,0.0005319148936170213,0.999468085106383,0.657857975451425,False,0.40442323684692383,0.4035968482494354,0.35319148936170214,0.35319148936170214,0.0013210470788180828
4,hungary,candidate_full,2,full,47,94,0.3829787234042553,0.9382146596908569,0.7659574468085106,0.002127659574468085,0.997872340425532,0.7171034999647093,False,0.3916100263595581,0.3906933665275574,0.3829787234042553,0.3829787234042553,0.0011306999949738383
4,hungary,candidate_full,3,full,47,94,0.35319148936170214,0.9357584118843079,0.7063829787234043,0.002127659574468085,0.997872340425532,0.659597423257953,False,0.4004499018192291,0.3993581533432007,0.35319148936170214,0.35319148936170214,0.002116652438417077
4,hungary,candidate_full,4,full,47,94,0.3659574468085106,0.9378028512001038,0.7319148936170212,0.001595744680851064,0.9984042553191489,0.6852965678878368,False,0.3983941972255707,0.3974185287952423,0.3659574468085106,0.3659574468085106,0.0015718420036137104
4,hungary,candidate_full,5,full,47,94,0.3813559322033898,0.9384021162986755,0.7627118644067796,0.00211864406779661,0.9978813559322034,0.7142140496606733,False,0.40292346477508545,0.40211221575737,0.3813559322033898,0.3813559322033898,0.0018267896957695484
4,hungary,candidate_no_entropy,1,full,47,94,0.35319148936170214,0.9318006038665771,0.7063829787234043,0.0005319148936170213,0.999468085106383,0.657857975451425,False,0.40442323684692383,0.4056626856327057,0.35319148936170214,0.35319148936170214,0.0011855043703690171
4,hungary,candidate_no_entropy,2,full,47,94,0.3829787234042553,0.9382146596908569,0.7659574468085106,0.002127659574468085,0.997872340425532,0.7171034999647093,False,0.3916100263595581,0.3931812644004822,0.3829787234042553,0.3829787234042553,0.0010818230221047997
4,hungary,candidate_no_entropy,3,full,47,94,0.35319148936170214,0.9357584118843079,0.7063829787234043,0.002127659574468085,0.997872340425532,0.659597423257953,False,0.4004499018192291,0.40157780051231384,0.35319148936170214,0.35319148936170214,0.0017020197119563818
4,hungary,candidate_no_entropy,4,full,47,94,0.3659574468085106,0.9378028512001038,0.7319148936170212,0.001595744680851064,0.9984042553191489,0.6852965678878368,False,0.3983941972255707,0.39960625767707825,0.3659574468085106,0.3659574468085106,0.0012950338423252106
4,hungary,candidate_no_entropy,5,full,47,94,0.3813559322033898,0.9384021162986755,0.7627118644067796,0.00211864406779661,0.9978813559322034,0.7142140496606733,False,0.40292346477508545,0.4043324589729309,0.3813559322033898,0.3813559322033898,0.0016093385638669133
4,hungary,candidate_no_anchor,1,full,47,94,0.35319148936170214,0.9318006038665771,0.7063829787234043,0.0005319148936170213,0.999468085106383,0.657857975451425,False,0.40442323684692383,0.39569026231765747,0.35319148936170214,0.35319148936170214,0.006037870422005653
4,hungary,candidate_no_anchor,2,full,47,94,0.3829787234042553,0.9382146596908569,0.7659574468085106,0.002127659574468085,0.997872340425532,0.7171034999647093,False,0.3916100263595581,0.38302454352378845,0.3829787234042553,0.3829787234042553,0.005295336712151766
4,hungary,candidate_no_anchor,3,full,47,94,0.35319148936170214,0.9357584118843079,0.7063829787234043,0.002127659574468085,0.997872340425532,0.659597423257953,False,0.4004499018192291,0.3919762074947357,0.35319148936170214,0.34893617021276596,0.006317230872809887
4,hungary,candidate_no_anchor,4,full,47,94,0.3659574468085106,0.9378028512001038,0.7319148936170212,0.001595744680851064,0.9984042553191489,0.6852965678878368,False,0.3983941972255707,0.38960766792297363,0.3659574468085106,0.3659574468085106,0.006187913939356804
4,hungary,candidate_no_anchor,5,full,47,94,0.3813559322033898,0.9384021162986755,0.7627118644067796,0.00211864406779661,0.9978813559322034,0.7142140496606733,False,0.40292346477508545,0.3946418762207031,0.3813559322033898,0.3813559322033898,0.005924886558204889
4,hungary,candidate_no_prior,1,full,47,94,0.35319148936170214,0.9318006038665771,0.7063829787234043,0.0005319148936170213,0.999468085106383,0.657857975451425,False,0.40442323684692383,0.40369418263435364,0.35319148936170214,0.35319148936170214,0.0011909903259947896
4,hungary,candidate_no_prior,2,full,47,94,0.3829787234042553,0.9382146596908569,0.7659574468085106,0.002127659574468085,0.997872340425532,0.7171034999647093,False,0.3916100263595581,0.390756756067276,0.3829787234042553,0.3829787234042553,0.0010061947396025062
4,hungary,candidate_no_prior,3,full,47,94,0.35319148936170214,0.9357584118843079,0.7063829787234043,0.002127659574468085,0.997872340425532,0.659597423257953,False,0.4004499018192291,0.39949625730514526,0.35319148936170214,0.35319148936170214,0.0018058023415505886
4,hungary,candidate_no_prior,4,full,47,94,0.3659574468085106,0.9378028512001038,0.7319148936170212,0.001595744680851064,0.9984042553191489,0.6852965678878368,False,0.3983941972255707,0.39751285314559937,0.3659574468085106,0.3659574468085106,0.0014387379633262753
4,hungary,candidate_no_prior,5,full,47,94,0.3813559322033898,0.9384021162986755,0.7627118644067796,0.00211864406779661,0.9978813559322034,0.7142140496606733,False,0.40292346477508545,0.4022024869918823,0.3813559322033898,0.3813559322033898,0.0015743854455649853
4,hungary,unit_reliability,1,unit,47,94,0.35319148936170214,0.9318006038665771,0.7063829787234043,0.0005319148936170213,0.999468085106383,1.0,False,0.40442323684692383,0.4025443494319916,0.35319148936170214,0.35319148936170214,0.001817237352952361
4,hungary,unit_reliability,2,unit,47,94,0.3829787234042553,0.9382146596908569,0.7659574468085106,0.002127659574468085,0.997872340425532,1.0,False,0.3916100263595581,0.38975441455841064,0.3829787234042553,0.3829787234042553,0.0015415437519550323
4,hungary,unit_reliability,3,unit,47,94,0.35319148936170214,0.9357584118843079,0.7063829787234043,0.002127659574468085,0.997872340425532,1.0,False,0.4004499018192291,0.39824384450912476,0.35319148936170214,0.35319148936170214,0.002629366470500827
4,hungary,unit_reliability,4,unit,47,94,0.3659574468085106,0.9378028512001038,0.7319148936170212,0.001595744680851064,0.9984042553191489,1.0,False,0.3983941972255707,0.3964172899723053,0.3659574468085106,0.3659574468085106,0.0020540894474834204
4,hungary,unit_reliability,5,unit,47,94,0.3813559322033898,0.9384021162986755,0.7627118644067796,0.00211864406779661,0.9978813559322034,1.0,False,0.40292346477508545,0.40125441551208496,0.3813559322033898,0.3813559322033898,0.0021471770014613867
4,hungary,no_missingness_factor,1,no_missingness,47,94,0.35319148936170214,0.9318006038665771,0.7063829787234043,0.0005319148936170213,0.999468085106383,0.6582080861355396,False,0.40442323684692383,0.4035957455635071,0.35319148936170214,0.35319148936170214,0.0013214146019890904
4,hungary,no_missingness_factor,2,no_missingness,47,94,0.3829787234042553,0.9382146596908569,0.7659574468085106,0.002127659574468085,0.997872340425532,0.7186325052951245,False,0.3916100263595581,0.3906882703304291,0.3829787234042553,0.3829787234042553,0.0011324664810672402
4,hungary,no_missingness_factor,3,no_missingness,47,94,0.35319148936170214,0.9357584118843079,0.7063829787234043,0.002127659574468085,0.997872340425532,0.6610038143523196,False,0.4004499018192291,0.39935362339019775,0.35319148936170214,0.35319148936170214,0.0021186426747590303
4,hungary,no_missingness_factor,4,no_missingness,47,94,0.3659574468085106,0.9378028512001038,0.7319148936170212,0.001595744680851064,0.9984042553191489,0.6863918740698631,False,0.3983941972255707,0.3974139392375946,0.3659574468085106,0.3659574468085106,0.0015733960317447782
4,hungary,no_missingness_factor,5,no_missingness,47,94,0.3813559322033898,0.9384021162986755,0.7627118644067796,0.00211864406779661,0.9978813559322034,0.7157304276854305,False,0.40292346477508545,0.40210768580436707,0.3813559322033898,0.3813559322033898,0.0018283022800460458
4,hungary,no_class_support_factor,1,no_class_support,47,94,0.35319148936170214,0.9318006038665771,0.7063829787234043,0.0005319148936170213,0.999468085106383,0.9313049652474992,False,0.40442323684692383,0.40275275707244873,0.35319148936170214,0.35319148936170214,0.001709263538941741
4,hungary,no_class_support_factor,2,no_class_support,47,94,0.3829787234042553,0.9382146596908569,0.7659574468085106,0.002127659574468085,0.997872340425532,0.9362184582872595,False,0.3916100263595581,0.38996392488479614,0.3829787234042553,0.3829787234042553,0.0014407993294298649
4,hungary,no_class_support_factor,3,no_class_support,47,94,0.35319148936170214,0.9357584118843079,0.7063829787234043,0.002127659574468085,0.997872340425532,0.9337674365398733,False,0.4004499018192291,0.39844921231269836,0.35319148936170214,0.35319148936170214,0.00252912612631917
4,hungary,no_class_support_factor,4,no_class_support,47,94,0.3659574468085106,0.9378028512001038,0.7319148936170212,0.001595744680851064,0.9984042553191489,0.9363063572886142,False,0.3983941972255707,0.3966171443462372,0.3659574468085106,0.3659574468085106,0.0019454449648037553
4,hungary,no_class_support_factor,5,no_class_support,47,94,0.3813559322033898,0.9384021162986755,0.7627118644067796,0.00211864406779661,0.9978813559322034,0.9364139762217716,False,0.40292346477508545,0.40143635869026184,0.3813559322033898,0.3813559322033898,0.0020739396568387747
4,hungary,no_confidence_factor,1,no_confidence,47,94,0.35319148936170214,0.9318006038665771,0.7063829787234043,0.0005319148936170213,0.999468085106383,0.7060072430964237,False,0.40442323684692383,0.4034443199634552,0.35319148936170214,0.35319148936170214,0.001376671134494245
4,hungary,no_confidence_factor,2,no_confidence,47,94,0.3829787234042553,0.9382146596908569,0.7659574468085106,0.002127659574468085,0.997872340425532,0.7643277501131734,False,0.3916100263595581,0.3905319571495056,0.3829787234042553,0.3829787234042553,0.0011920348042622209
4,hungary,no_confidence_factor,3,no_confidence,47,94,0.35319148936170214,0.9357584118843079,0.7063829787234043,0.002127659574468085,0.997872340425532,0.7048800362154822,False,0.4004499018192291,0.3992036283016205,0.35319148936170214,0.35319148936170214,0.002187484409660101
4,hungary,no_confidence_factor,4,no_confidence,47,94,0.3659574468085106,0.9378028512001038,0.7319148936170212,0.001595744680851064,0.9984042553191489,0.7307469443186961,False,0.3983941972255707,0.397270530462265,0.3659574468085106,0.3659574468085106,0.0016311448998749256
4,hungary,no_confidence_factor,5,no_confidence,47,94,0.3813559322033898,0.9384021162986755,0.7627118644067796,0.00211864406779661,0.9978813559322034,0.7610959494398161,False,0.40292346477508545,0.40197405219078064,0.3813559322033898,0.3813559322033898,0.0018756031058728695
4,switzerland,candidate_full,1,full,20,40,0.7448979591836735,0.8516303300857544,0.510204081632653,0.012755102040816325,0.9872448979591837,0.4289631113900288,False,0.4224037230014801,0.41945722699165344,0.7448979591836735,0.7448979591836735,0.0049509452655911446
4,switzerland,candidate_full,2,full,20,40,0.7142857142857143,0.8496426343917847,0.5714285714285714,0.007653061224489795,0.9923469387755102,0.48179443845248426,False,0.4322400689125061,0.4308859407901764,0.7142857142857143,0.7142857142857143,0.0030791047029197216
4,switzerland,candidate_full,3,full,20,40,0.7142857142857143,0.8429277539253235,0.5714285714285714,0.011479591836734693,0.9885204081632653,0.47614359277851726,False,0.45772993564605713,0.45646607875823975,0.7142857142857143,0.7142857142857143,0.0034318396355956793
4,switzerland,candidate_full,4,full,20,40,0.7171717171717171,0.8563345074653625,0.5656565656565657,0.01388888888888889,0.9861111111111112,0.477663580482924,False,0.43995702266693115,0.4378317594528198,0.7171717171717171,0.7171717171717171,0.004400797188282013
4,switzerland,candidate_full,5,full,20,40,0.7272727272727273,0.8561893701553345,0.5454545454545454,0.0101010101010101,0.98989898989899,0.462295086915828,False,0.42439064383506775,0.4222712218761444,0.7272727272727273,0.7272727272727273,0.0036841551773250103
4,switzerland,candidate_no_entropy,1,full,20,40,0.7448979591836735,0.8516303300857544,0.510204081632653,0.012755102040816325,0.9872448979591837,0.4289631113900288,False,0.4224037230014801,0.42093488574028015,0.7448979591836735,0.7448979591836735,0.003859585849568248
4,switzerland,candidate_no_entropy,2,full,20,40,0.7142857142857143,0.8496426343917847,0.5714285714285714,0.007653061224489795,0.9923469387755102,0.48179443845248426,False,0.4322400689125061,0.4324926733970642,0.7142857142857143,0.7142857142857143,0.0021610872354358435
4,switzerland,candidate_no_entropy,3,full,20,40,0.7142857142857143,0.8429277539253235,0.5714285714285714,0.011479591836734693,0.9885204081632653,0.47614359277851726,False,0.45772993564605713,0.45790886878967285,0.7142857142857143,0.7142857142857143,0.00254795397631824
4,switzerland,candidate_no_entropy,4,full,20,40,0.7171717171717171,0.8563345074653625,0.5656565656565657,0.01388888888888889,0.9861111111111112,0.477663580482924,False,0.43995702266693115,0.4391338527202606,0.7171717171717171,0.7171717171717171,0.003388012060895562
4,switzerland,candidate_no_entropy,5,full,20,40,0.7272727272727273,0.8561893701553345,0.5454545454545454,0.0101010101010101,0.98989898989899,0.462295086915828,False,0.42439064383506775,0.4237167239189148,0.7272727272727273,0.7272727272727273,0.002663711318746209
4,switzerland,candidate_no_anchor,1,full,20,40,0.7448979591836735,0.8516303300857544,0.510204081632653,0.012755102040816325,0.9872448979591837,0.4289631113900288,False,0.4224037230014801,0.41282397508621216,0.7448979591836735,0.7551020408163265,0.009660439565777779
4,switzerland,candidate_no_anchor,2,full,20,40,0.7142857142857143,0.8496426343917847,0.5714285714285714,0.007653061224489795,0.9923469387755102,0.48179443845248426,False,0.4322400689125061,0.42330485582351685,0.7142857142857143,0.7244897959183674,0.008447633124887943
4,switzerland,candidate_no_anchor,3,full,20,40,0.7142857142857143,0.8429277539253235,0.5714285714285714,0.011479591836734693,0.9885204081632653,0.47614359277851726,False,0.45772993564605713,0.4490184783935547,0.7142857142857143,0.7142857142857143,0.008798781782388687
4,switzerland,candidate_no_anchor,4,full,20,40,0.7171717171717171,0.8563345074653625,0.5656565656565657,0.01388888888888889,0.9861111111111112,0.477663580482924,False,0.43995702266693115,0.43172943592071533,0.7171717171717171,0.7373737373737373,0.00903829000890255
4,switzerland,candidate_no_anchor,5,full,20,40,0.7272727272727273,0.8561893701553345,0.5454545454545454,0.0101010101010101,0.98989898989899,0.462295086915828,False,0.42439064383506775,0.41559481620788574,0.7272727272727273,0.7373737373737373,0.008367719128727913
4,switzerland,candidate_no_prior,1,full,20,40,0.7448979591836735,0.8516303300857544,0.510204081632653,0.012755102040816325,0.9872448979591837,0.4289631113900288,False,0.4224037230014801,0.4197697043418884,0.7448979591836735,0.7448979591836735,0.004553070291876793
4,switzerland,candidate_no_prior,2,full,20,40,0.7142857142857143,0.8496426343917847,0.5714285714285714,0.007653061224489795,0.9923469387755102,0.48179443845248426,False,0.4322400689125061,0.43118247389793396,0.7142857142857143,0.7142857142857143,0.002697703428566456
4,switzerland,candidate_no_prior,3,full,20,40,0.7142857142857143,0.8429277539253235,0.5714285714285714,0.011479591836734693,0.9885204081632653,0.47614359277851726,False,0.45772993564605713,0.45673102140426636,0.7142857142857143,0.7142857142857143,0.0030881743878126144
4,switzerland,candidate_no_prior,4,full,20,40,0.7171717171717171,0.8563345074653625,0.5656565656565657,0.01388888888888889,0.9861111111111112,0.477663580482924,False,0.43995702266693115,0.4380838871002197,0.7171717171717171,0.7171717171717171,0.004048382863402367
4,switzerland,candidate_no_prior,5,full,20,40,0.7272727272727273,0.8561893701553345,0.5454545454545454,0.0101010101010101,0.98989898989899,0.462295086915828,False,0.42439064383506775,0.42256656289100647,0.7272727272727273,0.7272727272727273,0.0032655121758580208
4,switzerland,unit_reliability,1,unit,20,40,0.7448979591836735,0.8516303300857544,0.510204081632653,0.012755102040816325,0.9872448979591837,1.0,False,0.4224037230014801,0.4177880585193634,0.7448979591836735,0.7448979591836735,0.006213768385350704
4,switzerland,unit_reliability,2,unit,20,40,0.7142857142857143,0.8496426343917847,0.5714285714285714,0.007653061224489795,0.9923469387755102,1.0,False,0.4322400689125061,0.4292792081832886,0.7142857142857143,0.7142857142857143,0.004261241760104895
4,switzerland,unit_reliability,3,unit,20,40,0.7142857142857143,0.8429277539253235,0.5714285714285714,0.011479591836734693,0.9885204081632653,1.0,False,0.45772993564605713,0.45495808124542236,0.7142857142857143,0.7142857142857143,0.004637163132429123
4,switzerland,unit_reliability,4,unit,20,40,0.7171717171717171,0.8563345074653625,0.5656565656565657,0.01388888888888889,0.9861111111111112,1.0,False,0.43995702266693115,0.4365784227848053,0.7171717171717171,0.7171717171717171,0.0053885458037257195
4,switzerland,unit_reliability,5,unit,20,40,0.7272727272727273,0.8561893701553345,0.5454545454545454,0.0101010101010101,0.98989898989899,1.0,False,0.42439064383506775,0.4207877814769745,0.7272727272727273,0.7272727272727273,0.004745848942548037
4,switzerland,no_missingness_factor,1,no_missingness,20,40,0.7448979591836735,0.8516303300857544,0.510204081632653,0.012755102040816325,0.9872448979591837,0.43450527045191545,False,0.4224037230014801,0.41943952441215515,0.7448979591836735,0.7448979591836735,0.004964264575392008
4,switzerland,no_missingness_factor,2,no_missingness,20,40,0.7142857142857143,0.8496426343917847,0.5714285714285714,0.007653061224489795,0.9923469387755102,0.4855100767953055,False,0.4322400689125061,0.43087413907051086,0.7142857142857143,0.7142857142857143,0.0030877080280333757
4,switzerland,no_missingness_factor,3,no_missingness,20,40,0.7142857142857143,0.8429277539253235,0.5714285714285714,0.011479591836734693,0.9885204081632653,0.481673002243042,False,0.45772993564605713,0.45644980669021606,0.7142857142857143,0.7142857142857143,0.0034446679055690765
4,switzerland,no_missingness_factor,4,no_missingness,20,40,0.7171717171717171,0.8563345074653625,0.5656565656565657,0.01388888888888889,0.9861111111111112,0.48439123654606375,False,0.43995702266693115,0.4378146231174469,0.7171717171717171,0.7171717171717171,0.00441424734890461
4,switzerland,no_missingness_factor,5,no_missingness,20,40,0.7272727272727273,0.8561893701553345,0.5454545454545454,0.0101010101010101,0.98989898989899,0.4670123837210915,False,0.42439064383506775,0.42225751280784607,0.7272727272727273,0.7272727272727273,0.0036940008867532015
4,switzerland,no_class_support_factor,1,no_class_support,20,40,0.7448979591836735,0.8516303300857544,0.510204081632653,0.012755102040816325,0.9872448979591837,0.8407676983244565,False,0.4224037230014801,0.41821444034576416,0.7448979591836735,0.7448979591836735,0.005889544263482094
4,switzerland,no_class_support_factor,2,no_class_support,20,40,0.7142857142857143,0.8496426343917847,0.5714285714285714,0.007653061224489795,0.9923469387755102,0.8431402672918475,False,0.4322400689125061,0.4297463893890381,0.7142857142857143,0.7142857142857143,0.003917045891284943
4,switzerland,no_class_support_factor,3,no_class_support,20,40,0.7142857142857143,0.8429277539253235,0.5714285714285714,0.011479591836734693,0.9885204081632653,0.8332512873624052,False,0.45772993564605713,0.4554173946380615,0.7142857142857143,0.7142857142857143,0.004270303528755903
4,switzerland,no_class_support_factor,4,no_class_support,20,40,0.7171717171717171,0.8563345074653625,0.5656565656565657,0.01388888888888889,0.9861111111111112,0.8444409726394547,False,0.43995702266693115,0.4369284510612488,0.7171717171717171,0.7171717171717171,0.005108471494168043
4,switzerland,no_class_support_factor,5,no_class_support,20,40,0.7272727272727273,0.8561893701553345,0.5454545454545454,0.0101010101010101,0.98989898989899,0.8475409926790181,False,0.42439064383506775,0.42118436098098755,0.7272727272727273,0.7272727272727273,0.0044587235897779465
4,switzerland,no_confidence_factor,1,no_confidence,20,40,0.7448979591836735,0.8516303300857544,0.510204081632653,0.012755102040816325,0.9872448979591837,0.5036963765097875,False,0.4224037230014801,0.41921624541282654,0.7448979591836735,0.7448979591836735,0.00512942997738719
4,switzerland,no_confidence_factor,2,no_confidence,20,40,0.7142857142857143,0.8496426343917847,0.5714285714285714,0.007653061224489795,0.9923469387755102,0.5670553935860058,False,0.4322400689125061,0.4306076169013977,0.7142857142857143,0.7142857142857143,0.0032839032355695963
4,switzerland,no_confidence_factor,3,no_confidence,20,40,0.7142857142857143,0.8429277539253235,0.5714285714285714,0.011479591836734693,0.9885204081632653,0.564868804664723,False,0.45772993564605713,0.4562002718448639,0.7142857142857143,0.7142857142857143,0.0036446978338062763
4,switzerland,no_confidence_factor,4,no_confidence,20,40,0.7171717171717171,0.8563345074653625,0.5656565656565657,0.01388888888888889,0.9861111111111112,0.5578002244668913,False,0.43995702266693115,0.43762829899787903,0.7171717171717171,0.7171717171717171,0.004561084788292646
4,switzerland,no_confidence_factor,5,no_confidence,20,40,0.7272727272727273,0.8561893701553345,0.5454545454545454,0.0101010101010101,0.98989898989899,0.5399449035812672,False,0.42439064383506775,0.4220362603664398,0.7272727272727273,0.7272727272727273,0.0038498856592923403
4,va_long_beach,candidate_full,1,full,32,64,0.75625,0.8715039491653442,0.48750000000000004,0.13984375,0.86015625,0.36544441477744843,False,0.4314344525337219,0.42941951751708984,0.75625,0.75625,0.0031412430107593536
4,va_long_beach,candidate_full,2,full,32,64,0.79375,0.8626011610031128,0.4125000000000001,0.13828125000000002,0.86171875,0.3066193326108624,False,0.436443030834198,0.43375664949417114,0.79375,0.79375,0.004672852344810963
4,va_long_beach,candidate_full,3,full,32,64,0.7875,0.8586899042129517,0.42500000000000004,0.12578125,0.87421875,0.31904019624693325,False,0.43582549691200256,0.43456023931503296,0.7875,0.7875,0.0028616830240935087
4,va_long_beach,candidate_full,4,full,32,64,0.7875,0.865226686000824,0.42500000000000004,0.1328125,0.8671875,0.31888335087569436,False,0.4303509294986725,0.4294581413269043,0.7875,0.7875,0.0025799006689339876
4,va_long_beach,candidate_full,5,full,32,64,0.75,0.8709210157394409,0.5,0.14765625,0.85234375,0.37116204225458205,False,0.43894559144973755,0.4377482533454895,0.75,0.75,0.0035213041119277477
4,va_long_beach,candidate_no_entropy,1,full,32,64,0.75625,0.8715039491653442,0.48750000000000004,0.13984375,0.86015625,0.36544441477744843,False,0.4314344525337219,0.4307705760002136,0.75625,0.75625,0.002252377802506089
4,va_long_beach,candidate_no_entropy,2,full,32,64,0.79375,0.8626011610031128,0.4125000000000001,0.13828125000000002,0.86171875,0.3066193326108624,False,0.436443030834198,0.4349437355995178,0.79375,0.79375,0.0037952170241624117
4,va_long_beach,candidate_no_entropy,3,full,32,64,0.7875,0.8586899042129517,0.42500000000000004,0.12578125,0.87421875,0.31904019624693325,False,0.43582549691200256,0.43571606278419495,0.7875,0.7875,0.002166320104151964
4,va_long_beach,candidate_no_entropy,4,full,32,64,0.7875,0.865226686000824,0.42500000000000004,0.1328125,0.8671875,0.31888335087569436,False,0.4303509294986725,0.43070656061172485,0.7875,0.7875,0.002032399643212557
4,va_long_beach,candidate_no_entropy,5,full,32,64,0.75,0.8709210157394409,0.5,0.14765625,0.85234375,0.37116204225458205,False,0.43894559144973755,0.4390254020690918,0.75,0.75,0.002673415932804346
4,va_long_beach,candidate_no_anchor,1,full,32,64,0.75625,0.8715039491653442,0.48750000000000004,0.13984375,0.86015625,0.36544441477744843,False,0.4314344525337219,0.4233245849609375,0.75625,0.75625,0.0070871515199542046
4,va_long_beach,candidate_no_anchor,2,full,32,64,0.79375,0.8626011610031128,0.4125000000000001,0.13828125000000002,0.86171875,0.3066193326108624,False,0.436443030834198,0.4279607832431793,0.79375,0.79375,0.009270178154110909
4,va_long_beach,candidate_no_anchor,3,full,32,64,0.7875,0.8586899042129517,0.42500000000000004,0.12578125,0.87421875,0.31904019624693325,False,0.43582549691200256,0.4275432527065277,0.7875,0.7875,0.008392851799726486
4,va_long_beach,candidate_no_anchor,4,full,32,64,0.7875,0.865226686000824,0.42500000000000004,0.1328125,0.8671875,0.31888335087569436,False,0.4303509294986725,0.422255277633667,0.7875,0.7875,0.007861101999878883
4,va_long_beach,candidate_no_anchor,5,full,32,64,0.75,0.8709210157394409,0.5,0.14765625,0.85234375,0.37116204225458205,False,0.43894559144973755,0.4310070872306824,0.75,0.75,0.007770507130771875
4,va_long_beach,candidate_no_prior,1,full,32,64,0.75625,0.8715039491653442,0.48750000000000004,0.13984375,0.86015625,0.36544441477744843,False,0.4314344525337219,0.42959117889404297,0.75625,0.75625,0.002890749601647258
4,va_long_beach,candidate_no_prior,2,full,32,64,0.79375,0.8626011610031128,0.4125000000000001,0.13828125000000002,0.86171875,0.3066193326108624,False,0.436443030834198,0.4341331422328949,0.79375,0.79375,0.004189617000520229
4,va_long_beach,candidate_no_prior,3,full,32,64,0.7875,0.8586899042129517,0.42500000000000004,0.12578125,0.87421875,0.31904019624693325,False,0.43582549691200256,0.43480896949768066,0.7875,0.7875,0.0025390670634806156
4,va_long_beach,candidate_no_prior,4,full,32,64,0.7875,0.865226686000824,0.42500000000000004,0.1328125,0.8671875,0.31888335087569436,False,0.4303509294986725,0.4297189712524414,0.7875,0.7875,0.0022641473915427923
4,va_long_beach,candidate_no_prior,5,full,32,64,0.75,0.8709210157394409,0.5,0.14765625,0.85234375,0.37116204225458205,False,0.43894559144973755,0.43801718950271606,0.75,0.75,0.0031199180521070957
4,va_long_beach,unit_reliability,1,unit,32,64,0.75625,0.8715039491653442,0.48750000000000004,0.13984375,0.86015625,1.0,False,0.4314344525337219,0.4274546504020691,0.75625,0.75625,0.004474368877708912
4,va_long_beach,unit_reliability,2,unit,32,64,0.79375,0.8626011610031128,0.4125000000000001,0.13828125000000002,0.86171875,1.0,False,0.436443030834198,0.4315677583217621,0.79375,0.79375,0.006300291977822781
4,va_long_beach,unit_reliability,3,unit,32,64,0.7875,0.8586899042129517,0.42500000000000004,0.12578125,0.87421875,1.0,False,0.43582549691200256,0.432339608669281,0.7875,0.7875,0.004591353237628937
4,va_long_beach,unit_reliability,4,unit,32,64,0.7875,0.865226686000824,0.42500000000000004,0.1328125,0.8671875,1.0,False,0.4303509294986725,0.42700767517089844,0.7875,0.7875,0.0043853288516402245
4,va_long_beach,unit_reliability,5,unit,32,64,0.75,0.8709210157394409,0.5,0.14765625,0.85234375,1.0,False,0.43894559144973755,0.4357938766479492,0.75,0.75,0.004924559034407139
4,va_long_beach,no_missingness_factor,1,no_missingness,32,64,0.75625,0.8715039491653442,0.48750000000000004,0.13984375,0.86015625,0.42485817521810537,False,0.4314344525337219,0.42921438813209534,0.75625,0.75625,0.0032782056368887424
4,va_long_beach,no_missingness_factor,2,no_missingness,32,64,0.79375,0.8626011610031128,0.4125000000000001,0.13828125000000002,0.86171875,0.3558229789137841,False,0.436443030834198,0.43357592821121216,0.79375,0.79375,0.004805137403309345
4,va_long_beach,no_missingness_factor,3,no_missingness,32,64,0.7875,0.8586899042129517,0.42500000000000004,0.12578125,0.87421875,0.3649432092905045,False,0.43582549691200256,0.4343966543674469,0.7875,0.7875,0.002987583400681615
4,va_long_beach,no_missingness_factor,4,no_missingness,32,64,0.7875,0.865226686000824,0.42500000000000004,0.1328125,0.8671875,0.36772134155035024,False,0.4303509294986725,0.4292704463005066,0.7875,0.7875,0.002717888681218028
4,va_long_beach,no_missingness_factor,5,no_missingness,32,64,0.75,0.8709210157394409,0.5,0.14765625,0.85234375,0.43546050786972046,False,0.43894559144973755,0.4375324845314026,0.75,0.75,0.0036775909829884768
4,va_long_beach,no_class_support_factor,1,no_class_support,32,64,0.75625,0.8715039491653442,0.48750000000000004,0.13984375,0.86015625,0.7496295687742531,False,0.4314344525337219,0.42815789580345154,0.75625,0.75625,0.0039915298111736774
4,va_long_beach,no_class_support_factor,2,no_class_support,32,64,0.79375,0.8626011610031128,0.4125000000000001,0.13828125000000002,0.86171875,0.7433195942081511,False,0.436443030834198,0.4322831630706787,0.79375,0.79375,0.005764576606452465
4,va_long_beach,no_class_support_factor,3,no_class_support,32,64,0.7875,0.8586899042129517,0.42500000000000004,0.12578125,0.87421875,0.7506828146986664,False,0.43582549691200256,0.43309226632118225,0.7875,0.7875,0.003997468855232
4,va_long_beach,no_class_support_factor,4,no_class_support,32,64,0.7875,0.865226686000824,0.42500000000000004,0.1328125,0.8671875,0.7503137667663395,False,0.4303509294986725,0.427839457988739,0.7875,0.7875,0.003766832407563925
4,va_long_beach,no_class_support_factor,5,no_class_support,32,64,0.75,0.8709210157394409,0.5,0.14765625,0.85234375,0.7423240845091641,False,0.43894559144973755,0.43655094504356384,0.75,0.75,0.004380085039883852
4,va_long_beach,no_confidence_factor,1,no_confidence,32,64,0.75625,0.8715039491653442,0.48750000000000004,0.13984375,0.86015625,0.41932617187500004,False,0.4314344525337219,0.4292333722114563,0.75625,0.75625,0.003265478415414691
4,va_long_beach,no_confidence_factor,2,no_confidence,32,64,0.79375,0.8626011610031128,0.4125000000000001,0.13828125000000002,0.86171875,0.35545898437500006,False,0.436443030834198,0.43357715010643005,0.79375,0.79375,0.00480418698862195
4,va_long_beach,no_confidence_factor,3,no_confidence,32,64,0.7875,0.8586899042129517,0.42500000000000004,0.12578125,0.87421875,0.37154296875000004,False,0.43582549691200256,0.4343738555908203,0.7875,0.7875,0.003005172358825803
4,va_long_beach,no_confidence_factor,4,no_confidence,32,64,0.7875,0.865226686000824,0.42500000000000004,0.1328125,0.8671875,0.36855468750000003,False,0.4303509294986725,0.4292672574520111,0.7875,0.7875,0.002720211399719119
4,va_long_beach,no_confidence_factor,5,no_confidence,32,64,0.75,0.8709210157394409,0.5,0.14765625,0.85234375,0.426171875,False,0.43894559144973755,0.43756285309791565,0.75,0.75,0.0036557235289365053
5,hungary,candidate_full,1,full,47,94,0.39574468085106385,0.9171973466873169,0.7914893617021277,0.0005319148936170213,0.999468085106383,0.725565797834172,False,0.4334527254104614,0.4334080219268799,0.39574468085106385,0.39148936170212767,0.001267008832655847
5,hungary,candidate_full,2,full,47,94,0.42127659574468085,0.9254037737846375,0.8425531914893617,0.002127659574468085,0.997872340425532,0.7780429627993573,False,0.4196009933948517,0.4190324544906616,0.42127659574468085,0.42127659574468085,0.0010896158637478948
5,hungary,candidate_full,3,full,47,94,0.4085106382978723,0.9227346777915955,0.8170212765957446,0.002127659574468085,0.997872340425532,0.752289834909711,False,0.4215109944343567,0.4205496907234192,0.4085106382978723,0.40425531914893614,0.001966983312740922
5,hungary,candidate_full,4,full,47,94,0.4085106382978723,0.9238122701644897,0.8170212765957446,0.001595744680851064,0.9984042553191489,0.7535698532615651,False,0.4287256896495819,0.42854368686676025,0.4085106382978723,0.4085106382978723,0.0008816721965558827
5,hungary,candidate_full,5,full,47,94,0.4406779661016949,0.9250117540359497,0.8813559322033898,0.00211864406779661,0.9978813559322034,0.8135373412758001,False,0.42935964465141296,0.428794801235199,0.4406779661016949,0.4406779661016949,0.001660098321735859
5,hungary,candidate_no_entropy,1,full,47,94,0.39574468085106385,0.9171973466873169,0.7914893617021277,0.0005319148936170213,0.999468085106383,0.725565797834172,False,0.4334527254104614,0.43577277660369873,0.39574468085106385,0.39574468085106385,0.00126693956553936
5,hungary,candidate_no_entropy,2,full,47,94,0.42127659574468085,0.9254037737846375,0.8425531914893617,0.002127659574468085,0.997872340425532,0.7780429627993573,False,0.4196009933948517,0.42171511054039,0.42127659574468085,0.42127659574468085,0.0012838587863370776
5,hungary,candidate_no_entropy,3,full,47,94,0.4085106382978723,0.9227346777915955,0.8170212765957446,0.002127659574468085,0.997872340425532,0.752289834909711,False,0.4215109944343567,0.4229741394519806,0.4085106382978723,0.4085106382978723,0.0011941037373617291
5,hungary,candidate_no_entropy,4,full,47,94,0.4085106382978723,0.9238122701644897,0.8170212765957446,0.001595744680851064,0.9984042553191489,0.7535698532615651,False,0.4287256896495819,0.4309305250644684,0.4085106382978723,0.4085106382978723,0.0014639170840382576
5,hungary,candidate_no_entropy,5,full,47,94,0.4406779661016949,0.9250117540359497,0.8813559322033898,0.00211864406779661,0.9978813559322034,0.8135373412758001,False,0.42935964465141296,0.4311816990375519,0.4406779661016949,0.4406779661016949,0.0012126680230721831
5,hungary,candidate_no_anchor,1,full,47,94,0.39574468085106385,0.9171973466873169,0.7914893617021277,0.0005319148936170213,0.999468085106383,0.725565797834172,False,0.4334527254104614,0.4252488911151886,0.39574468085106385,0.3829787234042553,0.005964337382465601
5,hungary,candidate_no_anchor,2,full,47,94,0.42127659574468085,0.9254037737846375,0.8425531914893617,0.002127659574468085,0.997872340425532,0.7780429627993573,False,0.4196009933948517,0.4114798605442047,0.42127659574468085,0.4127659574468085,0.005336089059710503
5,hungary,candidate_no_anchor,3,full,47,94,0.4085106382978723,0.9227346777915955,0.8170212765957446,0.002127659574468085,0.997872340425532,0.752289834909711,False,0.4215109944343567,0.4134349524974823,0.4085106382978723,0.39574468085106385,0.005676301196217537
5,hungary,candidate_no_anchor,4,full,47,94,0.4085106382978723,0.9238122701644897,0.8170212765957446,0.001595744680851064,0.9984042553191489,0.7535698532615651,False,0.4287256896495819,0.42054423689842224,0.4085106382978723,0.40425531914893614,0.005774006713181734
5,hungary,candidate_no_anchor,5,full,47,94,0.4406779661016949,0.9250117540359497,0.8813559322033898,0.00211864406779661,0.9978813559322034,0.8135373412758001,False,0.42935964465141296,0.4216778576374054,0.4406779661016949,0.4279661016949153,0.005421211943030357
5,hungary,candidate_no_prior,1,full,47,94,0.39574468085106385,0.9171973466873169,0.7914893617021277,0.0005319148936170213,0.999468085106383,0.725565797834172,False,0.4334527254104614,0.43342283368110657,0.39574468085106385,0.39148936170212767,0.0012733051553368568
5,hungary,candidate_no_prior,2,full,47,94,0.42127659574468085,0.9254037737846375,0.8425531914893617,0.002127659574468085,0.997872340425532,0.7780429627993573,False,0.4196009933948517,0.41899898648262024,0.42127659574468085,0.42127659574468085,0.0011839247308671474
5,hungary,candidate_no_prior,3,full,47,94,0.4085106382978723,0.9227346777915955,0.8170212765957446,0.002127659574468085,0.997872340425532,0.752289834909711,False,0.4215109944343567,0.42054638266563416,0.4085106382978723,0.40425531914893614,0.001999841071665287
5,hungary,candidate_no_prior,4,full,47,94,0.4085106382978723,0.9238122701644897,0.8170212765957446,0.001595744680851064,0.9984042553191489,0.7535698532615651,False,0.4287256896495819,0.42851489782333374,0.4085106382978723,0.4085106382978723,0.0009385881130583584
5,hungary,candidate_no_prior,5,full,47,94,0.4406779661016949,0.9250117540359497,0.8813559322033898,0.00211864406779661,0.9978813559322034,0.8135373412758001,False,0.42935964465141296,0.4287860691547394,0.4406779661016949,0.4364406779661017,0.0017138015246018767
5,hungary,unit_reliability,1,unit,47,94,0.39574468085106385,0.9171973466873169,0.7914893617021277,0.0005319148936170213,0.999468085106383,1.0,False,0.4334527254104614,0.4325108826160431,0.39574468085106385,0.39148936170212767,0.001707420451566577
5,hungary,unit_reliability,2,unit,47,94,0.42127659574468085,0.9254037737846375,0.8425531914893617,0.002127659574468085,0.997872340425532,1.0,False,0.4196009933948517,0.418282687664032,0.42127659574468085,0.42127659574468085,0.0013835234567523003
5,hungary,unit_reliability,3,unit,47,94,0.4085106382978723,0.9227346777915955,0.8170212765957446,0.002127659574468085,0.997872340425532,1.0,False,0.4215109944343567,0.41978105902671814,0.4085106382978723,0.4,0.00234678341075778
5,hungary,unit_reliability,4,unit,47,94,0.4085106382978723,0.9238122701644897,0.8170212765957446,0.001595744680851064,0.9984042553191489,1.0,False,0.4287256896495819,0.4277501404285431,0.4085106382978723,0.4085106382978723,0.0011823843233287334
5,hungary,unit_reliability,5,unit,47,94,0.4406779661016949,0.9250117540359497,0.8813559322033898,0.00211864406779661,0.9978813559322034,1.0,False,0.42935964465141296,0.42825162410736084,0.4406779661016949,0.4364406779661017,0.0018690233118832111
5,hungary,no_missingness_factor,1,no_missingness,47,94,0.39574468085106385,0.9171973466873169,0.7914893617021277,0.0005319148936170213,0.999468085106383,0.7259519424844296,False,0.4334527254104614,0.4334067702293396,0.39574468085106385,0.39148936170212767,0.0012675612233579159
5,hungary,no_missingness_factor,2,no_missingness,47,94,0.42127659574468085,0.9254037737846375,0.8425531914893617,0.002127659574468085,0.997872340425532,0.7797019030185456,False,0.4196009933948517,0.41902679204940796,0.42127659574468085,0.42127659574468085,0.0010917320614680648
5,hungary,no_missingness_factor,3,no_missingness,47,94,0.4085106382978723,0.9227346777915955,0.8170212765957446,0.002127659574468085,0.997872340425532,0.7538938644084524,False,0.4215109944343567,0.4205446243286133,0.4085106382978723,0.40425531914893614,0.001969479024410248
5,hungary,no_missingness_factor,4,no_missingness,47,94,0.4085106382978723,0.9238122701644897,0.8170212765957446,0.001595744680851064,0.9984042553191489,0.7547742803046044,False,0.4287256896495819,0.42853978276252747,0.4085106382978723,0.4085106382978723,0.0008828459540382028
5,hungary,no_missingness_factor,5,no_missingness,47,94,0.4406779661016949,0.9250117540359497,0.8813559322033898,0.00211864406779661,0.9978813559322034,0.8152645967774472,False,0.42935964465141296,0.42878982424736023,0.4406779661016949,0.4406779661016949,0.0016620646929368377
5,hungary,no_class_support_factor,1,no_class_support,47,94,0.39574468085106385,0.9171973466873169,0.7914893617021277,0.0005319148936170213,0.999468085106383,0.9167094757582279,False,0.4334527254104614,0.43278035521507263,0.39574468085106385,0.39148936170212767,0.0015693558380007744
5,hungary,no_class_support_factor,2,no_class_support,47,94,0.42127659574468085,0.9254037737846375,0.8425531914893617,0.002127659574468085,0.997872340425532,0.9234348295850957,False,0.4196009933948517,0.4185387194156647,0.42127659574468085,0.42127659574468085,0.0012845287565141916
5,hungary,no_class_support_factor,3,no_class_support,47,94,0.4085106382978723,0.9227346777915955,0.8170212765957446,0.002127659574468085,0.997872340425532,0.9207714125196985,False,0.4215109944343567,0.4200242757797241,0.4085106382978723,0.4,0.0022257217206060886
5,hungary,no_class_support_factor,4,no_class_support,47,94,0.4085106382978723,0.9238122701644897,0.8170212765957446,0.001595744680851064,0.9984042553191489,0.9223381016482698,False,0.4287256896495819,0.427996963262558,0.4085106382978723,0.4085106382978723,0.001073923776857555
5,hungary,no_class_support_factor,5,no_class_support,47,94,0.4406779661016949,0.9250117540359497,0.8813559322033898,0.00211864406779661,0.9978813559322034,0.9230519833706193,False,0.42935964465141296,0.428474485874176,0.4406779661016949,0.4364406779661017,0.0017826393013820052
5,hungary,no_confidence_factor,1,no_confidence,47,94,0.39574468085106385,0.9171973466873169,0.7914893617021277,0.0005319148936170213,0.999468085106383,0.7910683567224989,False,0.4334527254104614,0.43319129943847656,0.39574468085106385,0.39148936170212767,0.0013652497436851263
5,hungary,no_confidence_factor,2,no_confidence,47,94,0.42127659574468085,0.9254037737846375,0.8425531914893617,0.002127659574468085,0.997872340425532,0.8407605251244907,False,0.4196009933948517,0.418813556432724,0.42127659574468085,0.42127659574468085,0.0011770471464842558
5,hungary,no_confidence_factor,3,no_confidence,47,94,0.4085106382978723,0.9227346777915955,0.8170212765957446,0.002127659574468085,0.997872340425532,0.8152829334540516,False,0.4215109944343567,0.42035114765167236,0.4085106382978723,0.40425531914893614,0.0020654660183936357
5,hungary,no_confidence_factor,4,no_confidence,47,94,0.4085106382978723,0.9238122701644897,0.8170212765957446,0.001595744680851064,0.9984042553191489,0.8157175192394748,False,0.4287256896495819,0.4283427596092224,0.4085106382978723,0.4085106382978723,0.0009464261238463223
5,hungary,no_confidence_factor,5,no_confidence,47,94,0.4406779661016949,0.9250117540359497,0.8813559322033898,0.00211864406779661,0.9978813559322034,0.8794886526860097,False,0.42935964465141296,0.4285987615585327,0.4406779661016949,0.4364406779661017,0.0017360312631353736
5,switzerland,candidate_full,1,full,20,40,0.7959183673469388,0.8251997232437134,0.40816326530612246,0.012755102040816325,0.9872448979591837,0.3325200883957904,False,0.4633925259113312,0.46388736367225647,0.7959183673469388,0.7959183673469388,0.0019743654411286116
5,switzerland,candidate_full,2,full,20,40,0.7755102040816326,0.8254267573356628,0.44897959183673475,0.007653061224489795,0.9923469387755102,0.3677635458808102,False,0.4723334014415741,0.4722253382205963,0.7755102040816326,0.7857142857142857,0.0029389692936092615
5,switzerland,candidate_full,3,full,20,40,0.7857142857142857,0.8128620386123657,0.4285714285714286,0.011479591836734693,0.9885204081632653,0.3443703060812227,False,0.4926392734050751,0.493099570274353,0.7857142857142857,0.7959183673469388,0.0024585325736552477
5,switzerland,candidate_full,4,full,20,40,0.7676767676767676,0.8296884298324585,0.46464646464646475,0.01388888888888889,0.9861111111111112,0.3801574651841765,False,0.4746341109275818,0.4757288992404938,0.7676767676767676,0.7777777777777778,0.0019312093500047922
5,switzerland,candidate_full,5,full,20,40,0.7777777777777778,0.836391270160675,0.4444444444444444,0.0101010101010101,0.98989898989899,0.36797461044106017,False,0.4619761109352112,0.4627994894981384,0.7777777777777778,0.7878787878787878,0.0021052188239991665
5,switzerland,candidate_no_entropy,1,full,20,40,0.7959183673469388,0.8251997232437134,0.40816326530612246,0.012755102040816325,0.9872448979591837,0.3325200883957904,False,0.4633925259113312,0.4646102786064148,0.7959183673469388,0.7959183673469388,0.0019889073446393013
5,switzerland,candidate_no_entropy,2,full,20,40,0.7755102040816326,0.8254267573356628,0.44897959183673475,0.007653061224489795,0.9923469387755102,0.3677635458808102,False,0.4723334014415741,0.47308605909347534,0.7755102040816326,0.7857142857142857,0.0026127202436327934
5,switzerland,candidate_no_entropy,3,full,20,40,0.7857142857142857,0.8128620386123657,0.4285714285714286,0.011479591836734693,0.9885204081632653,0.3443703060812227,False,0.4926392734050751,0.4937083125114441,0.7857142857142857,0.7959183673469388,0.002387194661423564
5,switzerland,candidate_no_entropy,4,full,20,40,0.7676767676767676,0.8296884298324585,0.46464646464646475,0.01388888888888889,0.9861111111111112,0.3801574651841765,False,0.4746341109275818,0.47647660970687866,0.7676767676767676,0.7777777777777778,0.0020617512054741383
5,switzerland,candidate_no_entropy,5,full,20,40,0.7777777777777778,0.836391270160675,0.4444444444444444,0.0101010101010101,0.98989898989899,0.36797461044106017,False,0.4619761109352112,0.46354183554649353,0.7777777777777778,0.7878787878787878,0.002193972934037447
5,switzerland,candidate_no_anchor,1,full,20,40,0.7959183673469388,0.8251997232437134,0.40816326530612246,0.012755102040816325,0.9872448979591837,0.3325200883957904,False,0.4633925259113312,0.4576956331729889,0.7959183673469388,0.7959183673469388,0.007114249747246504
5,switzerland,candidate_no_anchor,2,full,20,40,0.7755102040816326,0.8254267573356628,0.44897959183673475,0.007653061224489795,0.9923469387755102,0.3677635458808102,False,0.4723334014415741,0.46665462851524353,0.7755102040816326,0.7857142857142857,0.007876274175941944
5,switzerland,candidate_no_anchor,3,full,20,40,0.7857142857142857,0.8128620386123657,0.4285714285714286,0.011479591836734693,0.9885204081632653,0.3443703060812227,False,0.4926392734050751,0.48746514320373535,0.7857142857142857,0.7959183673469388,0.007892430759966373
5,switzerland,candidate_no_anchor,4,full,20,40,0.7676767676767676,0.8296884298324585,0.46464646464646475,0.01388888888888889,0.9861111111111112,0.3801574651841765,False,0.4746341109275818,0.469304621219635,0.7676767676767676,0.7777777777777778,0.007131399121135473
5,switzerland,candidate_no_anchor,5,full,20,40,0.7777777777777778,0.836391270160675,0.4444444444444444,0.0101010101010101,0.98989898989899,0.36797461044106017,False,0.4619761109352112,0.45676544308662415,0.7777777777777778,0.7878787878787878,0.005965623538941145
5,switzerland,candidate_no_prior,1,full,20,40,0.7959183673469388,0.8251997232437134,0.40816326530612246,0.012755102040816325,0.9872448979591837,0.3325200883957904,False,0.4633925259113312,0.4643216133117676,0.7959183673469388,0.7959183673469388,0.0017836728366091847
5,switzerland,candidate_no_prior,2,full,20,40,0.7755102040816326,0.8254267573356628,0.44897959183673475,0.007653061224489795,0.9923469387755102,0.3677635458808102,False,0.4723334014415741,0.4726996123790741,0.7755102040816326,0.7857142857142857,0.002315779682248831
5,switzerland,candidate_no_prior,3,full,20,40,0.7857142857142857,0.8128620386123657,0.4285714285714286,0.011479591836734693,0.9885204081632653,0.3443703060812227,False,0.4926392734050751,0.49350157380104065,0.7857142857142857,0.7959183673469388,0.002132666064426303
5,switzerland,candidate_no_prior,4,full,20,40,0.7676767676767676,0.8296884298324585,0.46464646464646475,0.01388888888888889,0.9861111111111112,0.3801574651841765,False,0.4746341109275818,0.47606360912323,0.7676767676767676,0.7777777777777778,0.0017358281183987856
5,switzerland,candidate_no_prior,5,full,20,40,0.7777777777777778,0.836391270160675,0.4444444444444444,0.0101010101010101,0.98989898989899,0.36797461044106017,False,0.4619761109352112,0.4631890654563904,0.7777777777777778,0.7878787878787878,0.001959986984729767
5,switzerland,unit_reliability,1,unit,20,40,0.7959183673469388,0.8251997232437134,0.40816326530612246,0.012755102040816325,0.9872448979591837,1.0,False,0.4633925259113312,0.46234872937202454,0.7959183673469388,0.7959183673469388,0.0025909384712576866
5,switzerland,unit_reliability,2,unit,20,40,0.7755102040816326,0.8254267573356628,0.44897959183673475,0.007653061224489795,0.9923469387755102,1.0,False,0.4723334014415741,0.4707317650318146,0.7755102040816326,0.7857142857142857,0.003926261328160763
5,switzerland,unit_reliability,3,unit,20,40,0.7857142857142857,0.8128620386123657,0.4285714285714286,0.011479591836734693,0.9885204081632653,1.0,False,0.4926392734050751,0.4918673038482666,0.7857142857142857,0.7959183673469388,0.0032429841812700033
5,switzerland,unit_reliability,4,unit,20,40,0.7676767676767676,0.8296884298324585,0.46464646464646475,0.01388888888888889,0.9861111111111112,1.0,False,0.4746341109275818,0.474348783493042,0.7676767676767676,0.7777777777777778,0.0021481579169631004
5,switzerland,unit_reliability,5,unit,20,40,0.7777777777777778,0.836391270160675,0.4444444444444444,0.0101010101010101,0.98989898989899,1.0,False,0.4619761109352112,0.4614664316177368,0.7777777777777778,0.7878787878787878,0.0025936728343367577
5,switzerland,no_missingness_factor,1,no_missingness,20,40,0.7959183673469388,0.8251997232437134,0.40816326530612246,0.012755102040816325,0.9872448979591837,0.3368162135688626,False,0.4633925259113312,0.4638778865337372,0.7959183673469388,0.7959183673469388,0.001974496990442276
5,switzerland,no_missingness_factor,2,no_missingness,20,40,0.7755102040816326,0.8254267573356628,0.44897959183673475,0.007653061224489795,0.9923469387755102,0.3705997685996854,False,0.4723334014415741,0.47221875190734863,0.7755102040816326,0.7857142857142857,0.0029434231109917164
5,switzerland,no_missingness_factor,3,no_missingness,20,40,0.7857142857142857,0.8128620386123657,0.4285714285714286,0.011479591836734693,0.9885204081632653,0.34836944511958534,False,0.4926392734050751,0.49309247732162476,0.7857142857142857,0.7959183673469388,0.0024600347969681025
5,switzerland,no_missingness_factor,4,no_missingness,20,40,0.7676767676767676,0.8296884298324585,0.46464646464646475,0.01388888888888889,0.9861111111111112,0.38551179567972826,False,0.4746341109275818,0.47571825981140137,0.7676767676767676,0.7777777777777778,0.0019299653358757496
5,switzerland,no_missingness_factor,5,no_missingness,20,40,0.7777777777777778,0.836391270160675,0.4444444444444444,0.0101010101010101,0.98989898989899,0.37172945340474445,False,0.4619761109352112,0.4627918303012848,0.7777777777777778,0.7878787878787878,0.002105049090459943
5,switzerland,no_class_support_factor,1,no_class_support,20,40,0.7959183673469388,0.8251997232437134,0.40816326530612246,0.012755102040816325,0.9872448979591837,0.8146742165696864,False,0.4633925259113312,0.46278688311576843,0.7959183673469388,0.7959183673469388,0.002296268008649349
5,switzerland,no_class_support_factor,2,no_class_support,20,40,0.7755102040816326,0.8254267573356628,0.44897959183673475,0.007653061224489795,0.9923469387755102,0.8191097158254409,False,0.4723334014415741,0.47113892436027527,0.7755102040816326,0.7857142857142857,0.003659317037090659
5,switzerland,no_class_support_factor,3,no_class_support,20,40,0.7857142857142857,0.8128620386123657,0.4285714285714286,0.011479591836734693,0.9885204081632653,0.8035307141895196,False,0.4926392734050751,0.492243230342865,0.7857142857142857,0.7959183673469388,0.0029620181303471327
5,switzerland,no_class_support_factor,4,no_class_support,20,40,0.7676767676767676,0.8296884298324585,0.46464646464646475,0.01388888888888889,0.9861111111111112,0.8181649794181188,False,0.4746341109275818,0.47476842999458313,0.7676767676767676,0.7777777777777778,0.0019601183012127876
5,switzerland,no_class_support_factor,5,no_class_support,20,40,0.7777777777777778,0.836391270160675,0.4444444444444444,0.0101010101010101,0.98989898989899,0.8279428734923855,False,0.4619761109352112,0.46183937788009644,0.7777777777777778,0.7878787878787878,0.002364450367167592
5,switzerland,no_confidence_factor,1,no_confidence,20,40,0.7959183673469388,0.8251997232437134,0.40816326530612246,0.012755102040816325,0.9872448979591837,0.40295710120783007,False,0.4633925259113312,0.46372348070144653,0.7959183673469388,0.7959183673469388,0.001979898428544402
5,switzerland,no_confidence_factor,2,no_confidence,20,40,0.7755102040816326,0.8254267573356628,0.44897959183673475,0.007653061224489795,0.9923469387755102,0.4455435235318618,False,0.4723334014415741,0.4720402956008911,0.7755102040816326,0.7857142857142857,0.0030640163458883762
5,switzerland,no_confidence_factor,3,no_confidence,20,40,0.7857142857142857,0.8128620386123657,0.4285714285714286,0.011479591836734693,0.9885204081632653,0.4236516034985423,False,0.4926392734050751,0.4929577112197876,0.7857142857142857,0.7959183673469388,0.0024984129704535007
5,switzerland,no_confidence_factor,4,no_confidence,20,40,0.7676767676767676,0.8296884298324585,0.46464646464646475,0.01388888888888889,0.9861111111111112,0.45819304152637497,False,0.4746341109275818,0.4755646288394928,0.7676767676767676,0.7777777777777778,0.0019158900249749422
5,switzerland,no_confidence_factor,5,no_confidence,20,40,0.7777777777777778,0.836391270160675,0.4444444444444444,0.0101010101010101,0.98989898989899,0.4399551066217733,False,0.4619761109352112,0.4626522958278656,0.7777777777777778,0.7878787878787878,0.0021012129727751017
5,va_long_beach,candidate_full,1,full,32,64,0.7625,0.8410526514053345,0.4750000000000001,0.13984375,0.86015625,0.34363242997555066,False,0.4724755883216858,0.4721221923828125,0.7625,0.7625,0.0035254149697721004
5,va_long_beach,candidate_full,2,full,32,64,0.8,0.8182277083396912,0.3999999999999999,0.13828125000000002,0.86171875,0.2820328632183372,False,0.4771348834037781,0.47661933302879333,0.8,0.8,0.003473053453490138
5,va_long_beach,candidate_full,3,full,32,64,0.8,0.8137967586517334,0.3999999999999999,0.12578125,0.87421875,0.284574554041028,False,0.47718650102615356,0.47707805037498474,0.8,0.8,0.002792296465486288
5,va_long_beach,candidate_full,4,full,32,64,0.8,0.8245276212692261,0.3999999999999999,0.1328125,0.8671875,0.2860080186277627,False,0.47160404920578003,0.47160854935646057,0.8,0.8,0.002597752958536148
5,va_long_beach,candidate_full,5,full,32,64,0.7625,0.8379863500595093,0.4750000000000001,0.14765625,0.85234375,0.3392699033278041,False,0.47967252135276794,0.47965630888938904,0.7625,0.7625,0.0028089401312172413
5,va_long_beach,candidate_no_entropy,1,full,32,64,0.7625,0.8410526514053345,0.4750000000000001,0.13984375,0.86015625,0.34363242997555066,False,0.4724755883216858,0.4729280471801758,0.7625,0.7625,0.00324077601544559
5,va_long_beach,candidate_no_entropy,2,full,32,64,0.8,0.8182277083396912,0.3999999999999999,0.13828125000000002,0.86171875,0.2820328632183372,False,0.4771348834037781,0.4772999882698059,0.8,0.8,0.0031984965316951275
5,va_long_beach,candidate_no_entropy,3,full,32,64,0.8,0.8137967586517334,0.3999999999999999,0.12578125,0.87421875,0.284574554041028,False,0.47718650102615356,0.47774267196655273,0.8,0.8,0.002687138970941305
5,va_long_beach,candidate_no_entropy,4,full,32,64,0.8,0.8245276212692261,0.3999999999999999,0.1328125,0.8671875,0.2860080186277627,False,0.47160404920578003,0.4722985625267029,0.8,0.8,0.0025209393352270126
5,va_long_beach,candidate_no_entropy,5,full,32,64,0.7625,0.8379863500595093,0.4750000000000001,0.14765625,0.85234375,0.3392699033278041,False,0.47967252135276794,0.4803985059261322,0.7625,0.7625,0.002705866936594248
5,va_long_beach,candidate_no_anchor,1,full,32,64,0.7625,0.8410526514053345,0.4750000000000001,0.13984375,0.86015625,0.34363242997555066,False,0.4724755883216858,0.46698006987571716,0.7625,0.76875,0.007990395650267601
5,va_long_beach,candidate_no_anchor,2,full,32,64,0.8,0.8182277083396912,0.3999999999999999,0.13828125000000002,0.86171875,0.2820328632183372,False,0.4771348834037781,0.4716013967990875,0.8,0.80625,0.008335741236805916
5,va_long_beach,candidate_no_anchor,3,full,32,64,0.8,0.8137967586517334,0.3999999999999999,0.12578125,0.87421875,0.284574554041028,False,0.47718650102615356,0.4714258313179016,0.8,0.80625,0.008455021306872368
5,va_long_beach,candidate_no_anchor,4,full,32,64,0.8,0.8245276212692261,0.3999999999999999,0.1328125,0.8671875,0.2860080186277627,False,0.47160404920578003,0.46596020460128784,0.8,0.8,0.007703354116529226
5,va_long_beach,candidate_no_anchor,5,full,32,64,0.7625,0.8379863500595093,0.4750000000000001,0.14765625,0.85234375,0.3392699033278041,False,0.47967252135276794,0.4744352698326111,0.7625,0.76875,0.00785762071609497
5,va_long_beach,candidate_no_prior,1,full,32,64,0.7625,0.8410526514053345,0.4750000000000001,0.13984375,0.86015625,0.34363242997555066,False,0.4724755883216858,0.47255271673202515,0.7625,0.7625,0.002920784056186676
5,va_long_beach,candidate_no_prior,2,full,32,64,0.8,0.8182277083396912,0.3999999999999999,0.13828125000000002,0.86171875,0.2820328632183372,False,0.4771348834037781,0.4772201478481293,0.8,0.8,0.002901421394199133
5,va_long_beach,candidate_no_prior,3,full,32,64,0.8,0.8137967586517334,0.3999999999999999,0.12578125,0.87421875,0.284574554041028,False,0.47718650102615356,0.4775920808315277,0.8,0.8,0.0024282948579639196
5,va_long_beach,candidate_no_prior,4,full,32,64,0.8,0.8245276212692261,0.3999999999999999,0.1328125,0.8671875,0.2860080186277627,False,0.47160404920578003,0.4720389246940613,0.8,0.8,0.0022604353725910187
5,va_long_beach,candidate_no_prior,5,full,32,64,0.7625,0.8379863500595093,0.4750000000000001,0.14765625,0.85234375,0.3392699033278041,False,0.47967252135276794,0.48006877303123474,0.7625,0.7625,0.0023272852413356304
5,va_long_beach,unit_reliability,1,unit,32,64,0.7625,0.8410526514053345,0.4750000000000001,0.13984375,0.86015625,1.0,False,0.4724755883216858,0.4705875515937805,0.7625,0.7625,0.004515216685831547
5,va_long_beach,unit_reliability,2,unit,32,64,0.8,0.8182277083396912,0.3999999999999999,0.13828125000000002,0.86171875,1.0,False,0.4771348834037781,0.47487735748291016,0.8,0.8,0.004736193455755711
5,va_long_beach,unit_reliability,3,unit,32,64,0.8,0.8137967586517334,0.3999999999999999,0.12578125,0.87421875,1.0,False,0.47718650102615356,0.475330650806427,0.8,0.8,0.003994380589574575
5,va_long_beach,unit_reliability,4,unit,32,64,0.8,0.8245276212692261,0.3999999999999999,0.1328125,0.8671875,1.0,False,0.47160404920578003,0.46985897421836853,0.8,0.8,0.003694602521136403
5,va_long_beach,unit_reliability,5,unit,32,64,0.7625,0.8379863500595093,0.4750000000000001,0.14765625,0.85234375,1.0,False,0.47967252135276794,0.47819843888282776,0.7625,0.7625,0.003732913639396429
5,va_long_beach,no_missingness_factor,1,no_missingness,32,64,0.7625,0.8410526514053345,0.4750000000000001,0.13984375,0.86015625,0.39950000941753394,False,0.4724755883216858,0.4719938337802887,0.7625,0.7625,0.003607518970966339
5,va_long_beach,no_missingness_factor,2,no_missingness,32,64,0.8,0.8182277083396912,0.3999999999999999,0.13828125000000002,0.86171875,0.32729108333587636,False,0.4771348834037781,0.4765073359012604,0.8,0.8,0.0035486039705574512
5,va_long_beach,no_missingness_factor,3,no_missingness,32,64,0.8,0.8137967586517334,0.3999999999999999,0.12578125,0.87421875,0.3255187034606933,False,0.47718650102615356,0.4769808351993561,0.8,0.8,0.0028207649011164904
5,va_long_beach,no_missingness_factor,4,no_missingness,32,64,0.8,0.8245276212692261,0.3999999999999999,0.1328125,0.8671875,0.32981104850769033,False,0.47160404920578003,0.47150087356567383,0.8,0.8,0.002626795321702957
5,va_long_beach,no_missingness_factor,5,no_missingness,32,64,0.7625,0.8379863500595093,0.4750000000000001,0.14765625,0.85234375,0.398043516278267,False,0.47967252135276794,0.47952795028686523,0.7625,0.7625,0.002867557806894183
5,va_long_beach,no_class_support_factor,1,no_class_support,32,64,0.7625,0.8410526514053345,0.4750000000000001,0.13984375,0.86015625,0.7234366946853696,False,0.4724755883216858,0.4712234437465668,0.7625,0.7625,0.00410811509937048
5,va_long_beach,no_class_support_factor,2,no_class_support,32,64,0.8,0.8182277083396912,0.3999999999999999,0.13828125000000002,0.86171875,0.7050821580458432,False,0.4771348834037781,0.47557932138442993,0.8,0.8,0.0042287069372832775
5,va_long_beach,no_class_support_factor,3,no_class_support,32,64,0.8,0.8137967586517334,0.3999999999999999,0.12578125,0.87421875,0.7114363851025701,False,0.47718650102615356,0.4760356843471527,0.8,0.8,0.0034568882547318935
5,va_long_beach,no_class_support_factor,4,no_class_support,32,64,0.8,0.8245276212692261,0.3999999999999999,0.1328125,0.8671875,0.715020046569407,False,0.47160404920578003,0.4705602526664734,0.8,0.8,0.0032064307015389204
5,va_long_beach,no_class_support_factor,5,no_class_support,32,64,0.7625,0.8379863500595093,0.4750000000000001,0.14765625,0.85234375,0.7142524280585348,False,0.47967252135276794,0.47882112860679626,0.7625,0.7625,0.003325972706079483
5,va_long_beach,no_confidence_factor,1,no_confidence,32,64,0.7625,0.8410526514053345,0.4750000000000001,0.13984375,0.86015625,0.40857421875000005,False,0.4724755883216858,0.47197309136390686,0.7625,0.7625,0.003621085314080119
5,va_long_beach,no_confidence_factor,2,no_confidence,32,64,0.8,0.8182277083396912,0.3999999999999999,0.13828125000000002,0.86171875,0.3446874999999999,False,0.4771348834037781,0.4764658808708191,0.8,0.8,0.003578250063583255
5,va_long_beach,no_confidence_factor,3,no_confidence,32,64,0.8,0.8137967586517334,0.3999999999999999,0.12578125,0.87421875,0.34968749999999993,False,0.47718650102615356,0.476921945810318,0.8,0.8,0.0028435480780899525
5,va_long_beach,no_confidence_factor,4,no_confidence,32,64,0.8,0.8245276212692261,0.3999999999999999,0.1328125,0.8671875,0.34687499999999993,False,0.47160404920578003,0.4714570939540863,0.8,0.8,0.0026420436333864927
5,va_long_beach,no_confidence_factor,5,no_confidence,32,64,0.7625,0.8379863500595093,0.4750000000000001,0.14765625,0.85234375,0.40486328125000004,False,0.47967252135276794,0.4795127809047699,0.7625,0.7625,0.002875738311558962
6,hungary,candidate_full,1,full,47,94,0.34893617021276596,0.9054344892501831,0.6978723404255319,0.0005319148936170213,0.999468085106383,0.6315415809628325,False,0.4432113468647003,0.4425375163555145,0.34893617021276596,0.34893617021276596,0.001955847255885601
6,hungary,candidate_full,2,full,47,94,0.39148936170212767,0.9119438529014587,0.7829787234042553,0.002127659574468085,0.997872340425532,0.7125134153914378,False,0.4345816969871521,0.4339393973350525,0.39148936170212767,0.39148936170212767,0.0014387235278263688
6,hungary,candidate_full,3,full,47,94,0.3617021276595745,0.9089763760566711,0.723404255319149,0.002127659574468085,0.997872340425532,0.656158320172009,False,0.4341602027416229,0.43355172872543335,0.3617021276595745,0.3617021276595745,0.0021068458445370197
6,hungary,candidate_full,4,full,47,94,0.3659574468085106,0.9125058650970459,0.7319148936170212,0.001595744680851064,0.9984042553191489,0.6668108725925547,False,0.43919241428375244,0.43827617168426514,0.3659574468085106,0.3659574468085106,0.0026480520609766245
6,hungary,candidate_full,5,full,47,94,0.3855932203389831,0.9135133624076843,0.7711864406779662,0.00211864406779661,0.9978813559322034,0.7029965567752758,False,0.44186362624168396,0.44084858894348145,0.3855932203389831,0.3855932203389831,0.0035422337241470814
6,hungary,candidate_no_entropy,1,full,47,94,0.34893617021276596,0.9054344892501831,0.6978723404255319,0.0005319148936170213,0.999468085106383,0.6315415809628325,False,0.4432113468647003,0.4451100528240204,0.34893617021276596,0.34893617021276596,0.0012533789267763495
6,hungary,candidate_no_entropy,2,full,47,94,0.39148936170212767,0.9119438529014587,0.7829787234042553,0.002127659574468085,0.997872340425532,0.7125134153914378,False,0.4345816969871521,0.43673333525657654,0.39148936170212767,0.39148936170212767,0.0012917814310640097
6,hungary,candidate_no_entropy,3,full,47,94,0.3617021276595745,0.9089763760566711,0.723404255319149,0.002127659574468085,0.997872340425532,0.656158320172009,False,0.4341602027416229,0.436148077249527,0.3617021276595745,0.3617021276595745,0.0014671911485493183
6,hungary,candidate_no_entropy,4,full,47,94,0.3659574468085106,0.9125058650970459,0.7319148936170212,0.001595744680851064,0.9984042553191489,0.6668108725925547,False,0.43919241428375244,0.4406873881816864,0.3659574468085106,0.3659574468085106,0.0017139955889433622
6,hungary,candidate_no_entropy,5,full,47,94,0.3855932203389831,0.9135133624076843,0.7711864406779662,0.00211864406779661,0.9978813559322034,0.7029965567752758,False,0.44186362624168396,0.44335052371025085,0.3855932203389831,0.3855932203389831,0.0023781899362802505
6,hungary,candidate_no_anchor,1,full,47,94,0.34893617021276596,0.9054344892501831,0.6978723404255319,0.0005319148936170213,0.999468085106383,0.6315415809628325,False,0.4432113468647003,0.4346921741962433,0.34893617021276596,0.34893617021276596,0.006339958868920803
6,hungary,candidate_no_anchor,2,full,47,94,0.39148936170212767,0.9119438529014587,0.7829787234042553,0.002127659574468085,0.997872340425532,0.7125134153914378,False,0.4345816969871521,0.42652618885040283,0.39148936170212767,0.39148936170212767,0.005399000830948353
6,hungary,candidate_no_anchor,3,full,47,94,0.3617021276595745,0.9089763760566711,0.723404255319149,0.002127659574468085,0.997872340425532,0.656158320172009,False,0.4341602027416229,0.4259653389453888,0.3617021276595745,0.3617021276595745,0.005935670807957649
6,hungary,candidate_no_anchor,4,full,47,94,0.3659574468085106,0.9125058650970459,0.7319148936170212,0.001595744680851064,0.9984042553191489,0.6668108725925547,False,0.43919241428375244,0.43094125390052795,0.3659574468085106,0.3659574468085106,0.006188753992319107
6,hungary,candidate_no_anchor,5,full,47,94,0.3855932203389831,0.9135133624076843,0.7711864406779662,0.00211864406779661,0.9978813559322034,0.7029965567752758,False,0.44186362624168396,0.433962345123291,0.3855932203389831,0.3855932203389831,0.005950349848717451
6,hungary,candidate_no_prior,1,full,47,94,0.34893617021276596,0.9054344892501831,0.6978723404255319,0.0005319148936170213,0.999468085106383,0.6315415809628325,False,0.4432113468647003,0.4425801932811737,0.34893617021276596,0.34893617021276596,0.0019224098650738597
6,hungary,candidate_no_prior,2,full,47,94,0.39148936170212767,0.9119438529014587,0.7829787234042553,0.002127659574468085,0.997872340425532,0.7125134153914378,False,0.4345816969871521,0.4339178502559662,0.39148936170212767,0.39148936170212767,0.0015222301008179784
6,hungary,candidate_no_prior,3,full,47,94,0.3617021276595745,0.9089763760566711,0.723404255319149,0.002127659574468085,0.997872340425532,0.656158320172009,False,0.4341602027416229,0.433575838804245,0.3617021276595745,0.3617021276595745,0.002101742895320058
6,hungary,candidate_no_prior,4,full,47,94,0.3659574468085106,0.9125058650970459,0.7319148936170212,0.001595744680851064,0.9984042553191489,0.6668108725925547,False,0.43919241428375244,0.43832772970199585,0.3659574468085106,0.3659574468085106,0.002620087005198002
6,hungary,candidate_no_prior,5,full,47,94,0.3855932203389831,0.9135133624076843,0.7711864406779662,0.00211864406779661,0.9978813559322034,0.7029965567752758,False,0.44186362624168396,0.4409179985523224,0.3855932203389831,0.3855932203389831,0.003441826207563281
6,hungary,unit_reliability,1,unit,47,94,0.34893617021276596,0.9054344892501831,0.6978723404255319,0.0005319148936170213,0.999468085106383,1.0,False,0.4432113468647003,0.4409525692462921,0.34893617021276596,0.34893617021276596,0.002780572511255741
6,hungary,unit_reliability,2,unit,47,94,0.39148936170212767,0.9119438529014587,0.7829787234042553,0.002127659574468085,0.997872340425532,1.0,False,0.4345816969871521,0.4327889084815979,0.39148936170212767,0.39148936170212767,0.0019341101869940758
6,hungary,unit_reliability,3,unit,47,94,0.3617021276595745,0.9089763760566711,0.723404255319149,0.002127659574468085,0.997872340425532,1.0,False,0.4341602027416229,0.43211162090301514,0.3617021276595745,0.3617021276595745,0.00282315444201231
6,hungary,unit_reliability,4,unit,47,94,0.3659574468085106,0.9125058650970459,0.7319148936170212,0.001595744680851064,0.9984042553191489,1.0,False,0.43919241428375244,0.4370805323123932,0.3659574468085106,0.3659574468085106,0.003230966627597809
6,hungary,unit_reliability,5,unit,47,94,0.3855932203389831,0.9135133624076843,0.7711864406779662,0.00211864406779661,0.9978813559322034,1.0,False,0.44186362624168396,0.4397946298122406,0.3855932203389831,0.3855932203389831,0.004074627999216318
6,hungary,no_missingness_factor,1,no_missingness,47,94,0.34893617021276596,0.9054344892501831,0.6978723404255319,0.0005319148936170213,0.999468085106383,0.6318776861150214,False,0.4432113468647003,0.44253605604171753,0.34893617021276596,0.34893617021276596,0.001956595340743661
6,hungary,no_missingness_factor,2,no_missingness,47,94,0.39148936170212767,0.9119438529014587,0.7829787234042553,0.002127659574468085,0.997872340425532,0.7140326337611422,False,0.4345816969871521,0.4339333474636078,0.39148936170212767,0.39148936170212767,0.0014412618475034833
6,hungary,no_missingness_factor,3,no_missingness,47,94,0.3617021276595745,0.9089763760566711,0.723404255319149,0.002127659574468085,0.997872340425532,0.6575573784239749,False,0.4341602027416229,0.433544784784317,0.3617021276595745,0.3617021276595745,0.002111498499289155
6,hungary,no_missingness_factor,4,no_missingness,47,94,0.3659574468085106,0.9125058650970459,0.7319148936170212,0.001595744680851064,0.9984042553191489,0.6678766331774123,False,0.43919241428375244,0.4382723867893219,0.3659574468085106,0.3659574468085106,0.0026500143576413393
6,hungary,no_missingness_factor,5,no_missingness,47,94,0.3855932203389831,0.9135133624076843,0.7711864406779662,0.00211864406779661,0.9978813559322034,0.7044891184669431,False,0.44186362624168396,0.4408433437347412,0.3855932203389831,0.3855932203389831,0.0035451913718134165
6,hungary,no_class_support_factor,1,no_class_support,47,94,0.34893617021276596,0.9054344892501831,0.6978723404255319,0.0005319148936170213,0.999468085106383,0.9049528751601564,False,0.4432113468647003,0.44135236740112305,0.34893617021276596,0.34893617021276596,0.002574383979663253
6,hungary,no_class_support_factor,2,no_class_support,47,94,0.39148936170212767,0.9119438529014587,0.7829787234042553,0.002127659574468085,0.997872340425532,0.9100035468314557,False,0.4345816969871521,0.4331459105014801,0.39148936170212767,0.39148936170212767,0.0017778425244614482
6,hungary,no_class_support_factor,3,no_class_support,47,94,0.3617021276595745,0.9089763760566711,0.723404255319149,0.002127659574468085,0.997872340425532,0.9070423837671889,False,0.4341602027416229,0.43249380588531494,0.3617021276595745,0.3617021276595745,0.0026346775703132153
6,hungary,no_class_support_factor,4,no_class_support,47,94,0.3659574468085106,0.9125058650970459,0.7319148936170212,0.001595744680851064,0.9984042553191489,0.9110497387165718,False,0.43919241428375244,0.4373916685581207,0.3659574468085106,0.3659574468085106,0.003083842108026147
6,hungary,no_class_support_factor,5,no_class_support,47,94,0.3855932203389831,0.9135133624076843,0.7711864406779662,0.00211864406779661,0.9978813559322034,0.9115779527415664,False,0.44186362624168396,0.44010037183761597,0.3855932203389831,0.3855932203389831,0.003926489967852831
6,hungary,no_confidence_factor,1,no_confidence,47,94,0.34893617021276596,0.9054344892501831,0.6978723404255319,0.0005319148936170213,0.999468085106383,0.6975011317338162,False,0.4432113468647003,0.4422461986541748,0.34893617021276596,0.34893617021276596,0.002107396489009261
6,hungary,no_confidence_factor,2,no_confidence,47,94,0.39148936170212767,0.9119438529014587,0.7829787234042553,0.002127659574468085,0.997872340425532,0.7813128112267995,False,0.4345816969871521,0.43366149067878723,0.39148936170212767,0.39148936170212767,0.0015564009081572294
6,hungary,no_confidence_factor,3,no_confidence,47,94,0.3617021276595745,0.9089763760566711,0.723404255319149,0.002127659574468085,0.997872340425532,0.7218650973291083,False,0.4341602027416229,0.4332725703716278,0.3617021276595745,0.3617021276595745,0.0022468273527920246
6,hungary,no_confidence_factor,4,no_confidence,47,94,0.3659574468085106,0.9125058650970459,0.7319148936170212,0.001595744680851064,0.9984042553191489,0.7307469443186961,False,0.43919241428375244,0.43803852796554565,0.3659574468085106,0.3659574468085106,0.0027690953575074673
6,hungary,no_confidence_factor,5,no_confidence,47,94,0.3855932203389831,0.9135133624076843,0.7711864406779662,0.00211864406779661,0.9978813559322034,0.7695525711002587,False,0.44186362624168396,0.4406079351902008,0.3855932203389831,0.3855932203389831,0.0036720542702823877
6,switzerland,candidate_full,1,full,20,40,0.7551020408163265,0.8198902010917664,0.48979591836734704,0.012755102040816325,0.9872448979591837,0.39645669448877174,False,0.49452275037765503,0.49576878547668457,0.7551020408163265,0.7551020408163265,0.001787490793503821
6,switzerland,candidate_full,2,full,20,40,0.7244897959183674,0.8126767873764038,0.5510204081632653,0.007653061224489795,0.9923469387755102,0.4443744428266539,False,0.5043116211891174,0.5050442218780518,0.7244897959183674,0.7346938775510204,0.00203603133559227
6,switzerland,candidate_full,3,full,20,40,0.7244897959183674,0.8039442300796509,0.5510204081632653,0.011479591836734693,0.9885204081632653,0.4379043371099722,False,0.5239503979682922,0.5249066352844238,0.7244897959183674,0.7346938775510204,0.0017166133038699627
6,switzerland,candidate_full,4,full,20,40,0.7171717171717171,0.8180387616157532,0.5656565656565657,0.01388888888888889,0.9861111111111112,0.4563022048518849,False,0.5086583495140076,0.5097271203994751,0.7171717171717171,0.7272727272727273,0.0018775934586301446
6,switzerland,candidate_full,5,full,20,40,0.7373737373737373,0.8208070993423462,0.5252525252525253,0.0101010101010101,0.98989898989899,0.42677614307199235,False,0.49897801876068115,0.49967125058174133,0.7373737373737373,0.7474747474747475,0.0015496682608500123
6,switzerland,candidate_no_entropy,1,full,20,40,0.7551020408163265,0.8198902010917664,0.48979591836734704,0.012755102040816325,0.9872448979591837,0.39645669448877174,False,0.49452275037765503,0.4967157542705536,0.7551020408163265,0.7551020408163265,0.0020128695759922266
6,switzerland,candidate_no_entropy,2,full,20,40,0.7244897959183674,0.8126767873764038,0.5510204081632653,0.007653061224489795,0.9923469387755102,0.4443744428266539,False,0.5043116211891174,0.5060096383094788,0.7244897959183674,0.7346938775510204,0.002227921038866043
6,switzerland,candidate_no_entropy,3,full,20,40,0.7244897959183674,0.8039442300796509,0.5510204081632653,0.011479591836734693,0.9885204081632653,0.4379043371099722,False,0.5239503979682922,0.5258581638336182,0.7244897959183674,0.7346938775510204,0.0019005476497113705
6,switzerland,candidate_no_entropy,4,full,20,40,0.7171717171717171,0.8180387616157532,0.5656565656565657,0.01388888888888889,0.9861111111111112,0.4563022048518849,False,0.5086583495140076,0.5107706189155579,0.7171717171717171,0.7272727272727273,0.002142236800864339
6,switzerland,candidate_no_entropy,5,full,20,40,0.7373737373737373,0.8208070993423462,0.5252525252525253,0.0101010101010101,0.98989898989899,0.42677614307199235,False,0.49897801876068115,0.5006414651870728,0.7373737373737373,0.7474747474747475,0.0018118259031325579
6,switzerland,candidate_no_anchor,1,full,20,40,0.7551020408163265,0.8198902010917664,0.48979591836734704,0.012755102040816325,0.9872448979591837,0.39645669448877174,False,0.49452275037765503,0.48852699995040894,0.7551020408163265,0.7653061224489796,0.0064441426657140255
6,switzerland,candidate_no_anchor,2,full,20,40,0.7244897959183674,0.8126767873764038,0.5510204081632653,0.007653061224489795,0.9923469387755102,0.4443744428266539,False,0.5043116211891174,0.4987013041973114,0.7244897959183674,0.7551020408163265,0.006534791085869074
6,switzerland,candidate_no_anchor,3,full,20,40,0.7244897959183674,0.8039442300796509,0.5510204081632653,0.011479591836734693,0.9885204081632653,0.4379043371099722,False,0.5239503979682922,0.5185867547988892,0.7244897959183674,0.7551020408163265,0.006916191894561052
6,switzerland,candidate_no_anchor,4,full,20,40,0.7171717171717171,0.8180387616157532,0.5656565656565657,0.01388888888888889,0.9861111111111112,0.4563022048518849,False,0.5086583495140076,0.5032012462615967,0.7171717171717171,0.7474747474747475,0.006208673119544983
6,switzerland,candidate_no_anchor,5,full,20,40,0.7373737373737373,0.8208070993423462,0.5252525252525253,0.0101010101010101,0.98989898989899,0.42677614307199235,False,0.49897801876068115,0.4936869740486145,0.7373737373737373,0.7575757575757576,0.0060022021643817425
6,switzerland,candidate_no_prior,1,full,20,40,0.7551020408163265,0.8198902010917664,0.48979591836734704,0.012755102040816325,0.9872448979591837,0.39645669448877174,False,0.49452275037765503,0.496152400970459,0.7551020408163265,0.7551020408163265,0.0016910812119022012
6,switzerland,candidate_no_prior,2,full,20,40,0.7244897959183674,0.8126767873764038,0.5510204081632653,0.007653061224489795,0.9923469387755102,0.4443744428266539,False,0.5043116211891174,0.5054853558540344,0.7244897959183674,0.7346938775510204,0.0018491472583264112
6,switzerland,candidate_no_prior,3,full,20,40,0.7244897959183674,0.8039442300796509,0.5510204081632653,0.011479591836734693,0.9885204081632653,0.4379043371099722,False,0.5239503979682922,0.5253071188926697,0.7244897959183674,0.7346938775510204,0.0015119201270863414
6,switzerland,candidate_no_prior,4,full,20,40,0.7171717171717171,0.8180387616157532,0.5656565656565657,0.01388888888888889,0.9861111111111112,0.4563022048518849,False,0.5086583495140076,0.5101278424263,0.7171717171717171,0.7272727272727273,0.0016927756369113922
6,switzerland,candidate_no_prior,5,full,20,40,0.7373737373737373,0.8208070993423462,0.5252525252525253,0.0101010101010101,0.98989898989899,0.42677614307199235,False,0.49897801876068115,0.5000616908073425,0.7373737373737373,0.7474747474747475,0.001403148751705885
6,switzerland,unit_reliability,1,unit,20,40,0.7551020408163265,0.8198902010917664,0.48979591836734704,0.012755102040816325,0.9872448979591837,1.0,False,0.49452275037765503,0.49409976601600647,0.7551020408163265,0.7551020408163265,0.0019086479442194104
6,switzerland,unit_reliability,2,unit,20,40,0.7244897959183674,0.8126767873764038,0.5510204081632653,0.007653061224489795,0.9923469387755102,1.0,False,0.5043116211891174,0.5037295818328857,0.7244897959183674,0.7346938775510204,0.0023486954160034657
6,switzerland,unit_reliability,3,unit,20,40,0.7244897959183674,0.8039442300796509,0.5510204081632653,0.011479591836734693,0.9885204081632653,1.0,False,0.5239503979682922,0.5235768556594849,0.7244897959183674,0.7346938775510204,0.0018409858457744122
6,switzerland,unit_reliability,4,unit,20,40,0.7171717171717171,0.8180387616157532,0.5656565656565657,0.01388888888888889,0.9861111111111112,1.0,False,0.5086583495140076,0.5083246827125549,0.7171717171717171,0.7272727272727273,0.0020762623753398657
6,switzerland,unit_reliability,5,unit,20,40,0.7373737373737373,0.8208070993423462,0.5252525252525253,0.0101010101010101,0.98989898989899,1.0,False,0.49897801876068115,0.49833598732948303,0.7373737373737373,0.7474747474747475,0.0020059540402144194
6,switzerland,no_missingness_factor,1,no_missingness,20,40,0.7551020408163265,0.8198902010917664,0.48979591836734704,0.012755102040816325,0.9872448979591837,0.40157887400413056,False,0.49452275037765503,0.49575579166412354,0.7551020408163265,0.7551020408163265,0.0017846310511231422
6,switzerland,no_missingness_factor,2,no_missingness,20,40,0.7244897959183674,0.8126767873764038,0.5510204081632653,0.007653061224489795,0.9923469387755102,0.44780149508495715,False,0.5043116211891174,0.5050365924835205,0.7244897959183674,0.7346938775510204,0.002034983364865184
6,switzerland,no_missingness_factor,3,no_missingness,20,40,0.7244897959183674,0.8039442300796509,0.5510204081632653,0.011479591836734693,0.9885204081632653,0.44298967779899123,False,0.5239503979682922,0.524895191192627,0.7244897959183674,0.7346938775510204,0.0017149425111711025
6,switzerland,no_missingness_factor,4,no_missingness,20,40,0.7171717171717171,0.8180387616157532,0.5656565656565657,0.01388888888888889,0.9861111111111112,0.46272899646951704,False,0.5086583495140076,0.5097118616104126,0.7171717171717171,0.7272727272727273,0.00187522335909307
6,switzerland,no_missingness_factor,5,no_missingness,20,40,0.7373737373737373,0.8208070993423462,0.5252525252525253,0.0101010101010101,0.98989898989899,0.43113100167476776,False,0.49897801876068115,0.49966031312942505,0.7373737373737373,0.7474747474747475,0.0015465961769223213
6,switzerland,no_class_support_factor,1,no_class_support,20,40,0.7551020408163265,0.8198902010917664,0.48979591836734704,0.012755102040816325,0.9872448979591837,0.8094324179145754,False,0.49452275037765503,0.49463361501693726,0.7551020408163265,0.7551020408163265,0.001645183190703392
6,switzerland,no_class_support_factor,2,no_class_support,20,40,0.7244897959183674,0.8126767873764038,0.5510204081632653,0.007653061224489795,0.9923469387755102,0.8064573221668905,False,0.5043116211891174,0.5041906237602234,0.7244897959183674,0.7346938775510204,0.0021061603911221027
6,switzerland,no_class_support_factor,3,no_class_support,20,40,0.7244897959183674,0.8039442300796509,0.5510204081632653,0.011479591836734693,0.9885204081632653,0.7947152784588385,False,0.5239503979682922,0.5240682363510132,0.7244897959183674,0.7346938775510204,0.0016512589063495398
6,switzerland,no_class_support_factor,4,no_class_support,20,40,0.7171717171717171,0.8180387616157532,0.5656565656565657,0.01388888888888889,0.9861111111111112,0.8066771121488677,False,0.5086583495140076,0.5088208317756653,0.7171717171717171,0.7272727272727273,0.0018358671804890037
6,switzerland,no_class_support_factor,5,no_class_support,20,40,0.7373737373737373,0.8208070993423462,0.5252525252525253,0.0101010101010101,0.98989898989899,0.8125161185409084,False,0.49897801876068115,0.49876827001571655,0.7373737373737373,0.7474747474747475,0.0017398940399289131
6,switzerland,no_confidence_factor,1,no_confidence,20,40,0.7551020408163265,0.8198902010917664,0.48979591836734704,0.012755102040816325,0.9872448979591837,0.4835485214493962,False,0.49452275037765503,0.49553999304771423,0.7551020408163265,0.7551020408163265,0.001738046994432807
6,switzerland,no_confidence_factor,2,no_confidence,20,40,0.7244897959183674,0.8126767873764038,0.5510204081632653,0.007653061224489795,0.9923469387755102,0.5468034152436484,False,0.5043116211891174,0.5048101544380188,0.7244897959183674,0.7346938775510204,0.0020110902842134237
6,switzerland,no_confidence_factor,3,no_confidence,20,40,0.7244897959183674,0.8039442300796509,0.5510204081632653,0.011479591836734693,0.9885204081632653,0.54469491878384,False,0.5239503979682922,0.5246619582176208,0.7244897959183674,0.7346938775510204,0.001685473951511085
6,switzerland,no_confidence_factor,4,no_confidence,20,40,0.7171717171717171,0.8180387616157532,0.5656565656565657,0.01388888888888889,0.9861111111111112,0.5578002244668913,False,0.5086583495140076,0.5094637870788574,0.7171717171717171,0.7272727272727273,0.0018316871719434857
6,switzerland,no_confidence_factor,5,no_confidence,20,40,0.7373737373737373,0.8208070993423462,0.5252525252525253,0.0101010101010101,0.98989898989899,0.5199469441893685,False,0.49897801876068115,0.4994547665119171,0.7373737373737373,0.7474747474747475,0.0015113544650375843
6,va_long_beach,candidate_full,1,full,32,64,0.7625,0.8480559587478638,0.4750000000000001,0.13984375,0.86015625,0.34649380080169073,False,0.4925611913204193,0.4932132661342621,0.7625,0.7625,0.0017627328634262085
6,va_long_beach,candidate_full,2,full,32,64,0.79375,0.8282111883163452,0.4125000000000001,0.13828125000000002,0.86171875,0.29439510784694,False,0.49746543169021606,0.4984557032585144,0.79375,0.79375,0.0021897030528634787
6,va_long_beach,candidate_full,3,full,32,64,0.79375,0.8219705820083618,0.4125000000000001,0.12578125,0.87421875,0.29641511408030063,False,0.4985429644584656,0.49953240156173706,0.79375,0.79375,0.0022036470472812653
6,va_long_beach,candidate_full,4,full,32,64,0.79375,0.8338006734848022,0.4125000000000001,0.1328125,0.8671875,0.29826287763426085,False,0.4923861622810364,0.4932732582092285,0.79375,0.79375,0.0023072261828929186
6,va_long_beach,candidate_full,5,full,32,64,0.75625,0.8443433046340942,0.48750000000000004,0.14765625,0.85234375,0.35083948504761797,False,0.4967569410800934,0.49821004271507263,0.75625,0.75625,0.001624000840820372
6,va_long_beach,candidate_no_entropy,1,full,32,64,0.7625,0.8480559587478638,0.4750000000000001,0.13984375,0.86015625,0.34649380080169073,False,0.4925611913204193,0.49419012665748596,0.7625,0.7625,0.001998685300350189
6,va_long_beach,candidate_no_entropy,2,full,32,64,0.79375,0.8282111883163452,0.4125000000000001,0.13828125000000002,0.86171875,0.29439510784694,False,0.49746543169021606,0.4992919862270355,0.79375,0.79375,0.0023182856384664774
6,va_long_beach,candidate_no_entropy,3,full,32,64,0.79375,0.8219705820083618,0.4125000000000001,0.12578125,0.87421875,0.29641511408030063,False,0.4985429644584656,0.5002927780151367,0.79375,0.79375,0.0023085044231265783
6,va_long_beach,candidate_no_entropy,4,full,32,64,0.79375,0.8338006734848022,0.4125000000000001,0.1328125,0.8671875,0.29826287763426085,False,0.4923861622810364,0.49413877725601196,0.79375,0.79375,0.0024108332581818104
6,va_long_beach,candidate_no_entropy,5,full,32,64,0.75625,0.8443433046340942,0.48750000000000004,0.14765625,0.85234375,0.35083948504761797,False,0.4967569410800934,0.49899977445602417,0.75625,0.75625,0.0018857739632949233
6,va_long_beach,candidate_no_anchor,1,full,32,64,0.7625,0.8480559587478638,0.4750000000000001,0.13984375,0.86015625,0.34649380080169073,False,0.4925611913204193,0.4869934022426605,0.7625,0.7625,0.006457029841840267
6,va_long_beach,candidate_no_anchor,2,full,32,64,0.79375,0.8282111883163452,0.4125000000000001,0.13828125000000002,0.86171875,0.29439510784694,False,0.49746543169021606,0.4921210706233978,0.79375,0.79375,0.0070905908942222595
6,va_long_beach,candidate_no_anchor,3,full,32,64,0.79375,0.8219705820083618,0.4125000000000001,0.12578125,0.87421875,0.29641511408030063,False,0.4985429644584656,0.49338406324386597,0.79375,0.79375,0.007510339375585318
6,va_long_beach,candidate_no_anchor,4,full,32,64,0.79375,0.8338006734848022,0.4125000000000001,0.1328125,0.8671875,0.29826287763426085,False,0.4923861622810364,0.4869615435600281,0.79375,0.79375,0.007451556622982025
6,va_long_beach,candidate_no_anchor,5,full,32,64,0.75625,0.8443433046340942,0.48750000000000004,0.14765625,0.85234375,0.35083948504761797,False,0.4967569410800934,0.4912143647670746,0.75625,0.75625,0.00607904139906168
6,va_long_beach,candidate_no_prior,1,full,32,64,0.7625,0.8480559587478638,0.4750000000000001,0.13984375,0.86015625,0.34649380080169073,False,0.4925611913204193,0.4935894012451172,0.7625,0.7625,0.001447630929760635
6,va_long_beach,candidate_no_prior,2,full,32,64,0.79375,0.8282111883163452,0.4125000000000001,0.13828125000000002,0.86171875,0.29439510784694,False,0.49746543169021606,0.49892616271972656,0.79375,0.79375,0.0019666291773319244
6,va_long_beach,candidate_no_prior,3,full,32,64,0.79375,0.8219705820083618,0.4125000000000001,0.12578125,0.87421875,0.29641511408030063,False,0.4985429644584656,0.5000408291816711,0.79375,0.79375,0.0019813310354948044
6,va_long_beach,candidate_no_prior,4,full,32,64,0.79375,0.8338006734848022,0.4125000000000001,0.1328125,0.8671875,0.29826287763426085,False,0.4923861622810364,0.4937497079372406,0.79375,0.79375,0.002006326336413622
6,va_long_beach,candidate_no_prior,5,full,32,64,0.75625,0.8443433046340942,0.48750000000000004,0.14765625,0.85234375,0.35083948504761797,False,0.4967569410800934,0.4985020160675049,0.75625,0.75625,0.0014338463079184294
6,va_long_beach,unit_reliability,1,unit,32,64,0.7625,0.8480559587478638,0.4750000000000001,0.13984375,0.86015625,1.0,False,0.4925611913204193,0.4912450909614563,0.7625,0.7625,0.002385797444730997
6,va_long_beach,unit_reliability,2,unit,32,64,0.79375,0.8282111883163452,0.4125000000000001,0.13828125000000002,0.86171875,1.0,False,0.49746543169021606,0.4963556230068207,0.79375,0.79375,0.0030282617080956697
6,va_long_beach,unit_reliability,3,unit,32,64,0.79375,0.8219705820083618,0.4125000000000001,0.12578125,0.87421875,1.0,False,0.4985429644584656,0.49757471680641174,0.79375,0.79375,0.0029216024558991194
6,va_long_beach,unit_reliability,4,unit,32,64,0.79375,0.8338006734848022,0.4125000000000001,0.1328125,0.8671875,1.0,False,0.4923861622810364,0.49110594391822815,0.79375,0.79375,0.0032134626526385546
6,va_long_beach,unit_reliability,5,unit,32,64,0.75625,0.8443433046340942,0.48750000000000004,0.14765625,0.85234375,1.0,False,0.4967569410800934,0.4964942932128906,0.75625,0.75625,0.0014416087651625276
6,va_long_beach,no_missingness_factor,1,no_missingness,32,64,0.7625,0.8480559587478638,0.4750000000000001,0.13984375,0.86015625,0.4028265804052354,False,0.4925611913204193,0.49304524064064026,0.7625,0.7625,0.0017366248648613691
6,va_long_beach,no_missingness_factor,2,no_missingness,32,64,0.79375,0.8282111883163452,0.4125000000000001,0.13828125000000002,0.86171875,0.3416371151804925,False,0.49746543169021606,0.49831610918045044,0.79375,0.79375,0.002180917887017131
6,va_long_beach,no_missingness_factor,3,no_missingness,32,64,0.79375,0.8219705820083618,0.4125000000000001,0.12578125,0.87421875,0.33906286507844935,False,0.4985429644584656,0.4994158148765564,0.79375,0.79375,0.0021947850473225117
6,va_long_beach,no_missingness_factor,4,no_missingness,32,64,0.79375,0.8338006734848022,0.4125000000000001,0.1328125,0.8671875,0.343942777812481,False,0.4923861622810364,0.493135929107666,0.79375,0.79375,0.0022965501993894577
6,va_long_beach,no_missingness_factor,5,no_missingness,32,64,0.75625,0.8443433046340942,0.48750000000000004,0.14765625,0.85234375,0.411617361009121,False,0.4967569410800934,0.4980599284172058,0.75625,0.75625,0.00158111029304564
6,va_long_beach,no_class_support_factor,1,no_class_support,32,64,0.7625,0.8480559587478638,0.4750000000000001,0.13984375,0.86015625,0.7294606332667172,False,0.4925611913204193,0.4920595586299896,0.7625,0.7625,0.0019394208211451769
6,va_long_beach,no_class_support_factor,2,no_class_support,32,64,0.79375,0.8282111883163452,0.4125000000000001,0.13828125000000002,0.86171875,0.7136851099319755,False,0.49746543169021606,0.4971902370452881,0.79375,0.79375,0.00245545688085258
6,va_long_beach,no_class_support_factor,3,no_class_support,32,64,0.79375,0.8219705820083618,0.4125000000000001,0.12578125,0.87421875,0.7185820947401226,False,0.4985429644584656,0.49835896492004395,0.79375,0.79375,0.0023542423732578754
6,va_long_beach,no_class_support_factor,4,no_class_support,32,64,0.79375,0.8338006734848022,0.4125000000000001,0.1328125,0.8671875,0.723061521537602,False,0.4923861622810364,0.49196285009384155,0.79375,0.79375,0.0026284665800631046
6,va_long_beach,no_class_support_factor,5,no_class_support,32,64,0.75625,0.8443433046340942,0.48750000000000004,0.14765625,0.85234375,0.7196707385592163,False,0.4967569410800934,0.4972628653049469,0.75625,0.75625,0.0014124594163149595
6,va_long_beach,no_confidence_factor,1,no_confidence,32,64,0.7625,0.8480559587478638,0.4750000000000001,0.13984375,0.86015625,0.40857421875000005,False,0.4925611913204193,0.4930272102355957,0.7625,0.7625,0.001732001081109047
6,va_long_beach,no_confidence_factor,2,no_confidence,32,64,0.79375,0.8282111883163452,0.4125000000000001,0.13828125000000002,0.86171875,0.35545898437500006,False,0.49746543169021606,0.4982753396034241,0.79375,0.79375,0.0021782375406473875
6,va_long_beach,no_confidence_factor,3,no_confidence,32,64,0.79375,0.8219705820083618,0.4125000000000001,0.12578125,0.87421875,0.3606152343750001,False,0.4985429644584656,0.49935850501060486,0.79375,0.79375,0.0021923589520156384
6,va_long_beach,no_confidence_factor,4,no_confidence,32,64,0.79375,0.8338006734848022,0.4125000000000001,0.1328125,0.8671875,0.35771484375000007,False,0.4923861622810364,0.4930945038795471,0.79375,0.79375,0.002295208629220724
6,va_long_beach,no_confidence_factor,5,no_confidence,32,64,0.75625,0.8443433046340942,0.48750000000000004,0.14765625,0.85234375,0.415517578125,False,0.4967569410800934,0.4980506896972656,0.75625,0.75625,0.001579457544721663
7,hungary,candidate_full,1,full,47,94,0.37446808510638296,0.9144623279571533,0.7489361702127659,0.0005319148936170213,0.999468085106383,0.6845096190691318,False,0.42859023809432983,0.42778345942497253,0.37446808510638296,0.3702127659574468,0.001993829384446144
7,hungary,candidate_full,2,full,47,94,0.40425531914893614,0.9230826497077942,0.8085106382978723,0.002127659574468085,0.997872340425532,0.7447342228652019,False,0.41645628213882446,0.41518834233283997,0.40425531914893614,0.40425531914893614,0.00200017262250185
7,hungary,candidate_full,3,full,47,94,0.37446808510638296,0.9194746613502502,0.7489361702127659,0.002127659574468085,0.997872340425532,0.6871626658804442,False,0.41665852069854736,0.41570109128952026,0.37446808510638296,0.3702127659574468,0.0018467975314706564
7,hungary,candidate_full,4,full,47,94,0.37872340425531914,0.9230380058288574,0.7574468085106383,0.001595744680851064,0.9984042553191489,0.6980365232581626,False,0.4224826991558075,0.4213580787181854,0.37872340425531914,0.37446808510638296,0.0015985072823241353
7,hungary,candidate_full,5,full,47,94,0.4067796610169492,0.9237257838249207,0.8135593220338984,0.00211864406779661,0.9978813559322034,0.7499135492930842,False,0.4249880909919739,0.4241112172603607,0.4067796610169492,0.4025423728813559,0.002417781623080373
7,hungary,candidate_no_entropy,1,full,47,94,0.37446808510638296,0.9144623279571533,0.7489361702127659,0.0005319148936170213,0.999468085106383,0.6845096190691318,False,0.42859023809432983,0.43054983019828796,0.37446808510638296,0.37446808510638296,0.0012648318661376834
7,hungary,candidate_no_entropy,2,full,47,94,0.40425531914893614,0.9230826497077942,0.8085106382978723,0.002127659574468085,0.997872340425532,0.7447342228652019,False,0.41645628213882446,0.41779929399490356,0.40425531914893614,0.40425531914893614,0.00116630713455379
7,hungary,candidate_no_entropy,3,full,47,94,0.37446808510638296,0.9194746613502502,0.7489361702127659,0.002127659574468085,0.997872340425532,0.6871626658804442,False,0.41665852069854736,0.4182361364364624,0.37446808510638296,0.37446808510638296,0.0011308249086141586
7,hungary,candidate_no_entropy,4,full,47,94,0.37872340425531914,0.9230380058288574,0.7574468085106383,0.001595744680851064,0.9984042553191489,0.6980365232581626,False,0.4224826991558075,0.4240821301937103,0.37872340425531914,0.3829787234042553,0.0010648610768839717
7,hungary,candidate_no_entropy,5,full,47,94,0.4067796610169492,0.9237257838249207,0.8135593220338984,0.00211864406779661,0.9978813559322034,0.7499135492930842,False,0.4249880909919739,0.42637887597084045,0.4067796610169492,0.4025423728813559,0.0014981855638325214
7,hungary,candidate_no_anchor,1,full,47,94,0.37446808510638296,0.9144623279571533,0.7489361702127659,0.0005319148936170213,0.999468085106383,0.6845096190691318,False,0.42859023809432983,0.4189305007457733,0.37446808510638296,0.3659574468085106,0.007286739069968462
7,hungary,candidate_no_anchor,2,full,47,94,0.40425531914893614,0.9230826497077942,0.8085106382978723,0.002127659574468085,0.997872340425532,0.7447342228652019,False,0.41645628213882446,0.40726709365844727,0.40425531914893614,0.40425531914893614,0.00631060590967536
7,hungary,candidate_no_anchor,3,full,47,94,0.37446808510638296,0.9194746613502502,0.7489361702127659,0.002127659574468085,0.997872340425532,0.6871626658804442,False,0.41665852069854736,0.40762367844581604,0.37446808510638296,0.3659574468085106,0.006574524100869894
7,hungary,candidate_no_anchor,4,full,47,94,0.37872340425531914,0.9230380058288574,0.7574468085106383,0.001595744680851064,0.9984042553191489,0.6980365232581626,False,0.4224826991558075,0.4127916097640991,0.37872340425531914,0.3702127659574468,0.007256143260747194
7,hungary,candidate_no_anchor,5,full,47,94,0.4067796610169492,0.9237257838249207,0.8135593220338984,0.00211864406779661,0.9978813559322034,0.7499135492930842,False,0.4249880909919739,0.4162074625492096,0.4067796610169492,0.3983050847457627,0.006741255056113005
7,hungary,candidate_no_prior,1,full,47,94,0.37446808510638296,0.9144623279571533,0.7489361702127659,0.0005319148936170213,0.999468085106383,0.6845096190691318,False,0.42859023809432983,0.4277256727218628,0.37446808510638296,0.3702127659574468,0.0021011612843722105
7,hungary,candidate_no_prior,2,full,47,94,0.40425531914893614,0.9230826497077942,0.8085106382978723,0.002127659574468085,0.997872340425532,0.7447342228652019,False,0.41645628213882446,0.41505491733551025,0.40425531914893614,0.40425531914893614,0.0022249326575547457
7,hungary,candidate_no_prior,3,full,47,94,0.37446808510638296,0.9194746613502502,0.7489361702127659,0.002127659574468085,0.997872340425532,0.6871626658804442,False,0.41665852069854736,0.4155977964401245,0.37446808510638296,0.3702127659574468,0.0020341649651527405
7,hungary,candidate_no_prior,4,full,47,94,0.37872340425531914,0.9230380058288574,0.7574468085106383,0.001595744680851064,0.9984042553191489,0.6980365232581626,False,0.4224826991558075,0.42123934626579285,0.37872340425531914,0.37446808510638296,0.0017681487370282412
7,hungary,candidate_no_prior,5,full,47,94,0.4067796610169492,0.9237257838249207,0.8135593220338984,0.00211864406779661,0.9978813559322034,0.7499135492930842,False,0.4249880909919739,0.4240820109844208,0.4067796610169492,0.4025423728813559,0.00249892077408731
7,hungary,unit_reliability,1,unit,47,94,0.37446808510638296,0.9144623279571533,0.7489361702127659,0.0005319148936170213,0.999468085106383,1.0,False,0.42859023809432983,0.4265652298927307,0.37446808510638296,0.3702127659574468,0.002640887163579464
7,hungary,unit_reliability,2,unit,47,94,0.40425531914893614,0.9230826497077942,0.8085106382978723,0.002127659574468085,0.997872340425532,1.0,False,0.41645628213882446,0.41437461972236633,0.40425531914893614,0.40425531914893614,0.002377456519752741
7,hungary,unit_reliability,3,unit,47,94,0.37446808510638296,0.9194746613502502,0.7489361702127659,0.002127659574468085,0.997872340425532,1.0,False,0.41665852069854736,0.41462740302085876,0.37446808510638296,0.3702127659574468,0.002446190919727087
7,hungary,unit_reliability,4,unit,47,94,0.37872340425531914,0.9230380058288574,0.7574468085106383,0.001595744680851064,0.9984042553191489,1.0,False,0.4224826991558075,0.420236736536026,0.37872340425531914,0.37446808510638296,0.00219894852489233
7,hungary,unit_reliability,5,unit,47,94,0.4067796610169492,0.9237257838249207,0.8135593220338984,0.00211864406779661,0.9978813559322034,1.0,False,0.4249880909919739,0.42339974641799927,0.4067796610169492,0.4025423728813559,0.0027510952204465866
7,hungary,no_missingness_factor,1,no_missingness,47,94,0.37446808510638296,0.9144623279571533,0.7489361702127659,0.0005319148936170213,0.999468085106383,0.6848739137040808,False,0.42859023809432983,0.4277820289134979,0.37446808510638296,0.3702127659574468,0.0019945865496993065
7,hungary,no_missingness_factor,2,no_missingness,47,94,0.40425531914893614,0.9230826497077942,0.8085106382978723,0.002127659574468085,0.997872340425532,0.7463221423169399,False,0.41645628213882446,0.41518256068229675,0.40425531914893614,0.40425531914893614,0.0020027835853397846
7,hungary,no_missingness_factor,3,no_missingness,47,94,0.37446808510638296,0.9194746613502502,0.7489361702127659,0.002127659574468085,0.997872340425532,0.6886278314793364,False,0.41665852069854736,0.41569602489471436,0.37446808510638296,0.3702127659574468,0.0018496646080166101
7,hungary,no_missingness_factor,4,no_missingness,47,94,0.37872340425531914,0.9230380058288574,0.7574468085106383,0.001595744680851064,0.9984042553191489,0.699152191649092,False,0.4224826991558075,0.42135393619537354,0.37872340425531914,0.37446808510638296,0.0016006953082978725
7,hungary,no_missingness_factor,5,no_missingness,47,94,0.4067796610169492,0.9237257838249207,0.8135593220338984,0.00211864406779661,0.9978813559322034,0.7515057224338338,False,0.4249880909919739,0.4241066575050354,0.4067796610169492,0.4025423728813559,0.0024199062027037144
7,hungary,no_class_support_factor,1,no_class_support,47,94,0.37446808510638296,0.9144623279571533,0.7489361702127659,0.0005319148936170213,0.999468085106383,0.9139759118252612,False,0.42859023809432983,0.4268914759159088,0.37446808510638296,0.3702127659574468,0.002470186445862055
7,hungary,no_class_support_factor,2,no_class_support,47,94,0.40425531914893614,0.9230826497077942,0.8085106382978723,0.002127659574468085,0.997872340425532,0.9211186440701181,False,0.41645628213882446,0.4146173298358917,0.40425531914893614,0.40425531914893614,0.0022677346132695675
7,hungary,no_class_support_factor,3,no_class_support,47,94,0.37446808510638296,0.9194746613502502,0.7489361702127659,0.002127659574468085,0.997872340425532,0.9175183322835476,False,0.41665852069854736,0.4149017333984375,0.37446808510638296,0.3702127659574468,0.002292086137458682
7,hungary,no_class_support_factor,4,no_class_support,47,94,0.37872340425531914,0.9230380058288574,0.7574468085106383,0.001595744680851064,0.9984042553191489,0.9215650728408326,False,0.4224826991558075,0.42051851749420166,0.37872340425531914,0.37446808510638296,0.002046614419668913
7,hungary,no_class_support_factor,5,no_class_support,47,94,0.4067796610169492,0.9237257838249207,0.8135593220338984,0.00211864406779661,0.9978813559322034,0.9217687376727492,False,0.4249880909919739,0.4236215353012085,0.4067796610169492,0.4025423728813559,0.0026499032974243164
7,hungary,no_confidence_factor,1,no_confidence,47,94,0.37446808510638296,0.9144623279571533,0.7489361702127659,0.0005319148936170213,0.999468085106383,0.7485377999094612,False,0.42859023809432983,0.4275255501270294,0.37446808510638296,0.3702127659574468,0.0021365301217883825
7,hungary,no_confidence_factor,2,no_confidence,47,94,0.40425531914893614,0.9230826497077942,0.8085106382978723,0.002127659574468085,0.997872340425532,0.8067904028972386,False,0.41645628213882446,0.414980947971344,0.40425531914893614,0.40425531914893614,0.0020985915325582027
7,hungary,no_confidence_factor,3,no_confidence,47,94,0.37446808510638296,0.9194746613502502,0.7489361702127659,0.002127659574468085,0.997872340425532,0.7473426889995474,False,0.41665852069854736,0.4154902398586273,0.37446808510638296,0.3702127659574468,0.001963184680789709
7,hungary,no_confidence_factor,4,no_confidence,47,94,0.37872340425531914,0.9230380058288574,0.7574468085106383,0.001595744680851064,0.9984042553191489,0.7562381167949298,False,0.4224826991558075,0.4211384356021881,0.37872340425531914,0.37446808510638296,0.0017142894212156534
7,hungary,no_confidence_factor,5,no_confidence,47,94,0.4067796610169492,0.9237257838249207,0.8135593220338984,0.00211864406779661,0.9978813559322034,0.8118356794024706,False,0.4249880909919739,0.4239313304424286,0.4067796610169492,0.4025423728813559,0.0025040472391992807
7,switzerland,candidate_full,1,full,20,40,0.7653061224489796,0.8323529958724976,0.4693877551020409,0.012755102040816325,0.9872448979591837,0.3857129329581998,False,0.487057626247406,0.48855510354042053,0.7653061224489796,0.7755102040816326,0.0021238205954432487
7,switzerland,candidate_full,2,full,20,40,0.7551020408163265,0.8260261416435242,0.48979591836734704,0.007653061224489795,0.9923469387755102,0.40148792473885586,False,0.4974927604198456,0.4988892078399658,0.7551020408163265,0.7551020408163265,0.0019700215198099613
7,switzerland,candidate_full,3,full,20,40,0.7551020408163265,0.8173235058784485,0.48979591836734704,0.011479591836734693,0.9885204081632653,0.39572618724852,False,0.5154832601547241,0.5161844491958618,0.7551020408163265,0.7653061224489796,0.0023272691760212183
7,switzerland,candidate_full,4,full,20,40,0.7373737373737373,0.8315189480781555,0.5252525252525253,0.01388888888888889,0.9861111111111112,0.4306913518945778,False,0.4976566731929779,0.4988080561161041,0.7373737373737373,0.7474747474747475,0.0016087364638224244
7,switzerland,candidate_full,5,full,20,40,0.7676767676767676,0.8366962671279907,0.46464646464646475,0.0101010101010101,0.98989898989899,0.38484101338771387,False,0.4860958158969879,0.4869297742843628,0.7676767676767676,0.7777777777777778,0.0032379422336816788
7,switzerland,candidate_no_entropy,1,full,20,40,0.7653061224489796,0.8323529958724976,0.4693877551020409,0.012755102040816325,0.9872448979591837,0.3857129329581998,False,0.487057626247406,0.48939427733421326,0.7653061224489796,0.7755102040816326,0.0023373847361654043
7,switzerland,candidate_no_entropy,2,full,20,40,0.7551020408163265,0.8260261416435242,0.48979591836734704,0.007653061224489795,0.9923469387755102,0.40148792473885586,False,0.4974927604198456,0.49973225593566895,0.7551020408163265,0.7551020408163265,0.0022706843446940184
7,switzerland,candidate_no_entropy,3,full,20,40,0.7551020408163265,0.8173235058784485,0.48979591836734704,0.011479591836734693,0.9885204081632653,0.39572618724852,False,0.5154832601547241,0.5168977975845337,0.7551020408163265,0.7653061224489796,0.0023699328303337097
7,switzerland,candidate_no_entropy,4,full,20,40,0.7373737373737373,0.8315189480781555,0.5252525252525253,0.01388888888888889,0.9861111111111112,0.4306913518945778,False,0.4976566731929779,0.49964895844459534,0.7373737373737373,0.7474747474747475,0.0018806607695296407
7,switzerland,candidate_no_entropy,5,full,20,40,0.7676767676767676,0.8366962671279907,0.46464646464646475,0.0101010101010101,0.98989898989899,0.38484101338771387,False,0.4860958158969879,0.48781833052635193,0.7676767676767676,0.7777777777777778,0.0032048430293798447
7,switzerland,candidate_no_anchor,1,full,20,40,0.7653061224489796,0.8323529958724976,0.4693877551020409,0.012755102040816325,0.9872448979591837,0.3857129329581998,False,0.487057626247406,0.47998717427253723,0.7653061224489796,0.7857142857142857,0.008500215597450733
7,switzerland,candidate_no_anchor,2,full,20,40,0.7551020408163265,0.8260261416435242,0.48979591836734704,0.007653061224489795,0.9923469387755102,0.40148792473885586,False,0.4974927604198456,0.49090003967285156,0.7551020408163265,0.7653061224489796,0.008497918955981731
7,switzerland,candidate_no_anchor,3,full,20,40,0.7551020408163265,0.8173235058784485,0.48979591836734704,0.011479591836734693,0.9885204081632653,0.39572618724852,False,0.5154832601547241,0.5100841522216797,0.7551020408163265,0.7755102040816326,0.00876802857965231
7,switzerland,candidate_no_anchor,4,full,20,40,0.7373737373737373,0.8315189480781555,0.5252525252525253,0.01388888888888889,0.9861111111111112,0.4306913518945778,False,0.4976566731929779,0.4918186664581299,0.7373737373737373,0.7575757575757576,0.007874401286244392
7,switzerland,candidate_no_anchor,5,full,20,40,0.7676767676767676,0.8366962671279907,0.46464646464646475,0.0101010101010101,0.98989898989899,0.38484101338771387,False,0.4860958158969879,0.48016780614852905,0.7676767676767676,0.7777777777777778,0.009211016818881035
7,switzerland,candidate_no_prior,1,full,20,40,0.7653061224489796,0.8323529958724976,0.4693877551020409,0.012755102040816325,0.9872448979591837,0.3857129329581998,False,0.487057626247406,0.4889754056930542,0.7653061224489796,0.7755102040816326,0.0019585939589887857
7,switzerland,candidate_no_prior,2,full,20,40,0.7551020408163265,0.8260261416435242,0.48979591836734704,0.007653061224489795,0.9923469387755102,0.40148792473885586,False,0.4974927604198456,0.4992843568325043,0.7551020408163265,0.7551020408163265,0.001802367507480085
7,switzerland,candidate_no_prior,3,full,20,40,0.7551020408163265,0.8173235058784485,0.48979591836734704,0.011479591836734693,0.9885204081632653,0.39572618724852,False,0.5154832601547241,0.5166639089584351,0.7551020408163265,0.7653061224489796,0.001972439931705594
7,switzerland,candidate_no_prior,4,full,20,40,0.7373737373737373,0.8315189480781555,0.5252525252525253,0.01388888888888889,0.9861111111111112,0.4306913518945778,False,0.4976566731929779,0.4991881549358368,0.7373737373737373,0.7474747474747475,0.001436815015040338
7,switzerland,candidate_no_prior,5,full,20,40,0.7676767676767676,0.8366962671279907,0.46464646464646475,0.0101010101010101,0.98989898989899,0.38484101338771387,False,0.4860958158969879,0.48746946454048157,0.7676767676767676,0.7777777777777778,0.0027728164568543434
7,switzerland,unit_reliability,1,unit,20,40,0.7653061224489796,0.8323529958724976,0.4693877551020409,0.012755102040816325,0.9872448979591837,1.0,False,0.487057626247406,0.48702675104141235,0.7653061224489796,0.7755102040816326,0.002156981732696295
7,switzerland,unit_reliability,2,unit,20,40,0.7551020408163265,0.8260261416435242,0.48979591836734704,0.007653061224489795,0.9923469387755102,1.0,False,0.4974927604198456,0.497567743062973,0.7551020408163265,0.7551020408163265,0.0018792747287079692
7,switzerland,unit_reliability,3,unit,20,40,0.7551020408163265,0.8173235058784485,0.48979591836734704,0.011479591836734693,0.9885204081632653,1.0,False,0.5154832601547241,0.5150936841964722,0.7551020408163265,0.7653061224489796,0.0028449157252907753
7,switzerland,unit_reliability,4,unit,20,40,0.7373737373737373,0.8315189480781555,0.5252525252525253,0.01388888888888889,0.9861111111111112,1.0,False,0.4976566731929779,0.49764424562454224,0.7373737373737373,0.7474747474747475,0.0015415316447615623
7,switzerland,unit_reliability,5,unit,20,40,0.7676767676767676,0.8366962671279907,0.46464646464646475,0.0101010101010101,0.98989898989899,1.0,False,0.4860958158969879,0.48550188541412354,0.7676767676767676,0.7777777777777778,0.004103074315935373
7,switzerland,no_missingness_factor,1,no_missingness,20,40,0.7653061224489796,0.8323529958724976,0.4693877551020409,0.012755102040816325,0.9872448979591837,0.3906963041850499,False,0.487057626247406,0.48854395747184753,0.7653061224489796,0.7755102040816326,0.0021215665619820356
7,switzerland,no_missingness_factor,2,no_missingness,20,40,0.7551020408163265,0.8260261416435242,0.48979591836734704,0.007653061224489795,0.9923469387755102,0.4045842326417262,False,0.4974927604198456,0.4988826513290405,0.7551020408163265,0.7551020408163265,0.0019680035766214132
7,switzerland,no_missingness_factor,3,no_missingness,20,40,0.7551020408163265,0.8173235058784485,0.48979591836734704,0.011479591836734693,0.9885204081632653,0.40032171716495446,False,0.5154832601547241,0.5161762833595276,0.7551020408163265,0.7653061224489796,0.0023280528839677572
7,switzerland,no_missingness_factor,4,no_missingness,20,40,0.7373737373737373,0.8315189480781555,0.5252525252525253,0.01388888888888889,0.9861111111111112,0.43675742727337463,False,0.4976566731929779,0.49879610538482666,0.7373737373737373,0.7474747474747475,0.0016054448205977678
7,switzerland,no_missingness_factor,5,no_missingness,20,40,0.7676767676767676,0.8366962671279907,0.46464646464646475,0.0101010101010101,0.98989898989899,0.388767962503915,False,0.4860958158969879,0.48692086338996887,0.7676767676767676,0.7777777777777778,0.003239750862121582
7,switzerland,no_class_support_factor,1,no_class_support,20,40,0.7653061224489796,0.8323529958724976,0.4693877551020409,0.012755102040816325,0.9872448979591837,0.8217362484761647,False,0.487057626247406,0.48748642206192017,0.7653061224489796,0.7755102040816326,0.0020349882543087006
7,switzerland,no_class_support_factor,2,no_class_support,20,40,0.7551020408163265,0.8260261416435242,0.48979591836734704,0.007653061224489795,0.9923469387755102,0.8197045130084971,False,0.4974927604198456,0.497969388961792,0.7551020408163265,0.7551020408163265,0.0017933498602360487
7,switzerland,no_class_support_factor,3,no_class_support,20,40,0.7551020408163265,0.8173235058784485,0.48979591836734704,0.011479591836734693,0.9885204081632653,0.8079409656323948,False,0.5154832601547241,0.5154388546943665,0.7551020408163265,0.7653061224489796,0.0026025036349892616
7,switzerland,no_class_support_factor,4,no_class_support,20,40,0.7373737373737373,0.8315189480781555,0.5252525252525253,0.01388888888888889,0.9861111111111112,0.8199700737992923,False,0.4976566731929779,0.4980202913284302,0.7373737373737373,0.7474747474747475,0.0014858038630336523
7,switzerland,no_class_support_factor,5,no_class_support,20,40,0.7676767676767676,0.8366962671279907,0.46464646464646475,0.0101010101010101,0.98989898989899,0.8282447896822535,False,0.4860958158969879,0.4858921468257904,0.7676767676767676,0.7777777777777778,0.0038403274957090616
7,switzerland,no_confidence_factor,1,no_confidence,20,40,0.7653061224489796,0.8323529958724976,0.4693877551020409,0.012755102040816325,0.9872448979591837,0.4634006663890047,False,0.487057626247406,0.4883735477924347,0.7653061224489796,0.7755102040816326,0.0020885702688246965
7,switzerland,no_confidence_factor,2,no_confidence,20,40,0.7551020408163265,0.8260261416435242,0.48979591836734704,0.007653061224489795,0.9923469387755102,0.4860474802165765,False,0.4974927604198456,0.49870869517326355,0.7551020408163265,0.7551020408163265,0.0019188275327906013
7,switzerland,no_confidence_factor,3,no_confidence,20,40,0.7551020408163265,0.8173235058784485,0.48979591836734704,0.011479591836734693,0.9885204081632653,0.48417326114119125,False,0.5154832601547241,0.516025960445404,0.7551020408163265,0.7653061224489796,0.002351103350520134
7,switzerland,no_confidence_factor,4,no_confidence,20,40,0.7373737373737373,0.8315189480781555,0.5252525252525253,0.01388888888888889,0.9861111111111112,0.5179573512906847,False,0.4976566731929779,0.4986360967159271,0.7373737373737373,0.7474747474747475,0.0015672814333811402
7,switzerland,no_confidence_factor,5,no_confidence,20,40,0.7676767676767676,0.8366962671279907,0.46464646464646475,0.0101010101010101,0.98989898989899,0.4599530660136722,False,0.4860958158969879,0.4867515563964844,0.7676767676767676,0.7777777777777778,0.003297117305919528
7,va_long_beach,candidate_full,1,full,32,64,0.75625,0.8599307537078857,0.48750000000000004,0.13984375,0.86015625,0.3605914710299112,False,0.47755804657936096,0.47811728715896606,0.75625,0.7625,0.002627575071528554
7,va_long_beach,candidate_full,2,full,32,64,0.79375,0.8352541327476501,0.4125000000000001,0.13828125000000002,0.86171875,0.2968985857215012,False,0.48444825410842896,0.4859565794467926,0.79375,0.79375,0.002297226106747985
7,va_long_beach,candidate_full,3,full,32,64,0.7875,0.8326812982559204,0.42500000000000004,0.12578125,0.87421875,0.30937688157660886,False,0.4853501319885254,0.4858287274837494,0.7875,0.79375,0.0025616870261728764
7,va_long_beach,candidate_full,4,full,32,64,0.7875,0.8426851034164429,0.42500000000000004,0.1328125,0.8671875,0.31057554495055234,False,0.4776480793952942,0.478668212890625,0.7875,0.79375,0.00255779130384326
7,va_long_beach,candidate_full,5,full,32,64,0.75,0.8566398024559021,0.5,0.14765625,0.85234375,0.3650757908122614,False,0.4835774004459381,0.4851532578468323,0.75,0.75625,0.0020160183776170015
7,va_long_beach,candidate_no_entropy,1,full,32,64,0.75625,0.8599307537078857,0.48750000000000004,0.13984375,0.86015625,0.3605914710299112,False,0.47755804657936096,0.4789406359195709,0.75625,0.7625,0.002704755635932088
7,va_long_beach,candidate_no_entropy,2,full,32,64,0.79375,0.8352541327476501,0.4125000000000001,0.13828125000000002,0.86171875,0.2968985857215012,False,0.48444825410842896,0.4866364896297455,0.79375,0.79375,0.0024207320529967546
7,va_long_beach,candidate_no_entropy,3,full,32,64,0.7875,0.8326812982559204,0.42500000000000004,0.12578125,0.87421875,0.30937688157660886,False,0.4853501319885254,0.4865793287754059,0.7875,0.79375,0.0025635496713221073
7,va_long_beach,candidate_no_entropy,4,full,32,64,0.7875,0.8426851034164429,0.42500000000000004,0.1328125,0.8671875,0.31057554495055234,False,0.4776480793952942,0.4794383645057678,0.7875,0.79375,0.0026085912249982357
7,va_long_beach,candidate_no_entropy,5,full,32,64,0.75,0.8566398024559021,0.5,0.14765625,0.85234375,0.3650757908122614,False,0.4835774004459381,0.4859265387058258,0.75,0.75625,0.002244597068056464
7,va_long_beach,candidate_no_anchor,1,full,32,64,0.75625,0.8599307537078857,0.48750000000000004,0.13984375,0.86015625,0.3605914710299112,False,0.47755804657936096,0.4715975821018219,0.75625,0.7625,0.008429190143942833
7,va_long_beach,candidate_no_anchor,2,full,32,64,0.79375,0.8352541327476501,0.4125000000000001,0.13828125000000002,0.86171875,0.2968985857215012,False,0.48444825410842896,0.4774795472621918,0.79375,0.79375,0.008642901666462421
7,va_long_beach,candidate_no_anchor,3,full,32,64,0.7875,0.8326812982559204,0.42500000000000004,0.12578125,0.87421875,0.30937688157660886,False,0.4853501319885254,0.4790111482143402,0.7875,0.79375,0.009983038529753685
7,va_long_beach,candidate_no_anchor,4,full,32,64,0.7875,0.8426851034164429,0.42500000000000004,0.1328125,0.8671875,0.31057554495055234,False,0.4776480793952942,0.4711940288543701,0.7875,0.79375,0.009022030048072338
7,va_long_beach,candidate_no_anchor,5,full,32,64,0.75,0.8566398024559021,0.5,0.14765625,0.85234375,0.3650757908122614,False,0.4835774004459381,0.4775710105895996,0.75,0.75625,0.007344575133174658
7,va_long_beach,candidate_no_prior,1,full,32,64,0.75625,0.8599307537078857,0.48750000000000004,0.13984375,0.86015625,0.3605914710299112,False,0.47755804657936096,0.478487104177475,0.75625,0.7625,0.002155702095478773
7,va_long_beach,candidate_no_prior,2,full,32,64,0.79375,0.8352541327476501,0.4125000000000001,0.13828125000000002,0.86171875,0.2968985857215012,False,0.48444825410842896,0.4863519072532654,0.79375,0.79375,0.002073700772598386
7,va_long_beach,candidate_no_prior,3,full,32,64,0.7875,0.8326812982559204,0.42500000000000004,0.12578125,0.87421875,0.30937688157660886,False,0.4853501319885254,0.4863831102848053,0.7875,0.79375,0.002100507030263543
7,va_long_beach,candidate_no_prior,4,full,32,64,0.7875,0.8426851034164429,0.42500000000000004,0.1328125,0.8671875,0.31057554495055234,False,0.4776480793952942,0.4791854918003082,0.7875,0.79375,0.002201176481321454
7,va_long_beach,candidate_no_prior,5,full,32,64,0.75,0.8566398024559021,0.5,0.14765625,0.85234375,0.3650757908122614,False,0.4835774004459381,0.4854835569858551,0.75,0.75625,0.001801794394850731
7,va_long_beach,unit_reliability,1,unit,32,64,0.75625,0.8599307537078857,0.48750000000000004,0.13984375,0.86015625,1.0,False,0.47755804657936096,0.4766298234462738,0.75625,0.7625,0.003095622407272458
7,va_long_beach,unit_reliability,2,unit,32,64,0.79375,0.8352541327476501,0.4125000000000001,0.13828125000000002,0.86171875,1.0,False,0.48444825410842896,0.4841464161872864,0.79375,0.79375,0.0022588304709643126
7,va_long_beach,unit_reliability,3,unit,32,64,0.7875,0.8326812982559204,0.42500000000000004,0.12578125,0.87421875,1.0,False,0.4853501319885254,0.4840887188911438,0.7875,0.79375,0.003346542362123728
7,va_long_beach,unit_reliability,4,unit,32,64,0.7875,0.8426851034164429,0.42500000000000004,0.1328125,0.8671875,1.0,False,0.4776480793952942,0.47683820128440857,0.7875,0.79375,0.0030492721125483513
7,va_long_beach,unit_reliability,5,unit,32,64,0.75,0.8566398024559021,0.5,0.14765625,0.85234375,1.0,False,0.4835774004459381,0.48372355103492737,0.75,0.75625,0.0017348494147881866
7,va_long_beach,no_missingness_factor,1,no_missingness,32,64,0.75625,0.8599307537078857,0.48750000000000004,0.13984375,0.86015625,0.4192162424325943,False,0.47755804657936096,0.47798222303390503,0.75625,0.7625,0.0026251960080116987
7,va_long_beach,no_missingness_factor,2,no_missingness,32,64,0.79375,0.8352541327476501,0.4125000000000001,0.13828125000000002,0.86171875,0.34454232975840576,False,0.48444825410842896,0.4858437180519104,0.79375,0.79375,0.002280829008668661
7,va_long_beach,no_missingness_factor,3,no_missingness,32,64,0.7875,0.8326812982559204,0.42500000000000004,0.12578125,0.87421875,0.3538895517587662,False,0.4853501319885254,0.48572200536727905,0.7875,0.79375,0.002571898279711604
7,va_long_beach,no_missingness_factor,4,no_missingness,32,64,0.7875,0.8426851034164429,0.42500000000000004,0.1328125,0.8671875,0.3581411689519883,False,0.4776480793952942,0.47854742407798767,0.7875,0.79375,0.00255677942186594
7,va_long_beach,no_missingness_factor,5,no_missingness,32,64,0.75,0.8566398024559021,0.5,0.14765625,0.85234375,0.42831990122795105,False,0.4835774004459381,0.48501795530319214,0.75,0.75625,0.001978368731215596
7,va_long_beach,no_class_support_factor,1,no_class_support,32,64,0.75625,0.8599307537078857,0.48750000000000004,0.13984375,0.86015625,0.7396748123690485,False,0.47755804657936096,0.47722625732421875,0.75625,0.7625,0.0027920305728912354
7,va_long_beach,no_class_support_factor,2,no_class_support,32,64,0.79375,0.8352541327476501,0.4125000000000001,0.13828125000000002,0.86171875,0.7197541472036392,False,0.48444825410842896,0.4848940968513489,0.79375,0.79375,0.002193094464018941
7,va_long_beach,no_class_support_factor,3,no_class_support,32,64,0.7875,0.8326812982559204,0.42500000000000004,0.12578125,0.87421875,0.727945603709668,False,0.4853501319885254,0.4847930073738098,0.7875,0.79375,0.002858176827430725
7,va_long_beach,no_class_support_factor,4,no_class_support,32,64,0.7875,0.8426851034164429,0.42500000000000004,0.1328125,0.8671875,0.7307659881189466,False,0.4776480793952942,0.47755175828933716,0.7875,0.79375,0.002649956149980426
7,va_long_beach,no_class_support_factor,5,no_class_support,32,64,0.75,0.8566398024559021,0.5,0.14765625,0.85234375,0.7301515816245228,False,0.4835774004459381,0.484335333108902,0.75,0.75625,0.0018114906270056963
7,va_long_beach,no_confidence_factor,1,no_confidence,32,64,0.75625,0.8599307537078857,0.48750000000000004,0.13984375,0.86015625,0.41932617187500004,False,0.47755804657936096,0.47798195481300354,0.75625,0.7625,0.0026251920498907566
7,va_long_beach,no_confidence_factor,2,no_confidence,32,64,0.79375,0.8352541327476501,0.4125000000000001,0.13828125000000002,0.86171875,0.35545898437500006,False,0.48444825410842896,0.48581743240356445,0.79375,0.79375,0.0022760899737477303
7,va_long_beach,no_confidence_factor,3,no_confidence,32,64,0.7875,0.8326812982559204,0.42500000000000004,0.12578125,0.87421875,0.37154296875000004,False,0.4853501319885254,0.48568034172058105,0.7875,0.79375,0.0025778054259717464
7,va_long_beach,no_confidence_factor,4,no_confidence,32,64,0.7875,0.8426851034164429,0.42500000000000004,0.1328125,0.8671875,0.36855468750000003,False,0.4776480793952942,0.4785148501396179,0.7875,0.79375,0.002555884886533022
7,va_long_beach,no_confidence_factor,5,no_confidence,32,64,0.75,0.8566398024559021,0.5,0.14765625,0.85234375,0.426171875,False,0.4835774004459381,0.4850224554538727,0.75,0.75625,0.00197960645891726
8,hungary,candidate_full,1,full,47,94,0.3702127659574468,0.9282156825065613,0.7404255319148936,0.0005319148936170213,0.999468085106383,0.6869090188610009,False,0.4115881621837616,0.41001731157302856,0.3702127659574468,0.3702127659574468,0.002322042128071189
8,hungary,candidate_full,2,full,47,94,0.4085106382978723,0.9351326823234558,0.8170212765957446,0.002127659574468085,0.997872340425532,0.7623977164134228,False,0.3982684910297394,0.39692550897598267,0.4085106382978723,0.4085106382978723,0.0013342471793293953
8,hungary,candidate_full,3,full,47,94,0.37446808510638296,0.9335559010505676,0.7489361702127659,0.002127659574468085,0.997872340425532,0.6976861774225265,False,0.4005436599254608,0.39872631430625916,0.37446808510638296,0.37446808510638296,0.002308210823684931
8,hungary,candidate_full,4,full,47,94,0.3829787234042553,0.9353210926055908,0.7659574468085106,0.001595744680851064,0.9984042553191489,0.7152729387680509,False,0.4044979214668274,0.40248745679855347,0.3829787234042553,0.3829787234042553,0.002105437219142914
8,hungary,candidate_full,5,full,47,94,0.4025423728813559,0.9355750679969788,0.8050847457627118,0.00211864406779661,0.9978813559322034,0.7516214165743467,False,0.40680375695228577,0.4059639871120453,0.4025423728813559,0.4025423728813559,0.0009405387681908906
8,hungary,candidate_no_entropy,1,full,47,94,0.3702127659574468,0.9282156825065613,0.7404255319148936,0.0005319148936170213,0.999468085106383,0.6869090188610009,False,0.4115881621837616,0.41294750571250916,0.3702127659574468,0.3702127659574468,0.0013172284234315157
8,hungary,candidate_no_entropy,2,full,47,94,0.4085106382978723,0.9351326823234558,0.8170212765957446,0.002127659574468085,0.997872340425532,0.7623977164134228,False,0.3982684910297394,0.3999972641468048,0.4085106382978723,0.4085106382978723,0.001158333383500576
8,hungary,candidate_no_entropy,3,full,47,94,0.37446808510638296,0.9335559010505676,0.7489361702127659,0.002127659574468085,0.997872340425532,0.6976861774225265,False,0.4005436599254608,0.40140432119369507,0.37446808510638296,0.37446808510638296,0.0012293382314965129
8,hungary,candidate_no_entropy,4,full,47,94,0.3829787234042553,0.9353210926055908,0.7659574468085106,0.001595744680851064,0.9984042553191489,0.7152729387680509,False,0.4044979214668274,0.40541574358940125,0.3829787234042553,0.3829787234042553,0.0010498362826183438
8,hungary,candidate_no_entropy,5,full,47,94,0.4025423728813559,0.9355750679969788,0.8050847457627118,0.00211864406779661,0.9978813559322034,0.7516214165743467,False,0.40680375695228577,0.4086633324623108,0.4025423728813559,0.4025423728813559,0.001314835506491363
8,hungary,candidate_no_anchor,1,full,47,94,0.3702127659574468,0.9282156825065613,0.7404255319148936,0.0005319148936170213,0.999468085106383,0.6869090188610009,False,0.4115881621837616,0.4019542336463928,0.3702127659574468,0.3702127659574468,0.006737227085977793
8,hungary,candidate_no_anchor,2,full,47,94,0.4085106382978723,0.9351326823234558,0.8170212765957446,0.002127659574468085,0.997872340425532,0.7623977164134228,False,0.3982684910297394,0.3889882266521454,0.4085106382978723,0.4085106382978723,0.005758975632488728
8,hungary,candidate_no_anchor,3,full,47,94,0.37446808510638296,0.9335559010505676,0.7489361702127659,0.002127659574468085,0.997872340425532,0.6976861774225265,False,0.4005436599254608,0.3913232088088989,0.37446808510638296,0.37446808510638296,0.006497624795883894
8,hungary,candidate_no_anchor,4,full,47,94,0.3829787234042553,0.9353210926055908,0.7659574468085106,0.001595744680851064,0.9984042553191489,0.7152729387680509,False,0.4044979214668274,0.394858717918396,0.3829787234042553,0.3829787234042553,0.00665377639234066
8,hungary,candidate_no_anchor,5,full,47,94,0.4025423728813559,0.9355750679969788,0.8050847457627118,0.00211864406779661,0.9978813559322034,0.7516214165743467,False,0.40680375695228577,0.39790719747543335,0.4025423728813559,0.4025423728813559,0.005874662194401026
8,hungary,candidate_no_prior,1,full,47,94,0.3702127659574468,0.9282156825065613,0.7404255319148936,0.0005319148936170213,0.999468085106383,0.6869090188610009,False,0.4115881621837616,0.41002100706100464,0.3702127659574468,0.3702127659574468,0.0023374762386083603
8,hungary,candidate_no_prior,2,full,47,94,0.4085106382978723,0.9351326823234558,0.8170212765957446,0.002127659574468085,0.997872340425532,0.7623977164134228,False,0.3982684910297394,0.39684656262397766,0.4085106382978723,0.4085106382978723,0.0014443763066083193
8,hungary,candidate_no_prior,3,full,47,94,0.37446808510638296,0.9335559010505676,0.7489361702127659,0.002127659574468085,0.997872340425532,0.6976861774225265,False,0.4005436599254608,0.39873403310775757,0.37446808510638296,0.37446808510638296,0.002277578227221966
8,hungary,candidate_no_prior,4,full,47,94,0.3829787234042553,0.9353210926055908,0.7659574468085106,0.001595744680851064,0.9984042553191489,0.7152729387680509,False,0.4044979214668274,0.4024604558944702,0.3829787234042553,0.3829787234042553,0.002160638105124235
8,hungary,candidate_no_prior,5,full,47,94,0.4025423728813559,0.9355750679969788,0.8050847457627118,0.00211864406779661,0.9978813559322034,0.7516214165743467,False,0.40680375695228577,0.4059123694896698,0.4025423728813559,0.4025423728813559,0.0010073167504742742
8,hungary,unit_reliability,1,unit,47,94,0.3702127659574468,0.9282156825065613,0.7404255319148936,0.0005319148936170213,0.999468085106383,1.0,False,0.4115881621837616,0.40875327587127686,0.3702127659574468,0.3702127659574468,0.0029598313849419355
8,hungary,unit_reliability,2,unit,47,94,0.4085106382978723,0.9351326823234558,0.8170212765957446,0.002127659574468085,0.997872340425532,1.0,False,0.3982684910297394,0.3959888517856598,0.4085106382978723,0.4085106382978723,0.0017562330467626452
8,hungary,unit_reliability,3,unit,47,94,0.37446808510638296,0.9335559010505676,0.7489361702127659,0.002127659574468085,0.997872340425532,1.0,False,0.4005436599254608,0.39766547083854675,0.37446808510638296,0.37446808510638296,0.0028230189345777035
8,hungary,unit_reliability,4,unit,47,94,0.3829787234042553,0.9353210926055908,0.7659574468085106,0.001595744680851064,0.9984042553191489,1.0,False,0.4044979214668274,0.4014025628566742,0.3829787234042553,0.3829787234042553,0.0026815510354936123
8,hungary,unit_reliability,5,unit,47,94,0.4025423728813559,0.9355750679969788,0.8050847457627118,0.00211864406779661,0.9978813559322034,1.0,False,0.40680375695228577,0.40507131814956665,0.4025423728813559,0.4025423728813559,0.0013222084380686283
8,hungary,no_missingness_factor,1,no_missingness,47,94,0.3702127659574468,0.9282156825065613,0.7404255319148936,0.0005319148936170213,0.999468085106383,0.6872745904516666,False,0.4115881621837616,0.4100157916545868,0.3702127659574468,0.3702127659574468,0.00232280557975173
8,hungary,no_missingness_factor,2,no_missingness,47,94,0.4085106382978723,0.9351326823234558,0.8170212765957446,0.002127659574468085,0.997872340425532,0.7640232978983128,False,0.3982684910297394,0.3969191610813141,0.4085106382978723,0.4085106382978723,0.0013370434753596783
8,hungary,no_missingness_factor,3,no_missingness,47,94,0.37446808510638296,0.9335559010505676,0.7489361702127659,0.002127659574468085,0.997872340425532,0.69917378121234,False,0.4005436599254608,0.3987208604812622,0.37446808510638296,0.37446808510638296,0.002310876501724124
8,hungary,no_missingness_factor,4,no_missingness,47,94,0.3829787234042553,0.9353210926055908,0.7659574468085106,0.001595744680851064,0.9984042553191489,0.7164161560383249,False,0.4044979214668274,0.40248310565948486,0.3829787234042553,0.3829787234042553,0.002107680542394519
8,hungary,no_missingness_factor,5,no_missingness,47,94,0.4025423728813559,0.9355750679969788,0.8050847457627118,0.00211864406779661,0.9978813559322034,0.7532172157602794,False,0.40680375695228577,0.4059576392173767,0.4025423728813559,0.4025423728813559,0.0009426545002497733
8,hungary,no_class_support_factor,1,no_class_support,47,94,0.3702127659574468,0.9282156825065613,0.7404255319148936,0.0005319148936170213,0.999468085106383,0.9277219507605471,False,0.4115881621837616,0.40903568267822266,0.3702127659574468,0.3702127659574468,0.0028165914118289948
8,hungary,no_class_support_factor,2,no_class_support,47,94,0.4085106382978723,0.9351326823234558,0.8170212765957446,0.002127659574468085,0.997872340425532,0.9331430383185123,False,0.3982684910297394,0.3962424397468567,0.4085106382978723,0.4085106382978723,0.001630825805477798
8,hungary,no_class_support_factor,3,no_class_support,47,94,0.37446808510638296,0.9335559010505676,0.7489361702127659,0.002127659574468085,0.997872340425532,0.9315696118993962,False,0.4005436599254608,0.3978947103023529,0.37446808510638296,0.37446808510638296,0.0027098762802779675
8,hungary,no_class_support_factor,4,no_class_support,47,94,0.3829787234042553,0.9353210926055908,0.7659574468085106,0.001595744680851064,0.9984042553191489,0.9338285589471776,False,0.4044979214668274,0.4016435444355011,0.3829787234042553,0.3829787234042553,0.002547561191022396
8,hungary,no_class_support_factor,5,no_class_support,47,94,0.4025423728813559,0.9355750679969788,0.8050847457627118,0.00211864406779661,0.9978813559322034,0.9335929174291886,False,0.40680375695228577,0.40530624985694885,0.4025423728813559,0.4025423728813559,0.0012043500319123268
8,hungary,no_confidence_factor,1,no_confidence,47,94,0.3702127659574468,0.9282156825065613,0.7404255319148936,0.0005319148936170213,0.999468085106383,0.7400316885468537,False,0.4115881621837616,0.40979647636413574,0.3702127659574468,0.3702127659574468,0.00243474286980927
8,hungary,no_confidence_factor,2,no_confidence,47,94,0.4085106382978723,0.9351326823234558,0.8170212765957446,0.002127659574468085,0.997872340425532,0.8152829334540516,False,0.3982684910297394,0.39670759439468384,0.4085106382978723,0.4085106382978723,0.0014247571816667914
8,hungary,no_confidence_factor,3,no_confidence,47,94,0.37446808510638296,0.9335559010505676,0.7489361702127659,0.002127659574468085,0.997872340425532,0.7473426889995474,False,0.4005436599254608,0.3985445499420166,0.37446808510638296,0.37446808510638296,0.0023986282758414745
8,hungary,no_confidence_factor,4,no_confidence,47,94,0.3829787234042553,0.9353210926055908,0.7659574468085106,0.001595744680851064,0.9984042553191489,0.7647351742870077,False,0.4044979214668274,0.40229517221450806,0.3829787234042553,0.3829787234042553,0.002203996991738677
8,hungary,no_confidence_factor,5,no_confidence,47,94,0.4025423728813559,0.9355750679969788,0.8050847457627118,0.00211864406779661,0.9978813559322034,0.8033790577420281,False,0.40680375695228577,0.40577083826065063,0.4025423728813559,0.4025423728813559,0.0010053542209789157
8,switzerland,candidate_full,1,full,20,40,0.7959183673469388,0.8371542096138,0.40816326530612246,0.012755102040816325,0.9872448979591837,0.337337233569909,False,0.4406750202178955,0.4398203492164612,0.7959183673469388,0.7959183673469388,0.0031734842341393232
8,switzerland,candidate_full,2,full,20,40,0.7755102040816326,0.8331098556518555,0.44897959183673475,0.007653061224489795,0.9923469387755102,0.3711867005762484,False,0.4525011479854584,0.45097532868385315,0.7755102040816326,0.7755102040816326,0.003973460756242275
8,switzerland,candidate_full,3,full,20,40,0.7857142857142857,0.823406994342804,0.4285714285714286,0.011479591836734693,0.9885204081632653,0.34883769348524407,False,0.47454261779785156,0.4738108515739441,0.7857142857142857,0.7857142857142857,0.0034470714163035154
8,switzerland,candidate_full,4,full,20,40,0.7676767676767676,0.8421594500541687,0.46464646464646475,0.01388888888888889,0.9861111111111112,0.38587159987049885,False,0.45721450448036194,0.4572213292121887,0.7676767676767676,0.7676767676767676,0.002904596272855997
8,switzerland,candidate_full,5,full,20,40,0.7777777777777778,0.8435187339782715,0.4444444444444444,0.0101010101010101,0.98989898989899,0.3711103745448736,False,0.4429100751876831,0.4416464865207672,0.7777777777777778,0.7777777777777778,0.0028211786411702633
8,switzerland,candidate_no_entropy,1,full,20,40,0.7959183673469388,0.8371542096138,0.40816326530612246,0.012755102040816325,0.9872448979591837,0.337337233569909,False,0.4406750202178955,0.4407854676246643,0.7959183673469388,0.7959183673469388,0.0027146609500050545
8,switzerland,candidate_no_entropy,2,full,20,40,0.7755102040816326,0.8331098556518555,0.44897959183673475,0.007653061224489795,0.9923469387755102,0.3711867005762484,False,0.4525011479854584,0.451974481344223,0.7755102040816326,0.7755102040816326,0.0033488438930362463
8,switzerland,candidate_no_entropy,3,full,20,40,0.7857142857142857,0.823406994342804,0.4285714285714286,0.011479591836734693,0.9885204081632653,0.34883769348524407,False,0.47454261779785156,0.4746692478656769,0.7857142857142857,0.7857142857142857,0.0030475198291242123
8,switzerland,candidate_no_entropy,4,full,20,40,0.7676767676767676,0.8421594500541687,0.46464646464646475,0.01388888888888889,0.9861111111111112,0.38587159987049885,False,0.45721450448036194,0.45809146761894226,0.7676767676767676,0.7676767676767676,0.0027047365438193083
8,switzerland,candidate_no_entropy,5,full,20,40,0.7777777777777778,0.8435187339782715,0.4444444444444444,0.0101010101010101,0.98989898989899,0.3711103745448736,False,0.4429100751876831,0.4425860345363617,0.7777777777777778,0.7777777777777778,0.002314020646736026
8,switzerland,candidate_no_anchor,1,full,20,40,0.7959183673469388,0.8371542096138,0.40816326530612246,0.012755102040816325,0.9872448979591837,0.337337233569909,False,0.4406750202178955,0.4328414499759674,0.7959183673469388,0.7959183673469388,0.009488527663052082
8,switzerland,candidate_no_anchor,2,full,20,40,0.7755102040816326,0.8331098556518555,0.44897959183673475,0.007653061224489795,0.9923469387755102,0.3711867005762484,False,0.4525011479854584,0.44491103291511536,0.7755102040816326,0.7755102040816326,0.00961016770452261
8,switzerland,candidate_no_anchor,3,full,20,40,0.7857142857142857,0.823406994342804,0.4285714285714286,0.011479591836734693,0.9885204081632653,0.34883769348524407,False,0.47454261779785156,0.46743854880332947,0.7857142857142857,0.7857142857142857,0.00982400868088007
8,switzerland,candidate_no_anchor,4,full,20,40,0.7676767676767676,0.8421594500541687,0.46464646464646475,0.01388888888888889,0.9861111111111112,0.38587159987049885,False,0.45721450448036194,0.45048704743385315,0.7676767676767676,0.7676767676767676,0.00853378139436245
8,switzerland,candidate_no_anchor,5,full,20,40,0.7777777777777778,0.8435187339782715,0.4444444444444444,0.0101010101010101,0.98989898989899,0.3711103745448736,False,0.4429100751876831,0.4356124699115753,0.7777777777777778,0.7777777777777778,0.008811641484498978
8,switzerland,candidate_no_prior,1,full,20,40,0.7959183673469388,0.8371542096138,0.40816326530612246,0.012755102040816325,0.9872448979591837,0.337337233569909,False,0.4406750202178955,0.4402955174446106,0.7959183673469388,0.7959183673469388,0.0026147530879825354
8,switzerland,candidate_no_prior,2,full,20,40,0.7755102040816326,0.8331098556518555,0.44897959183673475,0.007653061224489795,0.9923469387755102,0.3711867005762484,False,0.4525011479854584,0.45143359899520874,0.7755102040816326,0.7755102040816326,0.003241972764953971
8,switzerland,candidate_no_prior,3,full,20,40,0.7857142857142857,0.823406994342804,0.4285714285714286,0.011479591836734693,0.9885204081632653,0.34883769348524407,False,0.47454261779785156,0.47424745559692383,0.7857142857142857,0.7857142857142857,0.0028572636656463146
8,switzerland,candidate_no_prior,4,full,20,40,0.7676767676767676,0.8421594500541687,0.46464646464646475,0.01388888888888889,0.9861111111111112,0.38587159987049885,False,0.45721450448036194,0.4576062262058258,0.7676767676767676,0.7676767676767676,0.0025017336010932922
8,switzerland,candidate_no_prior,5,full,20,40,0.7777777777777778,0.8435187339782715,0.4444444444444444,0.0101010101010101,0.98989898989899,0.3711103745448736,False,0.4429100751876831,0.4420439600944519,0.7777777777777778,0.7777777777777778,0.0021299479994922876
8,switzerland,unit_reliability,1,unit,20,40,0.7959183673469388,0.8371542096138,0.40816326530612246,0.012755102040816325,0.9872448979591837,1.0,False,0.4406750202178955,0.43792861700057983,0.7959183673469388,0.7959183673469388,0.004504438955336809
8,switzerland,unit_reliability,2,unit,20,40,0.7755102040816326,0.8331098556518555,0.44897959183673475,0.007653061224489795,0.9923469387755102,1.0,False,0.4525011479854584,0.4493422210216522,0.7755102040816326,0.7755102040816326,0.005027163773775101
8,switzerland,unit_reliability,3,unit,20,40,0.7857142857142857,0.823406994342804,0.4285714285714286,0.011479591836734693,0.9885204081632653,1.0,False,0.47454261779785156,0.4722129702568054,0.7857142857142857,0.7857142857142857,0.004621168598532677
8,switzerland,unit_reliability,4,unit,20,40,0.7676767676767676,0.8421594500541687,0.46464646464646475,0.01388888888888889,0.9861111111111112,1.0,False,0.45721450448036194,0.4558083415031433,0.7676767676767676,0.7676767676767676,0.003712824545800686
8,switzerland,unit_reliability,5,unit,20,40,0.7777777777777778,0.8435187339782715,0.4444444444444444,0.0101010101010101,0.98989898989899,1.0,False,0.4429100751876831,0.44010862708091736,0.7777777777777778,0.7777777777777778,0.0037590842694044113
8,switzerland,no_missingness_factor,1,no_missingness,20,40,0.7959183673469388,0.8371542096138,0.40816326530612246,0.012755102040816325,0.9872448979591837,0.3416955957607347,False,0.4406750202178955,0.4398069977760315,0.7959183673469388,0.7959183673469388,0.0031833238899707794
8,switzerland,no_missingness_factor,2,no_missingness,20,40,0.7755102040816326,0.8331098556518555,0.44897959183673475,0.007653061224489795,0.9923469387755102,0.37404932294573107,False,0.4525011479854584,0.45096802711486816,0.7755102040816326,0.7755102040816326,0.0039782412350177765
8,switzerland,no_missingness_factor,3,no_missingness,20,40,0.7857142857142857,0.823406994342804,0.4285714285714286,0.011479591836734693,0.9885204081632653,0.35288871186120174,False,0.47454261779785156,0.4738011658191681,0.7857142857142857,0.7857142857142857,0.003452340606600046
8,switzerland,no_missingness_factor,4,no_missingness,20,40,0.7676767676767676,0.8421594500541687,0.46464646464646475,0.01388888888888889,0.9861111111111112,0.3913064111362805,False,0.45721450448036194,0.45720919966697693,0.7676767676767676,0.7676767676767676,0.0029088789597153664
8,switzerland,no_missingness_factor,5,no_missingness,20,40,0.7777777777777778,0.8435187339782715,0.4444444444444444,0.0101010101010101,0.98989898989899,0.37489721510145396,False,0.4429100751876831,0.44163697957992554,0.7777777777777778,0.7777777777777778,0.0028270361945033073
8,switzerland,no_class_support_factor,1,no_class_support,20,40,0.7959183673469388,0.8371542096138,0.40816326530612246,0.012755102040816325,0.9872448979591837,0.8264762222462771,False,0.4406750202178955,0.43840599060058594,0.7959183673469388,0.7959183673469388,0.004170098342001438
8,switzerland,no_class_support_factor,2,no_class_support,20,40,0.7755102040816326,0.8331098556518555,0.44897959183673475,0.007653061224489795,0.9923469387755102,0.8267340149198259,False,0.4525011479854584,0.4497781991958618,0.7755102040816326,0.7755102040816326,0.004747992381453514
8,switzerland,no_class_support_factor,3,no_class_support,20,40,0.7857142857142857,0.823406994342804,0.4285714285714286,0.011479591836734693,0.9885204081632653,0.813954618132236,False,0.47454261779785156,0.4726555347442627,0.7857142857142857,0.7857142857142857,0.004282452631741762
8,switzerland,no_class_support_factor,4,no_class_support,20,40,0.7676767676767676,0.8421594500541687,0.46464646464646475,0.01388888888888889,0.9861111111111112,0.8304627910256386,False,0.45721450448036194,0.4561960995197296,0.7676767676767676,0.7676767676767676,0.003446318907663226
8,switzerland,no_class_support_factor,5,no_class_support,20,40,0.7777777777777778,0.8435187339782715,0.4444444444444444,0.0101010101010101,0.98989898989899,0.8349983427259657,False,0.4429100751876831,0.4404991865158081,0.7777777777777778,0.7777777777777778,0.003521119011566043
8,switzerland,no_confidence_factor,1,no_confidence,20,40,0.7959183673469388,0.8371542096138,0.40816326530612246,0.012755102040816325,0.9872448979591837,0.40295710120783007,False,0.4406750202178955,0.4396235942840576,0.7959183673469388,0.7959183673469388,0.0033081306610256433
8,switzerland,no_confidence_factor,2,no_confidence,20,40,0.7755102040816326,0.8331098556518555,0.44897959183673475,0.007653061224489795,0.9923469387755102,0.4455435235318618,False,0.4525011479854584,0.4507857859134674,0.7755102040816326,0.7755102040816326,0.00409718556329608
8,switzerland,no_confidence_factor,3,no_confidence,20,40,0.7857142857142857,0.823406994342804,0.4285714285714286,0.011479591836734693,0.9885204081632653,0.4236516034985423,False,0.47454261779785156,0.4736264944076538,0.7857142857142857,0.7857142857142857,0.0035590536426752806
8,switzerland,no_confidence_factor,4,no_confidence,20,40,0.7676767676767676,0.8421594500541687,0.46464646464646475,0.01388888888888889,0.9861111111111112,0.45819304152637497,False,0.45721450448036194,0.45705917477607727,0.7676767676767676,0.7676767676767676,0.0029647741466760635
8,switzerland,no_confidence_factor,5,no_confidence,20,40,0.7777777777777778,0.8435187339782715,0.4444444444444444,0.0101010101010101,0.98989898989899,0.4399551066217733,False,0.4429100751876831,0.44147416949272156,0.7777777777777778,0.7777777777777778,0.0029277699068188667
8,va_long_beach,candidate_full,1,full,32,64,0.7625,0.8533264994621277,0.4750000000000001,0.13984375,0.86015625,0.3486472078564112,False,0.45081034302711487,0.4491812586784363,0.7625,0.7625,0.004217211157083511
8,va_long_beach,candidate_full,2,full,32,64,0.79375,0.835905134677887,0.4125000000000001,0.13828125000000002,0.86171875,0.29712999020644937,False,0.45488160848617554,0.45302754640579224,0.79375,0.79375,0.004321707878261805
8,va_long_beach,candidate_full,3,full,32,64,0.79375,0.8333938121795654,0.4125000000000001,0.12578125,0.87421875,0.3005345049058088,False,0.45369967818260193,0.45244550704956055,0.79375,0.79375,0.004333990626037121
8,va_long_beach,candidate_full,4,full,32,64,0.79375,0.8397531509399414,0.4125000000000001,0.1328125,0.8671875,0.30039216717705136,False,0.44906124472618103,0.4475349485874176,0.79375,0.79375,0.004426292143762112
8,va_long_beach,candidate_full,5,full,32,64,0.75625,0.8501080274581909,0.48750000000000004,0.14765625,0.85234375,0.3532348287140485,False,0.4570395052433014,0.45687589049339294,0.75625,0.75625,0.0030729337595403194
8,va_long_beach,candidate_no_entropy,1,full,32,64,0.7625,0.8533264994621277,0.4750000000000001,0.13984375,0.86015625,0.3486472078564112,False,0.45081034302711487,0.45017609000205994,0.7625,0.7625,0.003677126718685031
8,va_long_beach,candidate_no_entropy,2,full,32,64,0.79375,0.835905134677887,0.4125000000000001,0.13828125000000002,0.86171875,0.29712999020644937,False,0.45488160848617554,0.45394498109817505,0.79375,0.79375,0.0037023979239165783
8,va_long_beach,candidate_no_entropy,3,full,32,64,0.79375,0.8333938121795654,0.4125000000000001,0.12578125,0.87421875,0.3005345049058088,False,0.45369967818260193,0.45335644483566284,0.79375,0.79375,0.0038765505887567997
8,va_long_beach,candidate_no_entropy,4,full,32,64,0.79375,0.8397531509399414,0.4125000000000001,0.1328125,0.8671875,0.30039216717705136,False,0.44906124472618103,0.4484793543815613,0.79375,0.79375,0.0037749395705759525
8,va_long_beach,candidate_no_entropy,5,full,32,64,0.75625,0.8501080274581909,0.48750000000000004,0.14765625,0.85234375,0.3532348287140485,False,0.4570395052433014,0.4579089283943176,0.75625,0.75625,0.0028992309235036373
8,va_long_beach,candidate_no_anchor,1,full,32,64,0.7625,0.8533264994621277,0.4750000000000001,0.13984375,0.86015625,0.3486472078564112,False,0.45081034302711487,0.4440767168998718,0.7625,0.7625,0.008352275937795639
8,va_long_beach,candidate_no_anchor,2,full,32,64,0.79375,0.835905134677887,0.4125000000000001,0.13828125000000002,0.86171875,0.29712999020644937,False,0.45488160848617554,0.4473001956939697,0.79375,0.79375,0.009682998061180115
8,va_long_beach,candidate_no_anchor,3,full,32,64,0.79375,0.8333938121795654,0.4125000000000001,0.12578125,0.87421875,0.3005345049058088,False,0.45369967818260193,0.4465465545654297,0.79375,0.79375,0.009504660964012146
8,va_long_beach,candidate_no_anchor,4,full,32,64,0.79375,0.8397531509399414,0.4125000000000001,0.1328125,0.8671875,0.30039216717705136,False,0.44906124472618103,0.4420364499092102,0.79375,0.79375,0.009129615500569344
8,va_long_beach,candidate_no_anchor,5,full,32,64,0.75625,0.8501080274581909,0.48750000000000004,0.14765625,0.85234375,0.3532348287140485,False,0.4570395052433014,0.44993916153907776,0.75625,0.75625,0.00800066813826561
8,va_long_beach,candidate_no_prior,1,full,32,64,0.7625,0.8533264994621277,0.4750000000000001,0.13984375,0.86015625,0.3486472078564112,False,0.45081034302711487,0.4495590329170227,0.7625,0.7625,0.0035350427497178316
8,va_long_beach,candidate_no_prior,2,full,32,64,0.79375,0.835905134677887,0.4125000000000001,0.13828125000000002,0.86171875,0.29712999020644937,False,0.45488160848617554,0.4535762667655945,0.79375,0.79375,0.0035387061070650816
8,va_long_beach,candidate_no_prior,3,full,32,64,0.79375,0.8333938121795654,0.4125000000000001,0.12578125,0.87421875,0.3005345049058088,False,0.45369967818260193,0.4530250132083893,0.79375,0.79375,0.0036706391256302595
8,va_long_beach,candidate_no_prior,4,full,32,64,0.79375,0.8397531509399414,0.4125000000000001,0.1328125,0.8671875,0.30039216717705136,False,0.44906124472618103,0.44810956716537476,0.79375,0.79375,0.003684180323034525
8,va_long_beach,candidate_no_prior,5,full,32,64,0.75625,0.8501080274581909,0.48750000000000004,0.14765625,0.85234375,0.3532348287140485,False,0.4570395052433014,0.4572506546974182,0.75625,0.75625,0.0026363995857536793
8,va_long_beach,unit_reliability,1,unit,32,64,0.7625,0.8533264994621277,0.4750000000000001,0.13984375,0.86015625,1.0,False,0.45081034302711487,0.44747987389564514,0.7625,0.7625,0.005116850137710571
8,va_long_beach,unit_reliability,2,unit,32,64,0.79375,0.835905134677887,0.4125000000000001,0.13828125000000002,0.86171875,1.0,False,0.45488160848617554,0.4509860873222351,0.79375,0.79375,0.005661136470735073
8,va_long_beach,unit_reliability,3,unit,32,64,0.79375,0.8333938121795654,0.4125000000000001,0.12578125,0.87421875,1.0,False,0.45369967818260193,0.45042258501052856,0.79375,0.79375,0.005722087807953358
8,va_long_beach,unit_reliability,4,unit,32,64,0.79375,0.8397531509399414,0.4125000000000001,0.1328125,0.8671875,1.0,False,0.44906124472618103,0.4455105662345886,0.79375,0.79375,0.005802057217806578
8,va_long_beach,unit_reliability,5,unit,32,64,0.75625,0.8501080274581909,0.48750000000000004,0.14765625,0.85234375,1.0,False,0.4570395052433014,0.4549853801727295,0.75625,0.75625,0.0040727718733251095
8,va_long_beach,no_missingness_factor,1,no_missingness,32,64,0.7625,0.8533264994621277,0.4750000000000001,0.13984375,0.86015625,0.40533008724451075,False,0.45081034302711487,0.44902563095092773,0.7625,0.7625,0.004302414134144783
8,va_long_beach,no_missingness_factor,2,no_missingness,32,64,0.79375,0.835905134677887,0.4125000000000001,0.13828125000000002,0.86171875,0.34481086805462846,False,0.45488160848617554,0.45288047194480896,0.79375,0.79375,0.004419249016791582
8,va_long_beach,no_missingness_factor,3,no_missingness,32,64,0.79375,0.8333938121795654,0.4125000000000001,0.12578125,0.87421875,0.34377494752407084,False,0.45369967818260193,0.45231109857559204,0.79375,0.79375,0.0044299038127064705
8,va_long_beach,no_missingness_factor,4,no_missingness,32,64,0.79375,0.8397531509399414,0.4125000000000001,0.1328125,0.8671875,0.3463981747627259,False,0.44906124472618103,0.44739383459091187,0.79375,0.79375,0.004523899406194687
8,va_long_beach,no_missingness_factor,5,no_missingness,32,64,0.75625,0.8501080274581909,0.48750000000000004,0.14765625,0.85234375,0.4144276633858681,False,0.4570395052433014,0.4566988945007324,0.75625,0.75625,0.0031198724173009396
8,va_long_beach,no_class_support_factor,1,no_class_support,32,64,0.7625,0.8533264994621277,0.4750000000000001,0.13984375,0.86015625,0.7339941218029707,False,0.45081034302711487,0.44814881682395935,0.7625,0.7625,0.004770718514919281
8,va_long_beach,no_class_support_factor,2,no_class_support,32,64,0.79375,0.835905134677887,0.4125000000000001,0.13828125000000002,0.86171875,0.7203151277732104,False,0.45488160848617554,0.4517603814601898,0.79375,0.79375,0.005161620676517487
8,va_long_beach,no_class_support_factor,3,no_class_support,32,64,0.79375,0.8333938121795654,0.4125000000000001,0.12578125,0.87421875,0.7285684967413545,False,0.45369967818260193,0.4511711001396179,0.79375,0.79375,0.00521539431065321
8,va_long_beach,no_class_support_factor,4,no_class_support,32,64,0.79375,0.8397531509399414,0.4125000000000001,0.1328125,0.8671875,0.7282234355807304,False,0.44906124472618103,0.44625502824783325,0.79375,0.79375,0.005303031299263239
8,va_long_beach,no_class_support_factor,5,no_class_support,32,64,0.75625,0.8501080274581909,0.48750000000000004,0.14765625,0.85234375,0.7245842640288174,False,0.4570395052433014,0.45579075813293457,0.75625,0.75625,0.003609895007684827
8,va_long_beach,no_confidence_factor,1,no_confidence,32,64,0.7625,0.8533264994621277,0.4750000000000001,0.13984375,0.86015625,0.40857421875000005,False,0.45081034302711487,0.449016809463501,0.7625,0.7625,0.004307189490646124
8,va_long_beach,no_confidence_factor,2,no_confidence,32,64,0.79375,0.835905134677887,0.4125000000000001,0.13828125000000002,0.86171875,0.35545898437500006,False,0.45488160848617554,0.45284852385520935,0.79375,0.79375,0.004440723918378353
8,va_long_beach,no_confidence_factor,3,no_confidence,32,64,0.79375,0.8333938121795654,0.4125000000000001,0.12578125,0.87421875,0.3606152343750001,False,0.45369967818260193,0.45226001739501953,0.79375,0.79375,0.004465443082153797
8,va_long_beach,no_confidence_factor,4,no_confidence,32,64,0.79375,0.8397531509399414,0.4125000000000001,0.1328125,0.8671875,0.35771484375000007,False,0.44906124472618103,0.44735845923423767,0.79375,0.79375,0.004548384342342615
8,va_long_beach,no_confidence_factor,5,no_confidence,32,64,0.75625,0.8501080274581909,0.48750000000000004,0.14765625,0.85234375,0.415517578125,False,0.4570395052433014,0.4566957354545593,0.75625,0.75625,0.0031208754517138004
9,hungary,candidate_full,1,full,47,94,0.35319148936170214,0.9318084716796875,0.7063829787234043,0.0005319148936170213,0.999468085106383,0.6578635301844682,False,0.4001132845878601,0.3976760506629944,0.35319148936170214,0.35319148936170214,0.003105681389570236
9,hungary,candidate_full,2,full,47,94,0.3872340425531915,0.9387294054031372,0.774468085106383,0.002127659574468085,0.997872340425532,0.725469122556822,False,0.3893868327140808,0.3875947892665863,0.3872340425531915,0.3872340425531915,0.001256061834283173
9,hungary,candidate_full,3,full,47,94,0.3617021276595745,0.9361854195594788,0.723404255319149,0.002127659574468085,0.997872340425532,0.6757995790083953,False,0.39160141348838806,0.38965144753456116,0.3617021276595745,0.3617021276595745,0.0017782270442694426
9,hungary,candidate_full,4,full,47,94,0.3702127659574468,0.9387093186378479,0.7404255319148936,0.001595744680851064,0.9984042553191489,0.6939352332469078,False,0.3944864869117737,0.3922768533229828,0.3702127659574468,0.3702127659574468,0.0020789513364434242
9,hungary,candidate_full,5,full,47,94,0.3813559322033898,0.939848005771637,0.7627118644067796,0.00211864406779661,0.9978813559322034,0.7153145102818819,False,0.3960579037666321,0.3937254548072815,0.3813559322033898,0.3771186440677966,0.003311973065137863
9,hungary,candidate_no_entropy,1,full,47,94,0.35319148936170214,0.9318084716796875,0.7063829787234043,0.0005319148936170213,0.999468085106383,0.6578635301844682,False,0.4001132845878601,0.4004424810409546,0.35319148936170214,0.35319148936170214,0.0016615005442872643
9,hungary,candidate_no_entropy,2,full,47,94,0.3872340425531915,0.9387294054031372,0.774468085106383,0.002127659574468085,0.997872340425532,0.725469122556822,False,0.3893868327140808,0.3903721272945404,0.3872340425531915,0.3872340425531915,0.001111511723138392
9,hungary,candidate_no_entropy,3,full,47,94,0.3617021276595745,0.9361854195594788,0.723404255319149,0.002127659574468085,0.997872340425532,0.6757995790083953,False,0.39160141348838806,0.39243650436401367,0.3617021276595745,0.3617021276595745,0.0008343851659446955
9,hungary,candidate_no_entropy,4,full,47,94,0.3702127659574468,0.9387093186378479,0.7404255319148936,0.001595744680851064,0.9984042553191489,0.6939352332469078,False,0.3944864869117737,0.3952380120754242,0.3702127659574468,0.3702127659574468,0.0009032206144183874
9,hungary,candidate_no_entropy,5,full,47,94,0.3813559322033898,0.939848005771637,0.7627118644067796,0.00211864406779661,0.9978813559322034,0.7153145102818819,False,0.3960579037666321,0.3963888883590698,0.3813559322033898,0.3813559322033898,0.002075642580166459
9,hungary,candidate_no_anchor,1,full,47,94,0.35319148936170214,0.9318084716796875,0.7063829787234043,0.0005319148936170213,0.999468085106383,0.6578635301844682,False,0.4001132845878601,0.38994115591049194,0.35319148936170214,0.34893617021276596,0.00751507980749011
9,hungary,candidate_no_anchor,2,full,47,94,0.3872340425531915,0.9387294054031372,0.774468085106383,0.002127659574468085,0.997872340425532,0.725469122556822,False,0.3893868327140808,0.37974560260772705,0.3872340425531915,0.3829787234042553,0.0059464662335813046
9,hungary,candidate_no_anchor,3,full,47,94,0.3617021276595745,0.9361854195594788,0.723404255319149,0.002127659574468085,0.997872340425532,0.6757995790083953,False,0.39160141348838806,0.3817026913166046,0.3617021276595745,0.35319148936170214,0.00690914923325181
9,hungary,candidate_no_anchor,4,full,47,94,0.3702127659574468,0.9387093186378479,0.7404255319148936,0.001595744680851064,0.9984042553191489,0.6939352332469078,False,0.3944864869117737,0.3842388093471527,0.3702127659574468,0.3617021276595745,0.007372805383056402
9,hungary,candidate_no_anchor,5,full,47,94,0.3813559322033898,0.939848005771637,0.7627118644067796,0.00211864406779661,0.9978813559322034,0.7153145102818819,False,0.3960579037666321,0.3866767883300781,0.3813559322033898,0.3728813559322034,0.006859741173684597
9,hungary,candidate_no_prior,1,full,47,94,0.35319148936170214,0.9318084716796875,0.7063829787234043,0.0005319148936170213,0.999468085106383,0.6578635301844682,False,0.4001132845878601,0.3977324068546295,0.35319148936170214,0.35319148936170214,0.0030018098186701536
9,hungary,candidate_no_prior,2,full,47,94,0.3872340425531915,0.9387294054031372,0.774468085106383,0.002127659574468085,0.997872340425532,0.725469122556822,False,0.3893868327140808,0.38753828406333923,0.3872340425531915,0.3872340425531915,0.0012965466594323516
9,hungary,candidate_no_prior,3,full,47,94,0.3617021276595745,0.9361854195594788,0.723404255319149,0.002127659574468085,0.997872340425532,0.6757995790083953,False,0.39160141348838806,0.389697790145874,0.3617021276595745,0.3617021276595745,0.0016974048921838403
9,hungary,candidate_no_prior,4,full,47,94,0.3702127659574468,0.9387093186378479,0.7404255319148936,0.001595744680851064,0.9984042553191489,0.6939352332469078,False,0.3944864869117737,0.39230021834373474,0.3702127659574468,0.3702127659574468,0.002034586388617754
9,hungary,candidate_no_prior,5,full,47,94,0.3813559322033898,0.939848005771637,0.7627118644067796,0.00211864406779661,0.9978813559322034,0.7153145102818819,False,0.3960579037666321,0.39378347992897034,0.3813559322033898,0.3813559322033898,0.003169792704284191
9,hungary,unit_reliability,1,unit,47,94,0.35319148936170214,0.9318084716796875,0.7063829787234043,0.0005319148936170213,0.999468085106383,1.0,False,0.4001132845878601,0.396386981010437,0.35319148936170214,0.35319148936170214,0.0038368229288607836
9,hungary,unit_reliability,2,unit,47,94,0.3872340425531915,0.9387294054031372,0.774468085106383,0.002127659574468085,0.997872340425532,1.0,False,0.3893868327140808,0.38661807775497437,0.3872340425531915,0.3872340425531915,0.0017779992194846272
9,hungary,unit_reliability,3,unit,47,94,0.3617021276595745,0.9361854195594788,0.723404255319149,0.002127659574468085,0.997872340425532,1.0,False,0.39160141348838806,0.3884218633174896,0.3617021276595745,0.3617021276595745,0.002462338889017701
9,hungary,unit_reliability,4,unit,47,94,0.3702127659574468,0.9387093186378479,0.7404255319148936,0.001595744680851064,0.9984042553191489,1.0,False,0.3944864869117737,0.3910612463951111,0.3702127659574468,0.3702127659574468,0.002781001152470708
9,hungary,unit_reliability,5,unit,47,94,0.3813559322033898,0.939848005771637,0.7627118644067796,0.00211864406779661,0.9978813559322034,1.0,False,0.3960579037666321,0.3927859961986542,0.3813559322033898,0.3771186440677966,0.0037569310516119003
9,hungary,no_missingness_factor,1,no_missingness,47,94,0.35319148936170214,0.9318084716796875,0.7063829787234043,0.0005319148936170213,0.999468085106383,0.6582136438248005,False,0.4001132845878601,0.39767467975616455,0.35319148936170214,0.35319148936170214,0.003106475807726383
9,hungary,no_missingness_factor,2,no_missingness,47,94,0.3872340425531915,0.9387294054031372,0.774468085106383,0.002127659574468085,0.997872340425532,0.7270159650356212,False,0.3893868327140808,0.38758960366249084,0.3872340425531915,0.3872340425531915,0.0012587866513058543
9,hungary,no_missingness_factor,3,no_missingness,47,94,0.3617021276595745,0.9361854195594788,0.723404255319149,0.002127659574468085,0.997872340425532,0.6772405162770698,False,0.39160141348838806,0.38964584469795227,0.3617021276595745,0.3617021276595745,0.0017812668811529875
9,hungary,no_missingness_factor,4,no_missingness,47,94,0.3702127659574468,0.9387093186378479,0.7404255319148936,0.001595744680851064,0.9984042553191489,0.6950443465658959,False,0.3944864869117737,0.3922724425792694,0.3702127659574468,0.3702127659574468,0.002081480575725436
9,hungary,no_missingness_factor,5,no_missingness,47,94,0.3813559322033898,0.939848005771637,0.7627118644067796,0.00211864406779661,0.9978813559322034,0.716833224741079,False,0.3960579037666321,0.39372000098228455,0.3813559322033898,0.3771186440677966,0.003314557019621134
9,hungary,no_class_support_factor,1,no_class_support,47,94,0.35319148936170214,0.9318084716796875,0.7063829787234043,0.0005319148936170213,0.999468085106383,0.9313128288756025,False,0.4001132845878601,0.39663150906562805,0.35319148936170214,0.35319148936170214,0.0036992377135902643
9,hungary,no_class_support_factor,2,no_class_support,47,94,0.3872340425531915,0.9387294054031372,0.774468085106383,0.002127659574468085,0.997872340425532,0.9367321087958965,False,0.3893868327140808,0.3868364989757538,0.3872340425531915,0.3872340425531915,0.0016592413885518909
9,hungary,no_class_support_factor,3,no_class_support,47,94,0.3617021276595745,0.9361854195594788,0.723404255319149,0.002127659574468085,0.997872340425532,0.9341935356880756,False,0.39160141348838806,0.3886657655239105,0.3617021276595745,0.3617021276595745,0.0023229741491377354
9,hungary,no_class_support_factor,4,no_class_support,47,94,0.3702127659574468,0.9387093186378479,0.7404255319148936,0.001595744680851064,0.9984042553191489,0.9372113782357662,False,0.3944864869117737,0.39130476117134094,0.3702127659574468,0.3702127659574468,0.0026383991353213787
9,hungary,no_class_support_factor,5,no_class_support,47,94,0.3813559322033898,0.939848005771637,0.7627118644067796,0.00211864406779661,0.9978813559322034,0.9378568023695785,False,0.3960579037666321,0.39298561215400696,0.3813559322033898,0.3771186440677966,0.003664250485599041
9,hungary,no_confidence_factor,1,no_confidence,47,94,0.35319148936170214,0.9318084716796875,0.7063829787234043,0.0005319148936170213,0.999468085106383,0.7060072430964237,False,0.4001132845878601,0.3974842429161072,0.35319148936170214,0.35319148936170214,0.0032157055102288723
9,hungary,no_confidence_factor,2,no_confidence,47,94,0.3872340425531915,0.9387294054031372,0.774468085106383,0.002127659574468085,0.997872340425532,0.7728202806699864,False,0.3893868327140808,0.38742589950561523,0.3872340425531915,0.3872340425531915,0.0013437496963888407
9,hungary,no_confidence_factor,3,no_confidence,47,94,0.3617021276595745,0.9361854195594788,0.723404255319149,0.002127659574468085,0.997872340425532,0.7218650973291083,False,0.39160141348838806,0.3894708454608917,0.3617021276595745,0.3617021276595745,0.001878036418929696
9,hungary,no_confidence_factor,4,no_confidence,47,94,0.3702127659574468,0.9387093186378479,0.7404255319148936,0.001595744680851064,0.9984042553191489,0.739244001810774,False,0.3944864869117737,0.3920902609825134,0.3702127659574468,0.3702127659574468,0.002181613352149725
9,hungary,no_confidence_factor,5,no_confidence,47,94,0.3813559322033898,0.939848005771637,0.7627118644067796,0.00211864406779661,0.9978813559322034,0.7610959494398161,False,0.3960579037666321,0.39357268810272217,0.3813559322033898,0.3771186440677966,0.0033839819952845573
9,switzerland,candidate_full,1,full,20,40,0.7653061224489796,0.8405319452285767,0.4693877551020409,0.012755102040816325,0.9872448979591837,0.3895030635401688,False,0.4539791941642761,0.45143839716911316,0.7653061224489796,0.7653061224489796,0.0055326796136796474
9,switzerland,candidate_full,2,full,20,40,0.7448979591836735,0.8375650644302368,0.510204081632653,0.007653061224489795,0.9923469387755102,0.42405873862890725,False,0.4647887051105499,0.4630626440048218,0.7448979591836735,0.7448979591836735,0.0035484335385262966
9,switzerland,candidate_full,3,full,20,40,0.7448979591836735,0.8334112167358398,0.510204081632653,0.011479591836734693,0.9885204081632653,0.4203285694569162,False,0.4827519655227661,0.4820392429828644,0.7448979591836735,0.7448979591836735,0.0032677538692951202
9,switzerland,candidate_full,4,full,20,40,0.7373737373737373,0.8439529538154602,0.5252525252525253,0.01388888888888889,0.9861111111111112,0.43713163657220533,False,0.46674251556396484,0.4657549262046814,0.7373737373737373,0.7373737373737373,0.004472347907721996
9,switzerland,candidate_full,5,full,20,40,0.7474747474747475,0.8474224209785461,0.505050505050505,0.0101010101010101,0.98989898989899,0.42366797906283804,False,0.45380571484565735,0.4519837200641632,0.7474747474747475,0.7474747474747475,0.004184072837233543
9,switzerland,candidate_no_entropy,1,full,20,40,0.7653061224489796,0.8405319452285767,0.4693877551020409,0.012755102040816325,0.9872448979591837,0.3895030635401688,False,0.4539791941642761,0.452355295419693,0.7653061224489796,0.7653061224489796,0.004814701620489359
9,switzerland,candidate_no_entropy,2,full,20,40,0.7448979591836735,0.8375650644302368,0.510204081632653,0.007653061224489795,0.9923469387755102,0.42405873862890725,False,0.4647887051105499,0.4641704261302948,0.7448979591836735,0.7448979591836735,0.0028044311329722404
9,switzerland,candidate_no_entropy,3,full,20,40,0.7448979591836735,0.8334112167358398,0.510204081632653,0.011479591836734693,0.9885204081632653,0.4203285694569162,False,0.4827519655227661,0.4830665588378906,0.7448979591836735,0.7448979591836735,0.002737240167334676
9,switzerland,candidate_no_entropy,4,full,20,40,0.7373737373737373,0.8439529538154602,0.5252525252525253,0.01388888888888889,0.9861111111111112,0.43713163657220533,False,0.46674251556396484,0.46671438217163086,0.7373737373737373,0.7373737373737373,0.0037872709799557924
9,switzerland,candidate_no_entropy,5,full,20,40,0.7474747474747475,0.8474224209785461,0.505050505050505,0.0101010101010101,0.98989898989899,0.42366797906283804,False,0.45380571484565735,0.45311838388442993,0.7474747474747475,0.7474747474747475,0.003432503202930093
9,switzerland,candidate_no_anchor,1,full,20,40,0.7653061224489796,0.8405319452285767,0.4693877551020409,0.012755102040816325,0.9872448979591837,0.3895030635401688,False,0.4539791941642761,0.4461038410663605,0.7653061224489796,0.7653061224489796,0.010606542229652405
9,switzerland,candidate_no_anchor,2,full,20,40,0.7448979591836735,0.8375650644302368,0.510204081632653,0.007653061224489795,0.9923469387755102,0.42405873862890725,False,0.4647887051105499,0.45642367005348206,0.7448979591836735,0.7448979591836735,0.010045432485640049
9,switzerland,candidate_no_anchor,3,full,20,40,0.7448979591836735,0.8334112167358398,0.510204081632653,0.011479591836734693,0.9885204081632653,0.4203285694569162,False,0.4827519655227661,0.4749036133289337,0.7448979591836735,0.7448979591836735,0.01078508049249649
9,switzerland,candidate_no_anchor,4,full,20,40,0.7373737373737373,0.8439529538154602,0.5252525252525253,0.01388888888888889,0.9861111111111112,0.43713163657220533,False,0.46674251556396484,0.4594781696796417,0.7373737373737373,0.7373737373737373,0.010418501682579517
9,switzerland,candidate_no_anchor,5,full,20,40,0.7474747474747475,0.8474224209785461,0.505050505050505,0.0101010101010101,0.98989898989899,0.42366797906283804,False,0.45380571484565735,0.44572919607162476,0.7474747474747475,0.7474747474747475,0.009730312041938305
9,switzerland,candidate_no_prior,1,full,20,40,0.7653061224489796,0.8405319452285767,0.4693877551020409,0.012755102040816325,0.9872448979591837,0.3895030635401688,False,0.4539791941642761,0.45183348655700684,0.7653061224489796,0.7653061224489796,0.004965230822563171
9,switzerland,candidate_no_prior,2,full,20,40,0.7448979591836735,0.8375650644302368,0.510204081632653,0.007653061224489795,0.9923469387755102,0.42405873862890725,False,0.4647887051105499,0.463390052318573,0.7448979591836735,0.7448979591836735,0.002941376995295286
9,switzerland,candidate_no_prior,3,full,20,40,0.7448979591836735,0.8334112167358398,0.510204081632653,0.011479591836734693,0.9885204081632653,0.4203285694569162,False,0.4827519655227661,0.4824058413505554,0.7448979591836735,0.7448979591836735,0.0027356469072401524
9,switzerland,candidate_no_prior,4,full,20,40,0.7373737373737373,0.8439529538154602,0.5252525252525253,0.01388888888888889,0.9861111111111112,0.43713163657220533,False,0.46674251556396484,0.4661133587360382,0.7373737373737373,0.7373737373737373,0.003847885876893997
9,switzerland,candidate_no_prior,5,full,20,40,0.7474747474747475,0.8474224209785461,0.505050505050505,0.0101010101010101,0.98989898989899,0.42366797906283804,False,0.45380571484565735,0.45233678817749023,0.7474747474747475,0.7474747474747475,0.0035668506752699614
9,switzerland,unit_reliability,1,unit,20,40,0.7653061224489796,0.8405319452285767,0.4693877551020409,0.012755102040816325,0.9872448979591837,1.0,False,0.4539791941642761,0.450127512216568,0.7653061224489796,0.7653061224489796,0.006561988964676857
9,switzerland,unit_reliability,2,unit,20,40,0.7448979591836735,0.8375650644302368,0.510204081632653,0.007653061224489795,0.9923469387755102,1.0,False,0.4647887051105499,0.46162208914756775,0.7448979591836735,0.7448979591836735,0.0046282000839710236
9,switzerland,unit_reliability,3,unit,20,40,0.7448979591836735,0.8334112167358398,0.510204081632653,0.011479591836734693,0.9885204081632653,1.0,False,0.4827519655227661,0.4806402623653412,0.7448979591836735,0.7448979591836735,0.004411935806274414
9,switzerland,unit_reliability,4,unit,20,40,0.7373737373737373,0.8439529538154602,0.5252525252525253,0.01388888888888889,0.9861111111111112,1.0,False,0.46674251556396484,0.4645500183105469,0.7373737373737373,0.7373737373737373,0.005442040506750345
9,switzerland,unit_reliability,5,unit,20,40,0.7474747474747475,0.8474224209785461,0.505050505050505,0.0101010101010101,0.98989898989899,1.0,False,0.45380571484565735,0.45056623220443726,0.7474747474747475,0.7474747474747475,0.005195405334234238
9,switzerland,no_missingness_factor,1,no_missingness,20,40,0.7653061224489796,0.8405319452285767,0.4693877551020409,0.012755102040816325,0.9872448979591837,0.3945354028623932,False,0.4539791941642761,0.4514269530773163,0.7653061224489796,0.7653061224489796,0.005541652906686068
9,switzerland,no_missingness_factor,2,no_missingness,20,40,0.7448979591836735,0.8375650644302368,0.510204081632653,0.007653061224489795,0.9923469387755102,0.42732911450522276,False,0.4647887051105499,0.463054358959198,0.7448979591836735,0.7448979591836735,0.0035546233411878347
9,switzerland,no_missingness_factor,3,no_missingness,20,40,0.7448979591836735,0.8334112167358398,0.510204081632653,0.011479591836734693,0.9885204081632653,0.4252098044570611,False,0.4827519655227661,0.4820275902748108,0.7448979591836735,0.7448979591836735,0.0032754894345998764
9,switzerland,no_missingness_factor,4,no_missingness,20,40,0.7373737373737373,0.8439529538154602,0.5252525252525253,0.01388888888888889,0.9861111111111112,0.4432884201858983,False,0.46674251556396484,0.46574196219444275,0.7373737373737373,0.7373737373737373,0.004482501186430454
9,switzerland,no_missingness_factor,5,no_missingness,20,40,0.7474747474747475,0.8474224209785461,0.505050505050505,0.0101010101010101,0.98989898989899,0.42799112170633635,False,0.45380571484565735,0.451970636844635,0.7474747474747475,0.7474747474747475,0.004193123895674944
9,switzerland,no_class_support_factor,1,no_class_support,20,40,0.7653061224489796,0.8405319452285767,0.4693877551020409,0.012755102040816325,0.9872448979591837,0.8298108744986203,False,0.4539791941642761,0.45047298073768616,0.7653061224489796,0.7653061224489796,0.006293970625847578
9,switzerland,no_class_support_factor,2,no_class_support,20,40,0.7448979591836735,0.8375650644302368,0.510204081632653,0.007653061224489795,0.9923469387755102,0.8311551277126584,False,0.4647887051105499,0.462022066116333,0.7448979591836735,0.7448979591836735,0.004328262060880661
9,switzerland,no_class_support_factor,3,no_class_support,20,40,0.7448979591836735,0.8334112167358398,0.510204081632653,0.011479591836734693,0.9885204081632653,0.8238439961355559,False,0.4827519655227661,0.4810570180416107,0.7448979591836735,0.7448979591836735,0.0040440368466079235
9,switzerland,no_class_support_factor,4,no_class_support,20,40,0.7373737373737373,0.8439529538154602,0.5252525252525253,0.01388888888888889,0.9861111111111112,0.8322313850124677,False,0.46674251556396484,0.46489888429641724,0.7373737373737373,0.7373737373737373,0.005158986896276474
9,switzerland,no_class_support_factor,5,no_class_support,20,40,0.7474747474747475,0.8474224209785461,0.505050505050505,0.0101010101010101,0.98989898989899,0.8388625985444195,False,0.45380571484565735,0.4509405195713043,0.7474747474747475,0.7474747474747475,0.0049284459091722965
9,switzerland,no_confidence_factor,1,no_confidence,20,40,0.7653061224489796,0.8405319452285767,0.4693877551020409,0.012755102040816325,0.9872448979591837,0.4634006663890047,False,0.4539791941642761,0.4512687921524048,0.7653061224489796,0.7653061224489796,0.005665387026965618
9,switzerland,no_confidence_factor,2,no_confidence,20,40,0.7448979591836735,0.8375650644302368,0.510204081632653,0.007653061224489795,0.9923469387755102,0.5062994585589337,False,0.4647887051105499,0.4628466069698334,0.7448979591836735,0.7448979591836735,0.0037070116959512234
9,switzerland,no_confidence_factor,3,no_confidence,20,40,0.7448979591836735,0.8334112167358398,0.510204081632653,0.011479591836734693,0.9885204081632653,0.5043471470220741,False,0.4827519655227661,0.4818257987499237,0.7448979591836735,0.7448979591836735,0.0034078655298799276
9,switzerland,no_confidence_factor,4,no_confidence,20,40,0.7373737373737373,0.8439529538154602,0.5252525252525253,0.01388888888888889,0.9861111111111112,0.5179573512906847,False,0.46674251556396484,0.465581476688385,0.7373737373737373,0.7373737373737373,0.004609284456819296
9,switzerland,no_confidence_factor,5,no_confidence,20,40,0.7474747474747475,0.8474224209785461,0.505050505050505,0.0101010101010101,0.98989898989899,0.4999489847974696,False,0.45380571484565735,0.4517810046672821,0.7474747474747475,0.7474747474747475,0.0043236264027655125
9,va_long_beach,candidate_full,1,full,32,64,0.75625,0.8711850047111511,0.48750000000000004,0.13984375,0.86015625,0.36531067302043085,False,0.4423450529575348,0.44116464257240295,0.75625,0.75625,0.003484688000753522
9,va_long_beach,candidate_full,2,full,32,64,0.79375,0.8501365184783936,0.4125000000000001,0.13828125000000002,0.86171875,0.30218866343842826,False,0.44765204191207886,0.44586506485939026,0.79375,0.79375,0.0035274145193398
9,va_long_beach,candidate_full,3,full,32,64,0.7875,0.8511332273483276,0.42500000000000004,0.12578125,0.87421875,0.3162325660907664,False,0.4461880326271057,0.44527584314346313,0.7875,0.7875,0.0028590993024408817
9,va_long_beach,candidate_full,4,full,32,64,0.7875,0.8581101894378662,0.42500000000000004,0.1328125,0.8671875,0.31626053270883864,False,0.4405345022678375,0.4402141571044922,0.7875,0.7875,0.002302357228472829
9,va_long_beach,candidate_full,5,full,32,64,0.75,0.867721438407898,0.5,0.14765625,0.85234375,0.3697984723839909,False,0.44844532012939453,0.4474022388458252,0.75,0.75,0.003275340422987938
9,va_long_beach,candidate_no_entropy,1,full,32,64,0.75625,0.8711850047111511,0.48750000000000004,0.13984375,0.86015625,0.36531067302043085,False,0.4423450529575348,0.4422287046909332,0.75625,0.75625,0.0030094371177256107
9,va_long_beach,candidate_no_entropy,2,full,32,64,0.79375,0.8501365184783936,0.4125000000000001,0.13828125000000002,0.86171875,0.30218866343842826,False,0.44765204191207886,0.44678959250450134,0.79375,0.79375,0.0028937042225152254
9,va_long_beach,candidate_no_entropy,3,full,32,64,0.7875,0.8511332273483276,0.42500000000000004,0.12578125,0.87421875,0.3162325660907664,False,0.4461880326271057,0.4461120665073395,0.7875,0.7875,0.002478182315826416
9,va_long_beach,candidate_no_entropy,4,full,32,64,0.7875,0.8581101894378662,0.42500000000000004,0.1328125,0.8671875,0.31626053270883864,False,0.4405345022678375,0.4410839080810547,0.7875,0.7875,0.0020252573303878307
9,va_long_beach,candidate_no_entropy,5,full,32,64,0.75,0.867721438407898,0.5,0.14765625,0.85234375,0.3697984723839909,False,0.44844532012939453,0.44831937551498413,0.75,0.75,0.0028080162592232227
9,va_long_beach,candidate_no_anchor,1,full,32,64,0.75625,0.8711850047111511,0.48750000000000004,0.13984375,0.86015625,0.36531067302043085,False,0.4423450529575348,0.4350031316280365,0.75625,0.75625,0.008578633889555931
9,va_long_beach,candidate_no_anchor,2,full,32,64,0.79375,0.8501365184783936,0.4125000000000001,0.13828125000000002,0.86171875,0.30218866343842826,False,0.44765204191207886,0.43953436613082886,0.79375,0.79375,0.010453502647578716
9,va_long_beach,candidate_no_anchor,3,full,32,64,0.7875,0.8511332273483276,0.42500000000000004,0.12578125,0.87421875,0.3162325660907664,False,0.4461880326271057,0.4386741518974304,0.7875,0.7875,0.009805144742131233
9,va_long_beach,candidate_no_anchor,4,full,32,64,0.7875,0.8581101894378662,0.42500000000000004,0.1328125,0.8671875,0.31626053270883864,False,0.4405345022678375,0.433096319437027,0.7875,0.7875,0.008576554246246815
9,va_long_beach,candidate_no_anchor,5,full,32,64,0.75,0.867721438407898,0.5,0.14765625,0.85234375,0.3697984723839909,False,0.44844532012939453,0.4414570927619934,0.75,0.75,0.008744020946323872
9,va_long_beach,candidate_no_prior,1,full,32,64,0.75625,0.8711850047111511,0.48750000000000004,0.13984375,0.86015625,0.36531067302043085,False,0.4423450529575348,0.4414486885070801,0.75625,0.75625,0.002955971285700798
9,va_long_beach,candidate_no_prior,2,full,32,64,0.79375,0.8501365184783936,0.4125000000000001,0.13828125000000002,0.86171875,0.30218866343842826,False,0.44765204191207886,0.4462483525276184,0.79375,0.79375,0.00286874920129776
9,va_long_beach,candidate_no_prior,3,full,32,64,0.7875,0.8511332273483276,0.42500000000000004,0.12578125,0.87421875,0.3162325660907664,False,0.4461880326271057,0.4456164240837097,0.7875,0.7875,0.002398865297436714
9,va_long_beach,candidate_no_prior,4,full,32,64,0.7875,0.8581101894378662,0.42500000000000004,0.1328125,0.8671875,0.31626053270883864,False,0.4405345022678375,0.440507709980011,0.7875,0.7875,0.001932424260303378
9,va_long_beach,candidate_no_prior,5,full,32,64,0.75,0.867721438407898,0.5,0.14765625,0.85234375,0.3697984723839909,False,0.44844532012939453,0.4476700723171234,0.75,0.75,0.0027172367554157972
9,va_long_beach,unit_reliability,1,unit,32,64,0.75625,0.8711850047111511,0.48750000000000004,0.13984375,0.86015625,1.0,False,0.4423450529575348,0.43950557708740234,0.75625,0.75625,0.0045304074883461
9,va_long_beach,unit_reliability,2,unit,32,64,0.79375,0.8501365184783936,0.4125000000000001,0.13828125000000002,0.86171875,1.0,False,0.44765204191207886,0.4439156651496887,0.79375,0.79375,0.005012319423258305
9,va_long_beach,unit_reliability,3,unit,32,64,0.7875,0.8511332273483276,0.42500000000000004,0.12578125,0.87421875,1.0,False,0.4461880326271057,0.44353705644607544,0.7875,0.7875,0.0041726259514689445
9,va_long_beach,unit_reliability,4,unit,32,64,0.7875,0.8581101894378662,0.42500000000000004,0.1328125,0.8671875,1.0,False,0.4405345022678375,0.43835264444351196,0.7875,0.7875,0.00350835919380188
9,va_long_beach,unit_reliability,5,unit,32,64,0.75,0.867721438407898,0.5,0.14765625,0.85234375,1.0,False,0.44844532012939453,0.44597673416137695,0.75,0.75,0.004196661524474621
9,va_long_beach,no_missingness_factor,1,no_missingness,32,64,0.75625,0.8711850047111511,0.48750000000000004,0.13984375,0.86015625,0.4247026897966862,False,0.4423450529575348,0.44100266695022583,0.75625,0.75625,0.0035868387203663588
9,va_long_beach,no_missingness_factor,2,no_missingness,32,64,0.79375,0.8501365184783936,0.4125000000000001,0.13828125000000002,0.86171875,0.3506813138723374,False,0.44765204191207886,0.44571876525878906,0.79375,0.79375,0.0036361790262162685
9,va_long_beach,no_missingness_factor,3,no_missingness,32,64,0.7875,0.8511332273483276,0.42500000000000004,0.12578125,0.87421875,0.3617316216230393,False,0.4461880326271057,0.44515687227249146,0.7875,0.7875,0.0029401141218841076
9,va_long_beach,no_missingness_factor,4,no_missingness,32,64,0.7875,0.8581101894378662,0.42500000000000004,0.1328125,0.8671875,0.3646968305110932,False,0.4405345022678375,0.44007816910743713,0.7875,0.7875,0.0023586072493344545
9,va_long_beach,no_missingness_factor,5,no_missingness,32,64,0.75,0.867721438407898,0.5,0.14765625,0.85234375,0.433860719203949,False,0.44844532012939453,0.44724971055984497,0.75,0.75,0.0033745230175554752
9,va_long_beach,no_class_support_factor,1,no_class_support,32,64,0.75625,0.8711850047111511,0.48750000000000004,0.13984375,0.86015625,0.749355226708576,False,0.4423450529575348,0.4401276707649231,0.75625,0.75625,0.004138635937124491
9,va_long_beach,no_class_support_factor,2,no_class_support,32,64,0.79375,0.8501365184783936,0.4125000000000001,0.13828125000000002,0.86171875,0.7325785780325532,False,0.44765204191207886,0.4446262717247009,0.79375,0.79375,0.0044665150344371796
9,va_long_beach,no_class_support_factor,3,no_class_support,32,64,0.7875,0.8511332273483276,0.42500000000000004,0.12578125,0.87421875,0.7440766260959208,False,0.4461880326271057,0.4441799223423004,0.7875,0.7875,0.0036794529296457767
9,va_long_beach,no_class_support_factor,4,no_class_support,32,64,0.7875,0.8581101894378662,0.42500000000000004,0.1328125,0.8671875,0.7441424299031496,False,0.4405345022678375,0.43903690576553345,0.7875,0.7875,0.0030093227978795767
9,va_long_beach,no_class_support_factor,5,no_class_support,32,64,0.75,0.867721438407898,0.5,0.14765625,0.85234375,0.7395969447679818,False,0.44844532012939453,0.4465460777282715,0.75,0.75,0.0038305683992803097
9,va_long_beach,no_confidence_factor,1,no_confidence,32,64,0.75625,0.8711850047111511,0.48750000000000004,0.13984375,0.86015625,0.41932617187500004,False,0.4423450529575348,0.4410173296928406,0.75625,0.75625,0.0035775923170149326
9,va_long_beach,no_confidence_factor,2,no_confidence,32,64,0.79375,0.8501365184783936,0.4125000000000001,0.13828125000000002,0.86171875,0.35545898437500006,False,0.44765204191207886,0.445704847574234,0.79375,0.79375,0.003646890167146921
9,va_long_beach,no_confidence_factor,3,no_confidence,32,64,0.7875,0.8511332273483276,0.42500000000000004,0.12578125,0.87421875,0.37154296875000004,False,0.4461880326271057,0.4451298713684082,0.7875,0.7875,0.0029601603746414185
9,va_long_beach,no_confidence_factor,4,no_confidence,32,64,0.7875,0.8581101894378662,0.42500000000000004,0.1328125,0.8671875,0.36855468750000003,False,0.4405345022678375,0.4400676190853119,0.7875,0.7875,0.0023632391821593046
9,va_long_beach,no_confidence_factor,5,no_confidence,32,64,0.75,0.867721438407898,0.5,0.14765625,0.85234375,0.426171875,False,0.44844532012939453,0.4472678601741791,0.75,0.75,0.0033626563381403685
