architecture,source,target,seed,method,n,prevalence,roc_auc_recomputed,average_precision,brier_recomputed,ece10,accuracy,balanced_accuracy,sensitivity,specificity,predicted_positive_rate,mean_probability,roc_auc_frozen,brier_frozen,source_roc_auc,source_brier,adapted_auc_diff,adapted_brier_diff
single_head,cleveland,hungary,0,pseudo_label_sfda,294,0.36054421768707484,0.8729425933360095,0.8250591090868753,0.14454502868740562,0.09278534444090183,0.8095238095238095,0.7996286631874749,0.7641509433962265,0.8351063829787234,0.38095238095238093,0.405479065718313,0.8729425933360095,0.1445450286874056,0.8741971095945404,0.1426142156124115,0.0,2.7755575615628914e-17
single_head,cleveland,hungary,0,entropy_sfda,294,0.36054421768707484,0.8722902448815737,0.8227558073459101,0.14253516843523906,0.0859629099358659,0.8095238095238095,0.7955138498594941,0.7452830188679245,0.8457446808510638,0.3673469387755102,0.3910099107702421,0.8722902448815737,0.142535168435239,0.8741971095945404,0.1426142156124115,0.0,5.551115123125783e-17
single_head,cleveland,hungary,0,reliability_gated_sfda,294,0.36054421768707484,0.873896025692493,0.8257956775398907,0.14270738590565893,0.09881072385604082,0.7959183673469388,0.7931051786431152,0.7830188679245284,0.8031914893617021,0.40816326530612246,0.4260567858954575,0.873896025692493,0.1427073859056589,0.8741971095945404,0.1426142156124115,0.0,2.7755575615628914e-17
single_head,cleveland,hungary,0,conservative_candidate,294,0.36054421768707484,0.8737454837414693,0.8254779737908458,0.14215532592183264,0.10296041591308353,0.7959183673469388,0.7931051786431152,0.7830188679245284,0.8031914893617021,0.40816326530612246,0.42596339716316284,0.8737454837414693,0.1421553259218326,0.8741971095945404,0.1426142156124115,0.0,2.7755575615628914e-17
single_head,cleveland,hungary,1,pseudo_label_sfda,294,0.36054421768707484,0.8790144520272983,0.8419618789697474,0.13843455758854234,0.08650573316429344,0.8061224489795918,0.7990264953833802,0.7735849056603774,0.824468085106383,0.391156462585034,0.41063508372373725,0.8790144520272983,0.1384345575885423,0.88031914893617,0.1357796341180801,0.0,2.7755575615628914e-17
single_head,cleveland,hungary,1,entropy_sfda,294,0.36054421768707484,0.8777599357687677,0.8390898435291246,0.1367395139630002,0.08729912350936256,0.8197278911564626,0.8055499799277399,0.7547169811320755,0.8563829787234043,0.36394557823129253,0.39846158696522266,0.8777599357687677,0.1367395139630002,0.88031914893617,0.1357796341180801,0.0,0.0
single_head,cleveland,hungary,1,reliability_gated_sfda,294,0.36054421768707484,0.8800180650341228,0.8434662042202941,0.13604082310811735,0.09469882170447992,0.8027210884353742,0.8004817342432757,0.7924528301886793,0.8085106382978723,0.40816326530612246,0.4225003051850311,0.8800180650341228,0.1360408231081173,0.88031914893617,0.1357796341180801,0.0,5.551115123125783e-17
single_head,cleveland,hungary,1,conservative_candidate,294,0.36054421768707484,0.8797169811320755,0.8432119633331152,0.13546233772537328,0.10038908677441734,0.8061224489795918,0.8031413087113609,0.7924528301886793,0.8138297872340425,0.40476190476190477,0.4214998593135756,0.8797169811320755,0.1354623377253732,0.88031914893617,0.1357796341180801,0.0,8.326672684688674e-17
single_head,cleveland,hungary,2,pseudo_label_sfda,294,0.36054421768707484,0.876756322761943,0.8292594733384401,0.1388811726107966,0.09011101887599396,0.8197278911564626,0.8076073865917303,0.7641509433962265,0.851063829787234,0.3707482993197279,0.3926157583625113,0.876756322761943,0.1388811726107965,0.8765054195102369,0.1385558545589447,0.0,1.1102230246251565e-16
single_head,cleveland,hungary,2,entropy_sfda,294,0.36054421768707484,0.8753010839020474,0.8272319429515738,0.13711732597554996,0.0745445369674704,0.8163265306122449,0.7967181854676837,0.7264150943396226,0.8670212765957447,0.3469387755102041,0.3731093289683807,0.8753010839020474,0.1371173259755499,0.8765054195102369,0.1385558545589447,0.0,5.551115123125783e-17
single_head,cleveland,hungary,2,reliability_gated_sfda,294,0.36054421768707484,0.8761541549578483,0.8290801398898017,0.1386898366215516,0.0822199988083876,0.7993197278911565,0.79370734644721,0.7735849056603774,0.8138297872340425,0.3979591836734694,0.4168103809094652,0.8761541549578483,0.1386898366215516,0.8765054195102369,0.1385558545589447,0.0,0.0
single_head,cleveland,hungary,2,conservative_candidate,294,0.36054421768707484,0.875853071055801,0.8288326283718381,0.13840407612556035,0.08816593494519694,0.8027210884353742,0.796366920915295,0.7735849056603774,0.8191489361702128,0.3945578231292517,0.4170278359495965,0.875853071055801,0.1384040761255603,0.8765054195102369,0.1385558545589447,0.0,5.551115123125783e-17
single_head,cleveland,hungary,3,pseudo_label_sfda,294,0.36054421768707484,0.8718386190285026,0.8262081289065247,0.14269177224956753,0.09526469365718973,0.8095238095238095,0.7934564431955038,0.7358490566037735,0.851063829787234,0.36054421768707484,0.3998416102171375,0.8718386190285026,0.1426917722495675,0.8740465676435166,0.1428151279687881,0.0,2.7755575615628914e-17
single_head,cleveland,hungary,3,entropy_sfda,294,0.36054421768707484,0.8706844640706544,0.8234590773385897,0.14197815197262234,0.0851266454944077,0.8197278911564626,0.8014351665997591,0.7358490566037735,0.8670212765957447,0.35034013605442177,0.388829742122337,0.8706844640706544,0.1419781519726223,0.8740465676435166,0.1428151279687881,0.0,2.7755575615628914e-17
single_head,cleveland,hungary,3,reliability_gated_sfda,294,0.36054421768707484,0.8737956643918104,0.8272441622917287,0.14309372271997364,0.08096113220984939,0.7959183673469388,0.7951625853071056,0.7924528301886793,0.7978723404255319,0.41496598639455784,0.425493252340096,0.8737956643918104,0.1430937227199736,0.8740465676435166,0.1428151279687881,0.0,5.551115123125783e-17
single_head,cleveland,hungary,3,conservative_candidate,294,0.36054421768707484,0.8736451224407868,0.8270651646420614,0.1428306518645041,0.08133861943635914,0.7959183673469388,0.7951625853071056,0.7924528301886793,0.7978723404255319,0.41496598639455784,0.42602958551411624,0.8736451224407868,0.142830651864504,0.8740465676435166,0.1428151279687881,0.0,1.1102230246251565e-16
single_head,cleveland,hungary,4,pseudo_label_sfda,294,0.36054421768707484,0.8775592131674026,0.8360327854392142,0.14400166560284522,0.09928313446180505,0.8095238095238095,0.7996286631874749,0.7641509433962265,0.8351063829787234,0.38095238095238093,0.40506921879801466,0.8775592131674026,0.1440016656028452,0.8766057808109193,0.1428221762180328,0.0,2.7755575615628914e-17
single_head,cleveland,hungary,4,entropy_sfda,294,0.36054421768707484,0.8759534323564833,0.8335172523098908,0.14193034376523128,0.09950245675143037,0.8095238095238095,0.7934564431955038,0.7358490566037735,0.851063829787234,0.36054421768707484,0.3914602885282516,0.8759534323564833,0.1419303437652312,0.8766057808109193,0.1428221762180328,0.0,8.326672684688674e-17
single_head,cleveland,hungary,4,reliability_gated_sfda,294,0.36054421768707484,0.8765556001605781,0.8349338768803948,0.1431931937166547,0.09860505150681756,0.8027210884353742,0.796366920915295,0.7735849056603774,0.8191489361702128,0.3945578231292517,0.42570327336703534,0.8765556001605781,0.1431931937166547,0.8766057808109193,0.1428221762180328,0.0,0.0
single_head,cleveland,hungary,4,conservative_candidate,294,0.36054421768707484,0.8766559614612606,0.8354543273270136,0.14254388760117281,0.09623755029953866,0.8027210884353742,0.796366920915295,0.7735849056603774,0.8191489361702128,0.3945578231292517,0.4253637244113955,0.8766559614612606,0.1425438876011728,0.8766057808109193,0.1428221762180328,0.0,2.7755575615628914e-17
single_head,cleveland,hungary,5,pseudo_label_sfda,294,0.36054421768707484,0.875652348454436,0.8341188077939352,0.14474965838269918,0.09781481625217642,0.7959183673469388,0.7931051786431152,0.7830188679245284,0.8031914893617021,0.40816326530612246,0.41041040637920023,0.875652348454436,0.1447496583826991,0.8764552388598956,0.1454291492700576,0.0,8.326672684688674e-17
single_head,cleveland,hungary,5,entropy_sfda,294,0.36054421768707484,0.8747992773986351,0.8323385246580212,0.1416543472035694,0.0949519059995386,0.8061224489795918,0.7969690887193899,0.7641509433962265,0.8297872340425532,0.3843537414965986,0.3965145123146037,0.8747992773986351,0.1416543472035694,0.8764552388598956,0.1454291492700576,0.0,0.0
single_head,cleveland,hungary,5,reliability_gated_sfda,294,0.36054421768707484,0.8764050582095543,0.8357178705510606,0.14561748443043906,0.11195532617247883,0.7891156462585034,0.7919008430349257,0.8018867924528302,0.7819148936170213,0.42857142857142855,0.43280716671697084,0.8764050582095543,0.145617484430439,0.8764552388598956,0.1454291492700576,0.0,5.551115123125783e-17
single_head,cleveland,hungary,5,conservative_candidate,294,0.36054421768707484,0.8765054195102369,0.8359193163905139,0.1452330021562803,0.10859511797411407,0.7891156462585034,0.7919008430349257,0.8018867924528302,0.7819148936170213,0.42857142857142855,0.4334035903044349,0.8765054195102369,0.1452330021562803,0.8764552388598956,0.1454291492700576,0.0,0.0
single_head,cleveland,hungary,6,pseudo_label_sfda,294,0.36054421768707484,0.8781613809714973,0.8422106550928229,0.1354610144127828,0.08250908894610091,0.8197278911564626,0.8096647932557206,0.7735849056603774,0.8457446808510638,0.37755102040816324,0.39488550324822924,0.8781613809714973,0.1354610144127828,0.878311922922521,0.1373570710420608,0.0,0.0
single_head,cleveland,hungary,6,entropy_sfda,294,0.36054421768707484,0.8778101164191088,0.8411301837077823,0.1345116055020137,0.07704569912217812,0.8231292517006803,0.8061521477318345,0.7452830188679245,0.8670212765957447,0.35374149659863946,0.38310768494864,0.8778101164191088,0.1345116055020136,0.878311922922521,0.1373570710420608,0.0,8.326672684688674e-17
single_head,cleveland,hungary,6,reliability_gated_sfda,294,0.36054421768707484,0.8784122842232036,0.8434248656224934,0.13733041231835533,0.08367060765079191,0.7993197278911565,0.7978221597751907,0.7924528301886793,0.8031914893617021,0.41156462585034015,0.41807612993114557,0.8784122842232036,0.1373304123183553,0.878311922922521,0.1373570710420608,0.0,2.7755575615628914e-17
single_head,cleveland,hungary,6,conservative_candidate,294,0.36054421768707484,0.8785628261742272,0.8435226280370154,0.1369611244171574,0.0818101081262235,0.7993197278911565,0.7978221597751907,0.7924528301886793,0.8031914893617021,0.41156462585034015,0.41796497932198096,0.8785628261742272,0.1369611244171574,0.878311922922521,0.1373570710420608,0.0,0.0
single_head,cleveland,hungary,7,pseudo_label_sfda,294,0.36054421768707484,0.8756523484544361,0.834604919084434,0.13597940678132306,0.08547815023826398,0.8197278911564626,0.8055499799277399,0.7547169811320755,0.8563829787234043,0.36394557823129253,0.38054736949769513,0.8756523484544361,0.135979406781323,0.8763548775592132,0.1371431797742843,0.0,5.551115123125783e-17
single_head,cleveland,hungary,7,entropy_sfda,294,0.36054421768707484,0.8748996386993175,0.8325103312742987,0.13496320353749278,0.07327656270967811,0.8163265306122449,0.7967181854676837,0.7264150943396226,0.8670212765957447,0.3469387755102041,0.36547988840239437,0.8748996386993175,0.1349632035374927,0.8763548775592132,0.1371431797742843,0.0,8.326672684688674e-17
single_head,cleveland,hungary,7,reliability_gated_sfda,294,0.36054421768707484,0.8760537936571656,0.8356391765111439,0.137523551723943,0.0804622342230334,0.7925170068027211,0.7883881975110398,0.7735849056603774,0.8031914893617021,0.40476190476190477,0.4076233584620692,0.8760537936571656,0.137523551723943,0.8763548775592132,0.1371431797742843,0.0,0.0
single_head,cleveland,hungary,7,conservative_candidate,294,0.36054421768707484,0.8763548775592133,0.8363066924351144,0.1370271797982445,0.07848160146089386,0.7891156462585034,0.7857286230429547,0.7735849056603774,0.7978723404255319,0.40816326530612246,0.40710316948294895,0.8763548775592133,0.1370271797982445,0.8763548775592132,0.1371431797742843,0.0,0.0
single_head,cleveland,hungary,8,pseudo_label_sfda,294,0.36054421768707484,0.8716378964271377,0.8303557663190694,0.14599186159833155,0.09806482979733194,0.8061224489795918,0.7949116820553994,0.7547169811320755,0.8351063829787234,0.37755102040816324,0.3985372582128981,0.8716378964271377,0.1459918615983315,0.8716378964271377,0.1457849144935608,0.0,5.551115123125783e-17
single_head,cleveland,hungary,8,entropy_sfda,294,0.36054421768707484,0.8705841027699719,0.8275822868718069,0.14410975611979374,0.09788919568733398,0.8163265306122449,0.8028904054596548,0.7547169811320755,0.851063829787234,0.3673469387755102,0.384817810903373,0.8705841027699719,0.1441097561197937,0.8716378964271377,0.1457849144935608,0.0,2.7755575615628914e-17
single_head,cleveland,hungary,8,reliability_gated_sfda,294,0.36054421768707484,0.871688077077479,0.8304360003893478,0.14601507947752362,0.08578846874000622,0.7993197278911565,0.79370734644721,0.7735849056603774,0.8138297872340425,0.3979591836734694,0.42417569912900377,0.871688077077479,0.1460150794775236,0.8716378964271377,0.1457849144935608,0.0,2.7755575615628914e-17
single_head,cleveland,hungary,8,conservative_candidate,294,0.36054421768707484,0.871487354476114,0.8303227000794694,0.14557475807937104,0.08909769040741483,0.7993197278911565,0.79370734644721,0.7735849056603774,0.8138297872340425,0.3979591836734694,0.4243323165467199,0.871487354476114,0.145574758079371,0.8716378964271377,0.1457849144935608,0.0,2.7755575615628914e-17
single_head,cleveland,hungary,9,pseudo_label_sfda,294,0.36054421768707484,0.8816238458450423,0.8394509474887664,0.13460638986543408,0.08627396763847242,0.8163265306122449,0.8028904054596548,0.7547169811320755,0.851063829787234,0.3673469387755102,0.38034526017798603,0.8816238458450423,0.1346063898654341,0.8824267362505019,0.1346869766712188,0.0,2.7755575615628914e-17
single_head,cleveland,hungary,9,entropy_sfda,294,0.36054421768707484,0.8812224006423123,0.8375156740827925,0.13258828244653362,0.08151450797719058,0.8231292517006803,0.8020373344038538,0.7264150943396226,0.8776595744680851,0.3401360544217687,0.36062287185562864,0.8812224006423123,0.1325882824465336,0.8824267362505019,0.1346869766712188,0.0,2.7755575615628914e-17
single_head,cleveland,hungary,9,reliability_gated_sfda,294,0.36054421768707484,0.8824267362505018,0.8406912721464364,0.13480362282285424,0.08606299019234927,0.8061224489795918,0.8010839020473706,0.7830188679245284,0.8191489361702128,0.3979591836734694,0.40858328173912706,0.8824267362505018,0.1348036228228542,0.8824267362505019,0.1346869766712188,0.0,2.7755575615628914e-17
single_head,cleveland,hungary,9,conservative_candidate,294,0.36054421768707484,0.8825270975511842,0.8409584538345772,0.13418337961115256,0.08763046533528235,0.8061224489795918,0.8010839020473706,0.7830188679245284,0.8191489361702128,0.3979591836734694,0.4076150059573302,0.8825270975511842,0.1341833796111525,0.8824267362505019,0.1346869766712188,0.0,5.551115123125783e-17
single_head,cleveland,switzerland,0,pseudo_label_sfda,123,0.9349593495934959,0.7749999999999999,0.9811529061024953,0.1414908778405227,0.19467920726695198,0.7804878048780488,0.65,0.8,0.5,0.7804878048780488,0.7402801423265439,0.7749999999999999,0.1414908778405227,0.775,0.148680105805397,0.0,0.0
single_head,cleveland,switzerland,0,entropy_sfda,123,0.9349593495934959,0.7728260869565218,0.9809407797746577,0.13797011305580187,0.18824419099080367,0.7886178861788617,0.6543478260869565,0.808695652173913,0.5,0.7886178861788617,0.7467151586026922,0.7728260869565218,0.1379701130558018,0.775,0.148680105805397,0.0,5.551115123125783e-17
single_head,cleveland,switzerland,0,reliability_gated_sfda,123,0.9349593495934959,0.7760869565217392,0.9812928668869991,0.1518395264802541,0.22013691172185468,0.7723577235772358,0.6456521739130434,0.7913043478260869,0.5,0.7723577235772358,0.7148224378716412,0.7760869565217392,0.1518395264802541,0.775,0.148680105805397,0.0,0.0
single_head,cleveland,switzerland,0,conservative_candidate,123,0.9349593495934959,0.775,0.9810598495877092,0.14732153746040244,0.21555183985368992,0.7723577235772358,0.6456521739130434,0.7913043478260869,0.5,0.7723577235772358,0.719407509739806,0.775,0.1473215374604024,0.775,0.148680105805397,0.0,2.7755575615628914e-17
single_head,cleveland,switzerland,1,pseudo_label_sfda,123,0.9349593495934959,0.7315217391304347,0.9731457220683479,0.1398264006802796,0.21626103793581325,0.7886178861788617,0.6543478260869565,0.808695652173913,0.5,0.7886178861788617,0.7186983116576827,0.7315217391304347,0.1398264006802796,0.7326086956521739,0.1487627923488617,0.0,0.0
single_head,cleveland,switzerland,1,entropy_sfda,123,0.9349593495934959,0.7293478260869566,0.9729849422730357,0.13544138621980753,0.20353684074631548,0.7967479674796748,0.6005434782608696,0.8260869565217391,0.375,0.8130081300813008,0.7314225088471804,0.7293478260869566,0.1354413862198075,0.7326086956521739,0.1487627923488617,0.0,2.7755575615628914e-17
single_head,cleveland,switzerland,1,reliability_gated_sfda,123,0.9349593495934959,0.7293478260869566,0.9732394068010712,0.1510695864954462,0.2379983351452322,0.7723577235772358,0.6456521739130434,0.7913043478260869,0.5,0.7723577235772358,0.6969610144482637,0.7293478260869566,0.1510695864954462,0.7326086956521739,0.1487627923488617,0.0,0.0
single_head,cleveland,switzerland,1,conservative_candidate,123,0.9349593495934959,0.7293478260869566,0.9729395520487925,0.14761625803743442,0.23545070518020203,0.7804878048780488,0.65,0.8,0.5,0.7804878048780488,0.6995086444132939,0.7293478260869566,0.1476162580374344,0.7326086956521739,0.1487627923488617,0.0,2.7755575615628914e-17
single_head,cleveland,switzerland,2,pseudo_label_sfda,123,0.9349593495934959,0.7445652173913043,0.9762538801923899,0.151510770471144,0.21385682491600752,0.7723577235772358,0.6456521739130434,0.7913043478260869,0.5,0.7723577235772358,0.7211025246774884,0.7445652173913043,0.151510770471144,0.7478260869565218,0.1554579734802246,0.0,0.0
single_head,cleveland,switzerland,2,entropy_sfda,123,0.9349593495934959,0.7510869565217391,0.9776712697241452,0.14483272976509798,0.20174958778742125,0.7886178861788617,0.6543478260869565,0.808695652173913,0.5,0.7886178861788617,0.7332097618060747,0.7510869565217391,0.1448327297650979,0.7478260869565218,0.1554579734802246,0.0,8.326672684688674e-17
single_head,cleveland,switzerland,2,reliability_gated_sfda,123,0.9349593495934959,0.75,0.977463478345049,0.15879134640979725,0.2327114490913303,0.7642276422764228,0.6413043478260869,0.782608695652174,0.5,0.7642276422764228,0.7022479005021657,0.75,0.1587913464097972,0.7478260869565218,0.1554579734802246,0.0,5.551115123125783e-17
single_head,cleveland,switzerland,2,conservative_candidate,123,0.9349593495934959,0.7478260869565218,0.9770384769176663,0.15344638497959337,0.2273588397547723,0.7723577235772358,0.6456521739130434,0.7913043478260869,0.5,0.7723577235772358,0.7076005098387236,0.7478260869565218,0.1534463849795933,0.7478260869565218,0.1554579734802246,0.0,8.326672684688674e-17
single_head,cleveland,switzerland,3,pseudo_label_sfda,123,0.9349593495934959,0.7608695652173912,0.9802090542288016,0.1452732507842151,0.20949769286605396,0.7886178861788617,0.6543478260869565,0.808695652173913,0.5,0.7886178861788617,0.7254616567274419,0.7608695652173912,0.1452732507842151,0.7608695652173912,0.151651844382286,0.0,0.0
single_head,cleveland,switzerland,3,entropy_sfda,123,0.9349593495934959,0.7630434782608696,0.9804032626936867,0.14537292015819725,0.20674832536255924,0.7967479674796748,0.6586956521739131,0.8173913043478261,0.5,0.7967479674796748,0.7282110242309366,0.7630434782608696,0.1453729201581972,0.7608695652173912,0.151651844382286,0.0,5.551115123125783e-17
single_head,cleveland,switzerland,3,reliability_gated_sfda,123,0.9349593495934959,0.7608695652173912,0.9802214693525183,0.1546204463546645,0.23018021769518773,0.7723577235772358,0.6456521739130434,0.7913043478260869,0.5,0.7723577235772358,0.7047791318983082,0.7608695652173912,0.1546204463546645,0.7608695652173912,0.151651844382286,0.0,0.0
single_head,cleveland,switzerland,3,conservative_candidate,123,0.9349593495934959,0.7608695652173912,0.9802214693525183,0.1496882512063817,0.22586448225609174,0.7804878048780488,0.65,0.8,0.5,0.7804878048780488,0.7090948673374042,0.7608695652173912,0.1496882512063817,0.7608695652173912,0.151651844382286,0.0,0.0
single_head,cleveland,switzerland,4,pseudo_label_sfda,123,0.9349593495934959,0.7706521739130435,0.9808960044422159,0.13552954600964537,0.18599251077729995,0.7642276422764228,0.5831521739130434,0.7913043478260869,0.375,0.7804878048780488,0.748966838816196,0.7706521739130435,0.1355295460096453,0.7695652173913043,0.1490232348442077,0.0,5.551115123125783e-17
single_head,cleveland,switzerland,4,entropy_sfda,123,0.9349593495934959,0.7717391304347827,0.9810817330832682,0.13658415651733113,0.1848321672740991,0.7723577235772358,0.5875,0.8,0.375,0.7886178861788617,0.7502592284141517,0.7717391304347827,0.1365841565173311,0.7695652173913043,0.1490232348442077,0.0,2.7755575615628914e-17
single_head,cleveland,switzerland,4,reliability_gated_sfda,123,0.9349593495934959,0.7684782608695653,0.9807090823395925,0.1516926598990433,0.21844839546980893,0.7560975609756098,0.5788043478260869,0.782608695652174,0.375,0.7723577235772358,0.7165109541236869,0.7684782608695653,0.1516926598990433,0.7695652173913043,0.1490232348442077,0.0,0.0
single_head,cleveland,switzerland,4,conservative_candidate,123,0.9349593495934959,0.7695652173913043,0.980780785618388,0.14680901040365382,0.21325154448064365,0.7560975609756098,0.5788043478260869,0.782608695652174,0.375,0.7723577235772358,0.7217078051128523,0.7695652173913043,0.1468090104036538,0.7695652173913043,0.1490232348442077,0.0,2.7755575615628914e-17
single_head,cleveland,switzerland,5,pseudo_label_sfda,123,0.9349593495934959,0.7673913043478261,0.9799577040184501,0.1369930697688976,0.1989487646662487,0.7886178861788617,0.5961956521739131,0.8173913043478261,0.375,0.8048780487804879,0.7360105849272474,0.7673913043478261,0.1369930697688975,0.7652173913043478,0.1430535018444061,0.0,1.1102230246251565e-16
single_head,cleveland,switzerland,5,entropy_sfda,123,0.9349593495934959,0.7673913043478261,0.9802386871832461,0.13804868800341225,0.19648498155146357,0.7804878048780488,0.5918478260869565,0.808695652173913,0.375,0.7967479674796748,0.7384743680420324,0.7673913043478261,0.1380486880034122,0.7652173913043478,0.1430535018444061,0.0,5.551115123125783e-17
single_head,cleveland,switzerland,5,reliability_gated_sfda,123,0.9349593495934959,0.7641304347826087,0.9796834779700915,0.14531021232342747,0.21731536890705672,0.7723577235772358,0.5875,0.8,0.375,0.7886178861788617,0.7176439806864392,0.7641304347826087,0.1453102123234274,0.7652173913043478,0.1430535018444061,0.0,8.326672684688674e-17
single_head,cleveland,switzerland,5,conservative_candidate,123,0.9349593495934959,0.7652173913043478,0.9797758493668107,0.14164004072321265,0.21388103271554398,0.7804878048780488,0.5918478260869565,0.808695652173913,0.375,0.7967479674796748,0.721078316877952,0.7652173913043478,0.1416400407232126,0.7652173913043478,0.1430535018444061,0.0,5.551115123125783e-17
single_head,cleveland,switzerland,6,pseudo_label_sfda,123,0.9349593495934959,0.7456521739130435,0.9772175931512325,0.15409754096693623,0.24112158869885325,0.7723577235772358,0.6456521739130434,0.7913043478260869,0.5,0.7723577235772358,0.6938377608946427,0.7456521739130435,0.1540975409669362,0.7510869565217391,0.1548255234956741,0.0,2.7755575615628914e-17
single_head,cleveland,switzerland,6,entropy_sfda,123,0.9349593495934959,0.7467391304347826,0.9775811858662802,0.15082072945295175,0.23032808985288553,0.7723577235772358,0.6456521739130434,0.7913043478260869,0.5,0.7723577235772358,0.7046312597406105,0.7467391304347826,0.1508207294529517,0.7510869565217391,0.1548255234956741,0.0,5.551115123125783e-17
single_head,cleveland,switzerland,6,reliability_gated_sfda,123,0.9349593495934959,0.7478260869565216,0.9776042450624051,0.15793692958385963,0.25001025113572434,0.7642276422764228,0.6413043478260869,0.782608695652174,0.5,0.7642276422764228,0.6849490984577716,0.7478260869565216,0.1579369295838596,0.7510869565217391,0.1548255234956741,0.0,2.7755575615628914e-17
single_head,cleveland,switzerland,6,conservative_candidate,123,0.9349593495934959,0.75,0.9778155911769968,0.15393810683615416,0.24700721354806807,0.7723577235772358,0.6456521739130434,0.7913043478260869,0.5,0.7723577235772358,0.6879521360454278,0.75,0.1539381068361541,0.7510869565217391,0.1548255234956741,0.0,5.551115123125783e-17
single_head,cleveland,switzerland,7,pseudo_label_sfda,123,0.9349593495934959,0.7271739130434782,0.9719062536295113,0.1612508917029967,0.2472467056089422,0.7804878048780488,0.65,0.8,0.5,0.7804878048780488,0.6877126439845538,0.7271739130434782,0.1612508917029967,0.7271739130434782,0.161380186676979,0.0,0.0
single_head,cleveland,switzerland,7,entropy_sfda,123,0.9349593495934959,0.7293478260869565,0.9729379132806566,0.1567377600969336,0.2352333907265125,0.7804878048780488,0.65,0.8,0.5,0.7804878048780488,0.6997259588669834,0.7293478260869565,0.1567377600969335,0.7271739130434782,0.161380186676979,0.0,1.1102230246251565e-16
single_head,cleveland,switzerland,7,reliability_gated_sfda,123,0.9349593495934959,0.7293478260869566,0.9724143190071419,0.16424268440560125,0.2576239356483387,0.7723577235772358,0.6456521739130434,0.7913043478260869,0.5,0.7723577235772358,0.6773354139451574,0.7293478260869566,0.1642426844056012,0.7271739130434782,0.161380186676979,0.0,5.551115123125783e-17
single_head,cleveland,switzerland,7,conservative_candidate,123,0.9349593495934959,0.7271739130434782,0.9716049834151977,0.1594744302780626,0.2538436919344756,0.7723577235772358,0.6456521739130434,0.7913043478260869,0.5,0.7723577235772358,0.6811156576590204,0.7271739130434782,0.1594744302780626,0.7271739130434782,0.161380186676979,0.0,0.0
single_head,cleveland,switzerland,8,pseudo_label_sfda,123,0.9349593495934959,0.7706521739130434,0.9812550081243416,0.14054473226570116,0.19710995457551583,0.7967479674796748,0.6005434782608696,0.8260869565217391,0.375,0.8130081300813008,0.7378493950179801,0.7706521739130434,0.1405447322657011,0.7717391304347826,0.1489996612071991,0.0,5.551115123125783e-17
single_head,cleveland,switzerland,8,entropy_sfda,123,0.9349593495934959,0.7695652173913043,0.9812176832237369,0.14165471543908062,0.19581314570808073,0.7967479674796748,0.6005434782608696,0.8260869565217391,0.375,0.8130081300813008,0.7391462038854152,0.7695652173913043,0.1416547154390806,0.7717391304347826,0.1489996612071991,0.0,2.7755575615628914e-17
single_head,cleveland,switzerland,8,reliability_gated_sfda,123,0.9349593495934959,0.7717391304347827,0.9813693833691517,0.15166348003570274,0.22167980711059115,0.7723577235772358,0.6456521739130434,0.7913043478260869,0.5,0.7723577235772358,0.7132795424829048,0.7717391304347827,0.1516634800357027,0.7717391304347826,0.1489996612071991,0.0,2.7755575615628914e-17
single_head,cleveland,switzerland,8,conservative_candidate,123,0.9349593495934959,0.7728260869565218,0.9814475114210287,0.14688580560315576,0.21723825298249722,0.7642276422764228,0.5831521739130434,0.7913043478260869,0.375,0.7804878048780488,0.7177210966109987,0.7728260869565218,0.1468858056031557,0.7717391304347826,0.1489996612071991,0.0,5.551115123125783e-17
single_head,cleveland,switzerland,9,pseudo_label_sfda,123,0.9349593495934959,0.7402173913043478,0.9763602084247894,0.15327117033532794,0.22771400207184195,0.7642276422764228,0.6413043478260869,0.782608695652174,0.5,0.7642276422764228,0.707245347521654,0.7402173913043478,0.1532711703353279,0.7402173913043478,0.1590981781482696,0.0,5.551115123125783e-17
single_head,cleveland,switzerland,9,entropy_sfda,123,0.9349593495934959,0.7391304347826086,0.9763774998740806,0.14410329202717242,0.20994046334995,0.8048780487804879,0.6630434782608696,0.8260869565217391,0.5,0.8048780487804879,0.7250188862435459,0.7391304347826086,0.1441032920271724,0.7402173913043478,0.1590981781482696,0.0,2.7755575615628914e-17
single_head,cleveland,switzerland,9,reliability_gated_sfda,123,0.9349593495934959,0.7402173913043478,0.9763199214433399,0.16215661934644918,0.24619936060190686,0.7398373983739838,0.6864130434782609,0.7478260869565218,0.625,0.7235772357723578,0.6887599889915891,0.7402173913043478,0.1621566193464491,0.7402173913043478,0.1590981781482696,0.0,8.326672684688674e-17
single_head,cleveland,switzerland,9,conservative_candidate,123,0.9349593495934959,0.7391304347826086,0.9761025301389921,0.15622709616922048,0.2401788949784709,0.7479674796747967,0.6326086956521739,0.7652173913043478,0.5,0.7479674796747967,0.694780454615025,0.7391304347826086,0.1562270961692204,0.7402173913043478,0.1590981781482696,0.0,8.326672684688674e-17
single_head,cleveland,va_long_beach,0,pseudo_label_sfda,200,0.745,0.7210817212791157,0.8769736806459807,0.1799926972998992,0.10309818208217623,0.755,0.6550203974207133,0.8590604026845637,0.45098039215686275,0.78,0.7548290088772773,0.7210817212791157,0.1799926972998992,0.7223976839057771,0.1791593879461288,0.0,0.0
single_head,cleveland,va_long_beach,0,entropy_sfda,200,0.745,0.7184497960257928,0.8754196200646642,0.18117351748987898,0.1181331703066826,0.755,0.6550203974207133,0.8590604026845637,0.45098039215686275,0.78,0.7596274993568659,0.7184497960257928,0.1811735174898789,0.7223976839057771,0.1791593879461288,0.0,8.326672684688674e-17
single_head,cleveland,va_long_beach,0,reliability_gated_sfda,200,0.745,0.7229240689564417,0.8777939668265398,0.1802836444908613,0.09801454640924935,0.75,0.6516646927227266,0.8523489932885906,0.45098039215686275,0.775,0.7204068019241094,0.7229240689564417,0.1802836444908613,0.7223976839057771,0.1791593879461288,0.0,0.0
single_head,cleveland,va_long_beach,0,conservative_candidate,200,0.745,0.722266087643111,0.8775076174005368,0.17875573767128267,0.09527709916234019,0.75,0.6516646927227266,0.8523489932885906,0.45098039215686275,0.775,0.7253678196668625,0.722266087643111,0.1787557376712826,0.7223976839057771,0.1791593879461288,0.0,5.551115123125783e-17
single_head,cleveland,va_long_beach,1,pseudo_label_sfda,200,0.745,0.727003553099092,0.8861136408974091,0.17663724045788654,0.0813704040646553,0.76,0.6583761021186998,0.8657718120805369,0.45098039215686275,0.785,0.7391963054984808,0.727003553099092,0.1766372404578865,0.7298986708777471,0.1756466329097747,0.0,2.7755575615628914e-17
single_head,cleveland,va_long_beach,1,entropy_sfda,200,0.745,0.7291090933017503,0.8872080850225198,0.1773326014253746,0.10079831007868048,0.76,0.6583761021186998,0.8657718120805369,0.45098039215686275,0.785,0.7489695100858808,0.7291090933017503,0.1773326014253746,0.7298986708777471,0.1756466329097747,0.0,0.0
single_head,cleveland,va_long_beach,1,reliability_gated_sfda,200,0.745,0.7310830372417424,0.887323182618124,0.1766679375014211,0.07538232680410148,0.75,0.6516646927227266,0.8523489932885906,0.45098039215686275,0.775,0.7089420538768172,0.7310830372417424,0.1766679375014211,0.7298986708777471,0.1756466329097747,0.0,0.0
single_head,cleveland,va_long_beach,1,conservative_candidate,200,0.745,0.7288459007764181,0.8865384485272351,0.17558216318831568,0.06918350413441657,0.75,0.6516646927227266,0.8523489932885906,0.45098039215686275,0.775,0.7116802073270082,0.7288459007764181,0.1755821631883156,0.7298986708777471,0.1756466329097747,0.0,8.326672684688674e-17
single_head,cleveland,va_long_beach,2,pseudo_label_sfda,200,0.745,0.7141071193578102,0.878775494841804,0.17972614644344864,0.1351800241321325,0.76,0.6583761021186998,0.8657718120805369,0.45098039215686275,0.785,0.757001425549388,0.7141071193578102,0.1797261464434486,0.7131859455191472,0.1795616149902343,0.0,5.551115123125783e-17
single_head,cleveland,va_long_beach,2,entropy_sfda,200,0.745,0.7134491380444795,0.8785363008707117,0.17998018782628122,0.12198050674051047,0.76,0.6583761021186998,0.8657718120805369,0.45098039215686275,0.785,0.7593885390087962,0.7134491380444795,0.1799801878262812,0.7131859455191472,0.1795616149902343,0.0,2.7755575615628914e-17
single_head,cleveland,va_long_beach,2,reliability_gated_sfda,200,0.745,0.713843926832478,0.879923403332293,0.1806390831880272,0.09268192403018476,0.755,0.6550203974207133,0.8590604026845637,0.45098039215686275,0.78,0.7223833969980479,0.713843926832478,0.1806390831880271,0.7131859455191472,0.1795616149902343,0.0,1.1102230246251565e-16
single_head,cleveland,va_long_beach,2,conservative_candidate,200,0.745,0.7133175417818133,0.8796915089838379,0.17898260846007447,0.1113251892104745,0.76,0.6583761021186998,0.8657718120805369,0.45098039215686275,0.785,0.7277857560291886,0.7133175417818133,0.1789826084600744,0.7131859455191472,0.1795616149902343,0.0,5.551115123125783e-17
single_head,cleveland,va_long_beach,3,pseudo_label_sfda,200,0.745,0.7277931306750889,0.8819505353716692,0.17910485269367135,0.10390580669045449,0.755,0.6550203974207133,0.8590604026845637,0.45098039215686275,0.78,0.7452701114863157,0.7277931306750889,0.1791048526936713,0.7245032241084354,0.1787456572055816,0.0,5.551115123125783e-17
single_head,cleveland,va_long_beach,3,entropy_sfda,200,0.745,0.7302934596657454,0.8832136867708675,0.1805596995283634,0.1255604247190058,0.755,0.6550203974207133,0.8590604026845637,0.45098039215686275,0.78,0.7431673278473317,0.7302934596657454,0.1805596995283634,0.7245032241084354,0.1787456572055816,0.0,0.0
single_head,cleveland,va_long_beach,3,reliability_gated_sfda,200,0.745,0.725161205421766,0.8816130635168686,0.17961928244369615,0.09258937310427427,0.75,0.6516646927227266,0.8523489932885906,0.45098039215686275,0.775,0.7149376337602734,0.725161205421766,0.1796192824436961,0.7245032241084354,0.1787456572055816,0.0,5.551115123125783e-17
single_head,cleveland,va_long_beach,3,conservative_candidate,200,0.745,0.7264771680484275,0.882197224578194,0.17809821680343663,0.09523761324584484,0.755,0.6550203974207133,0.8590604026845637,0.45098039215686275,0.78,0.7191426654905081,0.7264771680484275,0.1780982168034366,0.7245032241084354,0.1787456572055816,0.0,2.7755575615628914e-17
single_head,cleveland,va_long_beach,4,pseudo_label_sfda,200,0.745,0.7273983418870905,0.8812175932033602,0.17982665963318836,0.1155680326372385,0.75,0.6516646927227266,0.8523489932885906,0.45098039215686275,0.775,0.7493653339892625,0.7273983418870905,0.1798266596331883,0.7266087643110937,0.180572047829628,0.0,5.551115123125783e-17
single_head,cleveland,va_long_beach,4,entropy_sfda,200,0.745,0.7254243979470983,0.8806390109020694,0.18147699002227896,0.11401672221720219,0.75,0.6516646927227266,0.8523489932885906,0.45098039215686275,0.775,0.7504379042237997,0.7254243979470983,0.1814769900222789,0.7266087643110937,0.180572047829628,0.0,5.551115123125783e-17
single_head,cleveland,va_long_beach,4,reliability_gated_sfda,200,0.745,0.7266087643110937,0.8813814873851135,0.1816475495357835,0.10818952124565841,0.75,0.6516646927227266,0.8523489932885906,0.45098039215686275,0.775,0.7111416358873248,0.7266087643110937,0.1816475495357835,0.7266087643110937,0.180572047829628,0.0,0.0
single_head,cleveland,va_long_beach,4,conservative_candidate,200,0.745,0.725950782997763,0.8811260540520738,0.17992703731539023,0.09777466386556626,0.75,0.6516646927227266,0.8523489932885906,0.45098039215686275,0.775,0.716548426002264,0.725950782997763,0.1799270373153902,0.7266087643110937,0.180572047829628,0.0,2.7755575615628914e-17
single_head,cleveland,va_long_beach,5,pseudo_label_sfda,200,0.745,0.7171338333991315,0.8772080288421467,0.18153583616448682,0.10047814175486568,0.755,0.6550203974207133,0.8590604026845637,0.45098039215686275,0.78,0.7386645920574665,0.7171338333991315,0.1815358361644868,0.7143703118831426,0.1808537691831588,0.0,2.7755575615628914e-17
single_head,cleveland,va_long_beach,5,entropy_sfda,200,0.745,0.7177918147124622,0.8779705351713025,0.18184267054873615,0.10096256595104935,0.755,0.6550203974207133,0.8590604026845637,0.45098039215686275,0.78,0.7390070946887135,0.7177918147124622,0.1818426705487361,0.7143703118831426,0.1808537691831588,0.0,5.551115123125783e-17
single_head,cleveland,va_long_beach,5,reliability_gated_sfda,200,0.745,0.7143703118831425,0.8758518619097485,0.18161800319618654,0.09521408323198556,0.755,0.6550203974207133,0.8590604026845637,0.45098039215686275,0.78,0.7127370336279273,0.7143703118831425,0.1816180031961865,0.7143703118831426,0.1808537691831588,0.0,2.7755575615628914e-17
single_head,cleveland,va_long_beach,5,conservative_candidate,200,0.745,0.7137123305698119,0.8756373481077131,0.18014601987122647,0.08921684358268978,0.755,0.6550203974207133,0.8590604026845637,0.45098039215686275,0.78,0.7169350874051452,0.7137123305698119,0.1801460198712264,0.7143703118831426,0.1808537691831588,0.0,8.326672684688674e-17
single_head,cleveland,va_long_beach,6,pseudo_label_sfda,200,0.745,0.7304250559284117,0.8852971062084867,0.18059643713774703,0.0935432073660195,0.755,0.6550203974207133,0.8590604026845637,0.45098039215686275,0.78,0.7058884414844215,0.7304250559284117,0.180596437137747,0.7298986708777472,0.1800988614559173,0.0,2.7755575615628914e-17
single_head,cleveland,va_long_beach,6,entropy_sfda,200,0.745,0.7322674036057376,0.8853014126571165,0.181493381901122,0.09173463210463523,0.755,0.6550203974207133,0.8590604026845637,0.45098039215686275,0.78,0.710884323567152,0.7322674036057376,0.1814933819011219,0.7298986708777472,0.1800988614559173,0.0,8.326672684688674e-17
single_head,cleveland,va_long_beach,6,reliability_gated_sfda,200,0.745,0.7300302671404131,0.8856635234553851,0.1811708924872507,0.0837552322819829,0.755,0.6550203974207133,0.8590604026845637,0.45098039215686275,0.78,0.6873877794668078,0.7300302671404131,0.1811708924872506,0.7298986708777472,0.1800988614559173,0.0,1.1102230246251565e-16
single_head,cleveland,va_long_beach,6,conservative_candidate,200,0.745,0.729898670877747,0.8855375389871358,0.17970121822735663,0.07627340547740463,0.755,0.6550203974207133,0.8590604026845637,0.45098039215686275,0.78,0.6909838805347681,0.729898670877747,0.1797012182273566,0.7298986708777472,0.1800988614559173,0.0,2.7755575615628914e-17
single_head,cleveland,va_long_beach,7,pseudo_label_sfda,200,0.745,0.7267403605737597,0.8850490819089869,0.1855503244922011,0.09109608225524428,0.75,0.6516646927227266,0.8523489932885906,0.45098039215686275,0.775,0.6978614220768213,0.7267403605737597,0.185550324492201,0.7247664166337676,0.1846555769443512,0.0,1.1102230246251565e-16
single_head,cleveland,va_long_beach,7,entropy_sfda,200,0.745,0.7264771680484273,0.8848846939649748,0.18527692477524077,0.09523615481331944,0.755,0.6550203974207133,0.8590604026845637,0.45098039215686275,0.78,0.7103632306866348,0.7264771680484273,0.1852769247752407,0.7247664166337676,0.1846555769443512,0.0,8.326672684688674e-17
single_head,cleveland,va_long_beach,7,reliability_gated_sfda,200,0.745,0.7245032241084354,0.8843065099854175,0.1856203175879062,0.0913133116811514,0.75,0.6516646927227266,0.8523489932885906,0.45098039215686275,0.775,0.6810326907783747,0.7245032241084354,0.1856203175879061,0.7247664166337676,0.1846555769443512,0.0,1.1102230246251565e-16
single_head,cleveland,va_long_beach,7,conservative_candidate,200,0.745,0.7243716278457691,0.8842168799716356,0.18415209394810497,0.09350446026772262,0.75,0.6516646927227266,0.8523489932885906,0.45098039215686275,0.775,0.6847312952950597,0.7243716278457691,0.1841520939481049,0.7247664166337676,0.1846555769443512,0.0,8.326672684688674e-17
single_head,cleveland,va_long_beach,8,pseudo_label_sfda,200,0.745,0.7234504540071061,0.8793166330116331,0.18184137694575778,0.12081096932291986,0.76,0.6583761021186998,0.8657718120805369,0.45098039215686275,0.785,0.7396654261648655,0.7234504540071061,0.1818413769457577,0.7191077773391236,0.180021196603775,0.0,8.326672684688674e-17
single_head,cleveland,va_long_beach,8,entropy_sfda,200,0.745,0.7231872614817739,0.8795308648484415,0.18305982230446566,0.11987275352701546,0.755,0.6550203974207133,0.8590604026845637,0.45098039215686275,0.78,0.7399435449577868,0.7231872614817739,0.1830598223044656,0.7191077773391236,0.180021196603775,0.0,5.551115123125783e-17
single_head,cleveland,va_long_beach,8,reliability_gated_sfda,200,0.745,0.7197657586524542,0.8773617290400191,0.18098011374728804,0.10278400657698514,0.745,0.6483089880247401,0.8456375838926175,0.45098039215686275,0.77,0.7116945707984269,0.7197657586524542,0.180980113747288,0.7191077773391236,0.180021196603775,0.0,2.7755575615628914e-17
single_head,cleveland,va_long_beach,8,conservative_candidate,200,0.745,0.720423739965785,0.8778880931272692,0.1793104092735131,0.10797733997926122,0.755,0.6550203974207133,0.8590604026845637,0.45098039215686275,0.78,0.7170296221412719,0.720423739965785,0.1793104092735131,0.7191077773391236,0.180021196603775,0.0,0.0
single_head,cleveland,va_long_beach,9,pseudo_label_sfda,200,0.745,0.7335833662323991,0.8872302691292886,0.18010063271275428,0.0981736907362938,0.75,0.6516646927227266,0.8523489932885906,0.45098039215686275,0.775,0.732271149456501,0.7335833662323991,0.1801006327127542,0.7341097512830637,0.1802748292684555,0.0,8.326672684688674e-17
single_head,cleveland,va_long_beach,9,entropy_sfda,200,0.745,0.7360836952230557,0.8874873687810295,0.18074091589096933,0.11262858116999272,0.755,0.6550203974207133,0.8590604026845637,0.45098039215686275,0.78,0.7361496165953576,0.7360836952230557,0.1807409158909693,0.7341097512830637,0.1802748292684555,0.0,2.7755575615628914e-17
single_head,cleveland,va_long_beach,9,reliability_gated_sfda,200,0.745,0.7343729438083958,0.8872112928678457,0.18142998599255175,0.08192180728539823,0.75,0.6516646927227266,0.8523489932885906,0.45098039215686275,0.775,0.697293921019882,0.7343729438083958,0.1814299859925517,0.7341097512830637,0.1802748292684555,0.0,5.551115123125783e-17
single_head,cleveland,va_long_beach,9,conservative_candidate,200,0.745,0.733583366232399,0.8869925772717467,0.17969506070559219,0.09222700245678425,0.75,0.6516646927227266,0.8523489932885906,0.45098039215686275,0.775,0.7032817377150059,0.733583366232399,0.1796950607055921,0.7341097512830637,0.1802748292684555,0.0,8.326672684688674e-17
single_head,hungary,cleveland,0,pseudo_label_sfda,303,0.45874587458745875,0.8622126688892788,0.847668155663841,0.1578469933234426,0.10778499978960251,0.7887788778877888,0.7791059835058782,0.6618705035971223,0.8963414634146342,0.35973597359735976,0.39689731468498807,0.8622126688892788,0.1578469933234426,0.8605457097736445,0.1554583311080932,0.0,0.0
single_head,hungary,cleveland,0,entropy_sfda,303,0.45874587458745875,0.8618178627829444,0.8479634475672247,0.16327315771456244,0.11071907545412238,0.768976897689769,0.7575232496929286,0.6187050359712231,0.8963414634146342,0.33993399339933994,0.3757769678298249,0.8618178627829444,0.1632731577145624,0.8605457097736445,0.1554583311080932,0.0,2.7755575615628914e-17
single_head,hungary,cleveland,0,reliability_gated_sfda,303,0.45874587458745875,0.8604579750833481,0.8447009886745013,0.15520176704792224,0.0863041238730202,0.7788778877887789,0.7688629584137567,0.6474820143884892,0.8902439024390244,0.3564356435643564,0.4080442180027171,0.8604579750833481,0.1552017670479222,0.8605457097736445,0.1554583311080932,0.0,2.7755575615628914e-17
single_head,hungary,cleveland,0,conservative_candidate,303,0.45874587458745875,0.8603263730479033,0.8448151173797566,0.15567303970921306,0.08477064461843806,0.7788778877887789,0.7688629584137567,0.6474820143884892,0.8902439024390244,0.3564356435643564,0.4057753733651276,0.8603263730479033,0.155673039709213,0.8605457097736445,0.1554583311080932,0.0,5.551115123125783e-17
single_head,hungary,cleveland,1,pseudo_label_sfda,303,0.45874587458745875,0.8658536585365852,0.8514346251179978,0.15347308296444284,0.09325137679087053,0.7887788778877888,0.7807510089489385,0.6834532374100719,0.8780487804878049,0.3795379537953795,0.40174404530487834,0.8658536585365852,0.1534730829644428,0.865327250394806,0.1492588371038437,0.0,5.551115123125783e-17
single_head,hungary,cleveland,1,entropy_sfda,303,0.45874587458745875,0.8647569749078786,0.8528812464406008,0.15748087908522415,0.10224186569120329,0.7821782178217822,0.7719117389015617,0.6474820143884892,0.8963414634146342,0.35313531353135313,0.38388709166692725,0.8647569749078786,0.1574808790852241,0.865327250394806,0.1492588371038437,0.0,5.551115123125783e-17
single_head,hungary,cleveland,1,reliability_gated_sfda,303,0.45874587458745875,0.865634321810844,0.8508081106850467,0.14923400325688319,0.06043048788833346,0.7887788778877888,0.7807510089489385,0.6834532374100719,0.8780487804878049,0.3795379537953795,0.41548002070498347,0.865634321810844,0.1492340032568831,0.865327250394806,0.1492588371038437,0.0,8.326672684688674e-17
single_head,hungary,cleveland,1,conservative_candidate,303,0.45874587458745875,0.8650201789787682,0.8502017604773446,0.14950971542421504,0.058849814621479625,0.7887788778877888,0.780202667134585,0.6762589928057554,0.8841463414634146,0.37293729372937295,0.41384378722914966,0.8650201789787682,0.149509715424215,0.865327250394806,0.1492588371038437,0.0,2.7755575615628914e-17
single_head,hungary,cleveland,2,pseudo_label_sfda,303,0.45874587458745875,0.8667748727846991,0.8601226040876397,0.15169052852082437,0.08256854388936619,0.7920792079207921,0.78325144762239,0.6762589928057554,0.8902439024390244,0.3696369636963696,0.4090685937707328,0.8667748727846991,0.1516905285208243,0.8648447095981752,0.1489524245262146,0.0,8.326672684688674e-17
single_head,hungary,cleveland,2,entropy_sfda,303,0.45874587458745875,0.8670819442007369,0.8615485316855149,0.15791200303897274,0.09599533929449598,0.7821782178217822,0.7713633970872082,0.6402877697841727,0.9024390243902439,0.3465346534653465,0.3772287658283567,0.8670819442007369,0.1579120030389727,0.8648447095981752,0.1489524245262146,0.0,2.7755575615628914e-17
single_head,hungary,cleveland,2,reliability_gated_sfda,303,0.45874587458745875,0.8657659238462889,0.8599293136040204,0.14866363009302908,0.05237657809168988,0.7920792079207921,0.7837997894367432,0.6834532374100719,0.8841463414634146,0.37623762376237624,0.4202668647782834,0.8657659238462889,0.148663630093029,0.8648447095981752,0.1489524245262146,0.0,8.326672684688674e-17
single_head,hungary,cleveland,2,conservative_candidate,303,0.45874587458745875,0.8651956483593614,0.8596246020108183,0.14884112947597547,0.04543854203382539,0.7887788778877888,0.780202667134585,0.6762589928057554,0.8841463414634146,0.37293729372937295,0.41901972190947223,0.8651956483593614,0.1488411294759754,0.8648447095981752,0.1489524245262146,0.0,8.326672684688674e-17
single_head,hungary,cleveland,3,pseudo_label_sfda,303,0.45874587458745875,0.8723021582733812,0.8645136877033376,0.14996433091629519,0.08133208311221292,0.7887788778877888,0.780202667134585,0.6762589928057554,0.8841463414634146,0.37293729372937295,0.3931912188464315,0.8723021582733812,0.1499643309162951,0.8703281277417091,0.1445704996585846,0.0,8.326672684688674e-17
single_head,hungary,cleveland,3,entropy_sfda,303,0.45874587458745875,0.8714686787155642,0.8647965549476047,0.15577623534549762,0.09570681588207883,0.7920792079207921,0.7816064221793297,0.6546762589928058,0.9085365853658537,0.34983498349834985,0.37102870056221243,0.8714686787155642,0.1557762353454976,0.8703281277417091,0.1445704996585846,0.0,2.7755575615628914e-17
single_head,hungary,cleveland,3,reliability_gated_sfda,303,0.45874587458745875,0.8714248113704158,0.8636057161306849,0.14451194299429995,0.048605695981593824,0.7920792079207921,0.7843481312510967,0.6906474820143885,0.8780487804878049,0.38283828382838286,0.41878307438624573,0.8714248113704158,0.1445119429942999,0.8703281277417091,0.1445704996585846,0.0,5.551115123125783e-17
single_head,hungary,cleveland,3,conservative_candidate,303,0.45874587458745875,0.8710738726092296,0.8631311481183287,0.14456429480711736,0.04878813184785471,0.7887788778877888,0.7812993507632918,0.6906474820143885,0.8719512195121951,0.38613861386138615,0.4189737458919289,0.8710738726092296,0.1445642948071173,0.8703281277417091,0.1445704996585846,0.0,5.551115123125783e-17
single_head,hungary,cleveland,4,pseudo_label_sfda,303,0.45874587458745875,0.859975434286717,0.8533971059570917,0.1569270151901772,0.08665324897250229,0.7953795379537953,0.7868485699245482,0.6834532374100719,0.8902439024390244,0.37293729372937295,0.40087165959216287,0.859975434286717,0.1569270151901772,0.8576065976487103,0.1536835581064224,0.0,0.0
single_head,hungary,cleveland,4,entropy_sfda,303,0.45874587458745875,0.8586594139322687,0.854155759280893,0.16222192344251446,0.10706127924912245,0.7821782178217822,0.7713633970872082,0.6402877697841727,0.9024390243902439,0.3465346534653465,0.37610640250785715,0.8586594139322687,0.1622219234425144,0.8576065976487103,0.1536835581064224,0.0,5.551115123125783e-17
single_head,hungary,cleveland,4,reliability_gated_sfda,303,0.45874587458745875,0.8581330057904896,0.85146797268393,0.1534639164485511,0.06961026135524709,0.7887788778877888,0.7807510089489385,0.6834532374100719,0.8780487804878049,0.3795379537953795,0.4143493454165683,0.8581330057904896,0.1534639164485511,0.8576065976487103,0.1536835581064224,0.0,0.0
single_head,hungary,cleveland,4,conservative_candidate,303,0.45874587458745875,0.8578698017195998,0.8512889232574897,0.153761647760692,0.06825287337030712,0.7887788778877888,0.7807510089489385,0.6834532374100719,0.8780487804878049,0.3795379537953795,0.4130429550083262,0.8578698017195998,0.153761647760692,0.8576065976487103,0.1536835581064224,0.0,0.0
single_head,hungary,cleveland,5,pseudo_label_sfda,303,0.45874587458745875,0.854492016143183,0.8462494897226559,0.166330512372801,0.10440765645834484,0.7788778877887789,0.7683146165994035,0.6402877697841727,0.8963414634146342,0.34983498349834985,0.372706344664687,0.854492016143183,0.166330512372801,0.8526934549921038,0.1603638231754303,0.0,0.0
single_head,hungary,cleveland,5,entropy_sfda,303,0.45874587458745875,0.85304439375329,0.8450789663373625,0.1716089285625822,0.1274124969214988,0.7656765676567657,0.753377785576417,0.60431654676259,0.9024390243902439,0.33003300330033003,0.3526806859822065,0.85304439375329,0.1716089285625822,0.8526934549921038,0.1603638231754303,0.0,0.0
single_head,hungary,cleveland,5,reliability_gated_sfda,303,0.45874587458745875,0.8530005264081417,0.8441357975517223,0.16013783708635476,0.08919738920362479,0.768976897689769,0.7602649587646956,0.6546762589928058,0.8658536585365854,0.37293729372937295,0.3945844476003655,0.8530005264081417,0.1601378370863547,0.8526934549921038,0.1603638231754303,0.0,5.551115123125783e-17
single_head,hungary,cleveland,5,conservative_candidate,303,0.45874587458745875,0.8528250570275486,0.8437745709920468,0.16036328645000633,0.08468527660978707,0.7755775577557755,0.7663625197403053,0.6546762589928058,0.8780487804878049,0.36633663366336633,0.3932324823287159,0.8528250570275486,0.1603632864500063,0.8526934549921038,0.1603638231754303,0.0,2.7755575615628914e-17
single_head,hungary,cleveland,6,pseudo_label_sfda,303,0.45874587458745875,0.8558957711879277,0.8423522640704593,0.1565871922981685,0.08701326360268268,0.7887788778877888,0.7840410598350588,0.7266187050359713,0.8414634146341463,0.41914191419141916,0.4284833350092812,0.8558957711879277,0.1565871922981685,0.8548429549043692,0.1540946066379547,0.0,0.0
single_head,hungary,cleveland,6,entropy_sfda,303,0.45874587458745875,0.855150026320407,0.8428808343545742,0.1598753692872163,0.10229771813337785,0.7755775577557755,0.7691042288120723,0.6906474820143885,0.8475609756097561,0.39933993399339934,0.39960234653644217,0.855150026320407,0.1598753692872162,0.8548429549043692,0.1540946066379547,0.0,8.326672684688674e-17
single_head,hungary,cleveland,6,reliability_gated_sfda,303,0.45874587458745875,0.8551061589752589,0.8413588061926262,0.15406466146378478,0.06583502514306275,0.7887788778877888,0.7856860852781189,0.7482014388489209,0.823170731707317,0.4389438943894389,0.44852417304792225,0.8551061589752589,0.1540646614637847,0.8548429549043692,0.1540946066379547,0.0,8.326672684688674e-17
single_head,hungary,cleveland,6,conservative_candidate,303,0.45874587458745875,0.8547990875592208,0.8408630189412373,0.15411588690797925,0.06284936257444397,0.7887788778877888,0.7856860852781189,0.7482014388489209,0.823170731707317,0.4389438943894389,0.4495844637587814,0.8547990875592208,0.1541158869079792,0.8548429549043692,0.1540946066379547,0.0,5.551115123125783e-17
single_head,hungary,cleveland,7,pseudo_label_sfda,303,0.45874587458745875,0.8614669240217583,0.8523400071773335,0.15827842395383407,0.09963185451894065,0.7755775577557755,0.7663625197403053,0.6546762589928058,0.8780487804878049,0.36633663366336633,0.3910393326285083,0.8614669240217583,0.158278423953834,0.8606773118090894,0.15168297290802,0.0,5.551115123125783e-17
single_head,hungary,cleveland,7,entropy_sfda,303,0.45874587458745875,0.8605895771187928,0.8510698045183048,0.16380893723460704,0.10475144455695018,0.7755775577557755,0.7652658361115985,0.6402877697841727,0.8902439024390244,0.35313531353135313,0.36882083677062794,0.8605895771187928,0.163808937234607,0.8606773118090894,0.15168297290802,0.0,5.551115123125783e-17
single_head,hungary,cleveland,7,reliability_gated_sfda,303,0.45874587458745875,0.861115985260572,0.8513289193453759,0.1515409681473169,0.053067822009325055,0.7755775577557755,0.7680075451833654,0.6762589928057554,0.8597560975609756,0.38613861386138615,0.4146700328947491,0.861115985260572,0.1515409681473168,0.8606773118090894,0.15168297290802,0.0,1.1102230246251565e-16
single_head,hungary,cleveland,7,conservative_candidate,303,0.45874587458745875,0.8607650464993859,0.8507588535902421,0.15172213409082252,0.05506272111456878,0.768976897689769,0.760813300579049,0.6618705035971223,0.8597560975609756,0.3795379537953795,0.41295436610815056,0.8607650464993859,0.1517221340908225,0.8606773118090894,0.15168297290802,0.0,2.7755575615628914e-17
single_head,hungary,cleveland,8,pseudo_label_sfda,303,0.45874587458745875,0.8618617301280928,0.8500960656401518,0.1538013728006791,0.08230804462637446,0.7821782178217822,0.7735567643446218,0.6690647482014388,0.8780487804878049,0.37293729372937295,0.39834083651158675,0.8618617301280928,0.1538013728006791,0.8594928934900858,0.1506525874137878,0.0,0.0
single_head,hungary,cleveland,8,entropy_sfda,303,0.45874587458745875,0.8612037199508685,0.8503499349396119,0.16030665127496252,0.10212737510884459,0.7920792079207921,0.7810580803649763,0.6474820143884892,0.9146341463414634,0.3432343234323432,0.3703677991417424,0.8612037199508685,0.1603066512749625,0.8594928934900858,0.1506525874137878,0.0,2.7755575615628914e-17
single_head,hungary,cleveland,8,reliability_gated_sfda,303,0.45874587458745875,0.8604141077381997,0.8491263647593381,0.15035430684258902,0.04676977629856307,0.7821782178217822,0.7741051061589752,0.6762589928057554,0.8719512195121951,0.3795379537953795,0.41607745376603045,0.8604141077381997,0.150354306842589,0.8594928934900858,0.1506525874137878,0.0,2.7755575615628914e-17
single_head,hungary,cleveland,8,conservative_candidate,303,0.45874587458745875,0.8597560975609757,0.848324488091502,0.15056687520551781,0.04299303964886926,0.7821782178217822,0.7741051061589752,0.6762589928057554,0.8719512195121951,0.3795379537953795,0.4157528349385895,0.8597560975609757,0.1505668752055178,0.8594928934900858,0.1506525874137878,0.0,2.7755575615628914e-17
single_head,hungary,cleveland,9,pseudo_label_sfda,303,0.45874587458745875,0.8629584137567995,0.849225386506207,0.156081436878339,0.10712353764993228,0.7953795379537953,0.787945253553255,0.697841726618705,0.8780487804878049,0.38613861386138615,0.4085643779049956,0.8629584137567995,0.156081436878339,0.8597560975609756,0.1519347876310348,0.0,0.0
single_head,hungary,cleveland,9,entropy_sfda,303,0.45874587458745875,0.86015090366731,0.8462858287868741,0.16059035116787015,0.09578625177319101,0.7821782178217822,0.7724600807159151,0.6546762589928058,0.8902439024390244,0.35973597359735976,0.3847386705882774,0.86015090366731,0.1605903511678701,0.8597560975609756,0.1519347876310348,0.0,5.551115123125783e-17
single_head,hungary,cleveland,9,reliability_gated_sfda,303,0.45874587458745875,0.8602825057027549,0.8463287948112886,0.15193826365042692,0.07437847067199327,0.7887788778877888,0.7823960343919986,0.7050359712230215,0.8597560975609756,0.39933993399339934,0.4291529811906441,0.8602825057027549,0.1519382636504269,0.8597560975609756,0.1519347876310348,0.0,2.7755575615628914e-17
single_head,hungary,cleveland,9,conservative_candidate,303,0.45874587458745875,0.8598438322512721,0.8459730073302234,0.15201435912719455,0.07054868821214534,0.7887788778877888,0.7823960343919986,0.7050359712230215,0.8597560975609756,0.39933993399339934,0.42916435299582606,0.8598438322512721,0.1520143591271945,0.8597560975609756,0.1519347876310348,0.0,5.551115123125783e-17
single_head,hungary,switzerland,0,pseudo_label_sfda,123,0.9349593495934959,0.7467391304347827,0.9721626167795927,0.25903360536269304,0.3713614499665857,0.5853658536585366,0.6038043478260869,0.5826086956521739,0.625,0.5691056910569106,0.5635978996269102,0.7467391304347827,0.259033605362693,0.75,0.2678054869174957,0.0,5.551115123125783e-17
single_head,hungary,switzerland,0,entropy_sfda,123,0.9349593495934959,0.7467391304347827,0.9721561866255523,0.2652756710032171,0.37439252976782444,0.5691056910569106,0.5951086956521738,0.5652173913043478,0.625,0.5528455284552846,0.5605668198256716,0.7467391304347827,0.2652756710032171,0.75,0.2678054869174957,0.0,0.0
single_head,hungary,switzerland,0,reliability_gated_sfda,123,0.9349593495934959,0.7510869565217392,0.9725577319070764,0.2725463522141518,0.3913005801841495,0.5691056910569106,0.5951086956521738,0.5652173913043478,0.625,0.5528455284552846,0.5436587694093464,0.7510869565217392,0.2725463522141518,0.75,0.2678054869174957,0.0,0.0
single_head,hungary,switzerland,0,conservative_candidate,123,0.9349593495934959,0.75,0.972446651707126,0.26865206423962845,0.38912247624096835,0.5691056910569106,0.5951086956521738,0.5652173913043478,0.625,0.5528455284552846,0.5458368733525276,0.75,0.2686520642396284,0.75,0.2678054869174957,0.0,5.551115123125783e-17
single_head,hungary,switzerland,1,pseudo_label_sfda,123,0.9349593495934959,0.7445652173913044,0.9697426986212239,0.23733507533726614,0.3573200806551348,0.5853658536585366,0.6038043478260869,0.5826086956521739,0.625,0.5691056910569106,0.5776392689383612,0.7445652173913044,0.2373350753372661,0.7456521739130435,0.2430856376886367,0.0,2.7755575615628914e-17
single_head,hungary,switzerland,1,entropy_sfda,123,0.9349593495934959,0.7445652173913044,0.9698047750776932,0.23599567529439872,0.3510761419689752,0.5853658536585366,0.6038043478260869,0.5826086956521739,0.625,0.5691056910569106,0.5838832076245207,0.7445652173913044,0.2359956752943987,0.7456521739130435,0.2430856376886367,0.0,2.7755575615628914e-17
single_head,hungary,switzerland,1,reliability_gated_sfda,123,0.9349593495934959,0.7456521739130435,0.9698783526345134,0.24677799859641655,0.37045304334866325,0.5772357723577236,0.5994565217391304,0.5739130434782609,0.625,0.5609756097560976,0.5645063062448327,0.7456521739130435,0.2467779985964165,0.7456521739130435,0.2430856376886367,0.0,5.551115123125783e-17
single_head,hungary,switzerland,1,conservative_candidate,123,0.9349593495934959,0.7456521739130435,0.9698783526345134,0.24210650716132,0.36941923458522896,0.5772357723577236,0.5994565217391304,0.5739130434782609,0.625,0.5609756097560976,0.5677013939655409,0.7456521739130435,0.24210650716132,0.7456521739130435,0.2430856376886367,0.0,0.0
single_head,hungary,switzerland,2,pseudo_label_sfda,123,0.9349593495934959,0.7510869565217392,0.973596535404487,0.2234004538101044,0.3328794160085481,0.6341463414634146,0.629891304347826,0.6347826086956522,0.625,0.6178861788617886,0.6020799335849479,0.7510869565217392,0.2234004538101044,0.7521739130434781,0.225657120347023,0.0,0.0
single_head,hungary,switzerland,2,entropy_sfda,123,0.9349593495934959,0.75,0.9734842304853708,0.2141704868169476,0.319020463123433,0.6422764227642277,0.6342391304347825,0.6434782608695652,0.625,0.6260162601626016,0.6159388864700629,0.75,0.2141704868169475,0.7521739130434781,0.225657120347023,0.0,8.326672684688674e-17
single_head,hungary,switzerland,2,reliability_gated_sfda,123,0.9349593495934959,0.7521739130434781,0.9742692533035324,0.23017278606291783,0.3467386617832552,0.6178861788617886,0.621195652173913,0.6173913043478261,0.625,0.6016260162601627,0.5882206878102407,0.7521739130434781,0.2301727860629178,0.7521739130434781,0.225657120347023,0.0,2.7755575615628914e-17
single_head,hungary,switzerland,2,conservative_candidate,123,0.9349593495934959,0.7521739130434781,0.9742692533035324,0.22306146479170605,0.3404229009539132,0.6341463414634146,0.629891304347826,0.6347826086956522,0.625,0.6178861788617886,0.5945364486395828,0.7521739130434781,0.223061464791706,0.7521739130434781,0.225657120347023,0.0,5.551115123125783e-17
single_head,hungary,switzerland,3,pseudo_label_sfda,123,0.9349593495934959,0.7554347826086958,0.9755476998615327,0.22918846659910688,0.34654353522672887,0.6097560975609756,0.6168478260869565,0.6086956521739131,0.625,0.5934959349593496,0.588415814366767,0.7554347826086958,0.2291884665991068,0.7576086956521739,0.2341042160987854,0.0,8.326672684688674e-17
single_head,hungary,switzerland,3,entropy_sfda,123,0.9349593495934959,0.7576086956521739,0.9758738917941894,0.2343933419329496,0.3482246209026837,0.6016260162601627,0.6125,0.6,0.625,0.5853658536585366,0.5867347286908122,0.7576086956521739,0.2343933419329495,0.7576086956521739,0.2341042160987854,0.0,1.1102230246251565e-16
single_head,hungary,switzerland,3,reliability_gated_sfda,123,0.9349593495934959,0.7565217391304349,0.9756932221872854,0.2390663433166886,0.3613785207271576,0.6016260162601627,0.6706521739130435,0.591304347826087,0.75,0.5691056910569106,0.5735808288663383,0.7565217391304349,0.2390663433166886,0.7576086956521739,0.2341042160987854,0.0,0.0
single_head,hungary,switzerland,3,conservative_candidate,123,0.9349593495934959,0.758695652173913,0.9761088819373189,0.23132432355809907,0.3546614554233668,0.6016260162601627,0.6706521739130435,0.591304347826087,0.75,0.5691056910569106,0.5802978941701292,0.758695652173913,0.231324323558099,0.7576086956521739,0.2341042160987854,0.0,5.551115123125783e-17
single_head,hungary,switzerland,4,pseudo_label_sfda,123,0.9349593495934959,0.75,0.9739765993644409,0.2538032463861334,0.37500188036299326,0.5772357723577236,0.5994565217391304,0.5739130434782609,0.625,0.5609756097560976,0.5599574692305026,0.75,0.2538032463861334,0.7543478260869565,0.2605360150337219,0.0,0.0
single_head,hungary,switzerland,4,entropy_sfda,123,0.9349593495934959,0.7532608695652174,0.9742273741394263,0.25622198736127105,0.3729348374394382,0.5691056910569106,0.5951086956521738,0.5652173913043478,0.625,0.5528455284552846,0.5620245121540578,0.7532608695652174,0.256221987361271,0.7543478260869565,0.2605360150337219,0.0,5.551115123125783e-17
single_head,hungary,switzerland,4,reliability_gated_sfda,123,0.9349593495934959,0.7543478260869565,0.9743373764165357,0.263587893939534,0.3899269753355321,0.5609756097560976,0.5907608695652173,0.5565217391304348,0.625,0.5447154471544715,0.5450323742579638,0.7543478260869565,0.263587893939534,0.7543478260869565,0.2605360150337219,0.0,0.0
single_head,hungary,switzerland,4,conservative_candidate,123,0.9349593495934959,0.7554347826086957,0.9744846711902015,0.25871338787060294,0.38671675257808796,0.5609756097560976,0.5907608695652173,0.5565217391304348,0.625,0.5447154471544715,0.548242597015408,0.7554347826086957,0.2587133878706029,0.7543478260869565,0.2605360150337219,0.0,5.551115123125783e-17
single_head,hungary,switzerland,5,pseudo_label_sfda,123,0.9349593495934959,0.75,0.9723412271551474,0.24385173614039804,0.3706805927724373,0.6260162601626016,0.683695652173913,0.6173913043478261,0.75,0.5934959349593496,0.5642787568210587,0.75,0.243851736140398,0.7510869565217392,0.2429586946964264,0.0,2.7755575615628914e-17
single_head,hungary,switzerland,5,entropy_sfda,123,0.9349593495934959,0.7510869565217392,0.9727414109831354,0.24451757083095216,0.36560979848954733,0.6178861788617886,0.621195652173913,0.6173913043478261,0.625,0.6016260162601627,0.5693495511039486,0.7510869565217392,0.2445175708309521,0.7510869565217392,0.2429586946964264,0.0,5.551115123125783e-17
single_head,hungary,switzerland,5,reliability_gated_sfda,123,0.9349593495934959,0.75,0.9719963697118917,0.24623029030531368,0.37518497450443794,0.6178861788617886,0.6793478260869565,0.6086956521739131,0.75,0.5853658536585366,0.559774375089058,0.75,0.2462302903053136,0.7510869565217392,0.2429586946964264,0.0,8.326672684688674e-17
single_head,hungary,switzerland,5,conservative_candidate,123,0.9349593495934959,0.7510869565217392,0.9720705740762077,0.24065624060790533,0.37088476378864393,0.6341463414634146,0.6880434782608695,0.6260869565217392,0.75,0.6016260162601627,0.564074585804852,0.7510869565217392,0.2406562406079053,0.7510869565217392,0.2429586946964264,0.0,2.7755575615628914e-17
single_head,hungary,switzerland,6,pseudo_label_sfda,123,0.9349593495934959,0.7380434782608696,0.9714903889707691,0.23324151897412526,0.36044014211956077,0.6016260162601627,0.6125,0.6,0.625,0.5853658536585366,0.5745192074739351,0.7380434782608696,0.2332415189741252,0.7391304347826086,0.2306745052337646,0.0,5.551115123125783e-17
single_head,hungary,switzerland,6,entropy_sfda,123,0.9349593495934959,0.7402173913043479,0.9716066339792819,0.23223551538941956,0.3526950575320459,0.6016260162601627,0.6125,0.6,0.625,0.5853658536585366,0.58226429206145,0.7402173913043479,0.2322355153894195,0.7391304347826086,0.2306745052337646,0.0,5.551115123125783e-17
single_head,hungary,switzerland,6,reliability_gated_sfda,123,0.9349593495934959,0.7391304347826086,0.971334309480526,0.2341622916304731,0.363658342086445,0.6016260162601627,0.6125,0.6,0.625,0.5853658536585366,0.5713010075070509,0.7391304347826086,0.2341622916304731,0.7391304347826086,0.2306745052337646,0.0,0.0
single_head,hungary,switzerland,6,conservative_candidate,123,0.9349593495934959,0.7369565217391305,0.9712614698971005,0.22816542532532733,0.3590673826998326,0.6016260162601627,0.6125,0.6,0.625,0.5853658536585366,0.5758919668936633,0.7369565217391305,0.2281654253253273,0.7391304347826086,0.2306745052337646,0.0,2.7755575615628914e-17
single_head,hungary,switzerland,7,pseudo_label_sfda,123,0.9349593495934959,0.7369565217391305,0.9723000552061944,0.22443809172711277,0.3411739338340798,0.6585365853658537,0.6429347826086956,0.6608695652173913,0.625,0.6422764227642277,0.5937854157594161,0.7369565217391305,0.2244380917271127,0.7445652173913044,0.2237391918897628,0.0,5.551115123125783e-17
single_head,hungary,switzerland,7,entropy_sfda,123,0.9349593495934959,0.7391304347826086,0.9728321690832304,0.2219677536443365,0.3329880418089347,0.6666666666666666,0.6472826086956522,0.6695652173913044,0.625,0.6504065040650406,0.6019713077845612,0.7391304347826086,0.2219677536443364,0.7445652173913044,0.2237391918897628,0.0,8.326672684688674e-17
single_head,hungary,switzerland,7,reliability_gated_sfda,123,0.9349593495934959,0.7456521739130435,0.9737202163052366,0.2284745960620358,0.3495279666248377,0.6422764227642277,0.6342391304347825,0.6434782608695652,0.625,0.6260162601626016,0.5854313829686584,0.7456521739130435,0.2284745960620357,0.7445652173913044,0.2237391918897628,0.0,8.326672684688674e-17
single_head,hungary,switzerland,7,conservative_candidate,123,0.9349593495934959,0.7445652173913044,0.9736350702573577,0.22088111574179714,0.3427459500669464,0.6666666666666666,0.6472826086956522,0.6695652173913044,0.625,0.6504065040650406,0.5922133995265495,0.7445652173913044,0.2208811157417971,0.7445652173913044,0.2237391918897628,0.0,2.7755575615628914e-17
single_head,hungary,switzerland,8,pseudo_label_sfda,123,0.9349593495934959,0.758695652173913,0.9750770726261628,0.2505086450538462,0.3781325526050921,0.5853658536585366,0.6038043478260869,0.5826086956521739,0.625,0.5691056910569106,0.5568267969884039,0.758695652173913,0.2505086450538462,0.7619565217391304,0.2473688423633575,0.0,0.0
single_head,hungary,switzerland,8,entropy_sfda,123,0.9349593495934959,0.758695652173913,0.9750336420984941,0.24696975215625377,0.3691357367831033,0.6016260162601627,0.6125,0.6,0.625,0.5853658536585366,0.5658236128103927,0.758695652173913,0.2469697521562537,0.7619565217391304,0.2473688423633575,0.0,8.326672684688674e-17
single_head,hungary,switzerland,8,reliability_gated_sfda,123,0.9349593495934959,0.7576086956521739,0.9744947470996452,0.2514803962942669,0.381415320454332,0.5853658536585366,0.6038043478260869,0.5826086956521739,0.625,0.5691056910569106,0.553544029139164,0.7576086956521739,0.2514803962942669,0.7619565217391304,0.2473688423633575,0.0,0.0
single_head,hungary,switzerland,8,conservative_candidate,123,0.9349593495934959,0.7597826086956522,0.9747430330799516,0.24508450080577082,0.3762029491486104,0.5934959349593496,0.6081521739130435,0.591304347826087,0.625,0.5772357723577236,0.5587564004448856,0.7597826086956522,0.2450845008057708,0.7619565217391304,0.2473688423633575,0.0,2.7755575615628914e-17
single_head,hungary,switzerland,9,pseudo_label_sfda,123,0.9349593495934959,0.732608695652174,0.9704276341863466,0.23837143624358728,0.3505597025822333,0.6178861788617886,0.621195652173913,0.6173913043478261,0.625,0.6016260162601627,0.5843996470112626,0.732608695652174,0.2383714362435872,0.7336956521739131,0.2409280687570572,0.0,8.326672684688674e-17
single_head,hungary,switzerland,9,entropy_sfda,123,0.9349593495934959,0.7391304347826086,0.9710768595497306,0.23851681887179543,0.34769221967676794,0.6097560975609756,0.6168478260869565,0.6086956521739131,0.625,0.5934959349593496,0.587267129916728,0.7391304347826086,0.2385168188717954,0.7336956521739131,0.2409280687570572,0.0,2.7755575615628914e-17
single_head,hungary,switzerland,9,reliability_gated_sfda,123,0.9349593495934959,0.7336956521739131,0.9709960132933619,0.24648074657897587,0.36477278799908913,0.5853658536585366,0.6038043478260869,0.5826086956521739,0.625,0.5691056910569106,0.5701865615944067,0.7336956521739131,0.2464807465789758,0.7336956521739131,0.2409280687570572,0.0,5.551115123125783e-17
single_head,hungary,switzerland,9,conservative_candidate,123,0.9349593495934959,0.7336956521739131,0.9709960132933619,0.23942080530262982,0.3583777491457578,0.6097560975609756,0.6168478260869565,0.6086956521739131,0.625,0.5934959349593496,0.5765816004477381,0.7336956521739131,0.2394208053026298,0.7336956521739131,0.2409280687570572,0.0,2.7755575615628914e-17
single_head,hungary,va_long_beach,0,pseudo_label_sfda,200,0.745,0.7475325700750098,0.8909904580291137,0.22594040290215978,0.1995310099422932,0.655,0.6846295565205949,0.6241610738255033,0.7450980392156863,0.53,0.5755661903321743,0.7475325700750098,0.2259404029021597,0.7477957626003421,0.2298662811517715,0.0,8.326672684688674e-17
single_head,hungary,va_long_beach,0,entropy_sfda,200,0.745,0.746742992499013,0.8911484942175117,0.24207235190562565,0.22228637751191854,0.65,0.6812738518226082,0.6174496644295302,0.7450980392156863,0.525,0.5526452321186661,0.746742992499013,0.2420723519056256,0.7477957626003421,0.2298662811517715,0.0,5.551115123125783e-17
single_head,hungary,va_long_beach,0,reliability_gated_sfda,200,0.745,0.7477957626003421,0.8910556778921785,0.23258033972111933,0.22487932451069356,0.655,0.6846295565205949,0.6241610738255033,0.7450980392156863,0.53,0.5514262532442809,0.7477957626003421,0.2325803397211193,0.7477957626003421,0.2298662811517715,0.0,2.7755575615628914e-17
single_head,hungary,va_long_beach,0,conservative_candidate,200,0.745,0.7466113962363469,0.8903364226254897,0.23006486808824567,0.21237332148477434,0.655,0.6846295565205949,0.6241610738255033,0.7450980392156863,0.53,0.5536990006454289,0.7466113962363469,0.2300648680882456,0.7477957626003421,0.2298662811517715,0.0,5.551115123125783e-17
single_head,hungary,va_long_beach,1,pseudo_label_sfda,200,0.745,0.7471377812870115,0.8868428831479511,0.21933711038220874,0.18627620192244645,0.655,0.6846295565205949,0.6241610738255033,0.7450980392156863,0.53,0.5730666902475059,0.7471377812870115,0.2193371103822087,0.7451638373470193,0.2214777171611786,0.0,2.7755575615628914e-17
single_head,hungary,va_long_beach,1,entropy_sfda,200,0.745,0.7451638373470193,0.8862028698875531,0.23392932847721737,0.20913833344355223,0.65,0.6812738518226082,0.6174496644295302,0.7450980392156863,0.525,0.5545729062519967,0.7451638373470193,0.2339293284772173,0.7451638373470193,0.2214777171611786,0.0,5.551115123125783e-17
single_head,hungary,va_long_beach,1,reliability_gated_sfda,200,0.745,0.7452954336096854,0.8855907927004639,0.2240809854768414,0.2091682613454759,0.655,0.6846295565205949,0.6241610738255033,0.7450980392156863,0.53,0.5545891999639571,0.7452954336096854,0.2240809854768414,0.7451638373470193,0.2214777171611786,0.0,0.0
single_head,hungary,va_long_beach,1,conservative_candidate,200,0.745,0.7456902223976838,0.8859442333504561,0.22131990659778158,0.21307484969496726,0.655,0.6846295565205949,0.6241610738255033,0.7450980392156863,0.53,0.5570280186086893,0.7456902223976838,0.2213199065977815,0.7451638373470193,0.2214777171611786,0.0,8.326672684688674e-17
single_head,hungary,va_long_beach,2,pseudo_label_sfda,200,0.745,0.7380576391630478,0.8866914653016789,0.2164052376654356,0.19599457942880694,0.685,0.6789709172259508,0.6912751677852349,0.6666666666666666,0.6,0.5983511764463038,0.7380576391630478,0.2164052376654356,0.7380576391630478,0.2193761467933654,0.0,0.0
single_head,hungary,va_long_beach,2,entropy_sfda,200,0.745,0.7418739307803659,0.8880691711595714,0.2307019184932517,0.2076732475683093,0.67,0.6818002368732728,0.6577181208053692,0.7058823529411765,0.565,0.5756653361395001,0.7418739307803659,0.2307019184932517,0.7380576391630478,0.2193761467933654,0.0,0.0
single_head,hungary,va_long_beach,2,reliability_gated_sfda,200,0.745,0.7385840242137123,0.886935408066658,0.22237206288209024,0.19789263557642703,0.66,0.6750888274772997,0.6442953020134228,0.7058823529411765,0.555,0.574696777947247,0.7385840242137123,0.2223720628820902,0.7380576391630478,0.2193761467933654,0.0,5.551115123125783e-17
single_head,hungary,va_long_beach,2,conservative_candidate,200,0.745,0.7375312541123832,0.8870642672905955,0.21870872000898095,0.19226117295213044,0.66,0.6750888274772997,0.6442953020134228,0.7058823529411765,0.555,0.5799192263465375,0.7375312541123832,0.2187087200089809,0.7380576391630478,0.2193761467933654,0.0,5.551115123125783e-17
single_head,hungary,va_long_beach,3,pseudo_label_sfda,200,0.745,0.7456902223976839,0.8889505033227103,0.2180149885506838,0.19731998161412775,0.68,0.7014080800105278,0.6577181208053692,0.7450980392156863,0.555,0.5832055960502476,0.7456902223976839,0.2180149885506837,0.7433214896696934,0.2188245356082916,0.0,8.326672684688674e-17
single_head,hungary,va_long_beach,3,entropy_sfda,200,0.745,0.7437162784576917,0.8884602863605322,0.2344833281168194,0.2169068208243698,0.665,0.6913409659165679,0.6375838926174496,0.7450980392156863,0.54,0.5573670026753098,0.7437162784576917,0.2344833281168193,0.7433214896696934,0.2188245356082916,0.0,1.1102230246251565e-16
single_head,hungary,va_long_beach,3,reliability_gated_sfda,200,0.745,0.7430582971443611,0.8885560537325985,0.22183765743746733,0.21624160394072536,0.67,0.6946966706145545,0.6442953020134228,0.7450980392156863,0.545,0.5641545797884464,0.7430582971443611,0.2218376574374673,0.7433214896696934,0.2188245356082916,0.0,2.7755575615628914e-17
single_head,hungary,va_long_beach,3,conservative_candidate,200,0.745,0.7437162784576917,0.888823379898396,0.21792046173331742,0.20873694960027936,0.67,0.6946966706145545,0.6442953020134228,0.7450980392156863,0.545,0.5692335372790694,0.7437162784576917,0.2179204617333174,0.7433214896696934,0.2188245356082916,0.0,2.7755575615628914e-17
single_head,hungary,va_long_beach,4,pseudo_label_sfda,200,0.745,0.7427951046190289,0.8859304330615339,0.2315327402842465,0.21279937393032017,0.655,0.6846295565205949,0.6241610738255033,0.7450980392156863,0.53,0.5551080285850912,0.7427951046190289,0.2315327402842465,0.7435846821950256,0.2352029979228973,0.0,0.0
single_head,hungary,va_long_beach,4,entropy_sfda,200,0.745,0.7427951046190288,0.8861308429414546,0.24997516405062847,0.24725782623514536,0.64,0.6745624424266351,0.6040268456375839,0.7450980392156863,0.515,0.5304079014994204,0.7427951046190288,0.2499751640506284,0.7435846821950256,0.2352029979228973,0.0,8.326672684688674e-17
single_head,hungary,va_long_beach,4,reliability_gated_sfda,200,0.745,0.7426635083563626,0.8870508716772272,0.23781999430195447,0.22784081029705702,0.64,0.6745624424266351,0.6040268456375839,0.7450980392156863,0.515,0.5346821738500148,0.7426635083563626,0.2378199943019544,0.7435846821950256,0.2352029979228973,0.0,5.551115123125783e-17
single_head,hungary,va_long_beach,4,conservative_candidate,200,0.745,0.742005527043032,0.8867627214739306,0.23434058303891953,0.2240106492582709,0.64,0.6745624424266351,0.6040268456375839,0.7450980392156863,0.515,0.5385578185971827,0.742005527043032,0.2343405830389195,0.7435846821950256,0.2352029979228973,0.0,2.7755575615628914e-17
single_head,hungary,va_long_beach,5,pseudo_label_sfda,200,0.745,0.7408211606790367,0.8856120468474961,0.23208699900332888,0.21606939430348573,0.65,0.6748256349519673,0.6241610738255033,0.7254901960784313,0.535,0.5487201750744134,0.7408211606790367,0.2320869990033288,0.740163179365706,0.2281497567892074,0.0,8.326672684688674e-17
single_head,hungary,va_long_beach,5,entropy_sfda,200,0.745,0.74003158310304,0.8858510480287232,0.24592259833967092,0.23966190565377468,0.655,0.6910777733912357,0.6174496644295302,0.7647058823529411,0.52,0.5329341084882617,0.74003158310304,0.2459225983396709,0.740163179365706,0.2281497567892074,0.0,2.7755575615628914e-17
single_head,hungary,va_long_beach,5,reliability_gated_sfda,200,0.745,0.7406895644163707,0.885901392971418,0.23047473315287884,0.2064120987057686,0.66,0.6944334780892223,0.6241610738255033,0.7647058823529411,0.525,0.5442252287268639,0.7406895644163707,0.2304747331528788,0.740163179365706,0.2281497567892074,0.0,2.7755575615628914e-17
single_head,hungary,va_long_beach,5,conservative_candidate,200,0.745,0.7402947756283721,0.885652079992821,0.22713508898862586,0.19676615146920087,0.66,0.6879852612185814,0.6308724832214765,0.7450980392156863,0.535,0.5482338485307992,0.7402947756283721,0.2271350889886258,0.740163179365706,0.2281497567892074,0.0,5.551115123125783e-17
single_head,hungary,va_long_beach,6,pseudo_label_sfda,200,0.745,0.7433214896696934,0.8846753887969929,0.21616314986875382,0.19371152413077658,0.68,0.6949598631398868,0.6644295302013423,0.7254901960784313,0.565,0.5701895211916417,0.7433214896696934,0.2161631498687537,0.7443742597710223,0.2115166783332824,0.0,1.1102230246251565e-16
single_head,hungary,va_long_beach,6,entropy_sfda,200,0.745,0.7413475457297013,0.8844671595456185,0.2287962062469083,0.20841760924085975,0.675,0.6916041584419003,0.6577181208053692,0.7254901960784313,0.56,0.5569823796488345,0.7413475457297013,0.2287962062469083,0.7443742597710223,0.2115166783332824,0.0,0.0
single_head,hungary,va_long_beach,6,reliability_gated_sfda,200,0.745,0.7438478747203578,0.8848261156948152,0.2146893393006813,0.19373519867658617,0.68,0.6949598631398868,0.6644295302013423,0.7254901960784313,0.565,0.564635338485241,0.7438478747203578,0.2146893393006813,0.7443742597710223,0.2115166783332824,0.0,0.0
single_head,hungary,va_long_beach,6,conservative_candidate,200,0.745,0.7442426635083563,0.885068754113948,0.2107946001159094,0.1889897220861167,0.68,0.6949598631398868,0.6644295302013423,0.7254901960784313,0.565,0.5698261440265924,0.7442426635083563,0.2107946001159094,0.7443742597710223,0.2115166783332824,0.0,0.0
single_head,hungary,va_long_beach,7,pseudo_label_sfda,200,0.745,0.7500328990656665,0.8900779467893709,0.21621253757725445,0.18842850020155308,0.68,0.7014080800105278,0.6577181208053692,0.7450980392156863,0.555,0.586970794890076,0.7500328990656665,0.2162125375772544,0.7468745887616792,0.2163247168064117,0.0,5.551115123125783e-17
single_head,hungary,va_long_beach,7,entropy_sfda,200,0.745,0.7452954336096855,0.8887683451384332,0.23428543706951985,0.21434891348239035,0.66,0.6879852612185814,0.6308724832214765,0.7450980392156863,0.535,0.5615931248152628,0.7452954336096855,0.2342854370695198,0.7468745887616792,0.2163247168064117,0.0,5.551115123125783e-17
single_head,hungary,va_long_beach,7,reliability_gated_sfda,200,0.745,0.7464797999736807,0.8883947391388853,0.21980880044713558,0.18988149558193987,0.66,0.6879852612185814,0.6308724832214765,0.7450980392156863,0.535,0.5703250327240675,0.7464797999736807,0.2198088004471355,0.7468745887616792,0.2163247168064117,0.0,8.326672684688674e-17
single_head,hungary,va_long_beach,7,conservative_candidate,200,0.745,0.7475325700750098,0.8887693554621001,0.21501728766635364,0.18260129925794902,0.66,0.6879852612185814,0.6308724832214765,0.7450980392156863,0.535,0.5767387026827783,0.7475325700750098,0.2150172876663536,0.7468745887616792,0.2163247168064117,0.0,2.7755575615628914e-17
single_head,hungary,va_long_beach,8,pseudo_label_sfda,200,0.745,0.7379260429003816,0.886289429003387,0.2328133946681156,0.20949217759072783,0.64,0.6745624424266351,0.6040268456375839,0.7450980392156863,0.515,0.5481812653690576,0.7379260429003816,0.2328133946681156,0.7384524279510462,0.2327066361904144,0.0,0.0
single_head,hungary,va_long_beach,8,entropy_sfda,200,0.745,0.7350309251217266,0.8854619477210848,0.2543304881560527,0.24605737540870906,0.625,0.6644953283326753,0.5838926174496645,0.7450980392156863,0.5,0.5202595373615623,0.7350309251217266,0.2543304881560527,0.7384524279510462,0.2327066361904144,0.0,0.0
single_head,hungary,va_long_beach,8,reliability_gated_sfda,200,0.745,0.7379260429003816,0.8867469488999052,0.23530018012251058,0.20906341169960796,0.63,0.667851033030662,0.5906040268456376,0.7450980392156863,0.505,0.5359501042496413,0.7379260429003816,0.2353001801225105,0.7384524279510462,0.2327066361904144,0.0,8.326672684688674e-17
single_head,hungary,va_long_beach,8,conservative_candidate,200,0.745,0.73832083168838,0.8869084148254737,0.23201416659463445,0.20556418095715348,0.63,0.667851033030662,0.5906040268456376,0.7450980392156863,0.505,0.5395817628037185,0.73832083168838,0.2320141665946344,0.7384524279510462,0.2327066361904144,0.0,5.551115123125783e-17
single_head,hungary,va_long_beach,9,pseudo_label_sfda,200,0.745,0.73081984471641,0.8839980446390995,0.22772744547900495,0.196677983654663,0.64,0.6681142255559942,0.610738255033557,0.7254901960784313,0.525,0.581057184683159,0.73081984471641,0.2277274454790049,0.7305566521910778,0.2306582331657409,0.0,5.551115123125783e-17
single_head,hungary,va_long_beach,9,entropy_sfda,200,0.745,0.7306882484537439,0.8833631841556585,0.2490780481218108,0.24036791576538236,0.64,0.6745624424266351,0.6040268456375839,0.7450980392156863,0.515,0.5457198940357193,0.7306882484537439,0.2490780481218108,0.7305566521910778,0.2306582331657409,0.0,0.0
single_head,hungary,va_long_beach,9,reliability_gated_sfda,200,0.745,0.7300302671404132,0.8829404225810539,0.23450211467423315,0.2100521256122738,0.645,0.6779181471246216,0.610738255033557,0.7450980392156863,0.52,0.5565128825511784,0.7300302671404132,0.2345021146742331,0.7305566521910778,0.2306582331657409,0.0,5.551115123125783e-17
single_head,hungary,va_long_beach,9,conservative_candidate,200,0.745,0.7296354783524147,0.8828476373572816,0.2303932716021565,0.20556884394027294,0.645,0.6779181471246216,0.610738255033557,0.7450980392156863,0.52,0.5621538282837719,0.7296354783524147,0.2303932716021565,0.7305566521910778,0.2306582331657409,0.0,0.0
single_head,switzerland,cleveland,0,pseudo_label_sfda,303,0.45874587458745875,0.7813212844358658,0.741730093151882,0.46742664838683967,0.48555258555774244,0.45874587458745875,0.5,1.0,0.0,1.0,0.9442984601452012,0.7813212844358658,0.4674266483868396,0.7761010703632216,0.4098718166351318,0.0,5.551115123125783e-17
single_head,switzerland,cleveland,0,entropy_sfda,303,0.45874587458745875,0.7743025092121425,0.7392527625964245,0.46763037808729924,0.48439613309237034,0.45874587458745875,0.5,1.0,0.0,1.0,0.9431420076798291,0.7743025092121425,0.4676303780872992,0.7761010703632216,0.4098718166351318,0.0,5.551115123125783e-17
single_head,switzerland,cleveland,0,reliability_gated_sfda,303,0.45874587458745875,0.7761010703632216,0.733747783352156,0.40987181316035687,0.4313905148616325,0.45874587458745875,0.5,1.0,0.0,1.0,0.8901363894490912,0.7761010703632216,0.4098718131603568,0.7761010703632216,0.4098718166351318,0.0,5.551115123125783e-17
single_head,switzerland,cleveland,0,conservative_candidate,303,0.45874587458745875,0.7761010703632216,0.733747783352156,0.40987181316035687,0.4313905148616325,0.45874587458745875,0.5,1.0,0.0,1.0,0.8901363894490912,0.7761010703632216,0.4098718131603568,0.7761010703632216,0.4098718166351318,0.0,5.551115123125783e-17
single_head,switzerland,cleveland,1,pseudo_label_sfda,303,0.45874587458745875,0.7904456922267064,0.7862214654474513,0.4823226450366972,0.4985286481309645,0.45874587458745875,0.5,1.0,0.0,1.0,0.9572745227184233,0.7904456922267064,0.4823226450366972,0.787155641340586,0.4194538295269012,0.0,0.0
single_head,switzerland,cleveland,1,entropy_sfda,303,0.45874587458745875,0.7830321108966486,0.7760181965430519,0.48074706904412223,0.49653120776607645,0.45874587458745875,0.5,1.0,0.0,1.0,0.9552770823535353,0.7830321108966486,0.4807470690441222,0.787155641340586,0.4194538295269012,0.0,5.551115123125783e-17
single_head,switzerland,cleveland,1,reliability_gated_sfda,303,0.45874587458745875,0.787155641340586,0.7785025791597692,0.4194538298881555,0.4444880583892168,0.45874587458745875,0.5,1.0,0.0,1.0,0.9032339329766755,0.787155641340586,0.4194538298881555,0.787155641340586,0.4194538295269012,0.0,0.0
single_head,switzerland,cleveland,1,conservative_candidate,303,0.45874587458745875,0.787155641340586,0.7785025791597692,0.4194538298881555,0.4444880583892168,0.45874587458745875,0.5,1.0,0.0,1.0,0.9032339329766755,0.787155641340586,0.4194538298881555,0.787155641340586,0.4194538295269012,0.0,0.0
single_head,switzerland,cleveland,2,pseudo_label_sfda,303,0.45874587458745875,0.8011931917880329,0.7881829090425293,0.45857875597235653,0.4801586646057985,0.45874587458745875,0.5,1.0,0.0,1.0,0.9389045391932572,0.8011931917880329,0.4585787559723565,0.7958852430250921,0.4064515233039856,0.0,5.551115123125783e-17
single_head,switzerland,cleveland,2,entropy_sfda,303,0.45874587458745875,0.7988243551500263,0.7872490922867309,0.4586493639503529,0.47951090886647946,0.45874587458745875,0.5,1.0,0.0,1.0,0.9382567834539381,0.7988243551500263,0.4586493639503529,0.7958852430250921,0.4064515233039856,0.0,0.0
single_head,switzerland,cleveland,2,reliability_gated_sfda,303,0.45874587458745875,0.7958852430250921,0.7814107718934932,0.40645151545097585,0.4316999884721864,0.45874587458745875,0.5,1.0,0.0,1.0,0.890445863059645,0.7958852430250921,0.4064515154509758,0.7958852430250921,0.4064515233039856,0.0,5.551115123125783e-17
single_head,switzerland,cleveland,2,conservative_candidate,303,0.45874587458745875,0.7958852430250921,0.7814107718934932,0.40645151545097585,0.4316999884721864,0.45874587458745875,0.5,1.0,0.0,1.0,0.890445863059645,0.7958852430250921,0.4064515154509758,0.7958852430250921,0.4064515233039856,0.0,5.551115123125783e-17
single_head,switzerland,cleveland,3,pseudo_label_sfda,303,0.45874587458745875,0.7735128969994736,0.759513770035984,0.4804378954514548,0.495572830387468,0.45874587458745875,0.5,1.0,0.0,1.0,0.9543187049749268,0.7735128969994736,0.4804378954514548,0.7710563256711703,0.4278936088085174,0.0,0.0
single_head,switzerland,cleveland,3,entropy_sfda,303,0.45874587458745875,0.7695648359361291,0.759184025658151,0.4720744437605625,0.4879335039126204,0.45874587458745875,0.5,1.0,0.0,1.0,0.9466793785000792,0.7695648359361291,0.4720744437605625,0.7710563256711703,0.4278936088085174,0.0,0.0
single_head,switzerland,cleveland,3,reliability_gated_sfda,303,0.45874587458745875,0.7710563256711703,0.7560675349233497,0.42789360625696476,0.44841238610421863,0.45874587458745875,0.5,1.0,0.0,1.0,0.9071582606916774,0.7710563256711703,0.4278936062569647,0.7710563256711703,0.4278936088085174,0.0,5.551115123125783e-17
single_head,switzerland,cleveland,3,conservative_candidate,303,0.45874587458745875,0.7710563256711703,0.7560675349233497,0.42789360625696476,0.44841238610421863,0.45874587458745875,0.5,1.0,0.0,1.0,0.9071582606916774,0.7710563256711703,0.4278936062569647,0.7710563256711703,0.4278936088085174,0.0,5.551115123125783e-17
single_head,switzerland,cleveland,4,pseudo_label_sfda,303,0.45874587458745875,0.829136690647482,0.8224506105907172,0.4471071607943114,0.4742279412722823,0.45874587458745875,0.5,1.0,0.0,1.0,0.9329738158597412,0.829136690647482,0.4471071607943114,0.8254957010001754,0.3881677687168121,0.0,0.0
single_head,switzerland,cleveland,4,entropy_sfda,303,0.45874587458745875,0.8224688541849446,0.817976644516345,0.4523405162686765,0.4771821638538499,0.45874587458745875,0.5,1.0,0.0,1.0,0.9359280384413087,0.8224688541849446,0.4523405162686765,0.8254957010001754,0.3881677687168121,0.0,0.0
single_head,switzerland,cleveland,4,reliability_gated_sfda,303,0.45874587458745875,0.8254957010001754,0.816645854000019,0.38816776923266183,0.4209981391532193,0.45874587458745875,0.5,1.0,0.0,1.0,0.879744013740678,0.8254957010001754,0.3881677692326618,0.8254957010001754,0.3881677687168121,0.0,5.551115123125783e-17
single_head,switzerland,cleveland,4,conservative_candidate,303,0.45874587458745875,0.8254957010001754,0.816645854000019,0.38816776923266183,0.4209981391532193,0.45874587458745875,0.5,1.0,0.0,1.0,0.879744013740678,0.8254957010001754,0.3881677692326618,0.8254957010001754,0.3881677687168121,0.0,5.551115123125783e-17
single_head,switzerland,cleveland,5,pseudo_label_sfda,303,0.45874587458745875,0.8143095279873661,0.7893679195291042,0.46730947005004797,0.48579456349804073,0.45874587458745875,0.5,1.0,0.0,1.0,0.9445404380854994,0.8143095279873661,0.4673094700500479,0.814616599403404,0.4159359931945801,0.0,5.551115123125783e-17
single_head,switzerland,cleveland,5,entropy_sfda,303,0.45874587458745875,0.8116336199333216,0.7916673917201489,0.46314677268750337,0.4809269139868985,0.45874587458745875,0.5,1.0,0.0,1.0,0.9396727885743572,0.8116336199333216,0.4631467726875033,0.814616599403404,0.4159359931945801,0.0,5.551115123125783e-17
single_head,switzerland,cleveland,5,reliability_gated_sfda,303,0.45874587458745875,0.814616599403404,0.7894989037480213,0.4159360106385202,0.43860225020462135,0.45874587458745875,0.5,1.0,0.0,1.0,0.8973481247920801,0.814616599403404,0.4159360106385202,0.814616599403404,0.4159359931945801,0.0,0.0
single_head,switzerland,cleveland,5,conservative_candidate,303,0.45874587458745875,0.814616599403404,0.7894989037480213,0.4159360106385202,0.43860225020462135,0.45874587458745875,0.5,1.0,0.0,1.0,0.8973481247920801,0.814616599403404,0.4159360106385202,0.814616599403404,0.4159359931945801,0.0,0.0
single_head,switzerland,cleveland,6,pseudo_label_sfda,303,0.45874587458745875,0.7496929285839621,0.7115216420099517,0.5047021373633886,0.5138787747216303,0.45874587458745875,0.5,1.0,0.0,1.0,0.9719287117715716,0.7496929285839621,0.5047021373633886,0.7467538164590279,0.4447529017925262,0.0,0.0
single_head,switzerland,cleveland,6,entropy_sfda,303,0.45874587458745875,0.740151781014213,0.7064926725207911,0.4951986815082984,0.5057547255711194,0.45874587458745875,0.5,1.0,0.0,1.0,0.9630238909532528,0.740151781014213,0.4951986815082984,0.7467538164590279,0.4447529017925262,0.0,0.0
single_head,switzerland,cleveland,6,reliability_gated_sfda,303,0.45874587458745875,0.7467538164590279,0.7041113135386143,0.4447529324644999,0.46126287723138387,0.45874587458745875,0.5,1.0,0.0,1.0,0.9186163511213297,0.7467538164590279,0.4447529324644999,0.7467538164590279,0.4447529017925262,0.0,0.0
single_head,switzerland,cleveland,6,conservative_candidate,303,0.45874587458745875,0.7467538164590279,0.7041113135386143,0.4447529324644999,0.46126287723138387,0.45874587458745875,0.5,1.0,0.0,1.0,0.9186163511213297,0.7467538164590279,0.4447529324644999,0.7467538164590279,0.4447529017925262,0.0,0.0
single_head,switzerland,cleveland,7,pseudo_label_sfda,303,0.45874587458745875,0.8458940164941218,0.833511266073492,0.45831189223879115,0.48198775843818586,0.45874587458745875,0.5,1.0,0.0,1.0,0.9407336330256446,0.8458940164941218,0.4583118922387911,0.8422091595016671,0.4040291607379913,0.0,5.551115123125783e-17
single_head,switzerland,cleveland,7,entropy_sfda,303,0.45874587458745875,0.8431303737497807,0.8322287244908364,0.4591198993811988,0.4815178314844768,0.45874587458745875,0.5,1.0,0.0,1.0,0.9402637060719354,0.8431303737497807,0.4591198993811988,0.8422091595016671,0.4040291607379913,0.0,0.0
single_head,switzerland,cleveland,7,reliability_gated_sfda,303,0.45874587458745875,0.8422091595016671,0.8259413962882964,0.4040291710260989,0.43355666155075484,0.45874587458745875,0.5,1.0,0.0,1.0,0.8923025361382135,0.8422091595016671,0.4040291710260988,0.8422091595016671,0.4040291607379913,0.0,1.1102230246251565e-16
single_head,switzerland,cleveland,7,conservative_candidate,303,0.45874587458745875,0.8422091595016671,0.8259413962882964,0.4040291710260989,0.43355666155075484,0.45874587458745875,0.5,1.0,0.0,1.0,0.8923025361382135,0.8422091595016671,0.4040291710260988,0.8422091595016671,0.4040291607379913,0.0,1.1102230246251565e-16
single_head,switzerland,cleveland,8,pseudo_label_sfda,303,0.45874587458745875,0.7908404983330409,0.7764141808165332,0.44585287225995807,0.4672895465353535,0.45874587458745875,0.5,1.0,0.0,1.0,0.9260354211228122,0.7908404983330409,0.445852872259958,0.7854009475346552,0.3940972685813904,0.0,5.551115123125783e-17
single_head,switzerland,cleveland,8,entropy_sfda,303,0.45874587458745875,0.7839533251447623,0.7717056354028589,0.4535412583060792,0.4726270258229951,0.45874587458745875,0.5,1.0,0.0,1.0,0.9313729004104538,0.7839533251447623,0.4535412583060792,0.7854009475346552,0.3940972685813904,0.0,0.0
single_head,switzerland,cleveland,8,reliability_gated_sfda,303,0.45874587458745875,0.7854009475346552,0.7694865039344109,0.39409728510061104,0.41660779340825854,0.45874587458745875,0.5,1.0,0.0,1.0,0.8753536679957172,0.7854009475346552,0.394097285100611,0.7854009475346552,0.3940972685813904,0.0,5.551115123125783e-17
single_head,switzerland,cleveland,8,conservative_candidate,303,0.45874587458745875,0.7854009475346552,0.7694865039344109,0.39409728510061104,0.41660779340825854,0.45874587458745875,0.5,1.0,0.0,1.0,0.8753536679957172,0.7854009475346552,0.394097285100611,0.7854009475346552,0.3940972685813904,0.0,5.551115123125783e-17
single_head,switzerland,cleveland,9,pseudo_label_sfda,303,0.45874587458745875,0.801061589752588,0.7859800382013736,0.4624863149778841,0.48342467337945116,0.45874587458745875,0.5,1.0,0.0,1.0,0.9421705479669099,0.801061589752588,0.462486314977884,0.8050973855062291,0.4037350714206695,0.0,1.1102230246251565e-16
single_head,switzerland,cleveland,9,entropy_sfda,303,0.45874587458745875,0.793121600280751,0.7832975924434873,0.4648893605823819,0.4840942855321928,0.45874587458745875,0.5,1.0,0.0,1.0,0.9428401601196515,0.793121600280751,0.4648893605823819,0.8050973855062291,0.4037350714206695,0.0,0.0
single_head,switzerland,cleveland,9,reliability_gated_sfda,303,0.45874587458745875,0.8050973855062291,0.7910963909947453,0.40373503730217847,0.43063493530348973,0.45874587458745875,0.5,1.0,0.0,1.0,0.8893808098909485,0.8050973855062291,0.4037350373021784,0.8050973855062291,0.4037350714206695,0.0,5.551115123125783e-17
single_head,switzerland,cleveland,9,conservative_candidate,303,0.45874587458745875,0.8050973855062291,0.7910963909947453,0.40373503730217847,0.43063493530348973,0.45874587458745875,0.5,1.0,0.0,1.0,0.8893808098909485,0.8050973855062291,0.4037350373021784,0.8050973855062291,0.4037350714206695,0.0,5.551115123125783e-17
single_head,switzerland,hungary,0,pseudo_label_sfda,294,0.36054421768707484,0.8435869128863911,0.735512580506503,0.5553470076841985,0.586594805831001,0.36054421768707484,0.5,1.0,0.0,1.0,0.9471390235180758,0.8435869128863911,0.5553470076841985,0.8480529907667603,0.4878593385219574,0.0,0.0
single_head,switzerland,hungary,0,entropy_sfda,294,0.36054421768707484,0.8298374146928944,0.7110661423095311,0.562582106885639,0.5904497552891167,0.36054421768707484,0.5,1.0,0.0,1.0,0.9509939729761915,0.8298374146928944,0.562582106885639,0.8480529907667603,0.4878593385219574,0.0,0.0
single_head,switzerland,hungary,0,reliability_gated_sfda,294,0.36054421768707484,0.8480529907667603,0.7386527088919558,0.4878593750280115,0.5370869614234587,0.36054421768707484,0.5,1.0,0.0,1.0,0.8976311791105335,0.8480529907667603,0.4878593750280115,0.8480529907667603,0.4878593385219574,0.0,0.0
single_head,switzerland,hungary,0,conservative_candidate,294,0.36054421768707484,0.8480529907667603,0.7386527088919558,0.4878593750280115,0.5370869614234587,0.36054421768707484,0.5,1.0,0.0,1.0,0.8976311791105335,0.8480529907667603,0.4878593750280115,0.8480529907667603,0.4878593385219574,0.0,0.0
single_head,switzerland,hungary,1,pseudo_label_sfda,294,0.36054421768707484,0.8591429144921718,0.7744780487037404,0.5645178800267705,0.5938217279051438,0.36054421768707484,0.5,1.0,0.0,1.0,0.9543659455922185,0.8591429144921718,0.5645178800267705,0.8602468887996788,0.4947354197502136,0.0,0.0
single_head,switzerland,hungary,1,entropy_sfda,294,0.36054421768707484,0.8478522681653955,0.7467200575413179,0.5709302012286278,0.5972848441325077,0.36054421768707484,0.5,1.0,0.0,1.0,0.9578290618195826,0.8478522681653955,0.5709302012286278,0.8602468887996788,0.4947354197502136,0.0,0.0
single_head,switzerland,hungary,1,reliability_gated_sfda,294,0.36054421768707484,0.8602468887996788,0.7683205957388286,0.4947353977992427,0.5447170063346422,0.36054421768707484,0.5,1.0,0.0,1.0,0.905261224021717,0.8602468887996788,0.4947353977992427,0.8602468887996788,0.4947354197502136,0.0,0.0
single_head,switzerland,hungary,1,conservative_candidate,294,0.36054421768707484,0.8602468887996788,0.7683205957388286,0.4947353977992427,0.5447170063346422,0.36054421768707484,0.5,1.0,0.0,1.0,0.905261224021717,0.8602468887996788,0.4947353977992427,0.8602468887996788,0.4947354197502136,0.0,0.0
single_head,switzerland,hungary,2,pseudo_label_sfda,294,0.36054421768707484,0.8578883982336412,0.756907757279427,0.5384147925661806,0.5761979238516619,0.36054421768707484,0.5,1.0,0.0,1.0,0.9367421415387368,0.8578883982336412,0.5384147925661806,0.8542252107587314,0.4789237082004547,0.0,0.0
single_head,switzerland,hungary,2,entropy_sfda,294,0.36054421768707484,0.8526194299478121,0.7524462579564568,0.544505051212699,0.5795846863263319,0.36054421768707484,0.5,1.0,0.0,1.0,0.9401289040134067,0.8526194299478121,0.544505051212699,0.8542252107587314,0.4789237082004547,0.0,0.0
single_head,switzerland,hungary,2,reliability_gated_sfda,294,0.36054421768707484,0.8542252107587314,0.7562243042716372,0.47892372499786945,0.5312323314802987,0.36054421768707484,0.5,1.0,0.0,1.0,0.8917765491673736,0.8542252107587314,0.4789237249978694,0.8542252107587314,0.4789237082004547,0.0,5.551115123125783e-17
single_head,switzerland,hungary,2,conservative_candidate,294,0.36054421768707484,0.8542252107587314,0.7562243042716372,0.47892372499786945,0.5312323314802987,0.36054421768707484,0.5,1.0,0.0,1.0,0.8917765491673736,0.8542252107587314,0.4789237249978694,0.8542252107587314,0.4789237082004547,0.0,5.551115123125783e-17
single_head,switzerland,hungary,3,pseudo_label_sfda,294,0.36054421768707484,0.8524187073464472,0.7341620292264848,0.5579561771972033,0.5887265237821202,0.36054421768707484,0.5,1.0,0.0,1.0,0.9492707414691951,0.8524187073464472,0.5579561771972033,0.8518667201926937,0.497212678194046,0.0,0.0
single_head,switzerland,hungary,3,entropy_sfda,294,0.36054421768707484,0.8446407065435567,0.7080398265412714,0.5571806186208138,0.5873956183592479,0.36054421768707484,0.5,1.0,0.0,1.0,0.9479398360463227,0.8446407065435567,0.5571806186208138,0.8518667201926937,0.497212678194046,0.0,0.0
single_head,switzerland,hungary,3,reliability_gated_sfda,294,0.36054421768707484,0.8518667201926937,0.7316462240081788,0.49721267126480967,0.5444790364122715,0.36054421768707484,0.5,1.0,0.0,1.0,0.9050232540993464,0.8518667201926937,0.4972126712648096,0.8518667201926937,0.497212678194046,0.0,5.551115123125783e-17
single_head,switzerland,hungary,3,conservative_candidate,294,0.36054421768707484,0.8518667201926937,0.7316462240081788,0.49721267126480967,0.5444790364122715,0.36054421768707484,0.5,1.0,0.0,1.0,0.9050232540993464,0.8518667201926937,0.4972126712648096,0.8518667201926937,0.497212678194046,0.0,5.551115123125783e-17
single_head,switzerland,hungary,4,pseudo_label_sfda,294,0.36054421768707484,0.8660678442392613,0.7935143461485139,0.5526825471479129,0.5866971121353357,0.36054421768707484,0.5,1.0,0.0,1.0,0.9472413298224105,0.8660678442392613,0.5526825471479129,0.8644620634283421,0.4802463054656982,0.0,0.0
single_head,switzerland,hungary,4,entropy_sfda,294,0.36054421768707484,0.8626555600160577,0.7868387612694258,0.5554847224006645,0.5879575673009262,0.36054421768707484,0.5,1.0,0.0,1.0,0.9485017849880011,0.8626555600160577,0.5554847224006645,0.8644620634283421,0.4802463054656982,0.0,0.0
single_head,switzerland,hungary,4,reliability_gated_sfda,294,0.36054421768707484,0.8644620634283421,0.7902535917391402,0.4802462961570179,0.5352772695272148,0.36054421768707484,0.5,1.0,0.0,1.0,0.8958214872142896,0.8644620634283421,0.4802462961570179,0.8644620634283421,0.4802463054656982,0.0,0.0
single_head,switzerland,hungary,4,conservative_candidate,294,0.36054421768707484,0.8644620634283421,0.7902535917391402,0.4802462961570179,0.5352772695272148,0.36054421768707484,0.5,1.0,0.0,1.0,0.8958214872142896,0.8644620634283421,0.4802462961570179,0.8644620634283421,0.4802463054656982,0.0,0.0
single_head,switzerland,hungary,5,pseudo_label_sfda,294,0.36054421768707484,0.8760537936571658,0.7988918213312918,0.5419260527629379,0.5775068813846225,0.36054421768707484,0.5,1.0,0.0,1.0,0.9380510990716973,0.8760537936571658,0.5419260527629379,0.8709855479727017,0.4809967279434204,0.0,0.0
single_head,switzerland,hungary,5,entropy_sfda,294,0.36054421768707484,0.8675732637494983,0.7834191562415451,0.5438405852936489,0.5776175153093274,0.36054421768707484,0.5,1.0,0.0,1.0,0.9381617329964022,0.8675732637494983,0.5438405852936489,0.8709855479727017,0.4809967279434204,0.0,0.0
single_head,switzerland,hungary,5,reliability_gated_sfda,294,0.36054421768707484,0.8709855479727017,0.7870775245159976,0.48099674936432374,0.5313747326532999,0.36054421768707484,0.5,1.0,0.0,1.0,0.8919189503403748,0.8709855479727017,0.4809967493643237,0.8709855479727017,0.4809967279434204,0.0,5.551115123125783e-17
single_head,switzerland,hungary,5,conservative_candidate,294,0.36054421768707484,0.8709855479727017,0.7870775245159976,0.48099674936432374,0.5313747326532999,0.36054421768707484,0.5,1.0,0.0,1.0,0.8919189503403748,0.8709855479727017,0.4809967493643237,0.8709855479727017,0.4809967279434204,0.0,5.551115123125783e-17
single_head,switzerland,hungary,6,pseudo_label_sfda,294,0.36054421768707484,0.8301886792452831,0.7169591244931373,0.5895052573673649,0.6067980825901031,0.36054421768707484,0.5,1.0,0.0,1.0,0.9673423002771779,0.8301886792452831,0.5895052573673649,0.8468988358089122,0.5173057317733765,0.0,0.0
single_head,switzerland,hungary,6,entropy_sfda,294,0.36054421768707484,0.8181955038137294,0.6884009606026247,0.5823283598160685,0.6009483341457081,0.36054421768707484,0.5,1.0,0.0,1.0,0.9614925518327829,0.8181955038137294,0.5823283598160685,0.8468988358089122,0.5173057317733765,0.0,0.0
single_head,switzerland,hungary,6,reliability_gated_sfda,294,0.36054421768707484,0.8468988358089122,0.7302084353491668,0.5173057221394872,0.554155556725807,0.36054421768707484,0.5,1.0,0.0,1.0,0.9146997744128817,0.8468988358089122,0.5173057221394872,0.8468988358089122,0.5173057317733765,0.0,0.0
single_head,switzerland,hungary,6,conservative_candidate,294,0.36054421768707484,0.8468988358089122,0.7302084353491668,0.5173057221394872,0.554155556725807,0.36054421768707484,0.5,1.0,0.0,1.0,0.9146997744128817,0.8468988358089122,0.5173057221394872,0.8468988358089122,0.5173057317733765,0.0,0.0
single_head,switzerland,hungary,7,pseudo_label_sfda,294,0.36054421768707484,0.8832296266559614,0.8192617433758996,0.543111904850433,0.5793112404897911,0.36054421768707484,0.5,1.0,0.0,1.0,0.9398554581768659,0.8832296266559614,0.543111904850433,0.8804195102368527,0.4800978302955627,0.0,0.0
single_head,switzerland,hungary,7,entropy_sfda,294,0.36054421768707484,0.8775090325170615,0.8100566312507377,0.5488169039447118,0.5821492862539227,0.36054421768707484,0.5,1.0,0.0,1.0,0.9426935039409975,0.8775090325170615,0.5488169039447118,0.8804195102368527,0.4800978302955627,0.0,0.0
single_head,switzerland,hungary,7,reliability_gated_sfda,294,0.36054421768707484,0.8804195102368527,0.8127790980794822,0.4800978240209902,0.5327720763731976,0.36054421768707484,0.5,1.0,0.0,1.0,0.8933162940602725,0.8804195102368527,0.4800978240209902,0.8804195102368527,0.4800978302955627,0.0,0.0
single_head,switzerland,hungary,7,conservative_candidate,294,0.36054421768707484,0.8804195102368527,0.8127790980794822,0.4800978240209902,0.5327720763731976,0.36054421768707484,0.5,1.0,0.0,1.0,0.8933162940602725,0.8804195102368527,0.4800978240209902,0.8804195102368527,0.4800978302955627,0.0,0.0
single_head,switzerland,hungary,8,pseudo_label_sfda,294,0.36054421768707484,0.8566840626254516,0.7748700637109527,0.5447277252989091,0.5798226193505891,0.36054421768707484,0.5,1.0,0.0,1.0,0.9403668370376639,0.8566840626254516,0.5447277252989091,0.8597952629466078,0.4789448976516723,0.0,0.0
single_head,switzerland,hungary,8,entropy_sfda,294,0.36054421768707484,0.8476515455640306,0.762127673426189,0.5520365029676123,0.583887081567933,0.36054421768707484,0.5,1.0,0.0,1.0,0.9444312992550078,0.8476515455640306,0.5520365029676123,0.8597952629466078,0.4789448976516723,0.0,0.0
single_head,switzerland,hungary,8,reliability_gated_sfda,294,0.36054421768707484,0.8597952629466078,0.7780708059637703,0.4789448789599221,0.5311962185668296,0.36054421768707484,0.5,1.0,0.0,1.0,0.8917404362539045,0.8597952629466078,0.4789448789599221,0.8597952629466078,0.4789448976516723,0.0,0.0
single_head,switzerland,hungary,8,conservative_candidate,294,0.36054421768707484,0.8597952629466078,0.7780708059637703,0.4789448789599221,0.5311962185668296,0.36054421768707484,0.5,1.0,0.0,1.0,0.8917404362539045,0.8597952629466078,0.4789448789599221,0.8597952629466078,0.4789448976516723,0.0,0.0
single_head,switzerland,hungary,9,pseudo_label_sfda,294,0.36054421768707484,0.8729425933360097,0.8059080358828771,0.56429785123594,0.5934830713434284,0.36054421768707484,0.5,1.0,0.0,1.0,0.9540272890305033,0.8729425933360097,0.56429785123594,0.8740465676435166,0.4921935796737671,0.0,0.0
single_head,switzerland,hungary,9,entropy_sfda,294,0.36054421768707484,0.867523083099157,0.7946929296576464,0.566204872797564,0.5939479368884547,0.36054421768707484,0.5,1.0,0.0,1.0,0.9544921545755296,0.867523083099157,0.566204872797564,0.8740465676435166,0.4921935796737671,0.0,0.0
single_head,switzerland,hungary,9,reliability_gated_sfda,294,0.36054421768707484,0.8740465676435166,0.8008083523370679,0.49219357744844167,0.5424602925777435,0.36054421768707484,0.5,1.0,0.0,1.0,0.9030045102648183,0.8740465676435166,0.4921935774484416,0.8740465676435166,0.4921935796737671,0.0,5.551115123125783e-17
single_head,switzerland,hungary,9,conservative_candidate,294,0.36054421768707484,0.8740465676435166,0.8008083523370679,0.49219357744844167,0.5424602925777435,0.36054421768707484,0.5,1.0,0.0,1.0,0.9030045102648183,0.8740465676435166,0.4921935774484416,0.8740465676435166,0.4921935796737671,0.0,5.551115123125783e-17
single_head,switzerland,va_long_beach,0,pseudo_label_sfda,200,0.745,0.6747598368206343,0.8400420890331528,0.23350760745788823,0.2244884967803955,0.745,0.5,1.0,0.0,1.0,0.9694884967803955,0.6747598368206343,0.2335076074578882,0.6546256086327148,0.2161903977394104,0.0,2.7755575615628914e-17
single_head,switzerland,va_long_beach,0,entropy_sfda,200,0.745,0.6708119489406501,0.8375942814668482,0.2273719257688021,0.2129628455638886,0.745,0.5,1.0,0.0,1.0,0.9579628455638886,0.6708119489406501,0.2273719257688021,0.6546256086327148,0.2161903977394104,0.0,0.0
single_head,switzerland,va_long_beach,0,reliability_gated_sfda,200,0.745,0.6546256086327148,0.8277976058649308,0.2161903913610675,0.1897391560673713,0.745,0.5,1.0,0.0,1.0,0.9347391560673713,0.6546256086327148,0.2161903913610675,0.6546256086327148,0.2161903977394104,0.0,0.0
single_head,switzerland,va_long_beach,0,conservative_candidate,200,0.745,0.6546256086327148,0.8277976058649308,0.2161903913610675,0.1897391560673713,0.745,0.5,1.0,0.0,1.0,0.9347391560673713,0.6546256086327148,0.2161903913610675,0.6546256086327148,0.2161903977394104,0.0,0.0
single_head,switzerland,va_long_beach,1,pseudo_label_sfda,200,0.745,0.7042373996578497,0.8651357800682815,0.22962409884143922,0.22041918009519576,0.745,0.5,1.0,0.0,1.0,0.9654191800951958,0.7042373996578497,0.2296240988414392,0.6946308724832214,0.2111835330724716,0.0,2.7755575615628914e-17
single_head,switzerland,va_long_beach,1,entropy_sfda,200,0.745,0.7021318594551915,0.8620207400984237,0.2232731480845687,0.20864659130573268,0.745,0.5,1.0,0.0,1.0,0.9536465913057327,0.7021318594551915,0.2232731480845687,0.6946308724832214,0.2111835330724716,0.0,0.0
single_head,switzerland,va_long_beach,1,reliability_gated_sfda,200,0.745,0.6946308724832214,0.855833354476478,0.2111835210994384,0.18320330500602727,0.745,0.5,1.0,0.0,1.0,0.9282033050060272,0.6946308724832214,0.2111835210994384,0.6946308724832214,0.2111835330724716,0.0,0.0
single_head,switzerland,va_long_beach,1,conservative_candidate,200,0.745,0.6946308724832214,0.855833354476478,0.2111835210994384,0.18320330500602727,0.745,0.5,1.0,0.0,1.0,0.9282033050060272,0.6946308724832214,0.2111835210994384,0.6946308724832214,0.2111835330724716,0.0,0.0
single_head,switzerland,va_long_beach,2,pseudo_label_sfda,200,0.745,0.6883142518752468,0.8501223888679315,0.2334350365243187,0.22821271151304245,0.745,0.5,1.0,0.0,1.0,0.9710999491810799,0.6883142518752468,0.2334350365243187,0.6739702592446375,0.2169640511274337,0.0,0.0
single_head,switzerland,va_long_beach,2,entropy_sfda,200,0.745,0.6854191340965916,0.8493718702281038,0.22666765283145474,0.21642063736915587,0.745,0.5,1.0,0.0,1.0,0.9590487188100815,0.6854191340965916,0.2266676528314547,0.6739702592446375,0.2169640511274337,0.0,2.7755575615628914e-17
single_head,switzerland,va_long_beach,2,reliability_gated_sfda,200,0.745,0.6739702592446375,0.8405315127831698,0.2169640547760465,0.19376941651105886,0.745,0.5,1.0,0.0,1.0,0.9387694165110588,0.6739702592446375,0.2169640547760465,0.6739702592446375,0.2169640511274337,0.0,0.0
single_head,switzerland,va_long_beach,2,conservative_candidate,200,0.745,0.6739702592446375,0.8405315127831698,0.2169640547760465,0.19376941651105886,0.745,0.5,1.0,0.0,1.0,0.9387694165110588,0.6739702592446375,0.2169640547760465,0.6739702592446375,0.2169640511274337,0.0,0.0
single_head,switzerland,va_long_beach,3,pseudo_label_sfda,200,0.745,0.7102908277404921,0.86414550539673,0.23269947291329252,0.22462801754474643,0.745,0.5,1.0,0.0,1.0,0.9696280175447464,0.7102908277404921,0.2326994729132925,0.7033162258191867,0.2166251689195633,0.0,2.7755575615628914e-17
single_head,switzerland,va_long_beach,3,entropy_sfda,200,0.745,0.7096328464271615,0.864448785838527,0.22556451975299516,0.21165979534387588,0.745,0.5,1.0,0.0,1.0,0.9566597953438759,0.7096328464271615,0.2255645197529951,0.7033162258191867,0.2166251689195633,0.0,5.551115123125783e-17
single_head,switzerland,va_long_beach,3,reliability_gated_sfda,200,0.745,0.7033162258191867,0.8593949884298379,0.21662516673176185,0.19324309140443796,0.745,0.5,1.0,0.0,1.0,0.9382430914044381,0.7033162258191867,0.2166251667317618,0.7033162258191867,0.2166251689195633,0.0,5.551115123125783e-17
single_head,switzerland,va_long_beach,3,conservative_candidate,200,0.745,0.7033162258191867,0.8593949884298379,0.21662516673176185,0.19324309140443796,0.745,0.5,1.0,0.0,1.0,0.9382430914044381,0.7033162258191867,0.2166251667317618,0.7033162258191867,0.2166251689195633,0.0,5.551115123125783e-17
single_head,switzerland,va_long_beach,4,pseudo_label_sfda,200,0.745,0.7083168838005001,0.8642072562612361,0.23075097492989405,0.2225288081169129,0.745,0.5,1.0,0.0,1.0,0.9675288081169129,0.7083168838005001,0.230750974929894,0.6958152388472167,0.2126798033714294,0.0,5.551115123125783e-17
single_head,switzerland,va_long_beach,4,entropy_sfda,200,0.745,0.7066061323858404,0.8622758249597413,0.22411755934213423,0.21073300093412406,0.745,0.5,1.0,0.0,1.0,0.9557330009341239,0.7066061323858404,0.2241175593421342,0.6958152388472167,0.2126798033714294,0.0,2.7755575615628914e-17
single_head,switzerland,va_long_beach,4,reliability_gated_sfda,200,0.745,0.6958152388472167,0.8552188534796072,0.21267980930777583,0.18734357565641407,0.745,0.5,1.0,0.0,1.0,0.932343575656414,0.6958152388472167,0.2126798093077758,0.6958152388472167,0.2126798033714294,0.0,2.7755575615628914e-17
single_head,switzerland,va_long_beach,4,conservative_candidate,200,0.745,0.6958152388472167,0.8552188534796072,0.21267980930777583,0.18734357565641407,0.745,0.5,1.0,0.0,1.0,0.932343575656414,0.6958152388472167,0.2126798093077758,0.6958152388472167,0.2126798033714294,0.0,2.7755575615628914e-17
single_head,switzerland,va_long_beach,5,pseudo_label_sfda,200,0.745,0.7181866035004606,0.8613084441850448,0.23442213586607752,0.22662351012229917,0.745,0.5,1.0,0.0,1.0,0.9716235101222992,0.7181866035004606,0.2344221358660775,0.7106856165284906,0.2180365622043609,0.0,2.7755575615628914e-17
single_head,switzerland,va_long_beach,5,entropy_sfda,200,0.745,0.7156862745098039,0.8590267632019175,0.22683164031686978,0.2128838589787483,0.745,0.5,1.0,0.0,1.0,0.9578838589787483,0.7156862745098039,0.2268316403168697,0.7106856165284906,0.2180365622043609,0.0,8.326672684688674e-17
single_head,switzerland,va_long_beach,5,reliability_gated_sfda,200,0.745,0.7106856165284906,0.8570197825544071,0.2180365531420919,0.19513398498296738,0.745,0.5,1.0,0.0,1.0,0.9401339849829674,0.7106856165284906,0.2180365531420919,0.7106856165284906,0.2180365622043609,0.0,0.0
single_head,switzerland,va_long_beach,5,conservative_candidate,200,0.745,0.7106856165284906,0.8570197825544071,0.2180365531420919,0.19513398498296738,0.745,0.5,1.0,0.0,1.0,0.9401339849829674,0.7106856165284906,0.2180365531420919,0.7106856165284906,0.2180365622043609,0.0,0.0
single_head,switzerland,va_long_beach,6,pseudo_label_sfda,200,0.745,0.7298986708777471,0.8659819458458768,0.23388838193164985,0.22419736534357074,0.745,0.5,1.0,0.0,1.0,0.9691973653435707,0.7298986708777471,0.2338883819316498,0.7168706408737993,0.2144691795110702,0.0,5.551115123125783e-17
single_head,switzerland,va_long_beach,6,entropy_sfda,200,0.745,0.7247664166337677,0.8623250960240951,0.22607195582977124,0.20943883717060094,0.745,0.5,1.0,0.0,1.0,0.9544388371706009,0.7247664166337677,0.2260719558297712,0.7168706408737993,0.2144691795110702,0.0,5.551115123125783e-17
single_head,switzerland,va_long_beach,6,reliability_gated_sfda,200,0.745,0.7168706408737993,0.8617547446449132,0.21446917898341356,0.18487367480993278,0.745,0.5,1.0,0.0,1.0,0.9298736748099327,0.7168706408737993,0.2144691789834135,0.7168706408737993,0.2144691795110702,0.0,5.551115123125783e-17
single_head,switzerland,va_long_beach,6,conservative_candidate,200,0.745,0.7168706408737993,0.8617547446449132,0.21446917898341356,0.18487367480993278,0.745,0.5,1.0,0.0,1.0,0.9298736748099327,0.7168706408737993,0.2144691789834135,0.7168706408737993,0.2144691795110702,0.0,5.551115123125783e-17
single_head,switzerland,va_long_beach,7,pseudo_label_sfda,200,0.745,0.7413475457297013,0.8782604880491366,0.2336335177847883,0.2264058125019074,0.745,0.5,1.0,0.0,1.0,0.9714058125019074,0.7413475457297013,0.2336335177847883,0.7285827082510856,0.2159268260002136,0.0,0.0
single_head,switzerland,va_long_beach,7,entropy_sfda,200,0.745,0.739242005527043,0.8790756500052879,0.22615250648197005,0.21336873084306723,0.745,0.5,1.0,0.0,1.0,0.9583687308430672,0.739242005527043,0.22615250648197,0.7285827082510856,0.2159268260002136,0.0,5.551115123125783e-17
single_head,switzerland,va_long_beach,7,reliability_gated_sfda,200,0.745,0.7285827082510856,0.8734624677261456,0.2159267922224722,0.19322908520698548,0.745,0.5,1.0,0.0,1.0,0.9382290852069854,0.7285827082510856,0.2159267922224722,0.7285827082510856,0.2159268260002136,0.0,0.0
single_head,switzerland,va_long_beach,7,conservative_candidate,200,0.745,0.7285827082510856,0.8734624677261456,0.2159267922224722,0.19322908520698548,0.745,0.5,1.0,0.0,1.0,0.9382290852069854,0.7285827082510856,0.2159267922224722,0.7285827082510856,0.2159268260002136,0.0,0.0
single_head,switzerland,va_long_beach,8,pseudo_label_sfda,200,0.745,0.7033162258191867,0.8554242739629276,0.2286714401849958,0.21775047630071642,0.745,0.5,1.0,0.0,1.0,0.9627504763007164,0.7033162258191867,0.2286714401849958,0.6859455191472563,0.2111625522375106,0.0,0.0
single_head,switzerland,va_long_beach,8,entropy_sfda,200,0.745,0.7003553099091987,0.8526193541790409,0.22216572863921832,0.20510432392358782,0.745,0.5,1.0,0.0,1.0,0.9501043239235878,0.7003553099091987,0.2221657286392183,0.6859455191472563,0.2111625522375106,0.0,2.7755575615628914e-17
single_head,switzerland,va_long_beach,8,reliability_gated_sfda,200,0.745,0.6859455191472563,0.8441617657489535,0.21116254072621823,0.18063453197479243,0.745,0.5,1.0,0.0,1.0,0.9256345319747925,0.6859455191472563,0.2111625407262182,0.6859455191472563,0.2111625522375106,0.0,2.7755575615628914e-17
single_head,switzerland,va_long_beach,8,conservative_candidate,200,0.745,0.6859455191472563,0.8441617657489535,0.21116254072621823,0.18063453197479243,0.745,0.5,1.0,0.0,1.0,0.9256345319747925,0.6859455191472563,0.2111625407262182,0.6859455191472563,0.2111625522375106,0.0,2.7755575615628914e-17
single_head,switzerland,va_long_beach,9,pseudo_label_sfda,200,0.745,0.7280563232004212,0.8765051083830213,0.2344483549622377,0.22799628794193272,0.745,0.5,1.0,0.0,1.0,0.9729962879419327,0.7280563232004212,0.2344483549622377,0.717660218449796,0.216450810432434,0.0,0.0
single_head,switzerland,va_long_beach,9,entropy_sfda,200,0.745,0.72331885774444,0.8737333277072,0.22774512536724012,0.21652217477560037,0.745,0.5,1.0,0.0,1.0,0.9615221747756004,0.72331885774444,0.2277451253672401,0.717660218449796,0.216450810432434,0.0,2.7755575615628914e-17
single_head,switzerland,va_long_beach,9,reliability_gated_sfda,200,0.745,0.717660218449796,0.8704270697955844,0.21645080125574437,0.1951149940490723,0.745,0.5,1.0,0.0,1.0,0.9401149940490723,0.717660218449796,0.2164508012557443,0.717660218449796,0.216450810432434,0.0,5.551115123125783e-17
single_head,switzerland,va_long_beach,9,conservative_candidate,200,0.745,0.717660218449796,0.8704270697955844,0.21645080125574437,0.1951149940490723,0.745,0.5,1.0,0.0,1.0,0.9401149940490723,0.717660218449796,0.2164508012557443,0.717660218449796,0.216450810432434,0.0,5.551115123125783e-17
single_head,va_long_beach,cleveland,0,pseudo_label_sfda,303,0.45874587458745875,0.8366818740129847,0.816405264114565,0.2014522366134419,0.15900636702874313,0.6864686468646864,0.702689068257589,0.8992805755395683,0.5060975609756098,0.6798679867986799,0.6093821297384331,0.8366818740129847,0.2014522366134419,0.8366818740129847,0.201452225446701,0.0,0.0
single_head,va_long_beach,cleveland,0,entropy_sfda,303,0.45874587458745875,0.8289173539217406,0.8029692973180198,0.2485225345179988,0.25231403564856,0.5742574257425742,0.6039656080014038,0.9640287769784173,0.24390243902439024,0.8514851485148515,0.7110599102360187,0.8289173539217406,0.2485225345179988,0.8366818740129847,0.201452225446701,0.0,0.0
single_head,va_long_beach,cleveland,0,reliability_gated_sfda,303,0.45874587458745875,0.8371644148096157,0.8166540173541538,0.20018293724664346,0.15585731142031484,0.6897689768976898,0.7057378487453939,0.8992805755395683,0.5121951219512195,0.6765676567656765,0.6092463824221797,0.8371644148096157,0.2001829372466434,0.8366818740129847,0.201452225446701,0.0,5.551115123125783e-17
single_head,va_long_beach,cleveland,0,conservative_candidate,303,0.45874587458745875,0.8362870679066503,0.8161124023603255,0.20149010258115238,0.1568412451264095,0.6897689768976898,0.7057378487453939,0.8992805755395683,0.5121951219512195,0.6765676567656765,0.6083805617129449,0.8362870679066503,0.2014901025811523,0.8366818740129847,0.201452225446701,0.0,8.326672684688674e-17
single_head,va_long_beach,cleveland,1,pseudo_label_sfda,303,0.45874587458745875,0.8581768731356378,0.8473903945605961,0.21439515483350055,0.2127571953798678,0.6534653465346535,0.676039656080014,0.9496402877697842,0.4024390243902439,0.759075907590759,0.6597514418092104,0.8581768731356378,0.2143951548335005,0.857738199684155,0.2100691646337509,0.0,5.551115123125783e-17
single_head,va_long_beach,cleveland,1,entropy_sfda,303,0.45874587458745875,0.8522109141954728,0.8428465328807604,0.28701932305744265,0.31774869875939366,0.46204620462046203,0.5030487804878049,1.0,0.006097560975609756,0.9966996699669967,0.7764945733468525,0.8522109141954728,0.2870193230574426,0.857738199684155,0.2100691646337509,0.0,5.551115123125783e-17
single_head,va_long_beach,cleveland,1,reliability_gated_sfda,303,0.45874587458745875,0.8579575364098964,0.8470704299794091,0.20993241268586343,0.20007677607410415,0.6864686468646864,0.7065274609580628,0.9496402877697842,0.4634146341463415,0.7260726072607261,0.6491495934453341,0.8579575364098964,0.2099324126858634,0.857738199684155,0.2100691646337509,0.0,2.7755575615628914e-17
single_head,va_long_beach,cleveland,1,conservative_candidate,303,0.45874587458745875,0.8584400772065274,0.8476637543036694,0.2088376203493932,0.19250290917091248,0.6897689768976898,0.7095762414458677,0.9496402877697842,0.4695121951219512,0.7227722772277227,0.6433218479549924,0.8584400772065274,0.2088376203493932,0.857738199684155,0.2100691646337509,0.0,0.0
single_head,va_long_beach,cleveland,2,pseudo_label_sfda,303,0.45874587458745875,0.8422091595016669,0.842562556040303,0.22442897435512577,0.21324361049302734,0.5808580858085809,0.6078698017195999,0.935251798561151,0.2804878048780488,0.8184818481848185,0.6619785647384404,0.8422091595016669,0.2244289743551257,0.8426478329531497,0.2210427969694137,0.0,5.551115123125783e-17
single_head,va_long_beach,cleveland,2,entropy_sfda,303,0.45874587458745875,0.8419459554307772,0.8434546272572174,0.2711105813768426,0.2954840285353141,0.49174917491749176,0.5304878048780488,1.0,0.06097560975609756,0.966996699669967,0.7445943035898429,0.8419459554307772,0.2711105813768426,0.8426478329531497,0.2210427969694137,0.0,0.0
single_head,va_long_beach,cleveland,2,reliability_gated_sfda,303,0.45874587458745875,0.8427355676434461,0.8430800732141328,0.2210765370261507,0.20437294972611733,0.5907590759075908,0.6164678013686612,0.9280575539568345,0.3048780487804878,0.801980198019802,0.654558281693915,0.8427355676434461,0.2210765370261507,0.8426478329531497,0.2210427969694137,0.0,0.0
single_head,va_long_beach,cleveland,2,conservative_candidate,303,0.45874587458745875,0.8425600982628532,0.8427308727156307,0.2205586440649668,0.20202276336871355,0.5907590759075908,0.6164678013686612,0.9280575539568345,0.3048780487804878,0.801980198019802,0.6508774910822953,0.8425600982628532,0.2205586440649668,0.8426478329531497,0.2210427969694137,0.0,0.0
single_head,va_long_beach,cleveland,3,pseudo_label_sfda,303,0.45874587458745875,0.8179505176346726,0.8162392196340147,0.2379805902030548,0.22205367989272573,0.5643564356435643,0.5953676083523425,0.9712230215827338,0.21951219512195122,0.8679867986798679,0.6779732871370348,0.8179505176346726,0.2379805902030548,0.8178627829443763,0.234363317489624,0.0,0.0
single_head,va_long_beach,cleveland,3,entropy_sfda,303,0.45874587458745875,0.8187839971924898,0.8150849872221226,0.30035713418285637,0.31559362309207223,0.45874587458745875,0.5,1.0,0.0,1.0,0.774339497679531,0.8187839971924898,0.3003571341828563,0.8178627829443763,0.234363317489624,0.0,5.551115123125783e-17
single_head,va_long_beach,cleveland,3,reliability_gated_sfda,303,0.45874587458745875,0.8182137217055624,0.8155927982411391,0.23490072388198474,0.22070544663042124,0.5676567656765676,0.5984163888401474,0.9712230215827338,0.22560975609756098,0.8646864686468647,0.6718053955449523,0.8182137217055624,0.2349007238819847,0.8178627829443763,0.234363317489624,0.0,2.7755575615628914e-17
single_head,va_long_beach,cleveland,3,conservative_candidate,303,0.45874587458745875,0.8184330584313037,0.8155622854733338,0.23482379596042716,0.2179641638061788,0.5676567656765676,0.5984163888401474,0.9712230215827338,0.22560975609756098,0.8646864686468647,0.6700377665927307,0.8184330584313037,0.2348237959604271,0.8178627829443763,0.234363317489624,0.0,5.551115123125783e-17
single_head,va_long_beach,cleveland,4,pseudo_label_sfda,303,0.45874587458745875,0.839313914721881,0.8369703741703423,0.2207745236982084,0.20947497679848875,0.5214521452145214,0.5557334620108791,0.9712230215827338,0.1402439024390244,0.9108910891089109,0.6512970516193818,0.839313914721881,0.2207745236982084,0.8392700473767327,0.2183801084756851,0.0,0.0
single_head,va_long_beach,cleveland,4,entropy_sfda,303,0.45874587458745875,0.8465520266713458,0.8384530086097695,0.252543445910074,0.26488905692651327,0.45874587458745875,0.5,1.0,0.0,1.0,0.7236349315139721,0.8465520266713458,0.252543445910074,0.8392700473767327,0.2183801084756851,0.0,0.0
single_head,va_long_beach,cleveland,4,reliability_gated_sfda,303,0.45874587458745875,0.8399280575539568,0.8375745947115703,0.21891694203546397,0.21349045201496716,0.5445544554455446,0.5770749254255132,0.9712230215827338,0.18292682926829268,0.8877887788778878,0.6455141897052035,0.8399280575539568,0.2189169420354639,0.8392700473767327,0.2183801084756851,0.0,5.551115123125783e-17
single_head,va_long_beach,cleveland,4,conservative_candidate,303,0.45874587458745875,0.8390507106509913,0.8370617863252532,0.21857853912746322,0.21940919343787843,0.5412541254125413,0.5740261449377083,0.9712230215827338,0.17682926829268292,0.8910891089108911,0.6416122810085221,0.8390507106509913,0.2185785391274632,0.8392700473767327,0.2183801084756851,0.0,2.7755575615628914e-17
single_head,va_long_beach,cleveland,5,pseudo_label_sfda,303,0.45874587458745875,0.8322951394981575,0.821854446879131,0.23159807943401678,0.22120729521556262,0.49174917491749176,0.5304878048780488,1.0,0.06097560975609756,0.966996699669967,0.6560482088685429,0.8322951394981575,0.2315980794340167,0.8322951394981575,0.2315980792045593,0.0,8.326672684688674e-17
single_head,va_long_beach,cleveland,5,entropy_sfda,303,0.45874587458745875,0.8322074048078609,0.823475984219187,0.2695177877530449,0.27036443539578525,0.45874587458745875,0.5,1.0,0.0,1.0,0.729110309983244,0.8322074048078609,0.2695177877530449,0.8322951394981575,0.2315980792045593,0.0,0.0
single_head,va_long_beach,cleveland,5,reliability_gated_sfda,303,0.45874587458745875,0.8322074048078609,0.8218137686801492,0.23096033322850418,0.21846019385671459,0.49504950495049505,0.5335365853658537,1.0,0.06707317073170732,0.9636963696369637,0.6544291370182541,0.8322074048078609,0.2309603332285041,0.8322951394981575,0.2315980792045593,0.0,8.326672684688674e-17
single_head,va_long_beach,cleveland,5,conservative_candidate,303,0.45874587458745875,0.8322951394981575,0.8222630143316775,0.2309732379099651,0.2184059951368338,0.49504950495049505,0.5335365853658537,1.0,0.06707317073170732,0.9636963696369637,0.6540864769971804,0.8322951394981575,0.2309732379099651,0.8322951394981575,0.2315980792045593,0.0,0.0
single_head,va_long_beach,cleveland,6,pseudo_label_sfda,303,0.45874587458745875,0.8441393226881907,0.8320792878610314,0.22442437696246065,0.23602227458466005,0.6402640264026402,0.6643928759431479,0.9568345323741008,0.3719512195121951,0.7788778877887789,0.6626441475778523,0.8441393226881907,0.2244243769624606,0.8461133532198631,0.2196541279554367,0.0,5.551115123125783e-17
single_head,va_long_beach,cleveland,6,entropy_sfda,303,0.45874587458745875,0.8299701702052992,0.8145903744428313,0.2852384479656275,0.30182508627573645,0.45874587458745875,0.5,1.0,0.0,1.0,0.7605709608631952,0.8299701702052992,0.2852384479656275,0.8461133532198631,0.2196541279554367,0.0,0.0
single_head,va_long_beach,cleveland,6,reliability_gated_sfda,303,0.45874587458745875,0.8462888226004562,0.8338913130497648,0.21993574461677654,0.2228529090338414,0.6600660066006601,0.6826855588699772,0.9568345323741008,0.40853658536585363,0.759075907590759,0.6534886280498883,0.8462888226004562,0.2199357446167765,0.8461133532198631,0.2196541279554367,0.0,2.7755575615628914e-17
single_head,va_long_beach,cleveland,6,conservative_candidate,303,0.45874587458745875,0.8460256185295666,0.8335182182922283,0.2189748712491328,0.21697831193212633,0.6600660066006601,0.6826855588699772,0.9568345323741008,0.40853658536585363,0.759075907590759,0.6488770281914438,0.8460256185295666,0.2189748712491328,0.8461133532198631,0.2196541279554367,0.0,0.0
single_head,va_long_beach,cleveland,7,pseudo_label_sfda,303,0.45874587458745875,0.8551061589752589,0.8512021862268286,0.22187912372615362,0.2266392329148334,0.570957095709571,0.6036585365853658,1.0,0.2073170731707317,0.8877887788778878,0.6511765524695808,0.8551061589752589,0.2218791237261536,0.8541849447271451,0.2215721011161804,0.0,2.7755575615628914e-17
single_head,va_long_beach,cleveland,7,entropy_sfda,303,0.45874587458745875,0.8569485874714862,0.8498330477620735,0.25906001266475953,0.27286325783619386,0.45874587458745875,0.5,1.0,0.0,1.0,0.7261138387245707,0.8569485874714862,0.2590600126647595,0.8541849447271451,0.2215721011161804,0.0,5.551115123125783e-17
single_head,va_long_beach,cleveland,7,reliability_gated_sfda,303,0.45874587458745875,0.8539656080014038,0.8484638184377612,0.22151053582332703,0.22550961847352508,0.5742574257425742,0.6067073170731707,1.0,0.21341463414634146,0.8844884488448845,0.6506846770398295,0.8539656080014038,0.221510535823327,0.8541849447271451,0.2215721011161804,0.0,2.7755575615628914e-17
single_head,va_long_beach,cleveland,7,conservative_candidate,303,0.45874587458745875,0.8538778733111072,0.8483907768047162,0.2213897492449072,0.2205842929114603,0.5742574257425742,0.6067073170731707,1.0,0.21341463414634146,0.8844884488448845,0.6477570619323466,0.8538778733111072,0.2213897492449072,0.8541849447271451,0.2215721011161804,0.0,0.0
single_head,va_long_beach,cleveland,8,pseudo_label_sfda,303,0.45874587458745875,0.8557641691524829,0.8338022186320861,0.21110824020774552,0.20056390191855605,0.6600660066006601,0.6826855588699772,0.9568345323741008,0.40853658536585363,0.759075907590759,0.6498561839852789,0.8557641691524829,0.2111082402077455,0.8563344446394104,0.2072088867425918,0.0,2.7755575615628914e-17
single_head,va_long_beach,cleveland,8,entropy_sfda,303,0.45874587458745875,0.8496666081768731,0.8309804338394055,0.2697223097968278,0.29291953318583297,0.48184818481848185,0.5207931216002808,0.9928057553956835,0.04878048780487805,0.9702970297029703,0.7488314736597609,0.8496666081768731,0.2697223097968278,0.8563344446394104,0.2072088867425918,0.0,0.0
single_head,va_long_beach,cleveland,8,reliability_gated_sfda,303,0.45874587458745875,0.8566415160554482,0.8339286541436298,0.20633855241843774,0.1946137077344133,0.6831683168316832,0.7029303386559046,0.9424460431654677,0.4634146341463415,0.7227722772277227,0.6400030867101336,0.8566415160554482,0.2063385524184377,0.8563344446394104,0.2072088867425918,0.0,2.7755575615628914e-17
single_head,va_long_beach,cleveland,8,conservative_candidate,303,0.45874587458745875,0.8560712405685208,0.8333740866522028,0.2069104298960211,0.19919830816413703,0.6831683168316832,0.7029303386559046,0.9424460431654677,0.4634146341463415,0.7227722772277227,0.6379044162164821,0.8560712405685208,0.2069104298960211,0.8563344446394104,0.2072088867425918,0.0,0.0
single_head,va_long_beach,cleveland,9,pseudo_label_sfda,303,0.45874587458745875,0.8606334444639411,0.8414773571622715,0.2208204040572834,0.20881299748279084,0.4884488448844885,0.5274390243902439,1.0,0.054878048780487805,0.9702970297029703,0.6611441360055024,0.8606334444639411,0.2208204040572834,0.8618178627829444,0.2176882773637771,0.0,0.0
single_head,va_long_beach,cleveland,9,entropy_sfda,303,0.45874587458745875,0.8529566590629934,0.8354370346316338,0.26129092277940097,0.27981684270865054,0.45874587458745875,0.5,1.0,0.0,1.0,0.7385627172961093,0.8529566590629934,0.2612909227794009,0.8618178627829444,0.2176882773637771,0.0,5.551115123125783e-17
single_head,va_long_beach,cleveland,9,reliability_gated_sfda,303,0.45874587458745875,0.8615107913669066,0.8426797010161786,0.21799060129817138,0.207819926069908,0.5016501650165016,0.5396341463414634,1.0,0.07926829268292683,0.9570957095709571,0.6520783311069602,0.8615107913669066,0.2179906012981713,0.8618178627829444,0.2176882773637771,0.0,8.326672684688674e-17
single_head,va_long_beach,cleveland,9,conservative_candidate,303,0.45874587458745875,0.8616862607474997,0.8426323743726356,0.2178115339247013,0.20288145355265524,0.49834983498349833,0.5365853658536586,1.0,0.07317073170731707,0.9603960396039604,0.6505015007536797,0.8616862607474997,0.2178115339247013,0.8618178627829444,0.2176882773637771,0.0,0.0
single_head,va_long_beach,hungary,0,pseudo_label_sfda,294,0.36054421768707484,0.8728422320353272,0.8115725489093897,0.19363703064062204,0.21331676901603225,0.7585034013605442,0.7823665194700924,0.8679245283018868,0.6968085106382979,0.5068027210884354,0.554856813278328,0.8728422320353272,0.193637030640622,0.8728422320353272,0.1936370283365249,0.0,5.551115123125783e-17
single_head,va_long_beach,hungary,0,entropy_sfda,294,0.36054421768707484,0.8810718586912887,0.8146077258634775,0.20741453920462513,0.24464933695841806,0.7074829931972789,0.7589321557607387,0.9433962264150944,0.574468085106383,0.6122448979591837,0.605193554645493,0.8810718586912887,0.2074145392046251,0.8728422320353272,0.1936370283365249,0.0,2.7755575615628914e-17
single_head,va_long_beach,hungary,0,reliability_gated_sfda,294,0.36054421768707484,0.8727418707346447,0.8119281210700036,0.1921586611432094,0.20853594097555897,0.7653061224489796,0.7876856684062625,0.8679245283018868,0.7074468085106383,0.5,0.5543868672482821,0.8727418707346447,0.1921586611432094,0.8728422320353272,0.1936370283365249,0.0,0.0
single_head,va_long_beach,hungary,0,conservative_candidate,294,0.36054421768707484,0.8718887996788438,0.8113322264363045,0.1939637376413384,0.21153761132233811,0.7619047619047619,0.7850260939381775,0.8679245283018868,0.7021276595744681,0.5034013605442177,0.5540004259064084,0.8718887996788438,0.1939637376413384,0.8728422320353272,0.1936370283365249,0.0,0.0
single_head,va_long_beach,hungary,1,pseudo_label_sfda,294,0.36054421768707484,0.8963769570453632,0.8367380896299814,0.21206557608291188,0.2541225246426199,0.7040816326530612,0.7562725812926536,0.9433962264150944,0.5691489361702128,0.6156462585034014,0.6030528948826044,0.8963769570453632,0.2120655760829118,0.8932155760738659,0.2109448760747909,0.0,8.326672684688674e-17
single_head,va_long_beach,hungary,1,entropy_sfda,294,0.36054421768707484,0.8961762344439984,0.8411828432617295,0.27939481618433026,0.35208414059106996,0.391156462585034,0.523936170212766,1.0,0.047872340425531915,0.9693877551020408,0.7126283582781447,0.8961762344439984,0.2793948161843302,0.8932155760738659,0.2109448760747909,0.0,5.551115123125783e-17
single_head,va_long_beach,hungary,1,reliability_gated_sfda,294,0.36054421768707484,0.8939682858289845,0.8326096680451383,0.2109320828665082,0.25070631615564126,0.7312925170068028,0.7775491770373344,0.9433962264150944,0.6117021276595744,0.5884353741496599,0.599858435542405,0.8939682858289845,0.2109320828665082,0.8932155760738659,0.2109448760747909,0.0,0.0
single_head,va_long_beach,hungary,1,conservative_candidate,294,0.36054421768707484,0.8926635889201124,0.8316165376322108,0.21043421023344047,0.2533640395216391,0.7346938775510204,0.7802087515054195,0.9433962264150944,0.6170212765957447,0.5850340136054422,0.5947840416512522,0.8926635889201124,0.2104342102334404,0.8932155760738659,0.2109448760747909,0.0,8.326672684688674e-17
single_head,va_long_beach,hungary,2,pseudo_label_sfda,294,0.36054421768707484,0.8753010839020474,0.8028059224071814,0.21651495914205063,0.24985727454934809,0.6904761904761905,0.7456342834203131,0.9433962264150944,0.5478723404255319,0.6292517006802721,0.5936756743257549,0.8753010839020474,0.2165149591420506,0.8753010839020474,0.2165149599313736,0.0,2.7755575615628914e-17
single_head,va_long_beach,hungary,2,entropy_sfda,294,0.36054421768707484,0.8829787234042552,0.8111883759987919,0.26187502749980374,0.3225040178315169,0.5136054421768708,0.6176234443998394,0.9905660377358491,0.24468085106382978,0.8401360544217688,0.6789964196227846,0.8829787234042552,0.2618750274998037,0.8753010839020474,0.2165149599313736,0.0,5.551115123125783e-17
single_head,va_long_beach,hungary,2,reliability_gated_sfda,294,0.36054421768707484,0.8758028904054597,0.8037345533641032,0.2161189482644537,0.2538712018606614,0.6938775510204082,0.7503512645523887,0.9528301886792453,0.5478723404255319,0.6326530612244898,0.5956908632703379,0.8758028904054597,0.2161189482644537,0.8753010839020474,0.2165149599313736,0.0,0.0
single_head,va_long_beach,hungary,2,conservative_candidate,294,0.36054421768707484,0.8749498193496588,0.8024710342631802,0.21662135356741316,0.24936085077775583,0.6938775510204082,0.7482938578883982,0.9433962264150944,0.5531914893617021,0.6258503401360545,0.5929062288431894,0.8749498193496588,0.2166213535674131,0.8753010839020474,0.2165149599313736,0.0,5.551115123125783e-17
single_head,va_long_beach,hungary,3,pseudo_label_sfda,294,0.36054421768707484,0.8575873143315936,0.7909348687525564,0.21368784308007616,0.23276020130332636,0.6598639455782312,0.7175832998795664,0.9245283018867925,0.5106382978723404,0.6462585034013606,0.5811939906506312,0.8575873143315936,0.2136878430800761,0.8575873143315936,0.213687852025032,0.0,5.551115123125783e-17
single_head,va_long_beach,hungary,3,entropy_sfda,294,0.36054421768707484,0.8797671617824168,0.8110503705379098,0.2583620747113725,0.3099117464556986,0.46598639455782315,0.5803894018466479,0.9905660377358491,0.1702127659574468,0.8877551020408163,0.6704559641427734,0.8797671617824168,0.2583620747113725,0.8575873143315936,0.213687852025032,0.0,0.0
single_head,va_long_beach,hungary,3,reliability_gated_sfda,294,0.36054421768707484,0.8581894821356885,0.7924039173836247,0.2128613662328669,0.229599807132669,0.6496598639455783,0.7075471698113207,0.9150943396226415,0.5,0.6496598639455783,0.5822978303545997,0.8581894821356885,0.2128613662328669,0.8575873143315936,0.213687852025032,0.0,0.0
single_head,va_long_beach,hungary,3,conservative_candidate,294,0.36054421768707484,0.8574869530309114,0.7911316313333919,0.21449338074912758,0.23394116657931788,0.6530612244897959,0.7122641509433962,0.9245283018867925,0.5,0.6530612244897959,0.5824004967196458,0.8574869530309114,0.2144933807491275,0.8575873143315936,0.213687852025032,0.0,8.326672684688674e-17
single_head,va_long_beach,hungary,4,pseudo_label_sfda,294,0.36054421768707484,0.8869429947812124,0.8329142610231878,0.22070366071464573,0.2607930776010566,0.6326530612244898,0.704536330790847,0.9622641509433962,0.44680851063829785,0.7006802721088435,0.6006998552554319,0.8869429947812124,0.2207036607146457,0.8844841429144921,0.2202266305685043,0.0,2.7755575615628914e-17
single_head,va_long_beach,hungary,4,entropy_sfda,294,0.36054421768707484,0.8944700923323967,0.8388898025970405,0.25649492824845255,0.31618335832949396,0.36394557823129253,0.5026595744680851,1.0,0.005319148936170213,0.9965986394557823,0.6761788893110898,0.8944700923323967,0.2564949282484525,0.8844841429144921,0.2202266305685043,0.0,5.551115123125783e-17
single_head,va_long_beach,hungary,4,reliability_gated_sfda,294,0.36054421768707484,0.8860899237254114,0.8273601431004234,0.2212981051497766,0.26409026524242085,0.6326530612244898,0.704536330790847,0.9622641509433962,0.44680851063829785,0.7006802721088435,0.6009399097184746,0.8860899237254114,0.2212981051497766,0.8844841429144921,0.2202266305685043,0.0,0.0
single_head,va_long_beach,hungary,4,conservative_candidate,294,0.36054421768707484,0.8842834203131272,0.825038438550298,0.22084364422506775,0.2542759947428087,0.6326530612244898,0.704536330790847,0.9622641509433962,0.44680851063829785,0.7006802721088435,0.5961285542671372,0.8842834203131272,0.2208436442250677,0.8844841429144921,0.2202266305685043,0.0,5.551115123125783e-17
single_head,va_long_beach,hungary,5,pseudo_label_sfda,294,0.36054421768707484,0.8822260136491369,0.8279975863045559,0.23406874368170746,0.2707595770456353,0.4013605442176871,0.5319148936170213,1.0,0.06382978723404255,0.9591836734693877,0.6123064644888144,0.8822260136491369,0.2340687436817074,0.8822260136491369,0.2340687364339828,0.0,5.551115123125783e-17
single_head,va_long_beach,hungary,5,entropy_sfda,294,0.36054421768707484,0.8927639502207949,0.8348424586175452,0.2717257274146063,0.3270861607830541,0.36054421768707484,0.5,1.0,0.0,1.0,0.6810277234129354,0.8927639502207949,0.2717257274146063,0.8822260136491369,0.2340687364339828,0.0,0.0
single_head,va_long_beach,hungary,5,reliability_gated_sfda,294,0.36054421768707484,0.8809714973906063,0.8263452110291065,0.23355459043454532,0.2714879745934285,0.3979591836734694,0.5292553191489362,1.0,0.05851063829787234,0.9625850340136054,0.610686123979335,0.8809714973906063,0.2335545904345453,0.8822260136491369,0.2340687364339828,0.0,2.7755575615628914e-17
single_head,va_long_beach,hungary,5,conservative_candidate,294,0.36054421768707484,0.8808209554395826,0.826543918953652,0.23363401914291937,0.2720254702227456,0.3979591836734694,0.5292553191489362,1.0,0.05851063829787234,0.9625850340136054,0.609910657008489,0.8808209554395826,0.2336340191429193,0.8822260136491369,0.2340687364339828,0.0,5.551115123125783e-17
single_head,va_long_beach,hungary,6,pseudo_label_sfda,294,0.36054421768707484,0.8896025692492974,0.8257652160308876,0.2123521191179457,0.23982504152116316,0.7312925170068028,0.7796065837013249,0.9528301886792453,0.6063829787234043,0.5952380952380952,0.5848473537535894,0.8896025692492974,0.2123521191179457,0.8896025692492974,0.2123521119356155,0.0,0.0
single_head,va_long_beach,hungary,6,entropy_sfda,294,0.36054421768707484,0.8801184263348053,0.8127717457663667,0.2671485779539725,0.3287370410703478,0.43537414965986393,0.5564532316338819,0.9905660377358491,0.12234042553191489,0.9183673469387755,0.6808744193542571,0.8801184263348053,0.2671485779539725,0.8896025692492974,0.2123521119356155,0.0,0.0
single_head,va_long_beach,hungary,6,reliability_gated_sfda,294,0.36054421768707484,0.8901043757527096,0.8260888442083792,0.2116190748587465,0.2379584134030504,0.7312925170068028,0.7796065837013249,0.9528301886792453,0.6063829787234043,0.5952380952380952,0.5865136348471349,0.8901043757527096,0.2116190748587465,0.8896025692492974,0.2123521119356155,0.0,0.0
single_head,va_long_beach,hungary,6,conservative_candidate,294,0.36054421768707484,0.8898032918506624,0.8261081891768371,0.21170800394705233,0.2428340569239895,0.7346938775510204,0.7802087515054195,0.9433962264150944,0.6170212765957447,0.5850340136054422,0.5830619653471473,0.8898032918506624,0.2117080039470523,0.8896025692492974,0.2123521119356155,0.0,2.7755575615628914e-17
single_head,va_long_beach,hungary,7,pseudo_label_sfda,294,0.36054421768707484,0.8853372139702931,0.8334656727869727,0.2194349217110645,0.27037370204925537,0.6360544217687075,0.7071959052589322,0.9622641509433962,0.4521276595744681,0.6972789115646258,0.5920680741063592,0.8853372139702931,0.2194349217110645,0.8853372139702931,0.2194349318742752,0.0,0.0
single_head,va_long_beach,hungary,7,entropy_sfda,294,0.36054421768707484,0.8938679245283018,0.8429565045476605,0.2583955733418606,0.3187300531434364,0.3741496598639456,0.5106382978723404,1.0,0.02127659574468085,0.9863945578231292,0.6678554465373358,0.8938679245283018,0.2583955733418606,0.8853372139702931,0.2194349318742752,0.0,0.0
single_head,va_long_beach,hungary,7,reliability_gated_sfda,294,0.36054421768707484,0.885537936571658,0.8342647161451054,0.21990279832615384,0.2718271058635647,0.6326530612244898,0.704536330790847,0.9622641509433962,0.44680851063829785,0.7006802721088435,0.5953135880685988,0.885537936571658,0.2199027983261538,0.8853372139702931,0.2194349318742752,0.0,2.7755575615628914e-17
single_head,va_long_beach,hungary,7,conservative_candidate,294,0.36054421768707484,0.8850361300682457,0.8333373384653735,0.21966515201324954,0.26934674088241295,0.6360544217687075,0.7071959052589322,0.9622641509433962,0.4521276595744681,0.6972789115646258,0.5912132231759376,0.8850361300682457,0.2196651520132495,0.8853372139702931,0.2194349318742752,0.0,5.551115123125783e-17
single_head,va_long_beach,hungary,8,pseudo_label_sfda,294,0.36054421768707484,0.8955740666399036,0.8376142768231711,0.19725664828988446,0.23285479742248041,0.7448979591836735,0.7820152549177037,0.9150943396226415,0.648936170212766,0.5544217687074829,0.578551663934779,0.8955740666399036,0.1972566482898844,0.8936672019269369,0.1951134204864502,0.0,5.551115123125783e-17
single_head,va_long_beach,hungary,8,entropy_sfda,294,0.36054421768707484,0.8960256924929747,0.8385010979317393,0.23342628314373579,0.29202739022621493,0.6224489795918368,0.7006724207145725,0.9811320754716981,0.42021276595744683,0.7244897959183674,0.6525716079132897,0.8960256924929747,0.2334262831437357,0.8936672019269369,0.1951134204864502,0.0,8.326672684688674e-17
single_head,va_long_beach,hungary,8,reliability_gated_sfda,294,0.36054421768707484,0.8939682858289844,0.8341040451353594,0.19396037212491157,0.22514066941478625,0.7585034013605442,0.7905961461260538,0.9056603773584906,0.675531914893617,0.5340136054421769,0.5714477982853545,0.8939682858289844,0.1939603721249115,0.8936672019269369,0.1951134204864502,0.0,8.326672684688674e-17
single_head,va_long_beach,hungary,8,conservative_candidate,294,0.36054421768707484,0.8938177438779606,0.8340038977124926,0.19462418620696764,0.22594043845627584,0.7619047619047619,0.7932557205941388,0.9056603773584906,0.6808510638297872,0.5306122448979592,0.5692490291636007,0.8938177438779606,0.1946241862069676,0.8936672019269369,0.1951134204864502,0.0,5.551115123125783e-17
single_head,va_long_beach,hungary,9,pseudo_label_sfda,294,0.36054421768707484,0.8895022079486149,0.8348572553758612,0.22813427629159552,0.2706606100205662,0.43197278911564624,0.5537936571657969,0.9905660377358491,0.11702127659574468,0.9217687074829932,0.6158826886391153,0.8895022079486149,0.2281342762915955,0.8882476916900842,0.2267249971628189,0.0,2.7755575615628914e-17
single_head,va_long_beach,hungary,9,entropy_sfda,294,0.36054421768707484,0.8920112404656765,0.8396414410185458,0.2712057813657137,0.3346984167488254,0.36054421768707484,0.5,1.0,0.0,1.0,0.6930237185387385,0.8920112404656765,0.2712057813657137,0.8882476916900842,0.2267249971628189,0.0,0.0
single_head,va_long_beach,hungary,9,reliability_gated_sfda,294,0.36054421768707484,0.8883480529907669,0.832535590654005,0.22729212166578558,0.2662816570729626,0.4387755102040816,0.5591128061019671,0.9905660377358491,0.1276595744680851,0.9149659863945578,0.6124431194902278,0.8883480529907669,0.2272921216657855,0.8882476916900842,0.2267249971628189,0.0,8.326672684688674e-17
single_head,va_long_beach,hungary,9,conservative_candidate,294,0.36054421768707484,0.8887494981934966,0.8327538338466328,0.22716243821575374,0.26837053144870154,0.43197278911564624,0.5537936571657969,0.9905660377358491,0.11702127659574468,0.9217687074829932,0.6094242087026842,0.8887494981934966,0.2271624382157537,0.8882476916900842,0.2267249971628189,0.0,5.551115123125783e-17
single_head,va_long_beach,switzerland,0,pseudo_label_sfda,123,0.9349593495934959,0.7086956521739131,0.9676021620025632,0.12184282026965151,0.2375968042912522,0.8617886178861789,0.6934782608695652,0.8869565217391304,0.5,0.8617886178861789,0.6973625453022437,0.7086956521739131,0.1218428202696515,0.7086956521739131,0.1218428164720535,0.0,1.3877787807814457e-17
single_head,va_long_beach,switzerland,0,entropy_sfda,123,0.9349593495934959,0.7130434782608696,0.9676701113964934,0.09894740396748501,0.19281090202370313,0.8943089430894309,0.7108695652173913,0.9217391304347826,0.5,0.8943089430894309,0.7421484475697928,0.7130434782608696,0.098947403967485,0.7086956521739131,0.1218428164720535,0.0,1.3877787807814457e-17
single_head,va_long_beach,switzerland,0,reliability_gated_sfda,123,0.9349593495934959,0.7086956521739131,0.9676021620025632,0.1217453718357545,0.23645982267410776,0.8617886178861789,0.6934782608695652,0.8869565217391304,0.5,0.8617886178861789,0.6984995269193882,0.7086956521739131,0.1217453718357545,0.7086956521739131,0.1218428164720535,0.0,0.0
single_head,va_long_beach,switzerland,0,conservative_candidate,123,0.9349593495934959,0.7086956521739131,0.9676021620025632,0.12235324960497528,0.23867243479907027,0.8617886178861789,0.6934782608695652,0.8869565217391304,0.5,0.8617886178861789,0.6962869147944256,0.7086956521739131,0.1223532496049752,0.7086956521739131,0.1218428164720535,0.0,6.938893903907228e-17
single_head,va_long_beach,switzerland,1,pseudo_label_sfda,123,0.9349593495934959,0.716304347826087,0.9624510418148426,0.10313411497919366,0.21881059781322634,0.9512195121951219,0.741304347826087,0.9826086956521739,0.5,0.9512195121951219,0.7299884409923864,0.716304347826087,0.1031341149791936,0.716304347826087,0.1031341105699539,0.0,5.551115123125783e-17
single_head,va_long_beach,switzerland,1,entropy_sfda,123,0.9349593495934959,0.7271739130434782,0.963366533019427,0.08234656047450878,0.18089877056881665,0.959349593495935,0.6875,1.0,0.375,0.975609756097561,0.778048736777732,0.7271739130434782,0.0823465604745087,0.716304347826087,0.1031341105699539,0.0,8.326672684688674e-17
single_head,va_long_beach,switzerland,1,reliability_gated_sfda,123,0.9349593495934959,0.716304347826087,0.9624510418148426,0.10313411497919366,0.21881059781322634,0.9512195121951219,0.741304347826087,0.9826086956521739,0.5,0.9512195121951219,0.7299884409923864,0.716304347826087,0.1031341149791936,0.716304347826087,0.1031341105699539,0.0,5.551115123125783e-17
single_head,va_long_beach,switzerland,1,conservative_candidate,123,0.9349593495934959,0.716304347826087,0.9624510418148426,0.10313411497919366,0.21881059781322634,0.9512195121951219,0.741304347826087,0.9826086956521739,0.5,0.9512195121951219,0.7299884409923864,0.716304347826087,0.1031341149791936,0.716304347826087,0.1031341105699539,0.0,5.551115123125783e-17
single_head,va_long_beach,switzerland,2,pseudo_label_sfda,123,0.9349593495934959,0.7184782608695652,0.9710060322161148,0.1201708354249621,0.2344365197468579,0.8617886178861789,0.6353260869565218,0.8956521739130435,0.375,0.8780487804878049,0.700522829846638,0.7184782608695652,0.1201708354249621,0.7184782608695652,0.1201708391308784,0.0,0.0
single_head,va_long_beach,switzerland,2,entropy_sfda,123,0.9349593495934959,0.7228260869565217,0.9703369594895417,0.09997263981676917,0.1929508811090051,0.9024390243902439,0.5989130434782608,0.9478260869565217,0.25,0.9349593495934959,0.7420084684844909,0.7228260869565217,0.0999726398167691,0.7184782608695652,0.1201708391308784,0.0,6.938893903907228e-17
single_head,va_long_beach,switzerland,2,reliability_gated_sfda,123,0.9349593495934959,0.7184782608695652,0.9712686005143778,0.11980318806447797,0.23304061506821858,0.8617886178861789,0.6353260869565218,0.8956521739130435,0.375,0.8780487804878049,0.7019187345252773,0.7184782608695652,0.1198031880644779,0.7184782608695652,0.1201708391308784,0.0,6.938893903907228e-17
single_head,va_long_beach,switzerland,2,conservative_candidate,123,0.9349593495934959,0.717391304347826,0.9708637304856241,0.1206084722559318,0.23542775031996938,0.8617886178861789,0.6353260869565218,0.8956521739130435,0.375,0.8780487804878049,0.6995315992735266,0.717391304347826,0.1206084722559318,0.7184782608695652,0.1201708391308784,0.0,0.0
single_head,va_long_beach,switzerland,3,pseudo_label_sfda,123,0.9349593495934959,0.6967391304347826,0.9686952495758178,0.12922380370277267,0.24467851403282911,0.8617886178861789,0.6934782608695652,0.8869565217391304,0.5,0.8617886178861789,0.6902808355606669,0.6967391304347826,0.1292238037027726,0.6967391304347826,0.1292238086462021,0.0,8.326672684688674e-17
single_head,va_long_beach,switzerland,3,entropy_sfda,123,0.9349593495934959,0.7108695652173913,0.9701667535898889,0.10621287086072398,0.20141601271745632,0.8943089430894309,0.5364130434782608,0.9478260869565217,0.125,0.943089430894309,0.7335433368760396,0.7108695652173913,0.1062128708607239,0.6967391304347826,0.1292238086462021,0.0,8.326672684688674e-17
single_head,va_long_beach,switzerland,3,reliability_gated_sfda,123,0.9349593495934959,0.6978260869565217,0.9688878443083518,0.1279826788383305,0.24193043873562078,0.8617886178861789,0.6934782608695652,0.8869565217391304,0.5,0.8617886178861789,0.6930289108578752,0.6978260869565217,0.1279826788383305,0.6967391304347826,0.1292238086462021,0.0,0.0
single_head,va_long_beach,switzerland,3,conservative_candidate,123,0.9349593495934959,0.6967391304347826,0.9686952495758178,0.12851331081535416,0.24380995175702788,0.8617886178861789,0.6934782608695652,0.8869565217391304,0.5,0.8617886178861789,0.6911493978364681,0.6967391304347826,0.1285133108153541,0.6967391304347826,0.1292238086462021,0.0,5.551115123125783e-17
single_head,va_long_beach,switzerland,4,pseudo_label_sfda,123,0.9349593495934959,0.6891304347826088,0.9653122363505396,0.1217561376084685,0.23479837736463155,0.9105691056910569,0.6614130434782608,0.9478260869565217,0.375,0.926829268292683,0.7001609722288643,0.6891304347826088,0.1217561376084685,0.6891304347826088,0.1217561364173889,0.0,0.0
single_head,va_long_beach,switzerland,4,entropy_sfda,123,0.9349593495934959,0.6989130434782609,0.9668342220299424,0.10158760829995903,0.1912966152516807,0.926829268292683,0.4956521739130435,0.991304347826087,0.0,0.991869918699187,0.7436627343418153,0.6989130434782609,0.101587608299959,0.6891304347826088,0.1217561364173889,0.0,2.7755575615628914e-17
single_head,va_long_beach,switzerland,4,reliability_gated_sfda,123,0.9349593495934959,0.6858695652173914,0.9647484779196889,0.12133350563477563,0.23361953341863992,0.9105691056910569,0.6614130434782608,0.9478260869565217,0.375,0.926829268292683,0.7013398161748561,0.6858695652173914,0.1213335056347756,0.6891304347826088,0.1217561364173889,0.0,2.7755575615628914e-17
single_head,va_long_beach,switzerland,4,conservative_candidate,123,0.9349593495934959,0.6891304347826087,0.9652984576131058,0.12190455101219543,0.23514314347166357,0.9105691056910569,0.6614130434782608,0.9478260869565217,0.375,0.926829268292683,0.6998162061218324,0.6891304347826087,0.1219045510121954,0.6891304347826088,0.1217561364173889,0.0,2.7755575615628914e-17
single_head,va_long_beach,switzerland,5,pseudo_label_sfda,123,0.9349593495934959,0.6989130434782609,0.9636447909842689,0.11496375952308112,0.2362232935137865,0.943089430894309,0.5625,1.0,0.125,0.991869918699187,0.706830714776264,0.6989130434782609,0.1149637595230811,0.6989130434782609,0.1149637624621391,0.0,1.3877787807814457e-17
single_head,va_long_beach,switzerland,5,entropy_sfda,123,0.9349593495934959,0.7010869565217391,0.9644344624710877,0.10046760565201156,0.19772225230689944,0.9349593495934959,0.5,1.0,0.0,1.0,0.7372370972865965,0.7010869565217391,0.1004676056520115,0.6989130434782609,0.1149637624621391,0.0,5.551115123125783e-17
single_head,va_long_beach,switzerland,5,reliability_gated_sfda,123,0.9349593495934959,0.6989130434782609,0.9636447909842689,0.11496375952308112,0.2362232935137865,0.943089430894309,0.5625,1.0,0.125,0.991869918699187,0.706830714776264,0.6989130434782609,0.1149637595230811,0.6989130434782609,0.1149637624621391,0.0,1.3877787807814457e-17
single_head,va_long_beach,switzerland,5,conservative_candidate,123,0.9349593495934959,0.6989130434782609,0.9636447909842689,0.11496375952308112,0.2362232935137865,0.943089430894309,0.5625,1.0,0.125,0.991869918699187,0.706830714776264,0.6989130434782609,0.1149637595230811,0.6989130434782609,0.1149637624621391,0.0,1.3877787807814457e-17
single_head,va_long_beach,switzerland,6,pseudo_label_sfda,123,0.9349593495934959,0.682608695652174,0.9570810518041787,0.11863132772836238,0.23573474186222726,0.9105691056910569,0.7195652173913043,0.9391304347826087,0.5,0.9105691056910569,0.6992246077312687,0.682608695652174,0.1186313277283623,0.682608695652174,0.1186313331127166,0.0,8.326672684688674e-17
single_head,va_long_beach,switzerland,6,entropy_sfda,123,0.9349593495934959,0.6793478260869565,0.9554149459426162,0.10049005913700433,0.2208196152516497,0.959349593495935,0.7456521739130435,0.991304347826087,0.5,0.959349593495935,0.7376138907137925,0.6793478260869565,0.1004900591370043,0.682608695652174,0.1186313331127166,0.0,2.7755575615628914e-17
single_head,va_long_beach,switzerland,6,reliability_gated_sfda,123,0.9349593495934959,0.6815217391304348,0.9566520314188323,0.11844010416788542,0.2349496835130986,0.9105691056910569,0.7195652173913043,0.9391304347826087,0.5,0.9105691056910569,0.7000096660803973,0.6815217391304348,0.1184401041678854,0.682608695652174,0.1186313331127166,0.0,1.3877787807814457e-17
single_head,va_long_beach,switzerland,6,conservative_candidate,123,0.9349593495934959,0.6804347826086956,0.956373599206367,0.1192742942929238,0.23697320668677976,0.9105691056910569,0.7195652173913043,0.9391304347826087,0.5,0.9105691056910569,0.6979861429067162,0.6804347826086956,0.1192742942929238,0.682608695652174,0.1186313331127166,0.0,0.0
single_head,va_long_beach,switzerland,7,pseudo_label_sfda,123,0.9349593495934959,0.7010869565217391,0.9664653989774461,0.11691752177095978,0.2334217632689127,0.9105691056910569,0.5451086956521739,0.9652173913043478,0.125,0.959349593495935,0.7015375863245832,0.7010869565217391,0.1169175217709597,0.7010869565217391,0.1169175207614898,0.0,8.326672684688674e-17
single_head,va_long_beach,switzerland,7,entropy_sfda,123,0.9349593495934959,0.7108695652173913,0.9674574443580686,0.10057671416939636,0.20684563992469293,0.943089430894309,0.5625,1.0,0.125,0.991869918699187,0.73597123637432,0.7108695652173913,0.1005767141693963,0.7010869565217391,0.1169175207614898,0.0,5.551115123125783e-17
single_head,va_long_beach,switzerland,7,reliability_gated_sfda,123,0.9349593495934959,0.7010869565217391,0.9664653989774461,0.11691752177095978,0.2334217632689127,0.9105691056910569,0.5451086956521739,0.9652173913043478,0.125,0.959349593495935,0.7015375863245832,0.7010869565217391,0.1169175217709597,0.7010869565217391,0.1169175207614898,0.0,8.326672684688674e-17
single_head,va_long_beach,switzerland,7,conservative_candidate,123,0.9349593495934959,0.7010869565217391,0.9664653989774461,0.11691752177095978,0.2334217632689127,0.9105691056910569,0.5451086956521739,0.9652173913043478,0.125,0.959349593495935,0.7015375863245832,0.7010869565217391,0.1169175217709597,0.7010869565217391,0.1169175207614898,0.0,8.326672684688674e-17
single_head,va_long_beach,switzerland,8,pseudo_label_sfda,123,0.9349593495934959,0.7108695652173913,0.9664186667907524,0.11658934177551511,0.22618691417259895,0.9105691056910569,0.7777173913043478,0.9304347826086956,0.625,0.8943089430894309,0.708772435420897,0.7108695652173913,0.1165893417755151,0.7108695652173913,0.1165893450379371,0.0,1.3877787807814457e-17
single_head,va_long_beach,switzerland,8,entropy_sfda,123,0.9349593495934959,0.7173913043478262,0.967293099725769,0.09305751065347106,0.1779028325061488,0.926829268292683,0.6119565217391305,0.9739130434782609,0.25,0.959349593495935,0.7570565170873471,0.7173913043478262,0.093057510653471,0.7108695652173913,0.1165893450379371,0.0,6.938893903907228e-17
single_head,va_long_beach,switzerland,8,reliability_gated_sfda,123,0.9349593495934959,0.7108695652173913,0.9662948821909672,0.11652765913649597,0.22555648820187016,0.9105691056910569,0.7777173913043478,0.9304347826086956,0.625,0.8943089430894309,0.7094028613916258,0.7108695652173913,0.1165276591364959,0.7108695652173913,0.1165893450379371,0.0,6.938893903907228e-17
single_head,va_long_beach,switzerland,8,conservative_candidate,123,0.9349593495934959,0.7097826086956522,0.9660363392870088,0.11705219763712642,0.22708949252841923,0.9105691056910569,0.7777173913043478,0.9304347826086956,0.625,0.8943089430894309,0.7078698570650768,0.7097826086956522,0.1170521976371264,0.7108695652173913,0.1165893450379371,0.0,1.3877787807814457e-17
single_head,va_long_beach,switzerland,9,pseudo_label_sfda,123,0.9349593495934959,0.7271739130434782,0.9706245140711843,0.11146880582133288,0.21656222072074086,0.9349593495934959,0.5,1.0,0.0,1.0,0.7183971288727551,0.7271739130434782,0.1114688058213328,0.7271739130434782,0.1114688068628311,0.0,8.326672684688674e-17
single_head,va_long_beach,switzerland,9,entropy_sfda,123,0.9349593495934959,0.7217391304347827,0.9700270834674399,0.09449680956780435,0.1778940621430312,0.9349593495934959,0.5,1.0,0.0,1.0,0.7570652874504648,0.7217391304347827,0.0944968095678043,0.7271739130434782,0.1114688068628311,0.0,4.163336342344337e-17
single_head,va_long_beach,switzerland,9,reliability_gated_sfda,123,0.9349593495934959,0.7271739130434782,0.9706245140711843,0.11146880582133288,0.21656222072074086,0.9349593495934959,0.5,1.0,0.0,1.0,0.7183971288727551,0.7271739130434782,0.1114688058213328,0.7271739130434782,0.1114688068628311,0.0,8.326672684688674e-17
single_head,va_long_beach,switzerland,9,conservative_candidate,123,0.9349593495934959,0.7271739130434782,0.9706245140711843,0.11146880582133288,0.21656222072074086,0.9349593495934959,0.5,1.0,0.0,1.0,0.7183971288727551,0.7271739130434782,0.1114688058213328,0.7271739130434782,0.1114688068628311,0.0,8.326672684688674e-17
