source,target,seed,method,global_importance_spearman,global_top3_overlap_fraction,global_top3_jaccard,global_importance_l1_drift,global_importance_relative_l1_drift,patient_l1_drift_mean,patient_l1_drift_median,patient_l2_drift_mean,patient_cosine_similarity_mean,patient_cosine_similarity_median,patient_top3_overlap_mean,mean_absolute_probability_shift
cleveland,hungary,0,pseudo_label_sfda,0.9523809523809524,1.0,1.0,0.8456779810622832,0.2469712117804829,0.847137595055895,0.8028325953637251,0.36306739984693215,0.9986325587140625,0.9989296563239433,0.9603174603174605,0.042521832346897194
cleveland,hungary,0,entropy_sfda,0.9523809523809524,1.0,1.0,0.8073635368625504,0.23578188803716219,0.8127830595962947,0.7549683726465448,0.3471573135689838,0.9965762156584225,0.9974390925877206,0.9342403628117912,0.05234936478731482
cleveland,hungary,0,reliability_gated_sfda,0.9761904761904763,1.0,1.0,0.08237948076614318,0.024058046497917453,0.08287649806699883,0.0785225324798377,0.03590554247890933,0.9999641376273094,0.999972829621868,0.9931972789115646,0.005142659208654949
cleveland,hungary,0,conservative_candidate,1.0,1.0,1.0,0.017102458937276244,0.004994590261010927,0.022479936366317146,0.02129293300095024,0.010950806207365485,0.9999760337248853,0.9999843115528586,0.9965986394557823,0.0030211085250892596
cleveland,hungary,1,pseudo_label_sfda,0.9523809523809524,1.0,1.0,0.768224668779632,0.23833909955967927,0.7726423194496921,0.7371287387795746,0.3360108273059075,0.9992161124789208,0.9994191702396049,0.9455782312925171,0.03640271431836141
cleveland,hungary,1,entropy_sfda,0.9523809523809524,1.0,1.0,0.7559872074804852,0.23454246867099882,0.7693459404019302,0.7238239358412103,0.33217522834958424,0.9975561438650203,0.9981633807552182,0.9183673469387755,0.04471238316226827
cleveland,hungary,1,reliability_gated_sfda,1.0,1.0,1.0,0.07579856121375803,0.023516246694218753,0.07664347278456435,0.0733521583897527,0.03357451381002086,0.9999799667240317,0.9999857754303959,0.9931972789115646,0.004340365715958427
cleveland,hungary,1,conservative_candidate,1.0,1.0,1.0,0.013460049579878938,0.004175934758764207,0.020311198111881913,0.018733979435637434,0.009592262786758456,0.9999801981139473,0.9999885295802098,0.9909297052154197,0.0022323286021445022
cleveland,hungary,2,pseudo_label_sfda,1.0,1.0,1.0,0.8765414642595815,0.2514832162825997,0.8788833565395923,0.8561826435616238,0.3693891967566671,0.9987919027976386,0.998971148883968,0.9637188208616781,0.044931636221998306
cleveland,hungary,2,entropy_sfda,1.0,1.0,1.0,0.8562008162254866,0.24564740383394673,0.8634953670961647,0.8267080633668232,0.36049474291189093,0.9965563617957299,0.9969883340155878,0.9331065759637187,0.059362833509316704
cleveland,hungary,2,reliability_gated_sfda,1.0,1.0,1.0,0.08638807394384337,0.02478508042081969,0.08676779995657481,0.08422854763921336,0.03660943438613517,0.9999720326286591,0.9999762166375106,0.9965986394557823,0.004917839380475336
cleveland,hungary,2,conservative_candidate,1.0,1.0,1.0,0.02148425257737288,0.006163917119596096,0.023477514555916238,0.022397954831831164,0.01073625768477108,0.9999825813703376,0.9999866293815121,0.9965986394557823,0.002131297693391439
cleveland,hungary,3,pseudo_label_sfda,0.9761904761904763,1.0,1.0,0.8349018985683534,0.23443807870465078,0.8371931388756406,0.8043096801266074,0.3552533510933112,0.9987196012631095,0.9990548613152697,0.9467120181405897,0.042511061030332344
cleveland,hungary,3,entropy_sfda,0.9523809523809524,1.0,1.0,0.825531712131532,0.2318069570014667,0.830176561298902,0.8033899217844009,0.3487199381374867,0.9970692864893941,0.9979251579543522,0.9172335600907028,0.05056200514200657
cleveland,hungary,3,reliability_gated_sfda,1.0,1.0,1.0,0.08177157385998589,0.02296122538619555,0.08209559581001752,0.0798197041731328,0.03520322929690275,0.9999745815437349,0.9999793065141276,0.9931972789115646,0.00425055990356724
cleveland,hungary,3,conservative_candidate,1.0,1.0,1.0,0.018927845762778117,0.005314885260475158,0.022050189447698508,0.020122315734624887,0.010489570870791536,0.9999854621331988,0.9999889498071313,0.9931972789115646,0.0014754960386297968
cleveland,hungary,4,pseudo_label_sfda,1.0,1.0,1.0,0.8209292340728495,0.2403823908252125,0.8238593773595237,0.7831416365224869,0.36284902670351965,0.9989046692151196,0.9990210719781898,0.9705215419501135,0.038391002068980315
cleveland,hungary,4,entropy_sfda,1.0,1.0,1.0,0.7767812596644037,0.22745509429595925,0.7900704484049543,0.7509447051561438,0.3410153354921672,0.9967963228489248,0.997118576070456,0.9569160997732425,0.04814390553681015
cleveland,hungary,4,reliability_gated_sfda,1.0,1.0,1.0,0.07737968385350645,0.02265812037624956,0.0778559605734025,0.07358191358798641,0.0342356843089429,0.9999800755565131,0.9999822903080469,0.9909297052154195,0.003884595825153146
cleveland,hungary,4,conservative_candidate,1.0,1.0,1.0,0.016576236526757646,0.004853811025120129,0.021449713236949167,0.02014627214521174,0.010048128513195443,0.9999827114970623,0.9999869653903083,0.9909297052154197,0.0015764459175672217
cleveland,hungary,5,pseudo_label_sfda,0.9761904761904763,1.0,1.0,0.7721756656091554,0.22627985786871924,0.7750041012253129,0.7570313323667504,0.3352478758734357,0.9987510581555962,0.9991216886288025,0.9546485260770976,0.04011825001307567
cleveland,hungary,5,entropy_sfda,0.9761904761904763,1.0,1.0,0.7426101270402363,0.21761591498221367,0.7489983989313618,0.742852383758873,0.32264776849647403,0.9971080738486351,0.9977389181593397,0.9546485260770976,0.048934794790159
cleveland,hungary,5,reliability_gated_sfda,1.0,1.0,1.0,0.07152538040912262,0.020959936493484915,0.07195436125767338,0.06928555644117286,0.03127300890391838,0.9999798927625035,0.9999849455815586,0.9920634920634921,0.003831117428192982
cleveland,hungary,5,conservative_candidate,1.0,1.0,1.0,0.008720974507286233,0.0025556113199043744,0.01333088563055476,0.012342935195192611,0.006340178484799908,0.9999927963590384,0.999995178548219,0.9931972789115646,0.0011475618618230024
cleveland,hungary,6,pseudo_label_sfda,0.9761904761904763,1.0,1.0,0.6100982469262548,0.19961003082572734,0.6117828070862891,0.5988200888969005,0.2700358508769852,0.999154466729602,0.9993510437674488,0.9716553287981858,0.03916307004821189
cleveland,hungary,6,entropy_sfda,0.9761904761904763,1.0,1.0,0.6729437730494959,0.22017163294459974,0.6795728979804011,0.6690080387052149,0.2989850054851395,0.9977834335210087,0.9982755296713908,0.9569160997732425,0.050655435216391376
cleveland,hungary,6,reliability_gated_sfda,1.0,1.0,1.0,0.06907636119151958,0.022600187193186533,0.06920577442766679,0.06703698850469657,0.030416744439374165,0.9999840877127055,0.9999863939366329,0.9988662131519275,0.004376321609708525
cleveland,hungary,6,conservative_candidate,1.0,1.0,1.0,0.011136158989200055,0.00364349356896794,0.014933167392882755,0.014645349932834518,0.006927345871731039,0.9999900139984373,0.9999928359726613,1.0,0.0019364130372802424
cleveland,hungary,7,pseudo_label_sfda,1.0,1.0,1.0,0.7081046128268063,0.21833613798190085,0.7120946354024725,0.702668322948739,0.3024171694236779,0.9985369525956336,0.9990315731530306,0.9682539682539681,0.04297951203739258
cleveland,hungary,7,entropy_sfda,1.0,1.0,1.0,0.7541037598598028,0.23251946051888106,0.7651103061259708,0.7070893238997087,0.3237864800430631,0.9960261754409394,0.9970923001830587,0.947845804988662,0.05740044006070464
cleveland,hungary,7,reliability_gated_sfda,1.0,1.0,1.0,0.07428271970503517,0.022904245849272975,0.07479169765266502,0.07319663278758529,0.032938714941771766,0.9999826054606898,0.9999870043723633,0.9988662131519275,0.004049627853202675
cleveland,hungary,7,conservative_candidate,1.0,1.0,1.0,0.008826289324345954,0.0027214876006745083,0.012729404688165214,0.012191833928227286,0.006038204608423506,0.9999917442691886,0.9999945289778978,0.9965986394557823,0.0010429259918655444
cleveland,hungary,8,pseudo_label_sfda,1.0,1.0,1.0,0.8782096919445257,0.24617858204181062,0.8818556984488972,0.8727980097173715,0.37127837320519536,0.9989399635566124,0.9991997479761663,0.9716553287981861,0.04427419409874928
cleveland,hungary,8,entropy_sfda,1.0,1.0,1.0,0.8602634648294316,0.2411479193370847,0.867761205358757,0.8599932128563523,0.3604631571233214,0.997624512177524,0.9981675753892795,0.9512471655328799,0.05386036137106265
cleveland,hungary,8,reliability_gated_sfda,1.0,1.0,1.0,0.08273835086182942,0.023193105339732012,0.08308179760993249,0.08150600083172302,0.035473028330601966,0.9999824836577886,0.9999852800603526,0.9988662131519274,0.004429104701508165
cleveland,hungary,8,conservative_candidate,1.0,1.0,1.0,0.015150071744217702,0.0042468481207092,0.018302255714008092,0.017200579401105694,0.00883801084140226,0.9999868772014379,0.9999901829817585,0.9988662131519274,0.0018820593760786038
cleveland,hungary,9,pseudo_label_sfda,1.0,1.0,1.0,0.8268838113445676,0.2495673455132258,0.8319277286833052,0.8069954877719283,0.3543880369288795,0.9986615309303496,0.9989965687398756,0.9625850340136054,0.04516911225830566
cleveland,hungary,9,entropy_sfda,0.9761904761904763,0.6666666666666666,0.5,0.7959497357678257,0.24023092481944108,0.808387146477483,0.7635402046144008,0.3403941683637945,0.99603143633141,0.9968723573971836,0.9342403628117915,0.05986345386240302
cleveland,hungary,9,reliability_gated_sfda,1.0,1.0,1.0,0.08166819697283156,0.02464882593144353,0.08244971323225388,0.0795399597845971,0.03549750455596474,0.999977523593001,0.9999837014913155,0.9965986394557823,0.004587482499452878
cleveland,hungary,9,conservative_candidate,1.0,1.0,1.0,0.018472804204239204,0.005575400855824027,0.022220722728505497,0.021344535518437617,0.010262359537551672,0.9999818915248846,0.9999883619113248,0.9965986394557823,0.003126213355560078
cleveland,switzerland,0,pseudo_label_sfda,1.0,1.0,1.0,0.17532514562646712,0.06212544062160277,0.18672519274826382,0.16762784961611027,0.09030555707386229,0.9994791896519836,0.9996012758159375,0.989159891598916,0.023888979576588646
cleveland,switzerland,0,entropy_sfda,1.0,1.0,1.0,0.15513256982269855,0.05497031940603618,0.1854352734815443,0.1666024504229426,0.09430894843402755,0.9990601463299326,0.9991572793465464,0.989159891598916,0.029789778381222633
cleveland,switzerland,0,reliability_gated_sfda,1.0,1.0,1.0,0.06291032648283078,0.022291906494243032,0.06565547852884132,0.06139684363733962,0.029675409679391244,0.9999490660563691,0.9999631155826809,0.997289972899729,0.004200557943403238
cleveland,switzerland,0,conservative_candidate,1.0,1.0,1.0,0.010774027400960465,0.0038177136380649706,0.017336105273816925,0.015811127610504204,0.00812830702038432,0.9999872416093704,0.9999897266605359,1.0,0.0022950443795056825
cleveland,switzerland,1,pseudo_label_sfda,0.9761904761904763,1.0,1.0,0.12136377658902259,0.051660211306380766,0.13118276084565966,0.11852932255715119,0.06388896211279405,0.9998050791793218,0.9998788799552961,0.981029810298103,0.02086301794563368
cleveland,switzerland,1,entropy_sfda,0.9761904761904763,1.0,1.0,0.18375161362384118,0.07821647821525261,0.18882832845116443,0.1541915526613593,0.08929332497247496,0.9995641583504428,0.9996476514029177,0.989159891598916,0.03400072247940835
cleveland,switzerland,1,reliability_gated_sfda,1.0,1.0,1.0,0.05178127192600619,0.022041432168588268,0.05690301257295428,0.052232390735298576,0.0255523065446226,0.9999540842578386,0.9999729379790452,0.9972899728997289,0.003853051037323185
cleveland,switzerland,1,conservative_candidate,1.0,1.0,1.0,0.011618689759785902,0.004945659940415142,0.014675776660631624,0.012922180816531036,0.006858879065459304,0.9999876409898001,0.9999923965512834,0.994579945799458,0.0016430365603144661
cleveland,switzerland,2,pseudo_label_sfda,1.0,1.0,1.0,0.17169688283361684,0.06574971922987487,0.1784751429795136,0.15360573865473282,0.0846886837559739,0.9996069585124054,0.9997338677573638,0.991869918699187,0.018008848841536813
cleveland,switzerland,2,entropy_sfda,0.9761904761904763,1.0,1.0,0.14809654068298314,0.05671218841088592,0.17569391958451475,0.14642815664410588,0.09005083894331559,0.9989983320802782,0.999187346517311,0.970189701897019,0.029193301791158626
cleveland,switzerland,2,reliability_gated_sfda,1.0,1.0,1.0,0.06679374326684896,0.025578040751988603,0.0691246447239518,0.06471972167491907,0.030657987904557978,0.9999261393152257,0.9999455508429637,0.991869918699187,0.0044315831766017005
cleveland,switzerland,2,conservative_candidate,1.0,1.0,1.0,0.018287656146832337,0.007003087284886338,0.02195583047710617,0.019326673820614593,0.010403913065863862,0.9999823051116002,0.9999857560225102,1.0,0.003009560313530081
cleveland,switzerland,3,pseudo_label_sfda,0.9761904761904763,1.0,1.0,0.10805712054352044,0.04230867392485716,0.1263416273128033,0.10978391021490103,0.060517879650208384,0.9997060821566539,0.999785979671041,0.989159891598916,0.019861484370459394
cleveland,switzerland,3,entropy_sfda,0.9285714285714287,1.0,1.0,0.1482229935553312,0.058035215735486805,0.170164794269741,0.1395983166294172,0.08271471162672031,0.9993338282314308,0.9994770864799767,0.981029810298103,0.02384855046989472
cleveland,switzerland,3,reliability_gated_sfda,1.0,1.0,1.0,0.05247734177609677,0.020546973031304764,0.05616594923847559,0.05326148448511967,0.025880689430227675,0.9999559998795079,0.9999752948003474,0.997289972899729,0.0038884104176507795
cleveland,switzerland,3,conservative_candidate,1.0,1.0,1.0,0.021611860299499963,0.008461905571071033,0.02407355876227774,0.019370965659618627,0.01181685731747697,0.9999864156825072,0.9999897693547034,1.0,0.002607519488509101
cleveland,switzerland,4,pseudo_label_sfda,1.0,1.0,1.0,0.14605303139990616,0.05193405347703817,0.1582180375535097,0.1422327141044661,0.07923456535916372,0.9996141389461732,0.9997638546431887,0.9891598915989159,0.030654516707106335
cleveland,switzerland,4,entropy_sfda,1.0,1.0,1.0,0.1755808874382431,0.062433672963595845,0.19446185093363422,0.1855820663622582,0.09986915352885574,0.9995029448074031,0.9995708228093984,0.983739837398374,0.03210425429894188
cleveland,switzerland,4,reliability_gated_sfda,1.0,1.0,1.0,0.054850153762426475,0.01950381167318553,0.06168208563835428,0.06033767154440275,0.027877302950474896,0.9999315735705232,0.9999605091342231,0.994579945799458,0.0036387958874305095
cleveland,switzerland,4,conservative_candidate,1.0,1.0,1.0,0.012823970794958874,0.004559992892100956,0.018182599030807038,0.014859797200187957,0.008758007674506683,0.9999836532322738,0.9999900281362365,0.9972899728997289,0.003359479981103562
cleveland,switzerland,5,pseudo_label_sfda,1.0,1.0,1.0,0.07348849685253128,0.030658440107090172,0.0912132739350654,0.07888959161937234,0.04471912416921244,0.9997818633438736,0.9998300256028924,0.994579945799458,0.01688254756353251
cleveland,switzerland,5,entropy_sfda,1.0,1.0,1.0,0.12085194313166109,0.05041785067073225,0.14583836957704413,0.12017684709280715,0.07012197698890493,0.9993424800515952,0.9994727663992803,0.986449864498645,0.02064704471002749
cleveland,switzerland,5,reliability_gated_sfda,1.0,1.0,1.0,0.03497914802443949,0.014592843242613975,0.040268733534806714,0.035165644716471406,0.01835184582149043,0.999946401124008,0.9999641295768265,0.994579945799458,0.0029266922151654716
cleveland,switzerland,5,conservative_candidate,1.0,1.0,1.0,0.019802064515131612,0.008261162425898588,0.022822693943867555,0.01795182004570953,0.011796681769047612,0.9999847330306073,0.9999895670261286,1.0,0.0019665272618696896
cleveland,switzerland,6,pseudo_label_sfda,0.9523809523809524,1.0,1.0,0.08947703356422089,0.03995743694092379,0.09110407107410293,0.07880918739829204,0.04226036743172629,0.9999222483051722,0.9999518422987715,0.9864498644986449,0.008778450525994226
cleveland,switzerland,6,entropy_sfda,0.9047619047619048,1.0,1.0,0.16814856018186777,0.07508949752286764,0.17187449520636477,0.1455943882465361,0.08056602285645863,0.9995837044698723,0.9997247128145886,0.9864498644986449,0.019903793658425175
cleveland,switzerland,6,reliability_gated_sfda,0.9523809523809524,1.0,1.0,0.04919034579193332,0.021966755733723413,0.050650731454096064,0.04679127363488028,0.02312230939719781,0.9999716600160985,0.9999832454643219,1.0,0.003955590455391547
cleveland,switzerland,6,conservative_candidate,0.9761904761904763,1.0,1.0,0.017395664788370846,0.007768319435041262,0.01953857693297323,0.017299769446253898,0.009781279833117657,0.9999900547472038,0.9999933508029208,0.9972899728997289,0.0016255428242247286
cleveland,switzerland,7,pseudo_label_sfda,0.9761904761904763,1.0,1.0,0.1289745211590373,0.05811137997267719,0.138734034337605,0.11865392094477972,0.06544183866782102,0.9997063543340918,0.9998521506640903,0.991869918699187,0.013302803122839796
cleveland,switzerland,7,entropy_sfda,0.9523809523809524,1.0,1.0,0.19692231151956796,0.08872626288490527,0.21329029070069572,0.17548141907900577,0.10299704953891872,0.9988897921765235,0.9991651989731927,0.964769647696477,0.024263300448353214
cleveland,switzerland,7,reliability_gated_sfda,1.0,1.0,1.0,0.04709794240666754,0.02122067523515164,0.051563074493333985,0.04548844508826741,0.023975867558271052,0.9999220557370484,0.9999535239598825,0.9891598915989159,0.003933317217279247
cleveland,switzerland,7,conservative_candidate,1.0,1.0,1.0,0.02461809730838708,0.011092048212592113,0.026098090117963834,0.023610070347786165,0.012230239478480048,0.9999870662875748,0.9999918541173983,1.0,0.0022343319075984664
cleveland,switzerland,8,pseudo_label_sfda,1.0,1.0,1.0,0.1043669113213087,0.0414065834517704,0.1166003721435384,0.09748660167679181,0.0581088059379534,0.9997006138012317,0.9997771168136197,0.991869918699187,0.02321887737124916
cleveland,switzerland,8,entropy_sfda,0.9761904761904763,0.6666666666666666,0.5,0.14492268740091624,0.057496703447002306,0.1626532364118943,0.13431045645847933,0.08198395663464245,0.9992429833476034,0.9994332153702816,0.9783197831978321,0.025212789696406543
cleveland,switzerland,8,reliability_gated_sfda,1.0,1.0,1.0,0.051808822591982315,0.02055465960459913,0.05424950968680481,0.05024313926696777,0.024913502049000284,0.9999586344290664,0.9999772419199378,0.994579945799458,0.0035202198215131884
cleveland,switzerland,8,conservative_candidate,1.0,1.0,1.0,0.019883055881146444,0.007888414078713976,0.023993831752076363,0.020225451327860355,0.011595592156762213,0.9999801587387153,0.9999878181002705,1.0,0.003054874570570819
cleveland,switzerland,9,pseudo_label_sfda,1.0,1.0,1.0,0.1328553931775307,0.05223906148559197,0.1412189503581778,0.12638305500149713,0.0685302275840685,0.9997401702663173,0.9998029196633331,0.991869918699187,0.017443935227830235
cleveland,switzerland,9,entropy_sfda,0.9761904761904763,0.6666666666666666,0.5,0.11078609364501003,0.04356135960500113,0.16899040436023863,0.1438995292410257,0.08633042431710868,0.9983232313609922,0.998663927284209,0.962059620596206,0.034473217493756037
cleveland,switzerland,9,reliability_gated_sfda,1.0,1.0,1.0,0.05670943563686673,0.02229828706380682,0.06304669636964222,0.061719119083136126,0.028615304101634043,0.9999235496116476,0.9999547415556386,0.991869918699187,0.004281947631540341
cleveland,switzerland,9,conservative_candidate,1.0,1.0,1.0,0.02280118542333416,0.008965481180596774,0.026767204459794483,0.025365717709064452,0.012479980536400868,0.9999718751845955,0.9999808500462816,1.0,0.004058894830021438
cleveland,va_long_beach,0,pseudo_label_sfda,0.9761904761904763,0.6666666666666666,0.5,0.26013581714105394,0.10234065598850552,0.26727937687312076,0.2569148709299043,0.12543253566548207,0.9989284654473503,0.9991140833798894,0.9883333333333334,0.03206631690263748
cleveland,va_long_beach,0,entropy_sfda,0.9761904761904763,0.6666666666666666,0.5,0.23877246990938145,0.0939360502951108,0.26654813609980915,0.2389518900308757,0.1337901382348394,0.9978206745230425,0.9983239948837553,0.97,0.037440725490450855
cleveland,va_long_beach,0,reliability_gated_sfda,1.0,1.0,1.0,0.059091198990863535,0.023247210377774233,0.05985876290993474,0.057454580906778616,0.028186521659164212,0.9999761769133586,0.9999821719401325,1.0,0.004155193641781804
cleveland,va_long_beach,0,conservative_candidate,1.0,1.0,1.0,0.016861808066096377,0.006633644369321411,0.019584174229021298,0.01738654123619202,0.009283385158101815,0.9999832283903836,0.9999867636153086,0.9983333333333334,0.002317927777767176
cleveland,va_long_beach,1,pseudo_label_sfda,1.0,1.0,1.0,0.24850587202643526,0.10957485653615597,0.2532571290159831,0.24525009002536538,0.12151123828235524,0.9997268347628488,0.999828143318104,0.9883333333333334,0.028896632716059686
cleveland,va_long_beach,1,entropy_sfda,1.0,1.0,1.0,0.2897783695544059,0.12777333192282672,0.2997430845310737,0.2773952157003805,0.14883689936071215,0.9992456531285661,0.9994171160092459,0.98,0.03913620594888925
cleveland,va_long_beach,1,reliability_gated_sfda,1.0,1.0,1.0,0.058298926144489185,0.025706018197488748,0.06053402269317302,0.05920237535610791,0.028886965736374143,0.9999740368748374,0.999981588660719,0.995,0.004215892516076559
cleveland,va_long_beach,1,conservative_candidate,1.0,1.0,1.0,0.004549864661530595,0.002006193107151635,0.009715737801161606,0.008088738424703342,0.0045572444966251015,0.9999934702236581,0.9999958204361503,1.0,0.0010355508327484094
cleveland,va_long_beach,2,pseudo_label_sfda,0.9761904761904763,1.0,1.0,0.23633199861098547,0.0948176020810669,0.24491435108240694,0.23945800412911916,0.12047367994210471,0.9991436840389906,0.9993621173240317,0.9833333333333334,0.03262281328439712
cleveland,va_long_beach,2,entropy_sfda,0.9523809523809524,1.0,1.0,0.243017739502684,0.0974999553942535,0.2625177292533044,0.25065528054256003,0.13329264752809344,0.9986370973198757,0.9989674532780779,0.98,0.035562469698488704
cleveland,va_long_beach,2,reliability_gated_sfda,1.0,1.0,1.0,0.05989453176673142,0.024029991339589087,0.0603681068523656,0.057466006139293424,0.028501075062694056,0.9999805466391217,0.9999867788234962,0.9966666666666666,0.003934240564703943
cleveland,va_long_beach,2,conservative_candidate,1.0,1.0,1.0,0.020720321660046302,0.008313098631167158,0.023932519449736,0.02055491058854383,0.011009501406324009,0.9999809524521537,0.9999845993472305,0.9966666666666667,0.0031607455387711474
cleveland,va_long_beach,3,pseudo_label_sfda,1.0,1.0,1.0,0.17299117894668606,0.07155405107530108,0.19712334874813675,0.1897041355259716,0.09049291132560355,0.9995608314715514,0.9997188211302462,0.9866666666666666,0.02945348359644413
cleveland,va_long_beach,3,entropy_sfda,1.0,1.0,1.0,0.20645204208329238,0.08539441174847895,0.23745640995697614,0.21397490962408475,0.11640977358483207,0.998890031583822,0.999167551465891,0.9783333333333333,0.029665504712611427
cleveland,va_long_beach,3,reliability_gated_sfda,1.0,1.0,1.0,0.048697617958969215,0.020142714003674546,0.05105833564462957,0.04955457069445407,0.023732513459078324,0.9999890060453719,0.9999917262362934,0.9983333333333334,0.0033155769482254905
cleveland,va_long_beach,3,conservative_candidate,1.0,1.0,1.0,0.017134030226152328,0.007087120172212356,0.01979461071838158,0.015830751595785886,0.009276024200473737,0.9999864479875538,0.9999919619183053,0.9966666666666666,0.0030021378397941524
cleveland,va_long_beach,4,pseudo_label_sfda,1.0,1.0,1.0,0.24645772510364614,0.09121511646382993,0.26896757834441815,0.2569039939844515,0.13227963698141612,0.9991921681195274,0.9993418970274291,0.9866666666666666,0.0364921073615551
cleveland,va_long_beach,4,entropy_sfda,1.0,1.0,1.0,0.282491523750956,0.10455138798409294,0.31472932648992014,0.3023990374058485,0.15761678101573198,0.998907240573631,0.9991373486204251,0.9833333333333333,0.038209189772605893
cleveland,va_long_beach,4,reliability_gated_sfda,1.0,1.0,1.0,0.05953656076893818,0.02203474986272298,0.062375780159964034,0.05969459656625989,0.03038288323247237,0.99998532241552,0.9999904474149176,0.9983333333333334,0.0036212549731135368
cleveland,va_long_beach,4,conservative_candidate,1.0,1.0,1.0,0.015127276077873869,0.00559867315436549,0.02215441998898314,0.017847664712462304,0.010735315933331388,0.9999775093355097,0.999984210316551,0.995,0.0036598449200391757
cleveland,va_long_beach,5,pseudo_label_sfda,1.0,1.0,1.0,0.1729925930949685,0.07827487861372877,0.20277501293065142,0.19166889321059002,0.09700708464540381,0.9991472635414776,0.9994486989885258,0.9883333333333333,0.025377751961350444
cleveland,va_long_beach,5,entropy_sfda,1.0,1.0,1.0,0.17002671173489936,0.07693289050147077,0.21434070473675093,0.17934812424937263,0.10628098328608085,0.9986959298449983,0.9992344803373636,0.9816666666666666,0.02741260740906
cleveland,va_long_beach,5,reliability_gated_sfda,1.0,1.0,1.0,0.03922492956568017,0.017748312488154595,0.04206722429138608,0.038609054405242205,0.02082216265075725,0.9999822100565541,0.9999912854133737,0.9983333333333333,0.0028982688114047033
cleveland,va_long_beach,5,conservative_candidate,1.0,1.0,1.0,0.024083916689851277,0.010897377868694975,0.026247361588757494,0.0218070978298784,0.01473926418798843,0.9999724777407198,0.9999785926858888,1.0,0.0026376881077885693
cleveland,va_long_beach,6,pseudo_label_sfda,0.9523809523809524,1.0,1.0,0.18851303684670717,0.08829122394966453,0.19035464405169478,0.18029552884399894,0.08793718161463354,0.9997675626203071,0.9998449963674447,0.9866666666666667,0.018554579820483915
cleveland,va_long_beach,6,entropy_sfda,0.9523809523809524,1.0,1.0,0.27165584607073473,0.12723166282749207,0.2750170405613062,0.24227541428990645,0.13168448515658912,0.9991969807025611,0.9994721918081495,0.985,0.028714399226009837
cleveland,va_long_beach,6,reliability_gated_sfda,0.9761904761904763,1.0,1.0,0.04897917126388167,0.022939691870991607,0.04960932335558937,0.0462660457706079,0.024186674538989594,0.9999885744711509,0.9999927825278269,0.9983333333333334,0.004029637500643721
cleveland,va_long_beach,6,conservative_candidate,1.0,1.0,1.0,0.01701193121092734,0.00796764114293939,0.01826127854694278,0.016137890517711653,0.009436425219998695,0.9999892457020333,0.9999923521239442,1.0,0.0015639762952923825
cleveland,va_long_beach,7,pseudo_label_sfda,1.0,1.0,1.0,0.22380595964845262,0.09962962879300778,0.23341805195057533,0.21547199855558585,0.10841224942659423,0.999445213871775,0.9995998123782679,0.985,0.019450372382998463
cleveland,va_long_beach,7,entropy_sfda,0.9761904761904763,0.6666666666666666,0.5,0.2786130482346926,0.12402759343903248,0.2941586754799937,0.2582756206393242,0.14167586252014705,0.998777625229295,0.9990272835801157,0.9833333333333334,0.03267160283401608
cleveland,va_long_beach,7,reliability_gated_sfda,1.0,1.0,1.0,0.0524532870896655,0.023350144607074463,0.05386883681836481,0.05085442587733269,0.026009761626005223,0.9999738267256472,0.9999800628381585,0.9933333333333334,0.0038244231790304155
cleveland,va_long_beach,7,conservative_candidate,1.0,1.0,1.0,0.023101004728232594,0.010283660584528334,0.0246621025884815,0.020409714081324616,0.011923594218588227,0.9999860726429707,0.9999899300613151,0.995,0.0019822492077946614
cleveland,va_long_beach,8,pseudo_label_sfda,0.9761904761904763,1.0,1.0,0.23762488543085064,0.09986932137910477,0.25329804589186095,0.23411801143083727,0.11803259750233,0.9993293652718614,0.9995279950943535,0.9916666666666666,0.028350038062781094
cleveland,va_long_beach,8,entropy_sfda,0.9761904761904763,1.0,1.0,0.2386338177317521,0.10029335686691065,0.2601636032317765,0.21662965766154224,0.12953560833640093,0.9990289011336224,0.9992682864333646,0.9933333333333333,0.030666745193302633
cleveland,va_long_beach,8,reliability_gated_sfda,1.0,1.0,1.0,0.05085573537202453,0.02137372005726817,0.05162898203896476,0.04704712991951966,0.02499985803527383,0.9999893255227077,0.9999923824065813,0.9983333333333334,0.0034739926084876123
cleveland,va_long_beach,8,conservative_candidate,1.0,1.0,1.0,0.021933662404335176,0.009218310513680512,0.026030185030685972,0.02190095419064158,0.012731320582705067,0.9999785843447477,0.999985694187965,1.0,0.0038985231146216387
cleveland,va_long_beach,9,pseudo_label_sfda,1.0,1.0,1.0,0.18765758548775913,0.07857184594867817,0.2092101955434191,0.19922411581501365,0.10121530421314208,0.9990719391378913,0.9993436583143929,0.9866666666666666,0.032154370322823526
cleveland,va_long_beach,9,entropy_sfda,0.9761904761904763,0.6666666666666666,0.5,0.224782430554551,0.09411594239367259,0.25949474020271734,0.23661252669990074,0.13230129378869804,0.9975847042631989,0.9981915404602995,0.9633333333333334,0.037434306982904675
cleveland,va_long_beach,9,reliability_gated_sfda,1.0,1.0,1.0,0.056023742126271765,0.0234570258610784,0.05789153495410573,0.05653086397796872,0.02807382973005917,0.9999795448185611,0.999984623335116,0.9983333333333334,0.004234891999512919
cleveland,va_long_beach,9,conservative_candidate,1.0,1.0,1.0,0.018278018872952148,0.007652968993498572,0.02272387494158464,0.02010696730576457,0.010715682921972407,0.9999837659243386,0.9999877461868409,0.995,0.0029513631016015993
hungary,cleveland,0,pseudo_label_sfda,1.0,1.0,1.0,0.6411885570577406,0.21109723935772307,0.673880813175658,0.6662669631186873,0.3293420309988482,0.9983702351177507,0.9986926153620407,0.966996699669967,0.03626532615669588
hungary,cleveland,0,entropy_sfda,0.9761904761904763,1.0,1.0,0.6995818760202239,0.23032195616564508,0.7175533854498269,0.6752468491904439,0.35811946709467063,0.9973133166896954,0.9978514925593129,0.9394939493949396,0.04844526959761436
hungary,cleveland,0,reliability_gated_sfda,1.0,1.0,1.0,0.07760107790386209,0.025548449260946036,0.08304948117128702,0.0822227088501676,0.038391733425939746,0.9999314689418363,0.9999475780531244,0.9922992299229921,0.004873161815819965
hungary,cleveland,0,conservative_candidate,1.0,1.0,1.0,0.014668051982736706,0.004829133717731737,0.021951922864450295,0.02068164758384214,0.010127877881491375,0.9999735037827522,0.9999812750993089,0.9944994499449944,0.002080830299716577
hungary,cleveland,1,pseudo_label_sfda,0.9761904761904763,0.6666666666666666,0.5,0.6984855711988929,0.21995594809486735,0.7142039588592759,0.6941220415756111,0.35185911360292316,0.9988429042913697,0.9989615503153486,0.966996699669967,0.03658461899622636
hungary,cleveland,1,entropy_sfda,0.9761904761904763,0.6666666666666666,0.5,0.6221416726764459,0.19591494385201583,0.6608349671801305,0.5840643765404818,0.3277074962769148,0.9970862934179829,0.9974483135829351,0.9438943894389439,0.045799972418781754
hungary,cleveland,1,reliability_gated_sfda,1.0,1.0,1.0,0.06736052149785537,0.021212102269764048,0.07233658810873267,0.06989624723792076,0.03411982953814568,0.9999741146422674,0.9999779364464116,0.9977997799779977,0.0040363845578318
hungary,cleveland,1,conservative_candidate,1.0,1.0,1.0,0.014611847971092676,0.004601330373057315,0.022031856700970118,0.019517564214766112,0.010264725651170281,0.9999793749076786,0.999986554882477,0.9988998899889988,0.001996183724883363
hungary,cleveland,2,pseudo_label_sfda,0.9047619047619048,1.0,1.0,0.7252274606742102,0.22733766751199327,0.7430306113306065,0.7341950749978424,0.35899248102508785,0.9984325504770549,0.9988152625307348,0.9702970297029703,0.03742804190469753
hungary,cleveland,2,entropy_sfda,0.9285714285714287,1.0,1.0,0.738952634536707,0.2316401094095958,0.763252026531587,0.723439123481512,0.36677992811506543,0.9969682553795549,0.9975491237359138,0.9581958195819581,0.05382045077178443
hungary,cleveland,2,reliability_gated_sfda,0.9047619047619048,1.0,1.0,0.08351712572441332,0.026180184271901493,0.08707743159137932,0.08616911387071013,0.0400366023228932,0.9999223183716355,0.999944058051789,0.9944994499449946,0.005039307285751836
hungary,cleveland,2,conservative_candidate,1.0,1.0,1.0,0.018926051581663578,0.005932765449597204,0.024405603213261177,0.024029901251196695,0.011150240241408073,0.9999711653191163,0.9999814445280105,0.997799779977998,0.0016800953081437026
hungary,cleveland,3,pseudo_label_sfda,0.9761904761904763,0.6666666666666666,0.5,0.7333490742677997,0.22202234268521553,0.7803037021842564,0.7655946239829063,0.35938913202558836,0.9978385779574848,0.9984232807914135,0.965896589658966,0.04371527073714304
hungary,cleveland,3,entropy_sfda,0.9285714285714287,0.6666666666666666,0.5,0.7356549504910808,0.22272044957455217,0.7911133239269397,0.7624391965800892,0.37012472481891273,0.9956737521710262,0.9969695912585457,0.9438943894389439,0.05870526232188045
hungary,cleveland,3,reliability_gated_sfda,1.0,1.0,1.0,0.07570101141178685,0.022918575187493267,0.08510074700725845,0.08339133532717824,0.038072237693207917,0.9999317846818757,0.9999511940292416,0.9922992299229921,0.0049092818371238465
hungary,cleveland,3,conservative_candidate,1.0,1.0,1.0,0.013820787380675534,0.004184260537964901,0.02343985015330372,0.02214717213064425,0.010783634177183978,0.9999817409958931,0.9999876291275622,0.9977997799779977,0.001803725143347441
hungary,cleveland,4,pseudo_label_sfda,0.9761904761904763,1.0,1.0,0.6851385202117242,0.22051164876691987,0.6966220860052723,0.6722979471087455,0.34041611408333383,0.9988695114275622,0.9990624070087526,0.9691969196919693,0.0362796101307269
hungary,cleveland,4,entropy_sfda,0.9761904761904763,1.0,1.0,0.7812666004793924,0.2514504455901839,0.8134827562541549,0.7837231326848271,0.3896274261292165,0.9966575567409868,0.9971919555077594,0.9460946094609461,0.05201007561641361
hungary,cleveland,4,reliability_gated_sfda,1.0,1.0,1.0,0.07882471767806663,0.025369714219842823,0.0824206722325879,0.08093692705733727,0.03844410983157402,0.9999509093593891,0.9999643742031102,0.9944994499449946,0.0046951193854261955
hungary,cleveland,4,conservative_candidate,1.0,1.0,1.0,0.011952813061203105,0.003847009674356313,0.016620804849057688,0.015550277661532176,0.007530641325328261,0.9999873256210992,0.9999903808117722,0.9977997799779977,0.0012285748293789302
hungary,cleveland,5,pseudo_label_sfda,0.9523809523809524,0.6666666666666666,0.5,0.6043184463530448,0.20359438255190862,0.6181564010892382,0.6162772993557157,0.30074403046505005,0.9987129192999649,0.9989424462242434,0.9691969196919691,0.03703675679124819
hungary,cleveland,5,entropy_sfda,0.9761904761904763,0.6666666666666666,0.5,0.604441738395553,0.20363591953860746,0.63440990310019,0.609455453697592,0.3113286776320814,0.9966601526198661,0.9973312742821875,0.9405940594059405,0.05091710243583119
hungary,cleveland,5,reliability_gated_sfda,1.0,1.0,1.0,0.06313816418576595,0.02127119506352511,0.06793681204712046,0.06634380808100118,0.03135713634597816,0.9999561432041503,0.9999645376737383,0.9922992299229924,0.004109018614435744
hungary,cleveland,5,conservative_candidate,1.0,1.0,1.0,0.010022336829483662,0.0033765169520142664,0.016329217648841363,0.015913791139610077,0.007657417980251166,0.9999866576180411,0.9999899553013603,0.997799779977998,0.0010192049390608706
hungary,cleveland,6,pseudo_label_sfda,0.9523809523809524,1.0,1.0,0.6763694228119084,0.21595763064235113,0.6926556324332982,0.6922063920646905,0.34442579483244823,0.9977904672365159,0.998461072156973,0.965896589658966,0.04067214970283284
hungary,cleveland,6,entropy_sfda,0.9523809523809524,1.0,1.0,0.8157252413625804,0.2604524752870323,0.8434972079374845,0.8303372077643874,0.4196065253410153,0.9941272559087408,0.995962469055321,0.935093509350935,0.06273003554251352
hungary,cleveland,6,reliability_gated_sfda,0.9761904761904763,1.0,1.0,0.07819447986265421,0.024966673582383192,0.08459402540151725,0.0824916344136003,0.04002596037648959,0.999928423115687,0.9999527038580462,0.9955995599559957,0.004870112296870045
hungary,cleveland,6,conservative_candidate,1.0,1.0,1.0,0.017222507667347203,0.005498965246089099,0.02250886758020138,0.02165932301431892,0.010397614619341933,0.9999762525906114,0.9999833709217218,0.997799779977998,0.001382311099138197
hungary,cleveland,7,pseudo_label_sfda,1.0,1.0,1.0,0.7531414744309057,0.22952725869441476,0.7718274854664187,0.7606334015727045,0.3614939351598153,0.9985291100842354,0.9986937109139149,0.9548954895489549,0.040935556098462236
hungary,cleveland,7,entropy_sfda,1.0,1.0,1.0,0.7833789635654812,0.23874243038059173,0.8201338293899167,0.797576155338902,0.3827261470252555,0.9959660049663408,0.9965371800693504,0.9218921892189218,0.0559669734615058
hungary,cleveland,7,reliability_gated_sfda,1.0,1.0,1.0,0.07319377786612072,0.02230652242301904,0.07894732298645314,0.07618039380758998,0.037347427568449325,0.9999541506574446,0.9999600182004514,0.9867986798679867,0.004653645654765294
hungary,cleveland,7,conservative_candidate,1.0,1.0,1.0,0.012646138018058244,0.0038540347210986314,0.019442768031492242,0.018464224063791237,0.009100486429258366,0.999985344660556,0.9999873128826622,0.9933993399339934,0.00131999298303139
hungary,cleveland,8,pseudo_label_sfda,1.0,1.0,1.0,0.632489110230633,0.22442313467421948,0.6679574261354063,0.6655108388513329,0.3238505767185249,0.9984878030966405,0.9988009835246119,0.9680968096809682,0.03961029164370137
hungary,cleveland,8,entropy_sfda,0.9761904761904763,0.6666666666666666,0.5,0.7278170680334555,0.2582479053558839,0.7828167068849148,0.7594703114591538,0.3735473607068601,0.9957357975623532,0.9966019247572219,0.9427942794279428,0.0582267492487043
hungary,cleveland,8,reliability_gated_sfda,1.0,1.0,1.0,0.07373756103641388,0.02616395179513734,0.08295334436183045,0.08259830251336078,0.036951899919239965,0.9999136473491802,0.999933351904691,0.9922992299229921,0.005135034091106737
hungary,cleveland,8,conservative_candidate,1.0,1.0,1.0,0.01695204588194921,0.006015014668918133,0.025895641233345368,0.02403449453413481,0.011584899852680105,0.9999632430152756,0.9999705268656491,0.9911991199119913,0.00161661732044354
hungary,cleveland,9,pseudo_label_sfda,1.0,1.0,1.0,0.7363077066526571,0.23399124866438842,0.7578657289647855,0.72632856015116,0.3567518906899985,0.999003670613832,0.9992397118152222,0.968096809680968,0.03929192345073022
hungary,cleveland,9,entropy_sfda,0.9761904761904763,1.0,1.0,0.7042087849198164,0.22379053134310278,0.7320135247820344,0.6785295335575938,0.34119228113407596,0.9976340115414949,0.9981123480094722,0.9405940594059408,0.054547898409882
hungary,cleveland,9,reliability_gated_sfda,1.0,1.0,1.0,0.07154244951852995,0.022735477225212318,0.07562710662414576,0.07278370857238767,0.034058929541412625,0.9999666104064246,0.9999754305519782,0.9977997799779977,0.004107965519129245
hungary,cleveland,9,conservative_candidate,1.0,1.0,1.0,0.012014203745811955,0.0038179941766072877,0.017664248183125276,0.016340814530849408,0.008125455749073772,0.9999858961203835,0.9999900860399156,0.9988998899889988,0.0011137553579834859
hungary,switzerland,0,pseudo_label_sfda,1.0,1.0,1.0,0.16986426180765724,0.060041014369357,0.1935923671267304,0.18736350163817406,0.0973905337896992,0.9996064351624868,0.9997471288027411,0.9891598915989159,0.01867028465115927
hungary,switzerland,0,entropy_sfda,1.0,1.0,1.0,0.2773589080373394,0.09803657347179766,0.30679436859527337,0.29311834753025323,0.15608537587182028,0.9995052159486318,0.9997185021242936,0.9864498644986449,0.02228477398857354
hungary,switzerland,0,reliability_gated_sfda,1.0,1.0,1.0,0.055097794521856154,0.01947512347448661,0.06268865678927196,0.05917876493185741,0.033999712209811496,0.9999637220704494,0.9999777893543108,0.9972899728997289,0.0049640214661272565
hungary,switzerland,0,conservative_candidate,1.0,1.0,1.0,0.007450738184937654,0.002633572675403065,0.01265532455673986,0.010604480281472303,0.006140779649931118,0.9999933591153527,0.9999960324760555,0.9972899728997289,0.0013547320433748443
hungary,switzerland,1,pseudo_label_sfda,1.0,1.0,1.0,0.12002131420427102,0.043560040616141694,0.12872168465968925,0.1234575277194381,0.06396802675230204,0.9998802859155388,0.9999249147715261,0.994579945799458,0.012122630739842
hungary,switzerland,1,entropy_sfda,1.0,1.0,1.0,0.2704226601061059,0.09814608460042899,0.2897125593241308,0.27585028391331434,0.14257804330437002,0.9996625263467173,0.9997514659962241,0.983739837398374,0.021456482994362588
hungary,switzerland,1,reliability_gated_sfda,1.0,1.0,1.0,0.058289391753155825,0.021155311363582018,0.06218904293519899,0.0603956121485681,0.03192812140859444,0.9999816548892828,0.9999858284660937,1.0,0.004552919054176751
hungary,switzerland,1,conservative_candidate,1.0,1.0,1.0,0.010022041654286232,0.0036373584509695107,0.013540317729868873,0.012290393002331198,0.006482922022898557,0.999993381844629,0.9999952588661933,1.0,0.001326141833532144
hungary,switzerland,2,pseudo_label_sfda,1.0,1.0,1.0,0.19666353357823085,0.07115828593188163,0.2100449131703647,0.1983475612942129,0.10498413471728403,0.9995661785336404,0.9997129116226271,1.0,0.015465768432714095
hungary,switzerland,2,entropy_sfda,0.9285714285714287,1.0,1.0,0.26840164262295174,0.09711511068091996,0.28923279782750655,0.272554766619578,0.14354373574469373,0.9989845026277383,0.9994048083716192,0.994579945799458,0.027632586188553784
hungary,switzerland,2,reliability_gated_sfda,0.9761904761904763,1.0,1.0,0.0598368963228717,0.02165063802296379,0.06457239060524089,0.05982899875380099,0.034418210415454446,0.9999570829591018,0.99996866074053,1.0,0.005114530644765709
hungary,switzerland,2,conservative_candidate,1.0,1.0,1.0,0.013080466625846068,0.004732873285398041,0.018047419539566983,0.017413659952580998,0.008939508442537755,0.9999875221177885,0.9999909877784018,0.9972899728997289,0.0031357178297953905
hungary,switzerland,3,pseudo_label_sfda,1.0,1.0,1.0,0.12763826667261635,0.04717283061566659,0.14183872947710258,0.14100847765803332,0.0673891102171435,0.9996121311784918,0.9997686320525239,0.983739837398374,0.013825632662065629
hungary,switzerland,3,entropy_sfda,0.9761904761904763,0.6666666666666666,0.5,0.24824167848115272,0.09174570413727277,0.2731854244998985,0.2651187861338258,0.1328057977532747,0.9992402000385723,0.9995031150447196,0.9810298102981029,0.019345338145891827
hungary,switzerland,3,reliability_gated_sfda,1.0,1.0,1.0,0.06237703618463593,0.023053441878778065,0.06739836712109182,0.06461234297603366,0.03332660621964473,0.9999632905652631,0.999976026975483,0.994579945799458,0.005457892377928997
hungary,switzerland,3,conservative_candidate,1.0,1.0,1.0,0.0112853383975451,0.004170860123268084,0.018747212698507036,0.016827694256789823,0.009452756522731953,0.9999836925690789,0.9999919853343234,0.9972899728997289,0.0032249195728360127
hungary,switzerland,4,pseudo_label_sfda,1.0,1.0,1.0,0.16525834893648758,0.05879638401405183,0.17234286848205801,0.16342507908120754,0.08081814154829076,0.9997248469959712,0.9998311822340119,0.991869918699187,0.015892111279857835
hungary,switzerland,4,entropy_sfda,1.0,1.0,1.0,0.3083753657595413,0.10971522190772919,0.32223468185099585,0.31324181798845535,0.15632338661296458,0.9992547086518678,0.9995897572723561,0.994579945799458,0.022933038118166656
hungary,switzerland,4,reliability_gated_sfda,1.0,1.0,1.0,0.06623542004423885,0.02356554580942714,0.06981086501722958,0.06633477751165617,0.03417803541845786,0.9999684443884493,0.9999815937397286,0.9972899728997289,0.004609678637206074
hungary,switzerland,4,conservative_candidate,1.0,1.0,1.0,0.0066139814320846785,0.002353153076048906,0.013835503531400327,0.011560778133571111,0.006871466002526174,0.9999899434105689,0.9999937190409673,1.0,0.002175469345193568
hungary,switzerland,5,pseudo_label_sfda,1.0,1.0,1.0,0.09124070763298334,0.03609655676572846,0.10120314582794282,0.09783576847985387,0.049390238096181815,0.9998642953885732,0.9999113608828202,0.994579945799458,0.007558599720156293
hungary,switzerland,5,entropy_sfda,1.0,1.0,1.0,0.2365970078652736,0.09360226971675784,0.260490535175176,0.2446540743112564,0.1302837950425427,0.9992107650685118,0.9994834852065688,0.991869918699187,0.01930050309596023
hungary,switzerland,5,reliability_gated_sfda,1.0,1.0,1.0,0.05005796418165137,0.019803881321571237,0.056247837455944145,0.051697500050068096,0.02885767765695515,0.9999515930875315,0.9999725871884895,1.0,0.004354626758069529
hungary,switzerland,5,conservative_candidate,1.0,1.0,1.0,0.01196266741589342,0.004732658422425783,0.01917707983085439,0.016456426586955744,0.009972302404040108,0.9999812198288396,0.9999894418163556,1.0,0.002759785762405008
hungary,switzerland,6,pseudo_label_sfda,1.0,1.0,1.0,0.1044886477562037,0.04484870905538154,0.11249081034161722,0.10859526990680023,0.055866265406993916,0.9999077702366262,0.9999508791969712,0.9972899728997289,0.008252316525554273
hungary,switzerland,6,entropy_sfda,1.0,1.0,1.0,0.2666358776009955,0.11444568529736172,0.285769324809513,0.2701670724200088,0.14042026535887206,0.9993614789753408,0.9995717548326417,0.991869918699187,0.02118747994848868
hungary,switzerland,6,reliability_gated_sfda,1.0,1.0,1.0,0.05990675470987243,0.025713229811375936,0.06376600359292538,0.05942844133824129,0.03221671662960025,0.9999714701680517,0.9999816781922305,1.0,0.004834449842451072
hungary,switzerland,6,conservative_candidate,1.0,1.0,1.0,0.014716555335718112,0.0063166527916891126,0.02082847987224423,0.018661607522517415,0.010644502720915978,0.9999672948505908,0.999983886810769,0.9972899728997289,0.0029187499568229733
hungary,switzerland,7,pseudo_label_sfda,1.0,1.0,1.0,0.12365681682246303,0.04750493951858074,0.13846104990004346,0.12502498333924433,0.06856553557023114,0.9998069363893092,0.9998964972788942,0.986449864498645,0.010316889945084479
hungary,switzerland,7,entropy_sfda,1.0,1.0,1.0,0.2582176567603391,0.09919885116112129,0.287061608715156,0.2677313109452373,0.14065634768692717,0.999310507058269,0.999538148334773,0.9810298102981029,0.021513400947659963
hungary,switzerland,7,reliability_gated_sfda,1.0,1.0,1.0,0.0578679130055199,0.022230975841311965,0.062190364092446826,0.058416294166818226,0.03221628227152737,0.9999756782927813,0.9999828995281453,0.994579945799458,0.00514527537473818
hungary,switzerland,7,conservative_candidate,1.0,1.0,1.0,0.016528561592707408,0.0063497374343544286,0.02210109549089726,0.02068174912710663,0.01142232349924269,0.9999828116293711,0.9999896021015231,0.9972899728997289,0.003326182988116414
hungary,switzerland,8,pseudo_label_sfda,1.0,1.0,1.0,0.11952842543129315,0.04590130378887944,0.1260212543512922,0.11553559126332401,0.0647970234123722,0.9998806767074692,0.9999083742010287,0.994579945799458,0.0084472878010777
hungary,switzerland,8,entropy_sfda,1.0,1.0,1.0,0.26490721635250297,0.10172966446924522,0.2794200460929704,0.2645692597143352,0.14348710872471668,0.9995833740114426,0.9996926819767371,0.9810298102981029,0.019214929270792783
hungary,switzerland,8,reliability_gated_sfda,1.0,1.0,1.0,0.06123687650817636,0.023516184217616257,0.06501880192654498,0.06118962867185461,0.0339742408526124,0.9999706564226848,0.9999804164391773,0.9972899728997289,0.005069190075969314
hungary,switzerland,8,conservative_candidate,1.0,1.0,1.0,0.01049525340468832,0.0040303870241040285,0.01596477780873192,0.013626701198518349,0.008385368600690037,0.9999857858430594,0.9999899126769286,0.9972899728997289,0.002726194547201551
hungary,switzerland,9,pseudo_label_sfda,1.0,1.0,1.0,0.17761641619467916,0.06180547885517414,0.1813413387418718,0.1687925788573923,0.08842305828688228,0.9997951553501132,0.9998724736726307,0.9728997289972899,0.013374277670693595
hungary,switzerland,9,entropy_sfda,1.0,1.0,1.0,0.25110924120022754,0.08737889903334518,0.266954692446781,0.2523937635123731,0.13387489987205453,0.9995508665435894,0.9997084096157276,0.9728997289972899,0.01901442933131039
hungary,switzerland,9,reliability_gated_sfda,1.0,1.0,1.0,0.05849295959950446,0.02035389214103526,0.061348777012053185,0.05942734889686113,0.032556046391379,0.9999698127966373,0.9999771824122559,0.991869918699187,0.005627377912765594
hungary,switzerland,9,conservative_candidate,1.0,1.0,1.0,0.010809449986881187,0.00376138223545725,0.016337569703265668,0.016368309967219774,0.00809750457277829,0.9999877341027633,0.9999925449874615,0.997289972899729,0.0019349538213838378
hungary,va_long_beach,0,pseudo_label_sfda,1.0,1.0,1.0,0.2859574725251879,0.10449180910523259,0.31861413550039286,0.3118874026695264,0.15837854207757712,0.9990174565873403,0.999324939152478,0.975,0.026986856088042264
hungary,va_long_beach,0,entropy_sfda,1.0,1.0,1.0,0.480761018221092,0.17567503341522475,0.5111850120985764,0.48806160845560964,0.2629861417780389,0.9989870052859472,0.9993823901470538,0.9733333333333333,0.03201461803168059
hungary,va_long_beach,0,reliability_gated_sfda,1.0,1.0,1.0,0.06670978457928882,0.024376443161828007,0.06913586109090827,0.06617915141396236,0.03586113394377114,0.9999833997046542,0.9999906939140396,0.9966666666666666,0.005007991120219229
hungary,va_long_beach,0,conservative_candidate,1.0,1.0,1.0,0.013011463638395157,0.00475452298090621,0.01742471241625026,0.016907320125028394,0.008571375506250834,0.9999851210617261,0.9999892029173788,0.995,0.0013417889364063732
hungary,va_long_beach,1,pseudo_label_sfda,1.0,1.0,1.0,0.2732004806669646,0.10804409778330148,0.28855362051490374,0.2831883910112084,0.14161702810830887,0.9996367075612278,0.9997221907392484,0.995,0.021723397858440876
hungary,va_long_beach,1,entropy_sfda,1.0,1.0,1.0,0.4618619539341399,0.1826550890079784,0.4830856186984693,0.47461396618746227,0.2514875802039382,0.999189645509743,0.9993753066962533,0.99,0.03189527716487646
hungary,va_long_beach,1,reliability_gated_sfda,1.0,1.0,1.0,0.06595921976913827,0.026085255681282494,0.06963320074028162,0.06911342311650506,0.035247369882657094,0.999982060858151,0.999987237485076,0.9966666666666667,0.005178369656205179
hungary,va_long_beach,1,conservative_candidate,1.0,1.0,1.0,0.006126435622304666,0.002422855215420661,0.0131657702306484,0.012650314019992786,0.006325072503232718,0.9999907971698024,0.9999932611760605,0.9983333333333334,0.00091182386502623
hungary,va_long_beach,2,pseudo_label_sfda,1.0,1.0,1.0,0.27065022005922845,0.1013802906699279,0.2889023938290984,0.28002422361169,0.1467994620874112,0.999237483014996,0.9995501519033867,0.9866666666666666,0.025281459959223866
hungary,va_long_beach,2,entropy_sfda,1.0,1.0,1.0,0.47788877816272374,0.17900781025572884,0.49582214180218215,0.48507049682666525,0.25769623886216636,0.9986684375462744,0.9991408417590635,0.9883333333333333,0.03417679294943809
hungary,va_long_beach,2,reliability_gated_sfda,1.0,1.0,1.0,0.0675319232101174,0.025296140542737048,0.06915466382626619,0.0677764420397581,0.0358213419271354,0.9999857538889028,0.9999907662755423,1.0,0.005458732992410659
hungary,va_long_beach,2,conservative_candidate,1.0,1.0,1.0,0.010104563240383828,0.003784972198354773,0.015885866931712362,0.01496726751793187,0.007877562722624996,0.9999830137759774,0.9999890121948986,0.9983333333333333,0.0023618507292121702
hungary,va_long_beach,3,pseudo_label_sfda,0.9285714285714287,1.0,1.0,0.3246830197298914,0.12452941356113247,0.33713539969441625,0.3300288818427362,0.1633169847122563,0.999216121005625,0.9995259343656611,0.9866666666666666,0.025176488040015106
hungary,va_long_beach,3,entropy_sfda,0.9761904761904763,1.0,1.0,0.44777349369065633,0.17173971901550397,0.4664662359531576,0.45684355823323136,0.23763752834474464,0.9988974385164328,0.9992477114764311,0.975,0.03407491699792445
hungary,va_long_beach,3,reliability_gated_sfda,1.0,1.0,1.0,0.06467756818035923,0.024806531745210313,0.06733421989529231,0.0659420455340295,0.03365821979798973,0.9999805311483451,0.9999896744606246,0.9966666666666666,0.0055100116319954425
hungary,va_long_beach,3,conservative_candidate,1.0,1.0,1.0,0.008090821798978104,0.003103165957654829,0.018056000451761055,0.016208059882046433,0.00872961677828462,0.9999764624439116,0.99998981508182,0.9966666666666666,0.002335006687790151
hungary,va_long_beach,4,pseudo_label_sfda,1.0,1.0,1.0,0.3072626287570893,0.10960236287142142,0.3135345716971642,0.3119957968592645,0.15362112924136806,0.9996746257447672,0.9997697260410232,0.9833333333333333,0.02349181276746094
hungary,va_long_beach,4,entropy_sfda,0.9761904761904763,1.0,1.0,0.5257332999377831,0.18753211917263224,0.5371949023839988,0.5246228741016237,0.2717653151156149,0.9993095563833174,0.9995007481872292,0.9833333333333333,0.03223410081118345
hungary,va_long_beach,4,reliability_gated_sfda,1.0,1.0,1.0,0.07987961321908411,0.02849352161530919,0.08215356907304568,0.08008958259597408,0.03940378846131166,0.9999793607511588,0.9999849414979607,1.0,0.005122986221686009
hungary,va_long_beach,4,conservative_candidate,1.0,1.0,1.0,0.011958624978578872,0.004265710931548504,0.01909598830257891,0.017831405159085937,0.009453478100237233,0.9999851320038959,0.9999918292580422,0.9966666666666666,0.0023622886184602914
hungary,va_long_beach,5,pseudo_label_sfda,1.0,1.0,1.0,0.20666679450554512,0.08580801108877212,0.21565587188673818,0.2088809000561016,0.10831159799081622,0.9998058515074467,0.9998608478814639,0.995,0.016137210065498946
hungary,va_long_beach,5,entropy_sfda,0.9761904761904763,1.0,1.0,0.42565988998940146,0.17673389983931875,0.4406413815591804,0.4383166402694766,0.22999691305089612,0.999279374626164,0.9994929508838541,0.99,0.034115591514855624
hungary,va_long_beach,5,reliability_gated_sfda,1.0,1.0,1.0,0.059792040338797973,0.024825643000304168,0.06252715112161239,0.060956334229558665,0.030503011737356298,0.9999682920912798,0.9999788510913161,0.9966666666666666,0.004921740274876355
hungary,va_long_beach,5,conservative_candidate,1.0,1.0,1.0,0.008042492383683507,0.003339241203656271,0.01757587699306896,0.016048477962613165,0.008926116193698149,0.9999764952532508,0.9999867917535117,0.995,0.002470890022814273
hungary,va_long_beach,6,pseudo_label_sfda,1.0,1.0,1.0,0.2405015955675481,0.10274547222997192,0.2479308305601444,0.2355921528069303,0.12306952823643233,0.9997484793235316,0.9998288163972241,0.9916666666666666,0.017462033433839678
hungary,va_long_beach,6,entropy_sfda,1.0,1.0,1.0,0.477905182896841,0.20416743424097533,0.49537880654917216,0.4940882908704227,0.25602293274775767,0.9989652647218584,0.9993044454797146,0.9816666666666666,0.03744051445275545
hungary,va_long_beach,6,reliability_gated_sfda,1.0,1.0,1.0,0.07031330032434202,0.030038774706770275,0.0723377901443746,0.07220584887545557,0.03603410407742189,0.9999605656104467,0.9999715935717717,0.99,0.0059787621907889865
hungary,va_long_beach,6,conservative_candidate,1.0,1.0,1.0,0.012039006507664006,0.005143223295008155,0.01814926461605637,0.016973385587334563,0.00858064476963473,0.9999706822161084,0.9999806407337822,0.9966666666666667,0.002077523460611701
hungary,va_long_beach,7,pseudo_label_sfda,1.0,1.0,1.0,0.2757562327556661,0.10536096803135214,0.2861053810242447,0.27833783323876565,0.13703824023800348,0.9995464456552888,0.999726055572755,0.985,0.02049067763611674
hungary,va_long_beach,7,entropy_sfda,1.0,1.0,1.0,0.4969479314505589,0.18987391362138875,0.5066692680952838,0.49354260225663893,0.263743479459838,0.9988221118791973,0.9991385936278094,0.9616666666666667,0.0363889574771747
hungary,va_long_beach,7,reliability_gated_sfda,1.0,1.0,1.0,0.07122172789775504,0.027212404670548074,0.07358566187565885,0.07203251589089621,0.036615383327229425,0.9999779311253084,0.9999863614871898,1.0,0.005924511523917315
hungary,va_long_beach,7,conservative_candidate,1.0,1.0,1.0,0.012678279628016938,0.004844118304167646,0.020914345432684067,0.019004255882464138,0.010293278450456174,0.9999786847413966,0.9999855971840315,0.9983333333333334,0.002699145479127759
hungary,va_long_beach,8,pseudo_label_sfda,1.0,1.0,1.0,0.24007400140731072,0.0926552981807555,0.24587988184922324,0.24832680309191352,0.12167493813551765,0.9996654158867004,0.9997973939322315,0.985,0.018436741223558782
hungary,va_long_beach,8,entropy_sfda,1.0,1.0,1.0,0.49394127764561757,0.1906340382371965,0.5036597002477811,0.4940148800960741,0.2684367507931599,0.999011779189461,0.9991778827595196,0.98,0.03826809118501842
hungary,va_long_beach,8,reliability_gated_sfda,1.0,1.0,1.0,0.06992488641667477,0.026987142144560286,0.07155504624229252,0.07154414488468332,0.036592767889806095,0.9999806079892355,0.999988399611593,0.9916666666666666,0.005435122065246106
hungary,va_long_beach,8,conservative_candidate,1.0,1.0,1.0,0.009229149440816459,0.003561941686233591,0.017309901154676486,0.015934321185341077,0.008798846848348111,0.999975867903016,0.9999861457684093,0.9916666666666666,0.0021290091797709454
hungary,va_long_beach,9,pseudo_label_sfda,0.9285714285714287,1.0,1.0,0.2794935063779076,0.10333930811066953,0.2832511576492061,0.27236533351242526,0.13800747777548555,0.9994700194298024,0.9996678664471856,0.9833333333333334,0.02340136895887554
hungary,va_long_beach,9,entropy_sfda,1.0,1.0,1.0,0.4670605940574114,0.1726899464003659,0.47125591228877056,0.4552916778775401,0.24686973352511962,0.9991613876927298,0.9992843471369651,0.9866666666666666,0.03232901184353978
hungary,va_long_beach,9,reliability_gated_sfda,1.0,1.0,1.0,0.06935605710830697,0.02564355447015514,0.0701073401571921,0.06780954710666265,0.035809762395897754,0.9999811046509518,0.9999863453825771,0.9983333333333334,0.006243165740743276
hungary,va_long_beach,9,conservative_candidate,1.0,1.0,1.0,0.011877825156043464,0.004391680684793398,0.017027653493350954,0.01495867839548741,0.008840625431367417,0.9999823117636976,0.9999897406311855,0.9983333333333333,0.0012646998371928962
switzerland,cleveland,0,pseudo_label_sfda,0.9761904761904763,1.0,1.0,0.2989910545427715,0.24010368724756842,0.32803388460571553,0.3129409737884997,0.166863259332492,0.9955825979717928,0.996594746776274,0.9119911991199121,0.05416207069610999
switzerland,cleveland,0,entropy_sfda,0.9285714285714287,1.0,1.0,0.22426890271040378,0.1800983329018998,0.2470501942044084,0.2370027378201487,0.12021050921635937,0.9957234652132272,0.9966943311423128,0.9229922992299231,0.05300561823073787
switzerland,cleveland,0,reliability_gated_sfda,1.0,1.0,1.0,0.0,0.0,0.0,0.0,0.0,1.0,1.0,1.0,0.0
switzerland,cleveland,0,conservative_candidate,1.0,1.0,1.0,0.0,0.0,0.0,0.0,0.0,1.0,1.0,1.0,0.0
switzerland,cleveland,1,pseudo_label_sfda,0.9047619047619048,0.6666666666666666,0.5,0.48599740910795675,0.29374204583699615,0.5418456329621387,0.5283715771511198,0.2637024882492087,0.9932852795199284,0.9948236694472297,0.9284928492849285,0.05404058974174777
switzerland,cleveland,1,entropy_sfda,0.9047619047619048,0.6666666666666666,0.5,0.3730092259464332,0.22545077626379012,0.43298616144758506,0.4220123682171105,0.2019857742109714,0.9925772757629818,0.9946788909590573,0.9273927392739274,0.05204314937685977
switzerland,cleveland,1,reliability_gated_sfda,1.0,1.0,1.0,0.0,0.0,0.0,0.0,0.0,1.0,1.0,1.0,0.0
switzerland,cleveland,1,conservative_candidate,1.0,1.0,1.0,0.0,0.0,0.0,0.0,0.0,1.0,1.0,1.0,0.0
switzerland,cleveland,2,pseudo_label_sfda,1.0,1.0,1.0,0.3656362575641085,0.27117195314078224,0.38285905614875837,0.376858364790678,0.19103806791510222,0.9953323861526931,0.9965024731613281,0.9240924092409241,0.048458676133612204
switzerland,cleveland,2,entropy_sfda,1.0,1.0,1.0,0.27597112089348746,0.20467233846472868,0.3011936554846843,0.29244242806453263,0.1484772519681343,0.994848538850734,0.9957326285498769,0.9097909790979098,0.047810920394293153
switzerland,cleveland,2,reliability_gated_sfda,1.0,1.0,1.0,0.0,0.0,0.0,0.0,0.0,1.0,1.0,1.0,0.0
switzerland,cleveland,2,conservative_candidate,1.0,1.0,1.0,0.0,0.0,0.0,0.0,0.0,1.0,1.0,1.0,0.0
switzerland,cleveland,3,pseudo_label_sfda,0.9523809523809524,0.6666666666666666,0.5,0.4122383332023283,0.2769967087488331,0.4296853752303853,0.4176461463794113,0.20468668594638587,0.9968071109737077,0.9977325428055851,0.9460946094609459,0.04716044428324934
switzerland,cleveland,3,entropy_sfda,0.9523809523809524,0.6666666666666666,0.5,0.276645888441293,0.18588761504021678,0.29712194301631367,0.29190515726804733,0.13461277482658243,0.9967506793461797,0.9976215441993916,0.9471947194719472,0.03952111780840177
switzerland,cleveland,3,reliability_gated_sfda,1.0,1.0,1.0,0.0,0.0,0.0,0.0,0.0,1.0,1.0,1.0,0.0
switzerland,cleveland,3,conservative_candidate,1.0,1.0,1.0,0.0,0.0,0.0,0.0,0.0,1.0,1.0,1.0,0.0
switzerland,cleveland,4,pseudo_label_sfda,0.9761904761904763,0.6666666666666666,0.5,0.38803947655667625,0.21331803378501926,0.4052799653800321,0.3998333225026728,0.19461630423591691,0.9966634917044181,0.9971600615729809,0.933993399339934,0.05322980211906307
switzerland,cleveland,4,entropy_sfda,0.9047619047619048,0.6666666666666666,0.5,0.29059884646533707,0.15975172190792877,0.30642671765742396,0.3012481024488808,0.143079158823508,0.9972921510612022,0.9978033703193502,0.933993399339934,0.056184024700630615
switzerland,cleveland,4,reliability_gated_sfda,1.0,1.0,1.0,0.0,0.0,0.0,0.0,0.0,1.0,1.0,1.0,0.0
switzerland,cleveland,4,conservative_candidate,1.0,1.0,1.0,0.0,0.0,0.0,0.0,0.0,1.0,1.0,1.0,0.0
switzerland,cleveland,5,pseudo_label_sfda,1.0,1.0,1.0,0.24064761827636066,0.2238831579724796,0.25420671120987554,0.2453850135207176,0.12882286601259527,0.9956635138565354,0.996431813602943,0.9031903190319033,0.047192313293419254
switzerland,cleveland,5,entropy_sfda,1.0,1.0,1.0,0.16073313263984923,0.14953582995736553,0.18660428940772658,0.17970961797982463,0.09200418689886931,0.9909593336834417,0.9934665249262422,0.88008800880088,0.04232466378227711
switzerland,cleveland,5,reliability_gated_sfda,1.0,1.0,1.0,0.0,0.0,0.0,0.0,0.0,1.0,1.0,1.0,0.0
switzerland,cleveland,5,conservative_candidate,1.0,1.0,1.0,0.0,0.0,0.0,0.0,0.0,1.0,1.0,1.0,0.0
switzerland,cleveland,6,pseudo_label_sfda,0.9047619047619048,0.6666666666666666,0.5,0.370447596322283,0.2877151435425541,0.4035210543109558,0.38852376583963655,0.181947507892924,0.9888778677209797,0.991004603163513,0.9141914191419142,0.05331236065024197
switzerland,cleveland,6,entropy_sfda,0.9523809523809524,1.0,1.0,0.20125094868409682,0.1563053618475784,0.22901719720071148,0.21779683884233242,0.10756747335812704,0.9877727444272821,0.9901495518041685,0.9086908690869087,0.044407539831923165
switzerland,cleveland,6,reliability_gated_sfda,1.0,1.0,1.0,0.0,0.0,0.0,0.0,0.0,1.0,1.0,1.0,0.0
switzerland,cleveland,6,conservative_candidate,1.0,1.0,1.0,0.0,0.0,0.0,0.0,0.0,1.0,1.0,1.0,0.0
switzerland,cleveland,7,pseudo_label_sfda,0.9761904761904763,0.6666666666666666,0.5,0.24586964899025895,0.19840872191122316,0.2962856053736056,0.29047219036146993,0.14412398782110986,0.9927623018807257,0.9937454234972286,0.9306930693069307,0.048431096887431115
switzerland,cleveland,7,entropy_sfda,0.9761904761904763,0.6666666666666666,0.5,0.17267291461661793,0.13934136416783294,0.20317401124665663,0.20207258686423316,0.09810848894269887,0.994912020802443,0.9954759427959827,0.9405940594059405,0.047961169933721966
switzerland,cleveland,7,reliability_gated_sfda,1.0,1.0,1.0,0.0,0.0,0.0,0.0,0.0,1.0,1.0,1.0,0.0
switzerland,cleveland,7,conservative_candidate,1.0,1.0,1.0,0.0,0.0,0.0,0.0,0.0,1.0,1.0,1.0,0.0
switzerland,cleveland,8,pseudo_label_sfda,0.9761904761904763,0.6666666666666666,0.5,0.270630716148721,0.190619933886171,0.30996989262775937,0.30465233139693737,0.15668719613190815,0.9960624483614092,0.9965521793530087,0.9625962596259625,0.050681753127094935
switzerland,cleveland,8,entropy_sfda,0.9761904761904763,0.6666666666666666,0.5,0.23949791724995706,0.1686914102055382,0.28352024956478,0.27681209892034536,0.13397015525189648,0.9945842582476397,0.9950582252240859,0.9482948294829484,0.05601923241473661
switzerland,cleveland,8,reliability_gated_sfda,1.0,1.0,1.0,0.0,0.0,0.0,0.0,0.0,1.0,1.0,1.0,0.0
switzerland,cleveland,8,conservative_candidate,1.0,1.0,1.0,0.0,0.0,0.0,0.0,0.0,1.0,1.0,1.0,0.0
switzerland,cleveland,9,pseudo_label_sfda,0.9761904761904763,1.0,1.0,0.4410110558767376,0.27963251466149247,0.44999940209505657,0.42644650256261224,0.21483876462021978,0.9965461330951267,0.9970430872666495,0.9427942794279427,0.05278973807596137
switzerland,cleveland,9,entropy_sfda,0.9761904761904763,1.0,1.0,0.3484978908242615,0.2209725590023578,0.3686144283716029,0.35374288633465767,0.16880530638152944,0.99462105130822,0.9955044678895903,0.9317931793179317,0.05345935022870306
switzerland,cleveland,9,reliability_gated_sfda,1.0,1.0,1.0,0.0,0.0,0.0,0.0,0.0,1.0,1.0,1.0,0.0
switzerland,cleveland,9,conservative_candidate,1.0,1.0,1.0,0.0,0.0,0.0,0.0,0.0,1.0,1.0,1.0,0.0
switzerland,hungary,0,pseudo_label_sfda,1.0,1.0,1.0,0.24874688815767432,0.18901567696014832,0.27120370068705535,0.26140278368256975,0.14814744181909859,0.9957956439397184,0.9972944743726375,0.9342403628117915,0.049507844407542224
switzerland,hungary,0,entropy_sfda,1.0,1.0,1.0,0.17678340478459,0.13433267518706962,0.25653338828454647,0.2457773864734918,0.13241691923966656,0.9893248393773393,0.9926964931325999,0.909297052154195,0.05336279386565799
switzerland,hungary,0,reliability_gated_sfda,1.0,1.0,1.0,0.0,0.0,0.0,0.0,0.0,1.0,1.0,1.0,0.0
switzerland,hungary,0,conservative_candidate,1.0,1.0,1.0,0.0,0.0,0.0,0.0,0.0,1.0,1.0,1.0,0.0
switzerland,hungary,1,pseudo_label_sfda,1.0,1.0,1.0,0.4578430914267785,0.2734845520824186,0.4788063087082487,0.4682600056985393,0.2398765112990152,0.995175209094871,0.996410070140362,0.9138321995464853,0.04910472157050153
switzerland,hungary,1,entropy_sfda,0.9761904761904763,1.0,1.0,0.4087930904895576,0.24418539307544385,0.46392143075522685,0.44548158301040536,0.21572548158971114,0.9895277234271032,0.9918124941334574,0.883219954648526,0.05256783779786558
switzerland,hungary,1,reliability_gated_sfda,1.0,1.0,1.0,0.0,0.0,0.0,0.0,0.0,1.0,1.0,1.0,0.0
switzerland,hungary,1,conservative_candidate,1.0,1.0,1.0,0.0,0.0,0.0,0.0,0.0,1.0,1.0,1.0,0.0
switzerland,hungary,2,pseudo_label_sfda,1.0,1.0,1.0,0.3191143902107191,0.22845297132228112,0.3318934997307818,0.32678635977208603,0.17620506757195972,0.9979114765827722,0.998462274875322,0.9591836734693877,0.04496559237136322
switzerland,hungary,2,entropy_sfda,0.9761904761904763,1.0,1.0,0.23426939040022962,0.16771270731931479,0.25847263407587245,0.25385325972456485,0.13975195322298525,0.995795833934873,0.997083474708271,0.9421768707482994,0.04835235484603312
switzerland,hungary,2,reliability_gated_sfda,1.0,1.0,1.0,0.0,0.0,0.0,0.0,0.0,1.0,1.0,1.0,0.0
switzerland,hungary,2,conservative_candidate,1.0,1.0,1.0,0.0,0.0,0.0,0.0,0.0,1.0,1.0,1.0,0.0
switzerland,hungary,3,pseudo_label_sfda,0.9761904761904763,1.0,1.0,0.3348333808815147,0.23506375988667852,0.36071980977977874,0.3526540492603091,0.17988877481591375,0.9955429510106597,0.9969592064972677,0.9297052154195012,0.04424748736984876
switzerland,hungary,3,entropy_sfda,0.9285714285714287,1.0,1.0,0.25385880607360867,0.17821701432188367,0.2865232560430419,0.2809003412257879,0.13950394747156367,0.9924887247718164,0.994233382234598,0.9104308390022676,0.04291658194697633
switzerland,hungary,3,reliability_gated_sfda,1.0,1.0,1.0,0.0,0.0,0.0,0.0,0.0,1.0,1.0,1.0,0.0
switzerland,hungary,3,conservative_candidate,1.0,1.0,1.0,0.0,0.0,0.0,0.0,0.0,1.0,1.0,1.0,0.0
switzerland,hungary,4,pseudo_label_sfda,1.0,1.0,1.0,0.37806536712358974,0.20281548822615575,0.3906406354374042,0.3840180568222422,0.18982264208080935,0.9970609975256051,0.9974862680536897,0.9308390022675735,0.05141984260812098
switzerland,hungary,4,entropy_sfda,0.9047619047619048,1.0,1.0,0.2900452674574481,0.1555965651512272,0.3183260635177106,0.3069325147080236,0.14849780247787167,0.9938605579000888,0.9950468717909083,0.9251700680272109,0.05268029777371153
switzerland,hungary,4,reliability_gated_sfda,1.0,1.0,1.0,0.0,0.0,0.0,0.0,0.0,1.0,1.0,1.0,0.0
switzerland,hungary,4,conservative_candidate,1.0,1.0,1.0,0.0,0.0,0.0,0.0,0.0,1.0,1.0,1.0,0.0
switzerland,hungary,5,pseudo_label_sfda,0.9761904761904763,1.0,1.0,0.1725627929310799,0.16355334453182796,0.21457437259762002,0.22170185483992094,0.12466388454624248,0.9938043503593357,0.9962198233478496,0.9229024943310657,0.04613214873132251
switzerland,hungary,5,entropy_sfda,0.9761904761904763,1.0,1.0,0.14978181365982324,0.141961752924868,0.20787860036993527,0.20888250542338926,0.10682443134926776,0.9869555840004115,0.9920595578881015,0.9002267573696145,0.04624278265602735
switzerland,hungary,5,reliability_gated_sfda,1.0,1.0,1.0,0.0,0.0,0.0,0.0,0.0,1.0,1.0,1.0,0.0
switzerland,hungary,5,conservative_candidate,1.0,1.0,1.0,0.0,0.0,0.0,0.0,0.0,1.0,1.0,1.0,0.0
switzerland,hungary,6,pseudo_label_sfda,0.8333333333333335,1.0,1.0,0.33218460336571476,0.2908106055823905,0.3566176033686517,0.3396190330386162,0.16681507276297555,0.9862026933710452,0.990099154738552,0.9285714285714286,0.052642525864296214
switzerland,hungary,6,entropy_sfda,0.8333333333333335,1.0,1.0,0.25519835790150036,0.22341309095310924,0.282278432889242,0.27809677604818717,0.12640520871704558,0.9820157441381715,0.9877368363599612,0.9081632653061225,0.04679277741990122
switzerland,hungary,6,reliability_gated_sfda,1.0,1.0,1.0,0.0,0.0,0.0,0.0,0.0,1.0,1.0,1.0,0.0
switzerland,hungary,6,conservative_candidate,1.0,1.0,1.0,0.0,0.0,0.0,0.0,0.0,1.0,1.0,1.0,0.0
switzerland,hungary,7,pseudo_label_sfda,0.9761904761904763,1.0,1.0,0.22344675686138732,0.1906585028941735,0.25077586874833446,0.2481465353630482,0.1267163369683494,0.9956485751362403,0.9965798656749707,0.9648526077097507,0.046539164116593444
switzerland,hungary,7,entropy_sfda,0.9047619047619048,1.0,1.0,0.18589527785359705,0.15861727361140257,0.2223876203189277,0.21178715780843033,0.10606588516940871,0.9908897056506131,0.9926958321121104,0.9523809523809523,0.049377209880725054
switzerland,hungary,7,reliability_gated_sfda,1.0,1.0,1.0,0.0,0.0,0.0,0.0,0.0,1.0,1.0,1.0,0.0
switzerland,hungary,7,conservative_candidate,1.0,1.0,1.0,0.0,0.0,0.0,0.0,0.0,1.0,1.0,1.0,0.0
switzerland,hungary,8,pseudo_label_sfda,0.9523809523809524,1.0,1.0,0.29053306062590906,0.21395289749496135,0.30631480119836463,0.2927839607000351,0.16237537071903743,0.996478563620257,0.9973086824679245,0.9421768707482994,0.0486264007837594
switzerland,hungary,8,entropy_sfda,0.9523809523809524,1.0,1.0,0.3015410045791824,0.22205931230087395,0.32253780868042936,0.31144624180160463,0.1542858099966776,0.9907258297855637,0.9927614853010993,0.9013605442176871,0.052690863001103296
switzerland,hungary,8,reliability_gated_sfda,1.0,1.0,1.0,0.0,0.0,0.0,0.0,0.0,1.0,1.0,1.0,0.0
switzerland,hungary,8,conservative_candidate,1.0,1.0,1.0,0.0,0.0,0.0,0.0,0.0,1.0,1.0,1.0,0.0
switzerland,hungary,9,pseudo_label_sfda,1.0,1.0,1.0,0.3681010616846524,0.25664700060457457,0.3746820352581028,0.36216907063499104,0.17828084061865657,0.9953886643968409,0.9960235241444896,0.9229024943310657,0.051022778765684895
switzerland,hungary,9,entropy_sfda,0.9523809523809524,0.6666666666666666,0.5,0.2672496916892836,0.18633152393162924,0.27925084689294494,0.27163388172630215,0.1319051827443785,0.990696672285666,0.9917428943435418,0.8809523809523809,0.05148764431071119
switzerland,hungary,9,reliability_gated_sfda,1.0,1.0,1.0,0.0,0.0,0.0,0.0,0.0,1.0,1.0,1.0,0.0
switzerland,hungary,9,conservative_candidate,1.0,1.0,1.0,0.0,0.0,0.0,0.0,0.0,1.0,1.0,1.0,0.0
switzerland,va_long_beach,0,pseudo_label_sfda,1.0,1.0,1.0,0.2777632571521827,0.21611597142253056,0.3132385378990875,0.31699137360556034,0.15690456104288017,0.9957610022458917,0.9974309390843863,0.9516666666666665,0.034749340713024136
switzerland,va_long_beach,0,entropy_sfda,1.0,1.0,1.0,0.12153094128836528,0.09455814172008892,0.1478811172176211,0.1492290035821497,0.07425082106371785,0.997479180659317,0.9984373043533017,0.9583333333333333,0.02322368949651719
switzerland,va_long_beach,0,reliability_gated_sfda,1.0,1.0,1.0,0.0,0.0,0.0,0.0,0.0,1.0,1.0,1.0,0.0
switzerland,va_long_beach,0,conservative_candidate,1.0,1.0,1.0,0.0,0.0,0.0,0.0,0.0,1.0,1.0,1.0,0.0
switzerland,va_long_beach,1,pseudo_label_sfda,1.0,1.0,1.0,0.33251114792103187,0.22060299196191416,0.4020994335124851,0.38496912666596483,0.20761948634912222,0.9950340121968124,0.9961864040788249,0.9566666666666667,0.03721587508916854
switzerland,va_long_beach,1,entropy_sfda,1.0,1.0,1.0,0.14334304015937976,0.09510028079896403,0.20129400827892824,0.19375282991677525,0.10564723419883042,0.9967928170991612,0.9974882412477573,0.9633333333333334,0.025443286299705502
switzerland,va_long_beach,1,reliability_gated_sfda,1.0,1.0,1.0,0.0,0.0,0.0,0.0,0.0,1.0,1.0,1.0,0.0
switzerland,va_long_beach,1,conservative_candidate,1.0,1.0,1.0,0.0,0.0,0.0,0.0,0.0,1.0,1.0,1.0,0.0
switzerland,va_long_beach,2,pseudo_label_sfda,1.0,1.0,1.0,0.3856254446139976,0.2742105555448212,0.4066117784771086,0.3995194151066245,0.20661547521533946,0.9948506004556108,0.9967270944013182,0.9333333333333332,0.032330532670021055
switzerland,va_long_beach,2,entropy_sfda,1.0,1.0,1.0,0.18133123461726436,0.12894102107758973,0.19866052769573797,0.19536279200110573,0.10029799852259487,0.9969383605356509,0.9980285379016645,0.9533333333333333,0.02027930229902266
switzerland,va_long_beach,2,reliability_gated_sfda,1.0,1.0,1.0,0.0,0.0,0.0,0.0,0.0,1.0,1.0,1.0,0.0
switzerland,va_long_beach,2,conservative_candidate,1.0,1.0,1.0,0.0,0.0,0.0,0.0,0.0,1.0,1.0,1.0,0.0
switzerland,va_long_beach,3,pseudo_label_sfda,1.0,1.0,1.0,0.3369183783180779,0.25301853403206115,0.35534012601478027,0.34793832839932304,0.17664220812987522,0.9952201830766927,0.9964647016535293,0.9433333333333332,0.031384926140308377
switzerland,va_long_beach,3,entropy_sfda,1.0,1.0,1.0,0.13476177516698948,0.1012032260351182,0.15322705796002992,0.1487053553573787,0.07890680293464838,0.9971395158494667,0.9979134630781816,0.95,0.018416703939437867
switzerland,va_long_beach,3,reliability_gated_sfda,1.0,1.0,1.0,0.0,0.0,0.0,0.0,0.0,1.0,1.0,1.0,0.0
switzerland,va_long_beach,3,conservative_candidate,1.0,1.0,1.0,0.0,0.0,0.0,0.0,0.0,1.0,1.0,1.0,0.0
switzerland,va_long_beach,4,pseudo_label_sfda,0.9761904761904763,1.0,1.0,0.3683313985052518,0.2299519361055557,0.39351662880158983,0.3791517566423865,0.18571739244907384,0.9958378456301193,0.9980981161581779,0.965,0.0351852324604988
switzerland,va_long_beach,4,entropy_sfda,1.0,1.0,1.0,0.17202274181283428,0.10739503255648555,0.18787342640323915,0.1802177923091221,0.08805891490385367,0.9977491721054682,0.9988825499605114,0.975,0.023389425277709944
switzerland,va_long_beach,4,reliability_gated_sfda,1.0,1.0,1.0,0.0,0.0,0.0,0.0,0.0,1.0,1.0,1.0,0.0
switzerland,va_long_beach,4,conservative_candidate,1.0,1.0,1.0,0.0,0.0,0.0,0.0,0.0,1.0,1.0,1.0,0.0
switzerland,va_long_beach,5,pseudo_label_sfda,0.9761904761904763,1.0,1.0,0.2232114233585889,0.2193339914207919,0.23405769814009544,0.2226533526554704,0.11936936695975803,0.996395080156077,0.9976702596979289,0.9483333333333335,0.03148952513933183
switzerland,va_long_beach,5,entropy_sfda,1.0,1.0,1.0,0.09188492471119383,0.09028878085656282,0.09696962632588109,0.09124631807208053,0.04962949983352428,0.9981254982843241,0.9987452056197761,0.9666666666666667,0.01774987399578095
switzerland,va_long_beach,5,reliability_gated_sfda,1.0,1.0,1.0,0.0,0.0,0.0,0.0,0.0,1.0,1.0,1.0,0.0
switzerland,va_long_beach,5,conservative_candidate,1.0,1.0,1.0,0.0,0.0,0.0,0.0,0.0,1.0,1.0,1.0,0.0
switzerland,va_long_beach,6,pseudo_label_sfda,1.0,1.0,1.0,0.23566944641159357,0.21996058760900278,0.2791548077457628,0.2656592135317626,0.13087459633643964,0.9941159810898992,0.9955987686226646,0.9483333333333333,0.039323690533638
switzerland,va_long_beach,6,entropy_sfda,1.0,1.0,1.0,0.099399607878222,0.09277399548354262,0.12975954667308542,0.12823522737016904,0.06118296662389842,0.9968164735515895,0.9976627394682602,0.9566666666666667,0.02456516236066819
switzerland,va_long_beach,6,reliability_gated_sfda,1.0,1.0,1.0,0.0,0.0,0.0,0.0,0.0,1.0,1.0,1.0,0.0
switzerland,va_long_beach,6,conservative_candidate,1.0,1.0,1.0,0.0,0.0,0.0,0.0,0.0,1.0,1.0,1.0,0.0
switzerland,va_long_beach,7,pseudo_label_sfda,0.9761904761904763,1.0,1.0,0.2781677605776349,0.2341004759724911,0.2951987575617386,0.2879862857516854,0.14315200438879183,0.9939141927783995,0.996598783165296,0.93,0.03317672729492187
switzerland,va_long_beach,7,entropy_sfda,0.9761904761904763,1.0,1.0,0.1197918687629863,0.10081446331816211,0.13487988478533225,0.13055233145132655,0.06912638111768422,0.9965469169289611,0.9978692891035341,0.9516666666666665,0.020139645636081685
switzerland,va_long_beach,7,reliability_gated_sfda,1.0,1.0,1.0,0.0,0.0,0.0,0.0,0.0,1.0,1.0,1.0,0.0
switzerland,va_long_beach,7,conservative_candidate,1.0,1.0,1.0,0.0,0.0,0.0,0.0,0.0,1.0,1.0,1.0,0.0
switzerland,va_long_beach,8,pseudo_label_sfda,1.0,1.0,1.0,0.30838763409003156,0.2181523021480817,0.3414488945895573,0.3376713069155812,0.16884637958595164,0.9964250077485377,0.997795275723935,0.9566666666666667,0.03711594432592392
switzerland,va_long_beach,8,entropy_sfda,1.0,1.0,1.0,0.13730177397257654,0.09712678061659456,0.16263381098047827,0.15904471231624484,0.08133902095724385,0.9978256274377587,0.9985746911349668,0.9616666666666666,0.024469791948795318
switzerland,va_long_beach,8,reliability_gated_sfda,1.0,1.0,1.0,0.0,0.0,0.0,0.0,0.0,1.0,1.0,1.0,0.0
switzerland,va_long_beach,8,conservative_candidate,1.0,1.0,1.0,0.0,0.0,0.0,0.0,0.0,1.0,1.0,1.0,0.0
switzerland,va_long_beach,9,pseudo_label_sfda,0.9523809523809524,1.0,1.0,0.38935690777521825,0.2817183603662101,0.3982832840303308,0.3973200800828635,0.19086494828365144,0.9955296522242258,0.9970735791932959,0.9333333333333335,0.03288129389286041
switzerland,va_long_beach,9,entropy_sfda,0.9523809523809524,1.0,1.0,0.18110546004871142,0.13103846943366987,0.18914113357983298,0.1844291412271561,0.09301472164084977,0.9973662577579806,0.9982730785051842,0.955,0.021407180726528162
switzerland,va_long_beach,9,reliability_gated_sfda,1.0,1.0,1.0,0.0,0.0,0.0,0.0,0.0,1.0,1.0,1.0,0.0
switzerland,va_long_beach,9,conservative_candidate,1.0,1.0,1.0,0.0,0.0,0.0,0.0,0.0,1.0,1.0,1.0,0.0
va_long_beach,cleveland,0,pseudo_label_sfda,1.0,1.0,1.0,0.0,0.0,0.0,0.0,0.0,1.0,1.0,1.0,0.0
va_long_beach,cleveland,0,entropy_sfda,0.9761904761904763,1.0,1.0,0.26652942945306535,0.19576262641910178,0.3807838615226027,0.33686143916565925,0.18114547702138686,0.9806726551573673,0.9871740141428414,0.9119911991199119,0.1016777804975856
va_long_beach,cleveland,0,reliability_gated_sfda,1.0,1.0,1.0,0.04282069889953738,0.03145128288038126,0.044157604327600936,0.041846793785225676,0.02056109224353677,0.9999087563723483,0.99993932028544,0.988998899889989,0.004401748920037802
va_long_beach,cleveland,0,conservative_candidate,1.0,1.0,1.0,0.01639032890378015,0.012038497364666974,0.017760470949496787,0.015851563599426403,0.008161100176652064,0.9999727276356563,0.999980776636814,0.9955995599559957,0.002158479820383658
va_long_beach,cleveland,1,pseudo_label_sfda,1.0,1.0,1.0,0.08759822315999735,0.06456312161208051,0.0934333694387965,0.08911578640982042,0.045019293463014795,0.9992313159709442,0.9994355845998808,0.988998899889989,0.013107258396180158
va_long_beach,cleveland,1,entropy_sfda,0.9047619047619048,0.6666666666666666,0.5,0.5016265323533576,0.3697172573126544,0.6192033330927257,0.5982212229282597,0.30871599038399444,0.950500854816149,0.9624414308279636,0.8932893289328934,0.12985038993382217
va_long_beach,cleveland,1,reliability_gated_sfda,1.0,1.0,1.0,0.04221936276228531,0.031117227656858926,0.0442311683785015,0.04153793776640673,0.020970313508165295,0.9999061818754109,0.999919480104878,0.9955995599559955,0.0034106672793725173
va_long_beach,cleveland,1,conservative_candidate,1.0,1.0,1.0,0.01959500529189634,0.014442241680397375,0.02381079907726036,0.02213367028161886,0.012415533663729585,0.9998633035134008,0.9999101510658336,0.9966996699669967,0.003535561337329372
va_long_beach,cleveland,2,pseudo_label_sfda,1.0,1.0,1.0,0.04915358445921404,0.040684664713890505,0.05304462196502878,0.04978823103010665,0.026572823699816544,0.9998362270551504,0.9998798081653172,0.9856985698569858,0.009557458433774438
va_long_beach,cleveland,2,entropy_sfda,0.9285714285714287,1.0,1.0,0.23419670618370683,0.19384577082242752,0.28196577506823756,0.2561657568439841,0.1392339949886127,0.9873147280152007,0.9905980777259686,0.9163916391639163,0.0921731972851769
va_long_beach,cleveland,2,reliability_gated_sfda,1.0,1.0,1.0,0.031377569424843064,0.025971369242579437,0.032815538577157743,0.03138201567344365,0.01656518758155343,0.9999447337691739,0.9999543187727975,0.9966996699669967,0.0031804608629875074
va_long_beach,cleveland,2,conservative_candidate,1.0,1.0,1.0,0.010257614604999903,0.008490278289165494,0.013600988512056688,0.012404797264025547,0.0063804561971704445,0.9999676035218807,0.9999750267075289,0.9977997799779977,0.0018917991973385953
va_long_beach,cleveland,3,pseudo_label_sfda,1.0,1.0,1.0,0.03540015572568362,0.028609757863493162,0.03928357057676105,0.04252561554312697,0.018988260059338243,0.9996840562048435,0.9997436987378489,0.9856985698569858,0.008691600840477263
va_long_beach,cleveland,3,entropy_sfda,0.9047619047619048,1.0,1.0,0.2802439917348331,0.22648806430010476,0.32201464955667736,0.30960551527095936,0.15034141052420136,0.9701960754579267,0.9770892175869865,0.8888888888888891,0.10505781138297354
va_long_beach,cleveland,3,reliability_gated_sfda,0.9761904761904763,1.0,1.0,0.02015791463779829,0.016291257622970144,0.02329638965297683,0.020923333417158546,0.011946886037755372,0.9998969883384777,0.9999169663399894,0.9944994499449944,0.0026316916195079426
va_long_beach,cleveland,3,conservative_candidate,1.0,1.0,1.0,0.012868589417217097,0.010400158409590781,0.01551862729574807,0.014589076396077805,0.007687345854248486,0.9999650033620462,0.9999743196365602,0.9966996699669967,0.0013215540856024621
va_long_beach,cleveland,4,pseudo_label_sfda,1.0,1.0,1.0,0.06307931553974325,0.05708909578954872,0.065489867362924,0.05983308464055901,0.03138503097089162,0.9998305642723319,0.9998595442281777,0.988998899889989,0.009204993546992642
va_long_beach,cleveland,4,entropy_sfda,0.9761904761904763,0.6666666666666666,0.5,0.39193477436721413,0.3547153561456689,0.42791196867308307,0.40827028191415593,0.2032753742261697,0.9878830324217281,0.9912846645573999,0.9196919691969195,0.08154287344158286
va_long_beach,cleveland,4,reliability_gated_sfda,1.0,1.0,1.0,0.02868240843672422,0.02595863237747767,0.029287200564590946,0.025645806861575825,0.014354092825918924,0.9999577192015355,0.9999634938355613,0.9944994499449946,0.0034242333358663938
va_long_beach,cleveland,4,conservative_candidate,1.0,1.0,1.0,0.012897484741748795,0.011672697072973614,0.013941993907266463,0.013538475381210648,0.0065033392438214,0.9999794217472234,0.9999849266401447,0.9922992299229924,0.0012564322736003616
va_long_beach,cleveland,5,pseudo_label_sfda,1.0,1.0,1.0,0.0,0.0,0.0,0.0,0.0,1.0,1.0,1.0,0.0
va_long_beach,cleveland,5,entropy_sfda,0.9761904761904763,1.0,1.0,0.1363287030773202,0.13806775832889256,0.20188752917729227,0.1935528605245054,0.09927000169659131,0.984030216603669,0.9888566461521643,0.9328932893289328,0.07306210111470113
va_long_beach,cleveland,5,reliability_gated_sfda,1.0,1.0,1.0,0.004623661016138269,0.004682642006862176,0.00794603053718403,0.008419523946940868,0.003819079483746061,0.9999450626683989,0.9999768015224026,0.9977997799779977,0.0016457680428382212
va_long_beach,cleveland,5,conservative_candidate,1.0,1.0,1.0,0.009241554280301146,0.009359442686345277,0.010347291184324162,0.01206072740023938,0.004859403264456281,0.9999543366581097,0.9999846566299624,0.9977997799779977,0.0020429710350414318
va_long_beach,cleveland,6,pseudo_label_sfda,1.0,1.0,1.0,0.06138801060671441,0.04832496227501209,0.06393064693553069,0.0618125989567488,0.030458499987836472,0.9996610239082002,0.9997302825533934,0.979097909790979,0.011878136459356882
va_long_beach,cleveland,6,entropy_sfda,0.9047619047619048,1.0,1.0,0.3508688110037005,0.2762057588713848,0.3692783458414017,0.3555591411422938,0.18582662545559922,0.9765704928888121,0.9856412636421426,0.8778877887788779,0.10980494974469981
va_long_beach,cleveland,6,reliability_gated_sfda,0.9761904761904763,1.0,1.0,0.03538567685967245,0.027855789467991072,0.03653092670278232,0.033817495685070746,0.017622307822842676,0.9999391518900154,0.999949902988271,0.9955995599559957,0.0038531634083675496
va_long_beach,cleveland,6,conservative_candidate,1.0,1.0,1.0,0.008098619407061608,0.006375275456200022,0.010299551938731518,0.00947433104738602,0.004749321407248172,0.9999799877834905,0.9999861029964809,0.997799779977998,0.0018913031804679652
va_long_beach,cleveland,7,pseudo_label_sfda,1.0,1.0,1.0,0.008498960559885721,0.008411075297331138,0.008786101589919135,0.0,0.004157207419405618,0.9999710611010008,1.0,0.9988998899889988,0.001660243414416172
va_long_beach,cleveland,7,entropy_sfda,0.880952380952381,0.6666666666666666,0.5,0.19206966977505155,0.19008353356015664,0.235609709434789,0.23032191745005537,0.11502832603356523,0.9891944308905559,0.9923984993359916,0.9328932893289328,0.076597529669406
va_long_beach,cleveland,7,reliability_gated_sfda,1.0,1.0,1.0,0.015056752282839383,0.01490105481627596,0.016382414155784064,0.014258268522098484,0.008217924870376755,0.9999650123843702,0.9999690725375585,0.9966996699669967,0.0015185525511751071
va_long_beach,cleveland,7,conservative_candidate,1.0,1.0,1.0,0.015195576900290372,0.015038443889007363,0.016117466671990047,0.01557248295284799,0.007572095533975515,0.9999749929306478,0.9999807413493799,0.9955995599559955,0.0021329239846849604
va_long_beach,cleveland,8,pseudo_label_sfda,1.0,1.0,1.0,0.048773023789126936,0.035392151499777084,0.053093173685363065,0.050548110972158486,0.023642283975160897,0.9998769770091831,0.9999031070221026,0.9911991199119912,0.01098066932297383
va_long_beach,cleveland,8,entropy_sfda,0.9761904761904763,1.0,1.0,0.20261841462260158,0.14703008076703317,0.27401465219917864,0.257039849529974,0.12496980979411544,0.987843326654445,0.9902663498899305,0.9207920792079208,0.10995595899745576
va_long_beach,cleveland,8,reliability_gated_sfda,1.0,1.0,1.0,0.03901492389341354,0.028311184952526852,0.04273213854691912,0.0404318145010619,0.018430284726241628,0.9998965126374135,0.9999202028494146,0.9900990099009901,0.0038146637257176277
va_long_beach,cleveland,8,conservative_candidate,1.0,1.0,1.0,0.008649921730484345,0.006276816907438987,0.012343368086683524,0.011410494480515097,0.005651292624861501,0.9999719659171331,0.999982117719246,0.9944994499449946,0.001352439324061076
va_long_beach,cleveland,9,pseudo_label_sfda,0.9761904761904763,1.0,1.0,0.06917243948447493,0.057595719423087895,0.07044678811990428,0.06582455523312103,0.03297497815876606,0.9996122748412096,0.9996851367891045,0.9845984598459847,0.009942919802744397
va_long_beach,cleveland,9,entropy_sfda,0.9761904761904763,1.0,1.0,0.3864846878149615,0.32180249542458655,0.422740948156037,0.4138455032370986,0.19363280258887453,0.9825283258205985,0.9876918827608623,0.9108910891089109,0.0873615010933514
va_long_beach,cleveland,9,reliability_gated_sfda,1.0,1.0,1.0,0.009355719331585619,0.007789943359509593,0.013283711929340504,0.011499242857098413,0.007409944232508852,0.9999434908628289,0.9999512397422394,0.9922992299229921,0.0011982324689921748
va_long_beach,cleveland,9,conservative_candidate,1.0,1.0,1.0,0.012166817444270492,0.010130575255328568,0.014050192169619087,0.013222456327639525,0.006310671613395818,0.9999651506044793,0.9999739942778858,0.9922992299229921,0.0014148826646332706
va_long_beach,hungary,0,pseudo_label_sfda,1.0,1.0,1.0,0.0,0.0,0.0,0.0,0.0,1.0,1.0,1.0,0.0
va_long_beach,hungary,0,entropy_sfda,0.9285714285714287,1.0,1.0,0.35888965774758663,0.324944543615227,0.39357152437213433,0.39478298560425173,0.1979278475069558,0.9897357684659573,0.992318249305855,0.9172335600907028,0.058220931968721405
va_long_beach,hungary,0,reliability_gated_sfda,1.0,1.0,1.0,0.03789654323425045,0.03431214770337315,0.03927502110835583,0.03555608540773389,0.017835944629903278,0.9998706897430555,0.9999306490141522,0.9931972789115646,0.00466330025066324
va_long_beach,hungary,0,conservative_candidate,1.0,1.0,1.0,0.020461311301474085,0.01852600463427897,0.0214030218304693,0.020786293607670904,0.010727516401830365,0.9999248334398049,0.9999568977710147,0.9943310657596374,0.0024863155115218373
va_long_beach,hungary,1,pseudo_label_sfda,1.0,1.0,1.0,0.03914459252381582,0.03915258491464371,0.04160014563977839,0.045232939133711625,0.020292497296862718,0.9995597165314944,0.9997627062779473,0.9807256235827666,0.006411269611241866
va_long_beach,hungary,1,entropy_sfda,0.9761904761904763,1.0,1.0,0.4579118343991966,0.4580053290585932,0.5739164497659784,0.5688004658441059,0.2885108255407652,0.9394233431917015,0.9624414042565255,0.8582766439909297,0.11598673300678228
va_long_beach,hungary,1,reliability_gated_sfda,1.0,1.0,1.0,0.03800122666230048,0.03800898560512865,0.04019155512514928,0.03583783557405691,0.019493287308019608,0.9998489162226638,0.9998891236593662,0.9852607709750566,0.00392018116655804
va_long_beach,hungary,1,conservative_candidate,1.0,1.0,1.0,0.017762151262842273,0.01776577786988258,0.021898898186298556,0.02043096142006099,0.01155992696287604,0.9997844084631488,0.9998746439582141,0.9841269841269841,0.002415487555419507
va_long_beach,hungary,2,pseudo_label_sfda,1.0,1.0,1.0,0.0,0.0,0.0,0.0,0.0,1.0,1.0,1.0,0.0
va_long_beach,hungary,2,entropy_sfda,0.9285714285714287,0.6666666666666666,0.5,0.2634746634008344,0.25857463611894704,0.3169093149955083,0.2723755575134418,0.15946977928221032,0.982539773863068,0.9881808897648119,0.891156462585034,0.08532074529702971
va_long_beach,hungary,2,reliability_gated_sfda,1.0,1.0,1.0,0.030106983336569394,0.029547062174434414,0.032741339782406696,0.02855460829596275,0.015486109921301651,0.9998932708290278,0.9999349824218324,0.9931972789115646,0.003596583089860928
va_long_beach,hungary,2,conservative_candidate,1.0,1.0,1.0,0.01610111500928949,0.01580167102558356,0.017666082714184357,0.016510456109244905,0.00843813653358363,0.9999567478058539,0.9999724318684372,0.9943310657596371,0.0018618952254859762
va_long_beach,hungary,3,pseudo_label_sfda,1.0,1.0,1.0,0.0,0.0,0.0,0.0,0.0,1.0,1.0,1.0,0.0
va_long_beach,hungary,3,entropy_sfda,0.8571428571428572,1.0,1.0,0.25332828737134216,0.22144891679949813,0.2856241052003077,0.27100459707071434,0.14005125668006824,0.9810591802061073,0.9817048225333915,0.917233560090703,0.0892619734921423
va_long_beach,hungary,3,reliability_gated_sfda,0.9761904761904763,1.0,1.0,0.03243016249143538,0.028349081856906364,0.03729436267509937,0.034231725876452526,0.01659031436850935,0.9998054772303531,0.9998396635856442,0.9943310657596374,0.0037159690646087233
va_long_beach,hungary,3,conservative_candidate,0.9761904761904763,1.0,1.0,0.01219037756227975,0.010656314518033345,0.014107524691672896,0.01299886335618787,0.006956572806064376,0.9999627407297806,0.9999719422680187,0.9954648526077097,0.001512601667520952
va_long_beach,hungary,4,pseudo_label_sfda,0.9761904761904763,1.0,1.0,0.029383985510773137,0.03472152276100113,0.031081603672856804,0.032988086168188435,0.014375492014942261,0.9997744666888677,0.9998730861322813,0.992063492063492,0.004926697129294987
va_long_beach,hungary,4,entropy_sfda,0.8333333333333335,0.6666666666666666,0.5,0.3588321543011652,0.4240132370191588,0.37564945619771406,0.3580847962148255,0.17658025598193947,0.9783394900941537,0.9825072693918533,0.8775510204081632,0.08040573118495292
va_long_beach,hungary,4,reliability_gated_sfda,0.9761904761904763,1.0,1.0,0.03302831735938867,0.039027839587353806,0.03547223996772619,0.03234162181615826,0.01688801229659954,0.9997448439256744,0.9997921646738372,0.9863945578231292,0.005166751592337682
va_long_beach,hungary,4,conservative_candidate,1.0,1.0,1.0,0.0078077270700413585,0.009225983761621885,0.009157267209859913,0.008845066098729086,0.004609428632068313,0.9999734369611976,0.9999812664888621,0.9977324263038548,0.0010606938478898015
va_long_beach,hungary,5,pseudo_label_sfda,1.0,1.0,1.0,0.0,0.0,0.0,0.0,0.0,1.0,1.0,1.0,0.0
va_long_beach,hungary,5,entropy_sfda,0.9761904761904763,1.0,1.0,0.15575089516438412,0.20384068044003792,0.20700895040694403,0.20178670345922006,0.10481029977243468,0.9743588243538516,0.9847946227853085,0.9195011337868482,0.06872125892412095
va_long_beach,hungary,5,reliability_gated_sfda,1.0,1.0,1.0,0.007740027010766336,0.010129844652473406,0.012039662611541276,0.011175149775226587,0.006123188272256911,0.9998791439929589,0.9999131456110212,0.9897959183673469,0.001853855491495456
va_long_beach,hungary,5,conservative_candidate,1.0,1.0,1.0,0.014299696550563706,0.018714883608704394,0.01563739081937998,0.015362446720246179,0.007971323178138862,0.999896129880691,0.9999335551367607,0.9931972789115646,0.002691588839706111
va_long_beach,hungary,6,pseudo_label_sfda,1.0,1.0,1.0,0.0,0.0,0.0,0.0,0.0,1.0,1.0,1.0,0.0
va_long_beach,hungary,6,entropy_sfda,0.9047619047619048,1.0,1.0,0.3607412500918846,0.37704794703405214,0.3791010755693471,0.3568471343023702,0.18009329863736614,0.9711171159067801,0.9802692727680431,0.826530612244898,0.09602706560066768
va_long_beach,hungary,6,reliability_gated_sfda,0.9761904761904763,1.0,1.0,0.03333840082711724,0.034845406745308845,0.03540122447746205,0.03285317571135242,0.016560068472258653,0.9998813835505506,0.9999022035162277,0.9886621315192743,0.003999527417072632
va_long_beach,hungary,6,conservative_candidate,0.9761904761904763,1.0,1.0,0.008871483551846138,0.009272503933270584,0.010659621076415465,0.010355255741160254,0.005055215767121955,0.9999636284662102,0.9999785667495978,0.9943310657596371,0.0018190139410447102
va_long_beach,hungary,7,pseudo_label_sfda,1.0,1.0,1.0,0.0,0.0,0.0,0.0,0.0,1.0,1.0,1.0,0.0
va_long_beach,hungary,7,entropy_sfda,0.9523809523809524,1.0,1.0,0.19419828893823177,0.23045594855759152,0.20447302942748324,0.20368673687335104,0.0974437278364501,0.9849891535761621,0.9896744837422822,0.9183673469387755,0.07578737243097655
va_long_beach,hungary,7,reliability_gated_sfda,1.0,1.0,1.0,0.024114403921959442,0.028616667325548215,0.024662492110134934,0.02312479598185742,0.011455747052115524,0.9998963975682152,0.9999186860038107,0.9931972789115646,0.003344988843210702
va_long_beach,hungary,7,conservative_candidate,1.0,1.0,1.0,0.013146002631989385,0.015600418123453799,0.01393292396610655,0.01347323355730615,0.006585162085392699,0.9999593977960162,0.9999720611825018,0.9988662131519274,0.0017298888795229846
va_long_beach,hungary,8,pseudo_label_sfda,1.0,1.0,1.0,0.03180932000958704,0.027132292424696603,0.034864117149208125,0.037551550207354054,0.01634179428185171,0.9998851065795604,0.9999138477043412,0.9931972789115646,0.007769348163183047
va_long_beach,hungary,8,entropy_sfda,0.9285714285714287,0.6666666666666666,0.5,0.33785348446975083,0.2881777898607452,0.36964900296471587,0.35989235987653956,0.18104003504946672,0.988403517046858,0.9921149487469658,0.8673469387755102,0.08187053692178661
va_long_beach,hungary,8,reliability_gated_sfda,1.0,1.0,1.0,0.037022743372956184,0.03157916922640266,0.0418038987329069,0.038185150275239624,0.018301289884833982,0.9998351251369434,0.9999036082258128,0.9931972789115646,0.0043640121513483475
va_long_beach,hungary,8,conservative_candidate,1.0,1.0,1.0,0.013068423083403106,0.01114693041290044,0.016728490591568907,0.015698315444751774,0.008042740508126676,0.9999051909582368,0.9999535294887884,0.992063492063492,0.001825863305403258
va_long_beach,hungary,9,pseudo_label_sfda,1.0,1.0,1.0,0.03766577621919946,0.04800388151425874,0.03893155595293204,0.03790538060820846,0.01866461626979588,0.9995850792506215,0.999723963392668,0.9818594104308392,0.006094502956688811
va_long_beach,hungary,9,entropy_sfda,0.9761904761904763,1.0,1.0,0.3147578030094309,0.4011492075305026,0.3545662550051765,0.33662695556267863,0.168497553223798,0.9622389573749296,0.9828132990241834,0.8514739229024945,0.08323553285631193
va_long_beach,hungary,9,reliability_gated_sfda,1.0,1.0,1.0,0.01997673701564191,0.025459741255818527,0.021209119453808378,0.016928429395193314,0.0103451471322149,0.9998790353567449,0.9999013514316962,0.9875283446712018,0.002658942321530815
va_long_beach,hungary,9,conservative_candidate,1.0,1.0,1.0,0.012860122984049056,0.016389834007201752,0.01386054521719125,0.012835097708375508,0.006781657227732436,0.9999081543984437,0.9999597306271586,0.9920634920634921,0.0016668084121885785
va_long_beach,switzerland,0,pseudo_label_sfda,1.0,1.0,1.0,0.0,0.0,0.0,0.0,0.0,1.0,1.0,1.0,0.0
va_long_beach,switzerland,0,entropy_sfda,0.9761904761904763,0.6666666666666666,0.5,0.05124293817259298,0.0391355846077991,0.0994282655045015,0.0848294684547,0.04893305154950944,0.9976241860012129,0.9981346200394541,0.9376693766937669,0.044785902267549096
va_long_beach,switzerland,0,reliability_gated_sfda,1.0,1.0,1.0,0.02275009231378474,0.017374846063326545,0.0240706003958148,0.023707477434072845,0.012414008977369783,0.9999284748271664,0.9999552822868849,0.983739837398374,0.0021980639880265647
va_long_beach,switzerland,0,conservative_candidate,1.0,1.0,1.0,0.011687419301588932,0.00892599064838153,0.013341875741206216,0.012026098207570852,0.006192419875178217,0.9999775689660978,0.9999858915815243,0.9945799457994581,0.0017672232011469412
va_long_beach,switzerland,1,pseudo_label_sfda,1.0,1.0,1.0,0.0,0.0,0.0,0.0,0.0,1.0,1.0,1.0,0.0
va_long_beach,switzerland,1,entropy_sfda,0.9523809523809524,0.6666666666666666,0.5,0.11961705792584429,0.09720786503872761,0.15262550101716643,0.13803108641877784,0.0697325001267868,0.9953361318972357,0.9967979465305405,0.964769647696477,0.04806029578534568
va_long_beach,switzerland,1,reliability_gated_sfda,1.0,1.0,1.0,0.0,0.0,0.0,0.0,0.0,1.0,1.0,1.0,0.0
va_long_beach,switzerland,1,conservative_candidate,1.0,1.0,1.0,0.0,0.0,0.0,0.0,0.0,1.0,1.0,1.0,0.0
va_long_beach,switzerland,2,pseudo_label_sfda,1.0,1.0,1.0,0.0,0.0,0.0,0.0,0.0,1.0,1.0,1.0,0.0
va_long_beach,switzerland,2,entropy_sfda,1.0,1.0,1.0,0.05732462995481924,0.04708050130520669,0.09859317602138035,0.0864528776146472,0.04932702317663135,0.9965588245945562,0.997987305059007,0.948509485094851,0.041485638637852866
va_long_beach,switzerland,2,reliability_gated_sfda,1.0,1.0,1.0,0.01847300456057658,0.015171808627649034,0.024092477644485105,0.022969619370997025,0.011504939943027433,0.9999217621235538,0.9999606697830908,0.986449864498645,0.0020090949729206077
va_long_beach,switzerland,2,conservative_candidate,1.0,1.0,1.0,0.008503474143524523,0.006983871083486003,0.010680954434683265,0.009763245383510423,0.005007374896476869,0.9999832459030311,0.9999915125553026,0.997289972899729,0.0013377351489493523
va_long_beach,switzerland,3,pseudo_label_sfda,1.0,1.0,1.0,0.0,0.0,0.0,0.0,0.0,1.0,1.0,1.0,0.0
va_long_beach,switzerland,3,entropy_sfda,1.0,1.0,1.0,0.060766953144054746,0.04524541302847891,0.1079903859965457,0.10255174548365181,0.05397952602307759,0.996005166236809,0.9974758271909053,0.983739837398374,0.043262501315372744
va_long_beach,switzerland,3,reliability_gated_sfda,1.0,1.0,1.0,0.016888957186845008,0.01257505607904354,0.02093021891136883,0.0203630948672072,0.01038111922040629,0.9999227362879699,0.9999530916683551,1.0,0.002818320582552651
va_long_beach,switzerland,3,conservative_candidate,1.0,1.0,1.0,0.012003967914293224,0.008937826535012692,0.013474371166895751,0.012356422608718099,0.006788946598105877,0.9999829740553241,0.999988804193893,1.0,0.001349485502010439
va_long_beach,switzerland,4,pseudo_label_sfda,1.0,1.0,1.0,0.0,0.0,0.0,0.0,0.0,1.0,1.0,1.0,0.0
va_long_beach,switzerland,4,entropy_sfda,1.0,1.0,1.0,0.1311768497295971,0.10660570684003327,0.14746740916423712,0.14596996345790098,0.06906757099044637,0.9971096634773537,0.9976323999595721,0.953929539295393,0.04350176211295089
va_long_beach,switzerland,4,reliability_gated_sfda,1.0,1.0,1.0,0.00917386790021511,0.007455482228575451,0.009999364207861223,0.009702749492135052,0.005249949557000651,0.9999735535931509,0.9999845938433769,0.991869918699187,0.0011971042892797194
va_long_beach,switzerland,4,conservative_candidate,1.0,1.0,1.0,0.0048644206149108145,0.003953250890601255,0.0057338441482993815,0.006696917116641879,0.0027263998606322083,0.9999902385218298,0.9999967508664241,0.991869918699187,0.0005817643510616873
va_long_beach,switzerland,5,pseudo_label_sfda,1.0,1.0,1.0,0.0,0.0,0.0,0.0,0.0,1.0,1.0,1.0,0.0
va_long_beach,switzerland,5,entropy_sfda,1.0,1.0,1.0,0.0387372010003807,0.03755651961445402,0.048049813335275415,0.0404232094588225,0.02280729880464032,0.9993494972521724,0.9995429975698352,0.9701897018970189,0.03040638251033256
va_long_beach,switzerland,5,reliability_gated_sfda,1.0,1.0,1.0,0.0,0.0,0.0,0.0,0.0,1.0,1.0,1.0,0.0
va_long_beach,switzerland,5,conservative_candidate,1.0,1.0,1.0,0.0,0.0,0.0,0.0,0.0,1.0,1.0,1.0,0.0
va_long_beach,switzerland,6,pseudo_label_sfda,1.0,1.0,1.0,0.0,0.0,0.0,0.0,0.0,1.0,1.0,1.0,0.0
va_long_beach,switzerland,6,entropy_sfda,0.9761904761904763,1.0,1.0,0.07202397521004009,0.061326856621571876,0.08221755717833612,0.0729597972240299,0.042525085807846905,0.9983850844435125,0.9989567237494335,0.9728997289972899,0.03838928298252385
va_long_beach,switzerland,6,reliability_gated_sfda,0.9761904761904763,1.0,1.0,0.011526429864856691,0.009814505650642453,0.012497463341240628,0.012773408598150177,0.0067507415365830594,0.9999751451041892,0.9999844877846763,0.9972899728997289,0.0012408046703028459
va_long_beach,switzerland,6,conservative_candidate,1.0,1.0,1.0,0.005233330645965678,0.004456067819673413,0.006166388918134588,0.0065256640955337585,0.002907833457752441,0.9999922350143985,0.9999962695942874,1.0,0.0012699288081347462
va_long_beach,switzerland,7,pseudo_label_sfda,1.0,1.0,1.0,0.0,0.0,0.0,0.0,0.0,1.0,1.0,1.0,0.0
va_long_beach,switzerland,7,entropy_sfda,1.0,1.0,1.0,0.05611699954282431,0.05500477698746534,0.06217806007865932,0.056273193389642935,0.029613033145869962,0.9991832623455625,0.9994522798737465,0.9810298102981029,0.03443365004973683
va_long_beach,switzerland,7,reliability_gated_sfda,1.0,1.0,1.0,0.0,0.0,0.0,0.0,0.0,1.0,1.0,1.0,0.0
va_long_beach,switzerland,7,conservative_candidate,1.0,1.0,1.0,0.0,0.0,0.0,0.0,0.0,1.0,1.0,1.0,0.0
va_long_beach,switzerland,8,pseudo_label_sfda,1.0,1.0,1.0,0.0,0.0,0.0,0.0,0.0,1.0,1.0,1.0,0.0
va_long_beach,switzerland,8,entropy_sfda,0.9761904761904763,1.0,1.0,0.07459016034047865,0.053398618390333656,0.10269295440443006,0.09165834076702581,0.04968669080366541,0.9974748109221507,0.9980884902229565,0.9512195121951219,0.04828408166645019
va_long_beach,switzerland,8,reliability_gated_sfda,1.0,1.0,1.0,0.013431785811104123,0.009615729495068743,0.01747554965526418,0.017745948862284464,0.009166280892237885,0.9999072372565339,0.9999490658857055,0.9891598915989159,0.0014697669482812631
va_long_beach,switzerland,8,conservative_candidate,1.0,1.0,1.0,0.0068884449802733075,0.004931393673446867,0.009739668178561395,0.009856491349637633,0.004600086602576745,0.999983059548211,0.9999918465344387,0.9972899728997289,0.0010268957149691684
va_long_beach,switzerland,9,pseudo_label_sfda,1.0,1.0,1.0,0.0,0.0,0.0,0.0,0.0,1.0,1.0,1.0,0.0
va_long_beach,switzerland,9,entropy_sfda,1.0,1.0,1.0,0.09764950688426832,0.07611658768335457,0.10038956529050169,0.08567790815141055,0.04878329720789214,0.9992739835505575,0.9994983584250529,0.9810298102981029,0.038668158577709666
va_long_beach,switzerland,9,reliability_gated_sfda,1.0,1.0,1.0,0.0,0.0,0.0,0.0,0.0,1.0,1.0,1.0,0.0
va_long_beach,switzerland,9,conservative_candidate,1.0,1.0,1.0,0.0,0.0,0.0,0.0,0.0,1.0,1.0,1.0,0.0
