source,target,seed,model_state,feature,mean_abs_shap,importance_rank,importance_fraction,top3
cleveland,hungary,0,conservative_candidate,age,0.1480339343521385,8,0.04310536337390528,False
cleveland,hungary,0,conservative_candidate,sex,0.6431775163022839,2,0.18728408912098427,True
cleveland,hungary,0,conservative_candidate,cp,0.7929360238410735,1,0.23089162352885434,True
cleveland,hungary,0,conservative_candidate,trestbps,0.2296136893279736,6,0.06686022064752561,False
cleveland,hungary,0,conservative_candidate,restecg,0.1495113261936273,7,0.04353555873723009,False
cleveland,hungary,0,conservative_candidate,thalach,0.6405321588663726,3,0.18651379888970818,True
cleveland,hungary,0,conservative_candidate,exang,0.4015784707351201,5,0.11693390424250708,False
cleveland,hungary,0,conservative_candidate,oldpeak,0.4288515733605643,4,0.1248754414592851,False
cleveland,hungary,0,entropy_sfda,age,0.2430730498024439,7,0.05744289164013459,False
cleveland,hungary,0,entropy_sfda,sex,0.6986420180420486,3,0.1651027037767099,True
cleveland,hungary,0,entropy_sfda,cp,0.9535760990420016,1,0.22534858789327294,True
cleveland,hungary,0,entropy_sfda,trestbps,0.3148511679641915,6,0.07440545769609637,False
cleveland,hungary,0,entropy_sfda,restecg,0.1847928106678694,8,0.04367013705426262,False
cleveland,hungary,0,entropy_sfda,thalach,0.7717678893965726,2,0.1823837701381281,True
cleveland,hungary,0,entropy_sfda,exang,0.5256486354383076,5,0.12422100117971914,False
cleveland,hungary,0,entropy_sfda,oldpeak,0.5392084559235646,4,0.1274254506216764,False
cleveland,hungary,0,pseudo_label_sfda,age,0.2176256000668564,7,0.050967679840431115,False
cleveland,hungary,0,pseudo_label_sfda,sex,0.7388896485727255,3,0.1730471554554888,True
cleveland,hungary,0,pseudo_label_sfda,cp,0.9667229786654618,1,0.226405474612695,True
cleveland,hungary,0,pseudo_label_sfda,trestbps,0.3063684860600766,6,0.07175116762876492,False
cleveland,hungary,0,pseudo_label_sfda,restecg,0.18436552784696,8,0.04317820694821384,False
cleveland,hungary,0,pseudo_label_sfda,thalach,0.7985241905133538,2,0.18701350059193855,True
cleveland,hungary,0,pseudo_label_sfda,exang,0.5147383488511958,5,0.12055116382346688,False
cleveland,hungary,0,pseudo_label_sfda,oldpeak,0.5426397899001025,4,0.12708565109900094,False
cleveland,hungary,0,reliability_gated_sfda,age,0.1513472894094979,8,0.04316098849146123,False
cleveland,hungary,0,reliability_gated_sfda,sex,0.6533552775678991,3,0.18632285867799545,True
cleveland,hungary,0,reliability_gated_sfda,cp,0.8089423950565156,1,0.23069295485577593,True
cleveland,hungary,0,reliability_gated_sfda,trestbps,0.2363873095723616,6,0.0674125713634347,False
cleveland,hungary,0,reliability_gated_sfda,restecg,0.152390468505207,7,0.04345848071031829,False
cleveland,hungary,0,reliability_gated_sfda,thalach,0.6556642274657378,2,0.18698132147806804,True
cleveland,hungary,0,reliability_gated_sfda,exang,0.4104598680143656,5,0.11705431731678546,False
cleveland,hungary,0,reliability_gated_sfda,oldpeak,0.4380292345890078,4,0.12491650710616091,False
cleveland,hungary,0,source_only,age,0.1420754036568358,8,0.04149160246699832,False
cleveland,hungary,0,source_only,sex,0.6467096939885697,2,0.1888646510506453,True
cleveland,hungary,0,source_only,cp,0.7920222000478685,1,0.23130161466088817,True
cleveland,hungary,0,source_only,trestbps,0.2278211764487609,6,0.06653273855626356,False
cleveland,hungary,0,source_only,restecg,0.1494958751312891,7,0.043658671816168546,False
cleveland,hungary,0,source_only,thalach,0.639754607779335,3,0.18683349249195283,True
cleveland,hungary,0,source_only,exang,0.3983514576415423,5,0.116334283747903,False
cleveland,hungary,0,source_only,oldpeak,0.427966174720248,4,0.12498294520918024,False
cleveland,hungary,1,conservative_candidate,age,0.1663735849995856,6,0.05150884443968686,False
cleveland,hungary,1,conservative_candidate,sex,0.5717411851193629,2,0.17700963626016009,True
cleveland,hungary,1,conservative_candidate,cp,0.7377250635264707,1,0.22839782851669474,True
cleveland,hungary,1,conservative_candidate,trestbps,0.1163316137604034,8,0.036015975712834936,False
cleveland,hungary,1,conservative_candidate,restecg,0.1266584243372933,7,0.03921313035468785,False
cleveland,hungary,1,conservative_candidate,thalach,0.5620527678821869,3,0.1740101265943816,True
cleveland,hungary,1,conservative_candidate,exang,0.442228832402501,5,0.13691293684043362,False
cleveland,hungary,1,conservative_candidate,oldpeak,0.5068888669314028,4,0.1569315212811204,False
cleveland,hungary,1,entropy_sfda,age,0.2415465281588868,6,0.060701833700421225,False
cleveland,hungary,1,entropy_sfda,sex,0.6392824509668917,3,0.1606548325160112,True
cleveland,hungary,1,entropy_sfda,cp,0.8923135694388782,1,0.22424280039777192,True
cleveland,hungary,1,entropy_sfda,trestbps,0.1607982718819739,7,0.04040939869222288,False
cleveland,hungary,1,entropy_sfda,restecg,0.1557688326331339,8,0.03914547580657231,False
cleveland,hungary,1,entropy_sfda,thalach,0.6874114653684807,2,0.17274989118085235,True
cleveland,hungary,1,entropy_sfda,exang,0.5693943068182388,5,0.14309159724172058,False
cleveland,hungary,1,entropy_sfda,oldpeak,0.6327140878151063,4,0.15900417046442758,False
cleveland,hungary,1,pseudo_label_sfda,age,0.2159819997261836,6,0.05411093242471147,False
cleveland,hungary,1,pseudo_label_sfda,sex,0.6736893925283637,3,0.16878240427703511,True
cleveland,hungary,1,pseudo_label_sfda,cp,0.8980771408124897,1,0.2249992663290978,True
cleveland,hungary,1,pseudo_label_sfda,trestbps,0.161991200096221,7,0.04058437690602549,False
cleveland,hungary,1,pseudo_label_sfda,restecg,0.1508429918065389,8,0.03779136662653753,False
cleveland,hungary,1,pseudo_label_sfda,thalach,0.6942804074960247,2,0.17394116297398152,True
cleveland,hungary,1,pseudo_label_sfda,exang,0.5575069369254063,5,0.13967469617155023,False
cleveland,hungary,1,pseudo_label_sfda,oldpeak,0.6390969049895093,4,0.1601157942910609,False
cleveland,hungary,1,reliability_gated_sfda,age,0.1685897324889182,6,0.05110265052632923,False
cleveland,hungary,1,reliability_gated_sfda,sex,0.5828828765269445,2,0.1766825268489937,True
cleveland,hungary,1,reliability_gated_sfda,cp,0.7541822396570399,1,0.22860651628883366,True
cleveland,hungary,1,reliability_gated_sfda,trestbps,0.1204028383955013,8,0.0364963161283137,False
cleveland,hungary,1,reliability_gated_sfda,restecg,0.1285332235331261,7,0.038960785489517605,False
cleveland,hungary,1,reliability_gated_sfda,thalach,0.5735996531791427,3,0.17386861101024736,True
cleveland,hungary,1,reliability_gated_sfda,exang,0.452590996893693,5,0.13718866033043647,False
cleveland,hungary,1,reliability_gated_sfda,oldpeak,0.5182593061404974,4,0.15709393337732827,False
cleveland,hungary,1,source_only,age,0.1622683013988132,6,0.050343190493881175,False
cleveland,hungary,1,source_only,sex,0.5746282670570879,2,0.17827647212824882,True
cleveland,hungary,1,source_only,cp,0.7381889896996344,1,0.22902063193228314,True
cleveland,hungary,1,source_only,trestbps,0.1159099207083903,8,0.03596066001832095,False
cleveland,hungary,1,source_only,restecg,0.1265574964331759,7,0.03926403429653859,False
cleveland,hungary,1,source_only,thalach,0.5601079038781475,3,0.17377157866935247,True
cleveland,hungary,1,source_only,exang,0.4400206081898642,5,0.13651490222290452,False
cleveland,hungary,1,source_only,oldpeak,0.5055608182359917,4,0.1568485302384703,False
cleveland,hungary,2,conservative_candidate,age,0.1863731220130947,7,0.053208539985514315,False
cleveland,hungary,2,conservative_candidate,sex,0.7321624882823351,2,0.2090285155545504,True
cleveland,hungary,2,conservative_candidate,cp,0.7926358353492303,1,0.22629333609686392,True
cleveland,hungary,2,conservative_candidate,trestbps,0.2269871086420706,6,0.06480361822521442,False
cleveland,hungary,2,conservative_candidate,restecg,0.1672407376803812,8,0.0477463455135352,False
cleveland,hungary,2,conservative_candidate,thalach,0.4808689204177686,4,0.13728553185926792,False
cleveland,hungary,2,conservative_candidate,exang,0.4295632036111387,5,0.12263802123807849,False
cleveland,hungary,2,conservative_candidate,oldpeak,0.4868604839101535,3,0.13899609152697534,True
cleveland,hungary,2,entropy_sfda,age,0.2746264075216533,7,0.06325337596218072,False
cleveland,hungary,2,entropy_sfda,sex,0.8122598485780411,2,0.18708389351464624,True
cleveland,hungary,2,entropy_sfda,cp,0.9509468625781132,1,0.21902700458245972,True
cleveland,hungary,2,entropy_sfda,trestbps,0.3097164854874555,6,0.07133550438582155,False
cleveland,hungary,2,entropy_sfda,restecg,0.2077887377720112,8,0.04785897783687719,False
cleveland,hungary,2,entropy_sfda,thalach,0.5750976332184561,4,0.13245946424893293,False
cleveland,hungary,2,entropy_sfda,exang,0.5729757756704376,5,0.13197074703330092,False
cleveland,hungary,2,entropy_sfda,oldpeak,0.6382759985494979,3,0.14701103243578073,True
cleveland,hungary,2,pseudo_label_sfda,age,0.2535683410812397,7,0.058130832259554406,False
cleveland,hungary,2,pseudo_label_sfda,sex,0.8579437579883604,2,0.19668458795404004,True
cleveland,hungary,2,pseudo_label_sfda,cp,0.9640655204064535,1,0.2210131233851963,True
cleveland,hungary,2,pseudo_label_sfda,trestbps,0.2910738752433812,6,0.0667290188702635,False
cleveland,hungary,2,pseudo_label_sfda,restecg,0.2007574988094508,8,0.04602388625637185,False
cleveland,hungary,2,pseudo_label_sfda,thalach,0.6063590017559172,4,0.13900849479017202,False
cleveland,hungary,2,pseudo_label_sfda,exang,0.5548642553439757,5,0.1272032652683927,False
cleveland,hungary,2,pseudo_label_sfda,oldpeak,0.6333961467809823,3,0.1452067912160092,True
cleveland,hungary,2,reliability_gated_sfda,age,0.1896915273744055,7,0.05310698918569752,False
cleveland,hungary,2,reliability_gated_sfda,sex,0.7442802393517527,2,0.2083724200520886,True
cleveland,hungary,2,reliability_gated_sfda,cp,0.8077670458805601,1,0.22614650408434553,True
cleveland,hungary,2,reliability_gated_sfda,trestbps,0.2322018130660234,6,0.06500838148167348,False
cleveland,hungary,2,reliability_gated_sfda,restecg,0.1697938421127905,8,0.047536333655451735,False
cleveland,hungary,2,reliability_gated_sfda,thalach,0.4918644867812087,4,0.1377048429198467,False
cleveland,hungary,2,reliability_gated_sfda,exang,0.4386161038411312,5,0.12279715918670317,False
cleveland,hungary,2,reliability_gated_sfda,oldpeak,0.4976599486861505,3,0.13932736943419324,True
cleveland,hungary,2,source_only,age,0.1819563423482175,7,0.05220399497632475,False
cleveland,hungary,2,source_only,sex,0.7343021311930248,2,0.21067418850695943,True
cleveland,hungary,2,source_only,cp,0.7909686219099225,1,0.2269320290336151,True
cleveland,hungary,2,source_only,trestbps,0.2243266731728704,6,0.06436021063206919,False
cleveland,hungary,2,source_only,restecg,0.1669041287806642,8,0.04788545531278651,False
cleveland,hungary,2,source_only,thalach,0.4776736989579334,4,0.13704647531879066,False
cleveland,hungary,2,source_only,exang,0.4259330728122977,5,0.12220188483889677,False
cleveland,hungary,2,source_only,oldpeak,0.4834222639752488,3,0.13869576138055761,True
cleveland,hungary,3,conservative_candidate,age,0.2153542641780757,6,0.060155038701773175,False
cleveland,hungary,3,conservative_candidate,sex,0.7420299594246206,1,0.20727168369488694,True
cleveland,hungary,3,conservative_candidate,cp,0.7237832554692061,2,0.2021748206872888,True
cleveland,hungary,3,conservative_candidate,trestbps,0.186539167246851,7,0.052106100002050716,False
cleveland,hungary,3,conservative_candidate,restecg,0.114472098514908,8,0.03197556149036088,False
cleveland,hungary,3,conservative_candidate,thalach,0.6297255211484422,3,0.1759016160685586,True
cleveland,hungary,3,conservative_candidate,exang,0.4781519423435334,5,0.1335624753323623,False
cleveland,hungary,3,conservative_candidate,oldpeak,0.4899309186999794,4,0.13685270402271862,False
cleveland,hungary,3,entropy_sfda,age,0.3198402673425786,6,0.07290934423763404,False
cleveland,hungary,3,entropy_sfda,sex,0.8275199750451003,2,0.1886377197760978,True
cleveland,hungary,3,entropy_sfda,cp,0.860710714823332,1,0.1962037310607272,True
cleveland,hungary,3,entropy_sfda,trestbps,0.2604184729319547,7,0.05936382009241536,False
cleveland,hungary,3,entropy_sfda,restecg,0.1450362798928514,8,0.033061815966804055,False
cleveland,hungary,3,entropy_sfda,thalach,0.7617171936396028,3,0.1736376146262716,True
cleveland,hungary,3,entropy_sfda,exang,0.6076908115627003,4,0.1385264555285527,False
cleveland,hungary,3,entropy_sfda,oldpeak,0.6038876268949335,5,0.13765949871149719,False
cleveland,hungary,3,pseudo_label_sfda,age,0.3027902617559572,6,0.06887558464825529,False
cleveland,hungary,3,pseudo_label_sfda,sex,0.8622638479027213,2,0.19613882659548829,True
cleveland,hungary,3,pseudo_label_sfda,cp,0.871947594202396,1,0.1983415846502141,True
cleveland,hungary,3,pseudo_label_sfda,trestbps,0.242056585906935,7,0.05506051870894679,False
cleveland,hungary,3,pseudo_label_sfda,restecg,0.1386125615859708,8,0.03153014619248467,False
cleveland,hungary,3,pseudo_label_sfda,thalach,0.7741160677099714,3,0.17608788486105817,True
cleveland,hungary,3,pseudo_label_sfda,exang,0.6013199877703473,5,0.13678202686632326,False
cleveland,hungary,3,pseudo_label_sfda,oldpeak,0.6030846217355761,4,0.13718342747722947,False
cleveland,hungary,3,reliability_gated_sfda,age,0.219099310205158,6,0.0601415397503948,False
cleveland,hungary,3,reliability_gated_sfda,sex,0.7517028527245635,1,0.2063382443116209,True
cleveland,hungary,3,reliability_gated_sfda,cp,0.7375148642161975,2,0.20244372052669868,True
cleveland,hungary,3,reliability_gated_sfda,trestbps,0.1917899444138593,7,0.05264527101838673,False
cleveland,hungary,3,reliability_gated_sfda,restecg,0.1156849388382001,8,0.031754871072596426,False
cleveland,hungary,3,reliability_gated_sfda,thalach,0.6406507267439294,3,0.17585505455271072,True
cleveland,hungary,3,reliability_gated_sfda,exang,0.4871712616537095,5,0.13372579662876,False
cleveland,hungary,3,reliability_gated_sfda,oldpeak,0.4994473050658901,4,0.1370955021388317,False
cleveland,hungary,3,source_only,age,0.2105922960596266,6,0.059133717821073885,False
cleveland,hungary,3,source_only,sex,0.7421451337939623,1,0.2083922429509462,True
cleveland,hungary,3,source_only,cp,0.7214175926958571,2,0.202572008358542,True
cleveland,hungary,3,source_only,trestbps,0.1841904688404784,7,0.051720159823226655,False
cleveland,hungary,3,source_only,restecg,0.1134966008260617,8,0.031869522734103824,False
cleveland,hungary,3,source_only,thalach,0.624786203004876,3,0.17543818894747099,True
cleveland,hungary,3,source_only,exang,0.4751391976970394,5,0.13341773544457164,False
cleveland,hungary,3,source_only,oldpeak,0.48952213708362,4,0.13745642392006485,False
cleveland,hungary,4,conservative_candidate,age,0.1268290030967196,7,0.037059068663367924,False
cleveland,hungary,4,conservative_candidate,sex,0.5339571834434154,4,0.15602074794704338,False
cleveland,hungary,4,conservative_candidate,cp,0.810998278133275,1,0.2369713562464448,True
cleveland,hungary,4,conservative_candidate,trestbps,0.2230706169051403,6,0.06518059045503334,False
cleveland,hungary,4,conservative_candidate,restecg,0.0776754045688166,8,0.02269652903583463,False
cleveland,hungary,4,conservative_candidate,thalach,0.7016107416490004,2,0.20500863378937423,True
cleveland,hungary,4,conservative_candidate,exang,0.3684901676780613,5,0.10767176349516257,False
cleveland,hungary,4,conservative_candidate,oldpeak,0.5797158914687884,3,0.16939131036773913,True
cleveland,hungary,4,entropy_sfda,age,0.2027633592366006,7,0.04837052417793129,False
cleveland,hungary,4,entropy_sfda,sex,0.5650768897909557,4,0.1348027842058447,False
cleveland,hungary,4,entropy_sfda,cp,0.9876401131904564,1,0.2356080021264038,True
cleveland,hungary,4,entropy_sfda,trestbps,0.2964407600871078,6,0.0707178802279848,False
cleveland,hungary,4,entropy_sfda,restecg,0.1090528560937786,8,0.026015271359759583,False
cleveland,hungary,4,entropy_sfda,thalach,0.8225509522001253,2,0.19622490409891877,True
cleveland,hungary,4,entropy_sfda,exang,0.4947324366099676,5,0.11802165527710212,False
cleveland,hungary,4,entropy_sfda,oldpeak,0.7136211100788343,3,0.170238978526055,True
cleveland,hungary,4,pseudo_label_sfda,age,0.1800469272385104,7,0.042503730628597115,False
cleveland,hungary,4,pseudo_label_sfda,sex,0.6113270749591392,4,0.14431616089515675,False
cleveland,hungary,4,pseudo_label_sfda,cp,1.0007653762095412,1,0.23625097426121955,True
cleveland,hungary,4,pseudo_label_sfda,trestbps,0.2805885613237058,6,0.06623862351269007,False
cleveland,hungary,4,pseudo_label_sfda,restecg,0.0963974679259272,8,0.022756578370119913,False
cleveland,hungary,4,pseudo_label_sfda,thalach,0.8497603300287306,2,0.2006031689647389,True
cleveland,hungary,4,pseudo_label_sfda,exang,0.4899363468724246,5,0.11565941630894083,False
cleveland,hungary,4,pseudo_label_sfda,oldpeak,0.7272043671382933,3,0.17167134705853687,True
cleveland,hungary,4,reliability_gated_sfda,age,0.1284837997443245,7,0.03678873285890313,False
cleveland,hungary,4,reliability_gated_sfda,sex,0.5440170984928255,4,0.15576827387541684,False
cleveland,hungary,4,reliability_gated_sfda,cp,0.8260651627039935,1,0.23652702251363777,True
cleveland,hungary,4,reliability_gated_sfda,trestbps,0.2286318567720856,6,0.0654640998986707,False
cleveland,hungary,4,reliability_gated_sfda,restecg,0.0785462774349602,8,0.022490135124943522,False
cleveland,hungary,4,reliability_gated_sfda,thalach,0.716211393253789,2,0.20507262136820753,True
cleveland,hungary,4,reliability_gated_sfda,exang,0.3779380370729736,5,0.10821489954970004,False
cleveland,hungary,4,reliability_gated_sfda,oldpeak,0.5925832760019772,3,0.16967421481052042,True
cleveland,hungary,4,source_only,age,0.123878714092819,7,0.03627384703824818,False
cleveland,hungary,4,source_only,sex,0.538223956280131,4,0.1576013571451658,False
cleveland,hungary,4,source_only,cp,0.8089187584456482,1,0.23686551418544313,True
cleveland,hungary,4,source_only,trestbps,0.2214379433105338,6,0.06484089008295733,False
cleveland,hungary,4,source_only,restecg,0.0766269269990645,8,0.022437700046615196,False
cleveland,hungary,4,source_only,thalach,0.7020070524157664,2,0.20555990289034742,True
cleveland,hungary,4,source_only,exang,0.3648585112081194,5,0.10683693258431619,False
cleveland,hungary,4,source_only,oldpeak,0.5791453548713403,3,0.16958385602690676,True
cleveland,hungary,5,conservative_candidate,age,0.1800650633431236,7,0.052690125156651654,False
cleveland,hungary,5,conservative_candidate,sex,0.701139861223649,2,0.20516554602151943,True
cleveland,hungary,5,conservative_candidate,cp,0.8049035947579815,1,0.23552859371738005,True
cleveland,hungary,5,conservative_candidate,trestbps,0.1801255062162293,6,0.05270781177775204,False
cleveland,hungary,5,conservative_candidate,restecg,0.0514583789717893,8,0.015057604057347705,False
cleveland,hungary,5,conservative_candidate,thalach,0.659501985342679,3,0.19298158956326503,True
cleveland,hungary,5,conservative_candidate,exang,0.3691945743816746,5,0.10803266313942651,False
cleveland,hungary,5,conservative_candidate,oldpeak,0.4710457601590829,4,0.13783606656665753,False
cleveland,hungary,5,entropy_sfda,age,0.2736412020024786,6,0.06585685083739454,False
cleveland,hungary,5,entropy_sfda,sex,0.778546925912909,2,0.1873718153353751,True
cleveland,hungary,5,entropy_sfda,cp,0.9674249511516216,1,0.23282882927765006,True
cleveland,hungary,5,entropy_sfda,trestbps,0.2688858462141218,7,0.06471238591566204,False
cleveland,hungary,5,entropy_sfda,restecg,0.065292422693402,8,0.015713837355869172,False
cleveland,hungary,5,entropy_sfda,thalach,0.7579505267334455,3,0.18241490833955995,True
cleveland,hungary,5,entropy_sfda,exang,0.4589822758622721,5,0.11046263156743381,False
cleveland,hungary,5,entropy_sfda,oldpeak,0.5843667552812772,4,0.1406387413710554,False
cleveland,hungary,5,pseudo_label_sfda,age,0.2562765980822027,6,0.06124196848319664,False
cleveland,hungary,5,pseudo_label_sfda,sex,0.8142066950193879,2,0.19456954372084692,True
cleveland,hungary,5,pseudo_label_sfda,cp,0.9649250349742644,1,0.23058644067682874,True
cleveland,hungary,5,pseudo_label_sfda,trestbps,0.2530753033173897,7,0.06047696069645673,False
cleveland,hungary,5,pseudo_label_sfda,restecg,0.0613015831848463,8,0.014649131654901303,False
cleveland,hungary,5,pseudo_label_sfda,thalach,0.7854558129661849,3,0.18769899593871356,True
cleveland,hungary,5,pseudo_label_sfda,exang,0.4647756705225325,5,0.11106662558696656,False
cleveland,hungary,5,pseudo_label_sfda,oldpeak,0.5846397463536385,4,0.13971033324208962,False
cleveland,hungary,5,reliability_gated_sfda,age,0.1847574573460028,7,0.05303017529318731,False
cleveland,hungary,5,reliability_gated_sfda,sex,0.7120596430435473,2,0.20437955919196157,True
cleveland,hungary,5,reliability_gated_sfda,cp,0.8187550440332441,1,0.2350039025810591,True
cleveland,hungary,5,reliability_gated_sfda,trestbps,0.1863167202860421,6,0.053477724140342096,False
cleveland,hungary,5,reliability_gated_sfda,restecg,0.0524458267754426,8,0.015053310579444541,False
cleveland,hungary,5,reliability_gated_sfda,thalach,0.6722370047394668,3,0.19294943063185843,True
cleveland,hungary,5,reliability_gated_sfda,exang,0.3768445278714303,5,0.1081641393985806,False
cleveland,hungary,5,reliability_gated_sfda,oldpeak,0.4805899351252382,4,0.13794175818356635,False
cleveland,hungary,5,source_only,age,0.1777638551829775,7,0.05209226562878986,False
cleveland,hungary,5,source_only,sex,0.7021263401423182,2,0.20575246738441644,True
cleveland,hungary,5,source_only,cp,0.8046647780163049,1,0.23580053051510608,True
cleveland,hungary,5,source_only,trestbps,0.1780220330265179,6,0.05216792256586141,False
cleveland,hungary,5,source_only,restecg,0.0518587040569152,8,0.01519677543062374,False
cleveland,hungary,5,source_only,thalach,0.6599986958000682,3,0.19340730060609254,True
cleveland,hungary,5,source_only,exang,0.3673454474207951,5,0.10764762389335912,False
cleveland,hungary,5,source_only,oldpeak,0.4707009251653945,4,0.13793511397575087,False
cleveland,hungary,6,conservative_candidate,age,0.1170163431485152,7,0.03821419139764428,False
cleveland,hungary,6,conservative_candidate,sex,0.5737507333788945,2,0.18737058217630734,True
cleveland,hungary,6,conservative_candidate,cp,0.7199506581393482,1,0.23511529677592832,True
cleveland,hungary,6,conservative_candidate,trestbps,0.1685694968304121,6,0.05504997714298934,False
cleveland,hungary,6,conservative_candidate,restecg,0.0475471971594557,8,0.015527554902026725,False
cleveland,hungary,6,conservative_candidate,thalach,0.5704764909551282,3,0.18630130823304894,True
cleveland,hungary,6,conservative_candidate,exang,0.3788590776879771,5,0.12372454067487279,False
cleveland,hungary,6,conservative_candidate,oldpeak,0.4859474744761781,4,0.15869654869718222,False
cleveland,hungary,6,entropy_sfda,age,0.1851236737803651,7,0.049639068228171594,False
cleveland,hungary,6,entropy_sfda,sex,0.6278580604184444,3,0.1683538818254819,True
cleveland,hungary,6,entropy_sfda,cp,0.8766296002665396,1,0.23505949104106924,True
cleveland,hungary,6,entropy_sfda,trestbps,0.2066884391860352,6,0.055421445162666665,False
cleveland,hungary,6,entropy_sfda,restecg,0.0614445398748356,8,0.01647574102658649,False
cleveland,hungary,6,entropy_sfda,thalach,0.6885478867306596,2,0.1846272539315375,True
cleveland,hungary,6,entropy_sfda,exang,0.4846884609282422,5,0.12996438051445117,False
cleveland,hungary,6,entropy_sfda,oldpeak,0.5984139545522884,4,0.16045873827003543,False
cleveland,hungary,6,pseudo_label_sfda,age,0.1685696888986664,7,0.045975025774550586,False
cleveland,hungary,6,pseudo_label_sfda,sex,0.6488123566140326,3,0.17695449883702694,True
cleveland,hungary,6,pseudo_label_sfda,cp,0.8596237779525268,1,0.2344503665278855,True
cleveland,hungary,6,pseudo_label_sfda,trestbps,0.2042610554395205,6,0.05570934697645488,False
cleveland,hungary,6,pseudo_label_sfda,restecg,0.0560820324652903,8,0.015295590238829128,False
cleveland,hungary,6,pseudo_label_sfda,thalach,0.6825986188031784,2,0.18616922946339395,True
cleveland,hungary,6,pseudo_label_sfda,exang,0.4630419088869679,5,0.12628820658601733,False
cleveland,hungary,6,pseudo_label_sfda,oldpeak,0.583559650553986,4,0.1591577355958417,False
cleveland,hungary,6,reliability_gated_sfda,age,0.1197712787508775,7,0.038320344357334744,False
cleveland,hungary,6,reliability_gated_sfda,sex,0.5837519629826756,2,0.18676911922510775,True
cleveland,hungary,6,reliability_gated_sfda,cp,0.7336725001888615,1,0.23473559893454785,True
cleveland,hungary,6,reliability_gated_sfda,trestbps,0.1738254514825372,6,0.05561476197256687,False
cleveland,hungary,6,reliability_gated_sfda,restecg,0.0482655065003496,8,0.015442356873567441,False
cleveland,hungary,6,reliability_gated_sfda,thalach,0.5827077024704999,3,0.1864350122268133,True
cleveland,hungary,6,reliability_gated_sfda,exang,0.3875911691967322,5,0.1240082533006433,False
cleveland,hungary,6,reliability_gated_sfda,oldpeak,0.4959416323069001,4,0.1586745531094187,False
cleveland,hungary,6,source_only,age,0.1143811744919222,7,0.037422873908003945,False
cleveland,hungary,6,source_only,sex,0.5763112931658013,2,0.18855572126884912,True
cleveland,hungary,6,source_only,cp,0.7180624363728526,1,0.23493341569379594,True
cleveland,hungary,6,source_only,trestbps,0.1682130479127909,6,0.05503541740748575,False
cleveland,hungary,6,source_only,restecg,0.0477214023231514,8,0.01561333873152826,False
cleveland,hungary,6,source_only,thalach,0.5701820731343588,3,0.18655038228356632,True
cleveland,hungary,6,source_only,exang,0.376614173658851,5,0.1232194440685484,False
cleveland,hungary,6,source_only,oldpeak,0.4849652416281858,4,0.15866940663822227,False
cleveland,hungary,7,conservative_candidate,age,0.1521596428680828,7,0.046849160597050195,False
cleveland,hungary,7,conservative_candidate,sex,0.6728183083540323,2,0.20715724870648716,True
cleveland,hungary,7,conservative_candidate,cp,0.7081179439310105,1,0.21802582242939572,True
cleveland,hungary,7,conservative_candidate,trestbps,0.1788137624373653,6,0.055055825023549235,False
cleveland,hungary,7,conservative_candidate,restecg,0.064560917253229,8,0.019877969767000833,False
cleveland,hungary,7,conservative_candidate,thalach,0.5736158194977056,3,0.17661331968263685,True
cleveland,hungary,7,conservative_candidate,exang,0.3924652047163876,5,0.12083799000798674,False
cleveland,hungary,7,conservative_candidate,oldpeak,0.5053111359185609,4,0.15558266378589325,False
cleveland,hungary,7,entropy_sfda,age,0.2416091960360657,7,0.06044325939417919,False
cleveland,hungary,7,entropy_sfda,sex,0.7469746644805078,2,0.1868703019041365,True
cleveland,hungary,7,entropy_sfda,cp,0.8461254990011896,1,0.21167481973047086,True
cleveland,hungary,7,entropy_sfda,trestbps,0.2612185247739789,6,0.0653489159788503,False
cleveland,hungary,7,entropy_sfda,restecg,0.0826136113190389,8,0.020667408444590748,False
cleveland,hungary,7,entropy_sfda,thalach,0.6685349006003061,3,0.16724706291814412,True
cleveland,hungary,7,entropy_sfda,exang,0.5247576564271637,5,0.13127837709361842,False
cleveland,hungary,7,entropy_sfda,oldpeak,0.6254552804934633,4,0.15646985453600992,False
cleveland,hungary,7,pseudo_label_sfda,age,0.2179160362606881,7,0.055150602966937794,False
cleveland,hungary,7,pseudo_label_sfda,sex,0.7735977256987371,2,0.19578357682267428,True
cleveland,hungary,7,pseudo_label_sfda,cp,0.8432640163173469,1,0.21341485352913012,True
cleveland,hungary,7,pseudo_label_sfda,trestbps,0.2463317656506258,6,0.0623421095512704,False
cleveland,hungary,7,pseudo_label_sfda,restecg,0.0773874497394311,8,0.01958536227273126,False
cleveland,hungary,7,pseudo_label_sfda,thalach,0.6829503860489345,3,0.17284237651075726,True
cleveland,hungary,7,pseudo_label_sfda,exang,0.4974430148952267,5,0.12589381985795736,False
cleveland,hungary,7,pseudo_label_sfda,oldpeak,0.612399791487727,4,0.15498729848854162,False
cleveland,hungary,7,reliability_gated_sfda,age,0.155234485344334,7,0.04679305772807661,False
cleveland,hungary,7,reliability_gated_sfda,sex,0.6857705361076764,2,0.2067150234892816,True
cleveland,hungary,7,reliability_gated_sfda,cp,0.7220793691442875,1,0.2176597650301357,True
cleveland,hungary,7,reliability_gated_sfda,trestbps,0.1850002331054946,6,0.055765486439505275,False
cleveland,hungary,7,reliability_gated_sfda,restecg,0.0650061297188449,8,0.019595102041054125,False
cleveland,hungary,7,reliability_gated_sfda,thalach,0.5858167780034219,3,0.17658549419857045,True
cleveland,hungary,7,reliability_gated_sfda,exang,0.4022325546144932,5,0.12124684219771333,False
cleveland,hungary,7,reliability_gated_sfda,oldpeak,0.5163282069383937,4,0.15563922887566292,False
cleveland,hungary,7,source_only,age,0.1500874193123704,7,0.04627777717972322,False
cleveland,hungary,7,source_only,sex,0.6746732718786415,2,0.20802795789387793,True
cleveland,hungary,7,source_only,cp,0.7081199363296254,1,0.2183408628126184,True
cleveland,hungary,7,source_only,trestbps,0.1776391663046103,6,0.05477305022832775,False
cleveland,hungary,7,source_only,restecg,0.0647785251399463,8,0.019973733749251363,False
cleveland,hungary,7,source_only,thalach,0.5716857874724811,3,0.17627291888072005,True
cleveland,hungary,7,source_only,exang,0.3909840746022456,5,0.1205555666701485,False
cleveland,hungary,7,source_only,oldpeak,0.5052173922319902,4,0.1557781325853328,False
cleveland,hungary,8,conservative_candidate,age,0.2081382280448451,7,0.05818829903720381,False
cleveland,hungary,8,conservative_candidate,sex,0.7083068799455555,2,0.1980182733731194,True
cleveland,hungary,8,conservative_candidate,cp,0.7769905868236634,1,0.21721987853882635,True
cleveland,hungary,8,conservative_candidate,trestbps,0.2376380912004494,6,0.06643544745861273,False
cleveland,hungary,8,conservative_candidate,restecg,0.1027989088067448,8,0.028739043771701108,False
cleveland,hungary,8,conservative_candidate,thalach,0.6357537309043616,3,0.1777349050935057,True
cleveland,hungary,8,conservative_candidate,exang,0.4328690957100618,5,0.12101533015700569,False
cleveland,hungary,8,conservative_candidate,oldpeak,0.4744818346435521,4,0.1326488225700252,False
cleveland,hungary,8,entropy_sfda,age,0.2981159029042247,7,0.06733077921980785,False
cleveland,hungary,8,entropy_sfda,sex,0.809359518646383,2,0.18279738359659747,True
cleveland,hungary,8,entropy_sfda,cp,0.9340717024858852,1,0.21096417521795993,True
cleveland,hungary,8,entropy_sfda,trestbps,0.3230647541040897,6,0.07296558627156592,False
cleveland,hungary,8,entropy_sfda,restecg,0.1338031112175231,8,0.030220017290405254,False
cleveland,hungary,8,entropy_sfda,thalach,0.7597837806299177,3,0.17160048655579102,True
cleveland,hungary,8,entropy_sfda,exang,0.5540539063513279,5,0.12513549556059156,False
cleveland,hungary,8,entropy_sfda,oldpeak,0.6153791787888424,4,0.13898607628728094,False
cleveland,hungary,8,pseudo_label_sfda,age,0.2865789032214144,7,0.06446381053705473,False
cleveland,hungary,8,pseudo_label_sfda,sex,0.8436505577596677,2,0.18977297038812835,True
cleveland,hungary,8,pseudo_label_sfda,cp,0.9427861104241008,1,0.21207278175808367,True
cleveland,hungary,8,pseudo_label_sfda,trestbps,0.3109027991011155,6,0.06993529150751764,False
cleveland,hungary,8,pseudo_label_sfda,restecg,0.1248770613155207,8,0.02809017387734339,False
cleveland,hungary,8,pseudo_label_sfda,thalach,0.7759077704707984,3,0.17453473004331235,True
cleveland,hungary,8,pseudo_label_sfda,exang,0.5489323376392832,5,0.1234782805484514,False
cleveland,hungary,8,pseudo_label_sfda,oldpeak,0.611942542311387,4,0.13765196134010857,False
cleveland,hungary,8,reliability_gated_sfda,age,0.2118127679006437,7,0.058029198300457246,False
cleveland,hungary,8,reliability_gated_sfda,sex,0.7214449379770529,2,0.1976503672732764,True
cleveland,hungary,8,reliability_gated_sfda,cp,0.7923473005490315,1,0.21707510402753208,True
cleveland,hungary,8,reliability_gated_sfda,trestbps,0.244493202147942,6,0.06698248009870603,False
cleveland,hungary,8,reliability_gated_sfda,restecg,0.1044237655607292,8,0.02860841420969693,False
cleveland,hungary,8,reliability_gated_sfda,thalach,0.6480745004464675,3,0.17754946537273186,True
cleveland,hungary,8,reliability_gated_sfda,exang,0.4428388707998658,5,0.1213221700631857,False
cleveland,hungary,8,reliability_gated_sfda,oldpeak,0.4846713957788587,4,0.13278280065441378,False
cleveland,hungary,8,source_only,age,0.2041041041767148,7,0.057214193165966064,False
cleveland,hungary,8,source_only,sex,0.7110774329274284,2,0.19932828772636985,True
cleveland,hungary,8,source_only,cp,0.7761262703907112,1,0.21756269201166292,True
cleveland,hungary,8,source_only,trestbps,0.2373102713308176,6,0.06652250212682499,False
cleveland,hungary,8,source_only,restecg,0.1024505229152858,8,0.028718795399402447,False
cleveland,hungary,8,source_only,thalach,0.6327828298683982,3,0.17738084790716094,True
cleveland,hungary,8,source_only,exang,0.431101760731972,5,0.12084587672647619,False
cleveland,hungary,8,source_only,oldpeak,0.4724151979574338,4,0.13242680493613662,False
cleveland,hungary,9,conservative_candidate,age,0.1723102012821029,6,0.051758159753183854,False
cleveland,hungary,9,conservative_candidate,sex,0.7038377246813101,2,0.21141722964348045,True
cleveland,hungary,9,conservative_candidate,cp,0.754844512864884,1,0.2267385366331928,True
cleveland,hungary,9,conservative_candidate,trestbps,0.1452052719118136,7,0.04361644060940898,False
cleveland,hungary,9,conservative_candidate,restecg,0.0986751599984122,8,0.02963982780396916,False
cleveland,hungary,9,conservative_candidate,thalach,0.5296333953991633,3,0.15909011588240968,True
cleveland,hungary,9,conservative_candidate,exang,0.4168490970849383,5,0.12521221610419891,False
cleveland,hungary,9,conservative_candidate,oldpeak,0.5077854351324289,4,0.15252747357015614,False
cleveland,hungary,9,entropy_sfda,age,0.2624763748846112,6,0.06387500298302302,False
cleveland,hungary,9,entropy_sfda,sex,0.7744051493628292,2,0.1884555562281168,True
cleveland,hungary,9,entropy_sfda,cp,0.9175271326897756,1,0.2232850417997756,True
cleveland,hungary,9,entropy_sfda,trestbps,0.2105523171394328,7,0.05123901109681238,False
cleveland,hungary,9,entropy_sfda,restecg,0.1380910658094236,8,0.03360518539767026,False
cleveland,hungary,9,entropy_sfda,thalach,0.6104458006792607,4,0.14855518846792692,False
cleveland,hungary,9,entropy_sfda,exang,0.5595113204627418,5,0.1361600154654076,False
cleveland,hungary,9,entropy_sfda,oldpeak,0.6362098233432186,3,0.15482499856126752,True
cleveland,hungary,9,pseudo_label_sfda,age,0.2400056145372317,6,0.05797022744377575,False
cleveland,hungary,9,pseudo_label_sfda,sex,0.8284543372665335,2,0.200102345316898,True
cleveland,hungary,9,pseudo_label_sfda,cp,0.916074026280976,1,0.22126573897547502,True
cleveland,hungary,9,pseudo_label_sfda,trestbps,0.198618567912985,7,0.04797372585917825,False
cleveland,hungary,9,pseudo_label_sfda,restecg,0.1249213046200262,8,0.030173112638882522,False
cleveland,hungary,9,pseudo_label_sfda,thalach,0.6499261766177963,3,0.15698119543096165,True
cleveland,hungary,9,pseudo_label_sfda,exang,0.5439627988479373,5,0.13138712288447735,False
cleveland,hungary,9,pseudo_label_sfda,oldpeak,0.6381902338645491,4,0.1541465314503516,False
cleveland,hungary,9,reliability_gated_sfda,age,0.1744821560913602,6,0.05139480738259712,False
cleveland,hungary,9,reliability_gated_sfda,sex,0.7167808046678499,2,0.21113225682606784,True
cleveland,hungary,9,reliability_gated_sfda,cp,0.7685324002016133,1,0.2263760120832368,True
cleveland,hungary,9,reliability_gated_sfda,trestbps,0.1495867600477597,7,0.044061713196711635,False
cleveland,hungary,9,reliability_gated_sfda,restecg,0.1000695103917232,8,0.029476098454219425,False
cleveland,hungary,9,reliability_gated_sfda,thalach,0.5412561292411621,3,0.1594303688706943,True
cleveland,hungary,9,reliability_gated_sfda,exang,0.4260426412152798,5,0.12549351734607822,False
cleveland,hungary,9,reliability_gated_sfda,oldpeak,0.5181870437195512,4,0.1526352258403947,False
cleveland,hungary,9,source_only,age,0.1674915222422581,6,0.05055173898494825,False
cleveland,hungary,9,source_only,sex,0.7051383519076369,2,0.21282253236885304,True
cleveland,hungary,9,source_only,cp,0.7518387329337016,1,0.22691748738820403,True
cleveland,hungary,9,source_only,trestbps,0.1433880642938687,7,0.04327691278162989,False
cleveland,hungary,9,source_only,restecg,0.0982309973980442,8,0.02964775574440509,False
cleveland,hungary,9,source_only,thalach,0.5281447594871327,3,0.15940290989322525,True
cleveland,hungary,9,source_only,exang,0.4135923283111278,5,0.12482907282149062,False
cleveland,hungary,9,source_only,oldpeak,0.5054444920296978,4,0.15255159001724383,False
cleveland,switzerland,0,conservative_candidate,age,0.0586625920160014,8,0.02084625006485641,False
cleveland,switzerland,0,conservative_candidate,sex,0.229843089175297,6,0.08167669289690423,False
cleveland,switzerland,0,conservative_candidate,cp,0.6027291633162224,1,0.21418492480598864,True
cleveland,switzerland,0,conservative_candidate,trestbps,0.2853818512502755,5,0.10141286347374745,False
cleveland,switzerland,0,conservative_candidate,restecg,0.1485766497198341,7,0.05279797375836031,False
cleveland,switzerland,0,conservative_candidate,thalach,0.5666035078806666,2,0.20134736647305618,True
cleveland,switzerland,0,conservative_candidate,exang,0.4468124611833231,4,0.15877860111228667,False
cleveland,switzerland,0,conservative_candidate,oldpeak,0.4754503764575574,3,0.16895532741480015,True
cleveland,switzerland,0,entropy_sfda,age,0.0712557439588206,8,0.023933428206986008,False
cleveland,switzerland,0,entropy_sfda,sex,0.2380791310887269,6,0.0799661820215731,False
cleveland,switzerland,0,entropy_sfda,cp,0.6346371146165046,1,0.2131623498161883,True
cleveland,switzerland,0,entropy_sfda,trestbps,0.30614084948036,5,0.10282679872794889,False
cleveland,switzerland,0,entropy_sfda,restecg,0.1579798169957466,7,0.053062369405694025,False
cleveland,switzerland,0,entropy_sfda,thalach,0.6283606309216561,2,0.2110542001631612,True
cleveland,switzerland,0,entropy_sfda,exang,0.4555255088016269,4,0.15300222067227381,False
cleveland,switzerland,0,entropy_sfda,oldpeak,0.4852688989745892,3,0.16299245098617465,True
cleveland,switzerland,0,pseudo_label_sfda,age,0.0703765430290827,8,0.023478880869914367,False
cleveland,switzerland,0,pseudo_label_sfda,sex,0.2435428926615211,6,0.08125029047180135,False
cleveland,switzerland,0,pseudo_label_sfda,cp,0.6345948071287173,1,0.21171224439205938,True
cleveland,switzerland,0,pseudo_label_sfda,trestbps,0.3078273596749376,5,0.10269674518285792,False
cleveland,switzerland,0,pseudo_label_sfda,restecg,0.1582837155087836,7,0.05280629511089224,False
cleveland,switzerland,0,pseudo_label_sfda,thalach,0.6227450296661354,2,0.20775894544607415,True
cleveland,switzerland,0,pseudo_label_sfda,exang,0.4667621170117603,4,0.1557202395602095,False
cleveland,switzerland,0,pseudo_label_sfda,oldpeak,0.4933078059608616,3,0.16457635896619102,True
cleveland,switzerland,0,reliability_gated_sfda,age,0.0631138191849931,8,0.021876347452054114,False
cleveland,switzerland,0,reliability_gated_sfda,sex,0.2332755179651748,6,0.08085735182822644,False
cleveland,switzerland,0,reliability_gated_sfda,cp,0.6148335195366081,1,0.21311199151374266,True
cleveland,switzerland,0,reliability_gated_sfda,trestbps,0.2980198575698626,5,0.1032988660169719,False
cleveland,switzerland,0,reliability_gated_sfda,restecg,0.1519599579740434,7,0.052671964434536346,False
cleveland,switzerland,0,reliability_gated_sfda,thalach,0.5779956519164569,2,0.20034334588497646,True
cleveland,switzerland,0,reliability_gated_sfda,exang,0.4595667246153684,4,0.15929381987833774,False
cleveland,switzerland,0,reliability_gated_sfda,oldpeak,0.4862604027356558,3,0.16854631299115436,True
cleveland,switzerland,0,source_only,age,0.0584267072395678,8,0.02070316222101335,False
cleveland,switzerland,0,source_only,sex,0.2316656988644139,6,0.08208938636518426,False
cleveland,switzerland,0,source_only,cp,0.6049338890338029,1,0.2143547878935365,True
cleveland,switzerland,0,source_only,trestbps,0.2853423076515214,5,0.10110937896269244,False
cleveland,switzerland,0,source_only,restecg,0.1487980166452982,7,0.05272570751148566,False
cleveland,switzerland,0,source_only,thalach,0.5655196395634514,2,0.20038857896003762,True
cleveland,switzerland,0,source_only,exang,0.4492200924371316,4,0.1591785141772666,False
cleveland,switzerland,0,source_only,oldpeak,0.4782087735801451,3,0.16945048390878348,True
cleveland,switzerland,1,conservative_candidate,age,0.0880640267879073,8,0.037645086125746005,False
cleveland,switzerland,1,conservative_candidate,sex,0.2154098114801373,5,0.09208210436516173,False
cleveland,switzerland,1,conservative_candidate,cp,0.4381445536420233,3,0.1872954265094475,True
cleveland,switzerland,1,conservative_candidate,trestbps,0.1400923707704173,6,0.05988585300458329,False
cleveland,switzerland,1,conservative_candidate,restecg,0.1147663395045461,7,0.04905963186750969,False
cleveland,switzerland,1,conservative_candidate,thalach,0.3621852898409938,4,0.1548248124331142,False
cleveland,switzerland,1,conservative_candidate,exang,0.4408859536960358,2,0.1884673038911958,True
cleveland,switzerland,1,conservative_candidate,oldpeak,0.5397749458689515,1,0.23073978180324173,True
cleveland,switzerland,1,entropy_sfda,age,0.0925653134075152,8,0.03654343831398805,False
cleveland,switzerland,1,entropy_sfda,sex,0.2315845214496783,5,0.09142619802747488,False
cleveland,switzerland,1,entropy_sfda,cp,0.4841515969492616,2,0.1911360029630464,True
cleveland,switzerland,1,entropy_sfda,trestbps,0.1637136119273983,6,0.0646317509053379,False
cleveland,switzerland,1,entropy_sfda,restecg,0.1185304120834159,7,0.04679408131243064,False
cleveland,switzerland,1,entropy_sfda,thalach,0.4020891079709418,4,0.15873892685021293,False
cleveland,switzerland,1,entropy_sfda,exang,0.4684036479793428,3,0.1849189419434341,True
cleveland,switzerland,1,entropy_sfda,oldpeak,0.5719832464810309,1,0.22581065968407515,True
cleveland,switzerland,1,pseudo_label_sfda,age,0.0931321260125595,8,0.03769564423186543,False
cleveland,switzerland,1,pseudo_label_sfda,sex,0.2270563258297317,5,0.09190206264504087,False
cleveland,switzerland,1,pseudo_label_sfda,cp,0.4658708198041451,2,0.1885632963965225,True
cleveland,switzerland,1,pseudo_label_sfda,trestbps,0.1432660198959756,6,0.057987561840752516,False
cleveland,switzerland,1,pseudo_label_sfda,restecg,0.1172742480069031,7,0.047467276005613866,False
cleveland,switzerland,1,pseudo_label_sfda,thalach,0.384737957639968,4,0.15572440783468128,False
cleveland,switzerland,1,pseudo_label_sfda,exang,0.4618168802159588,3,0.1869224462302422,True
cleveland,switzerland,1,pseudo_label_sfda,oldpeak,0.5774792438085244,1,0.23373730481528138,True
cleveland,switzerland,1,reliability_gated_sfda,age,0.0889519906415399,8,0.037047104090530414,False
cleveland,switzerland,1,reliability_gated_sfda,sex,0.2202815729670408,5,0.09174380813828242,False
cleveland,switzerland,1,reliability_gated_sfda,cp,0.4476457568968275,3,0.18643741226962998,True
cleveland,switzerland,1,reliability_gated_sfda,trestbps,0.1450580764501317,6,0.06041440577846426,False
cleveland,switzerland,1,reliability_gated_sfda,restecg,0.1187337366816761,7,0.04945073258258827,False
cleveland,switzerland,1,reliability_gated_sfda,thalach,0.3745050749976218,4,0.1559754694167529,False
cleveland,switzerland,1,reliability_gated_sfda,exang,0.4534791987237891,2,0.18886694897826187,True
cleveland,switzerland,1,reliability_gated_sfda,oldpeak,0.5523957091921229,1,0.23006411874548993,True
cleveland,switzerland,1,source_only,age,0.0883177679668112,8,0.03759370945355087,False
cleveland,switzerland,1,source_only,sex,0.2170366941065323,5,0.09238474439329479,False
cleveland,switzerland,1,source_only,cp,0.4397837056483074,3,0.18720016632170045,True
cleveland,switzerland,1,source_only,trestbps,0.1392563024073899,6,0.05927641846934521,False
cleveland,switzerland,1,source_only,restecg,0.1160343847705081,7,0.049391680157986555,False
cleveland,switzerland,1,source_only,thalach,0.3649402419256606,4,0.1553419854090681,False
cleveland,switzerland,1,source_only,exang,0.442110617864665,2,0.18819064948040687,True
cleveland,switzerland,1,source_only,oldpeak,0.5417901299348692,1,0.2306206463146472,True
cleveland,switzerland,2,conservative_candidate,age,0.0783484762437959,8,0.030189270459867797,False
cleveland,switzerland,2,conservative_candidate,sex,0.2236906274002257,5,0.08619257417220892,False
cleveland,switzerland,2,conservative_candidate,cp,0.5085403125134971,2,0.19595098424688706,True
cleveland,switzerland,2,conservative_candidate,trestbps,0.1565957019972516,7,0.06033952703479974,False
cleveland,switzerland,2,conservative_candidate,restecg,0.1802574694232364,6,0.06945689000888962,False
cleveland,switzerland,2,conservative_candidate,thalach,0.4875381115551402,3,0.18785840663234107,True
cleveland,switzerland,2,conservative_candidate,exang,0.4261481844312776,4,0.16420361202361225,False
cleveland,switzerland,2,conservative_candidate,oldpeak,0.534123566826972,1,0.20580873542139358,True
cleveland,switzerland,2,entropy_sfda,age,0.0994700818564894,8,0.03604684429657471,False
cleveland,switzerland,2,entropy_sfda,sex,0.2322079004432127,5,0.08414954401854582,False
cleveland,switzerland,2,entropy_sfda,cp,0.5384395532934677,3,0.1951244673618476,True
cleveland,switzerland,2,entropy_sfda,trestbps,0.1658555558632786,7,0.060104197024297645,False
cleveland,switzerland,2,entropy_sfda,restecg,0.1835292926459474,6,0.0665089614122737,False
cleveland,switzerland,2,entropy_sfda,thalach,0.5431782561467915,2,0.19684172023561058,True
cleveland,switzerland,2,entropy_sfda,exang,0.4431086068715506,4,0.160577599417436,False
cleveland,switzerland,2,entropy_sfda,oldpeak,0.5536778795464736,1,0.20064666623341387,True
cleveland,switzerland,2,pseudo_label_sfda,age,0.0957548582455052,8,0.03440622957163833,False
cleveland,switzerland,2,pseudo_label_sfda,sex,0.233851898188998,5,0.08402667229922763,False
cleveland,switzerland,2,pseudo_label_sfda,cp,0.5386917721972293,2,0.19356044301220182,True
cleveland,switzerland,2,pseudo_label_sfda,trestbps,0.1701033228470724,7,0.06112080456293309,False
cleveland,switzerland,2,pseudo_label_sfda,restecg,0.1886372284592712,6,0.06778032892583737,False
cleveland,switzerland,2,pseudo_label_sfda,thalach,0.5315529078820614,3,0.1909953365621594,True
cleveland,switzerland,2,pseudo_label_sfda,exang,0.4551013544565294,4,0.16352508861376663,False
cleveland,switzerland,2,pseudo_label_sfda,oldpeak,0.5693741265411784,1,0.2045850964522357,True
cleveland,switzerland,2,reliability_gated_sfda,age,0.0839885589269148,8,0.031360494951555636,False
cleveland,switzerland,2,reliability_gated_sfda,sex,0.2283486176615323,5,0.08526310920039316,False
cleveland,switzerland,2,reliability_gated_sfda,cp,0.5218015788558386,2,0.19483553460730146,True
cleveland,switzerland,2,reliability_gated_sfda,trestbps,0.1700183071680669,7,0.0634831497496686,False
cleveland,switzerland,2,reliability_gated_sfda,restecg,0.1865169385039224,6,0.06964357506623951,False
cleveland,switzerland,2,reliability_gated_sfda,thalach,0.4973201429607665,3,0.18569440923732908,True
cleveland,switzerland,2,reliability_gated_sfda,exang,0.4413861302825493,4,0.16480920362567097,False
cleveland,switzerland,2,reliability_gated_sfda,oldpeak,0.5487840548914865,1,0.20491052356184158,True
cleveland,switzerland,2,source_only,age,0.0778376369858236,8,0.02980719680446524,False
cleveland,switzerland,2,source_only,sex,0.2261846630069298,5,0.08661530623838308,False
cleveland,switzerland,2,source_only,cp,0.5126730278645437,2,0.1963233524250319,True
cleveland,switzerland,2,source_only,trestbps,0.1587081254915167,7,0.06077579579985176,False
cleveland,switzerland,2,source_only,restecg,0.1820266211208531,6,0.06970539612333386,False
cleveland,switzerland,2,source_only,thalach,0.4869691905361123,3,0.18648030775477742,True
cleveland,switzerland,2,source_only,exang,0.4294621525256614,4,0.16445852412931145,False
cleveland,switzerland,2,source_only,oldpeak,0.5375091684527877,1,0.20583412072484533,True
cleveland,switzerland,3,conservative_candidate,age,0.0626755437283204,8,0.02474940309245173,False
cleveland,switzerland,3,conservative_candidate,sex,0.2013220999738186,6,0.07949834189343423,False
cleveland,switzerland,3,conservative_candidate,cp,0.4226448606942,4,0.16689457163093332,False
cleveland,switzerland,3,conservative_candidate,trestbps,0.2721329431325894,5,0.10746022297817548,False
cleveland,switzerland,3,conservative_candidate,restecg,0.1306382220435312,7,0.05158659700905975,False
cleveland,switzerland,3,conservative_candidate,thalach,0.4824927591423436,2,0.19052739034806765,True
cleveland,switzerland,3,conservative_candidate,exang,0.4766815278103681,3,0.18823264349557953,True
cleveland,switzerland,3,conservative_candidate,oldpeak,0.4838183198684478,1,0.19105082955229832,True
cleveland,switzerland,3,entropy_sfda,age,0.0721380168007027,8,0.0266956253434238,False
cleveland,switzerland,3,entropy_sfda,sex,0.2083697331145527,6,0.0771099702325213,False
cleveland,switzerland,3,entropy_sfda,cp,0.455487628103938,4,0.16855920924497936,False
cleveland,switzerland,3,entropy_sfda,trestbps,0.2932664248959835,5,0.10852711166786952,False
cleveland,switzerland,3,entropy_sfda,restecg,0.1369071974649995,7,0.05066431560547372,False
cleveland,switzerland,3,entropy_sfda,thalach,0.5329795283515278,1,0.19723610982951936,True
cleveland,switzerland,3,entropy_sfda,exang,0.5018525078165822,2,0.18571714500194908,True
cleveland,switzerland,3,entropy_sfda,oldpeak,0.5012400937001638,3,0.1854905130742639,True
cleveland,switzerland,3,pseudo_label_sfda,age,0.0669926040300936,8,0.025165556025502862,False
cleveland,switzerland,3,pseudo_label_sfda,sex,0.2072331855088714,6,0.0778464789624277,False
cleveland,switzerland,3,pseudo_label_sfda,cp,0.4456546776132976,4,0.16740874488871824,False
cleveland,switzerland,3,pseudo_label_sfda,trestbps,0.2940331079232378,5,0.11045259037058858,False
cleveland,switzerland,3,pseudo_label_sfda,restecg,0.1343695639369524,7,0.05047549409870342,False
cleveland,switzerland,3,pseudo_label_sfda,thalach,0.5156725459860835,1,0.1937107317249085,True
cleveland,switzerland,3,pseudo_label_sfda,exang,0.4963785120990218,3,0.18646299001114122,True
cleveland,switzerland,3,pseudo_label_sfda,oldpeak,0.5017410601390814,2,0.18847741391800935,True
cleveland,switzerland,3,reliability_gated_sfda,age,0.0665883851901067,8,0.02554709407330865,False
cleveland,switzerland,3,reliability_gated_sfda,sex,0.2059406979251804,6,0.07901057171452626,False
cleveland,switzerland,3,reliability_gated_sfda,cp,0.4320721312887906,4,0.16576745858870426,False
cleveland,switzerland,3,reliability_gated_sfda,trestbps,0.2824998263712609,5,0.1083830103312406,False
cleveland,switzerland,3,reliability_gated_sfda,restecg,0.1348126500057495,7,0.05172180466813026,False
cleveland,switzerland,3,reliability_gated_sfda,thalach,0.4953462246699425,2,0.19004300170927493,True
cleveland,switzerland,3,reliability_gated_sfda,exang,0.4908566546997404,3,0.1883205471693427,True
cleveland,switzerland,3,reliability_gated_sfda,oldpeak,0.4983789083184447,1,0.19120651174547237,True
cleveland,switzerland,3,source_only,age,0.0632348939761276,8,0.024758983919355642,False
cleveland,switzerland,3,source_only,sex,0.204053719846032,6,0.07989517259663466,False
cleveland,switzerland,3,source_only,cp,0.4264132401534939,4,0.16695779643350672,False
cleveland,switzerland,3,source_only,trestbps,0.2739536739654869,5,0.10726379348276496,False
cleveland,switzerland,3,source_only,restecg,0.1324238202939703,7,0.05184920905277104,False
cleveland,switzerland,3,source_only,thalach,0.4836241825960758,2,0.18935816298558503,True
cleveland,switzerland,3,source_only,exang,0.4801905914777662,3,0.1880137750703311,True
cleveland,switzerland,3,source_only,oldpeak,0.4901240143841662,1,0.1919031064590508,True
cleveland,switzerland,4,conservative_candidate,age,0.0694427477660573,7,0.024800749007915134,False
cleveland,switzerland,4,conservative_candidate,sex,0.2264779079591901,6,0.08088420939297865,False
cleveland,switzerland,4,conservative_candidate,cp,0.5269583380635359,3,0.18819764338774886,True
cleveland,switzerland,4,conservative_candidate,trestbps,0.300414916464862,5,0.10729003648557449,False
cleveland,switzerland,4,conservative_candidate,restecg,0.056931416713254,8,0.02033245834866828,False
cleveland,switzerland,4,conservative_candidate,thalach,0.6404203115318848,1,0.22871939715548595,True
cleveland,switzerland,4,conservative_candidate,exang,0.4073952952536141,4,0.14549695669630347,False
cleveland,switzerland,4,conservative_candidate,oldpeak,0.571985297064047,2,0.20427854952532526,True
cleveland,switzerland,4,entropy_sfda,age,0.0680916040276396,7,0.022835884722900303,False
cleveland,switzerland,4,entropy_sfda,sex,0.2331437118639185,6,0.07818941856373955,False
cleveland,switzerland,4,entropy_sfda,cp,0.5541944823953082,3,0.1858602318857044,True
cleveland,switzerland,4,entropy_sfda,trestbps,0.3278989531326948,5,0.10996748867097403,False
cleveland,switzerland,4,entropy_sfda,restecg,0.0575652132443733,8,0.019305648507914164,False
cleveland,switzerland,4,entropy_sfda,thalach,0.7050390399053572,1,0.23644897884749033,True
cleveland,switzerland,4,entropy_sfda,exang,0.4376621656422693,4,0.14677878286028997,False
cleveland,switzerland,4,entropy_sfda,oldpeak,0.598185691528204,2,0.2006135659409872,True
cleveland,switzerland,4,pseudo_label_sfda,age,0.0653753815052227,7,0.022230125311175176,False
cleveland,switzerland,4,pseudo_label_sfda,sex,0.2360313062677235,6,0.0802596542442003,False
cleveland,switzerland,4,pseudo_label_sfda,cp,0.5438067081144905,3,0.18491503970002884,True
cleveland,switzerland,4,pseudo_label_sfda,trestbps,0.3177880303843355,5,0.10806006137449398,False
cleveland,switzerland,4,pseudo_label_sfda,restecg,0.0545780769628221,8,0.018558629597130113,False
cleveland,switzerland,4,pseudo_label_sfda,thalach,0.6880719954587096,1,0.23397074449095967,True
cleveland,switzerland,4,pseudo_label_sfda,exang,0.4343112544800208,4,0.1476824056525506,False
cleveland,switzerland,4,pseudo_label_sfda,oldpeak,0.6008835349201671,2,0.2043233396294613,True
cleveland,switzerland,4,reliability_gated_sfda,age,0.072709981665371,7,0.02535985854190005,False
cleveland,switzerland,4,reliability_gated_sfda,sex,0.230111487985899,6,0.08025850991195896,False
cleveland,switzerland,4,reliability_gated_sfda,cp,0.5380618252850736,3,0.18766572984194113,True
cleveland,switzerland,4,reliability_gated_sfda,trestbps,0.3131442384764067,5,0.10921875386409052,False
cleveland,switzerland,4,reliability_gated_sfda,restecg,0.0610464170210278,8,0.021291829054062593,False
cleveland,switzerland,4,reliability_gated_sfda,thalach,0.6521242184761337,1,0.22744852293338136,True
cleveland,switzerland,4,reliability_gated_sfda,exang,0.4169003504623727,4,0.14540691211354856,False
cleveland,switzerland,4,reliability_gated_sfda,oldpeak,0.5830303151690499,2,0.20334988373911683,True
cleveland,switzerland,4,source_only,age,0.0707792377731633,7,0.025167931704961687,False
cleveland,switzerland,4,source_only,sex,0.2291453578585107,6,0.08148031680667046,False
cleveland,switzerland,4,source_only,cp,0.5304381810422093,3,0.18861508451050643,True
cleveland,switzerland,4,source_only,trestbps,0.3014043986729187,5,0.10717444211092184,False
cleveland,switzerland,4,source_only,restecg,0.0579169327375427,8,0.02059430778798267,False
cleveland,switzerland,4,source_only,thalach,0.6412169711088868,1,0.22800619849356143,True
cleveland,switzerland,4,source_only,exang,0.4071095348373661,4,0.1447614482945233,False
cleveland,switzerland,4,source_only,oldpeak,0.5742680667483104,2,0.20420027029087218,True
cleveland,switzerland,5,conservative_candidate,age,0.0598614985128955,7,0.025181462711112768,False
cleveland,switzerland,5,conservative_candidate,sex,0.2311644127319862,5,0.09724210358838255,False
cleveland,switzerland,5,conservative_candidate,cp,0.5054946293774235,2,0.21264242420515464,True
cleveland,switzerland,5,conservative_candidate,trestbps,0.1382500432692922,6,0.058156551303931193,False
cleveland,switzerland,5,conservative_candidate,restecg,0.0479803069038467,8,0.020183495889376808,False
cleveland,switzerland,5,conservative_candidate,thalach,0.5513824917890919,1,0.23194570803396117,True
cleveland,switzerland,5,conservative_candidate,exang,0.3821116714942746,4,0.16073989202160094,False
cleveland,switzerland,5,conservative_candidate,oldpeak,0.4609599240290803,3,0.19390836224647992,True
cleveland,switzerland,5,entropy_sfda,age,0.0650286354764356,7,0.025826956888510746,False
cleveland,switzerland,5,entropy_sfda,sex,0.2411775387051265,5,0.09578675377359858,False
cleveland,switzerland,5,entropy_sfda,cp,0.5266403438053965,2,0.20916196927031058,True
cleveland,switzerland,5,entropy_sfda,trestbps,0.1586558032152432,6,0.06301218778051978,False
cleveland,switzerland,5,entropy_sfda,restecg,0.0512872694412291,8,0.02036939706766646,False
cleveland,switzerland,5,entropy_sfda,thalach,0.5966195340071448,1,0.2369551024829608,True
cleveland,switzerland,5,entropy_sfda,exang,0.4045182775812057,4,0.1606596238589424,False
cleveland,switzerland,5,entropy_sfda,oldpeak,0.4739315835229022,3,0.18822800887749067,True
cleveland,switzerland,5,pseudo_label_sfda,age,0.0616138922765176,7,0.024940151746020833,False
cleveland,switzerland,5,pseudo_label_sfda,sex,0.2393556232374858,5,0.09688668162717937,False
cleveland,switzerland,5,pseudo_label_sfda,cp,0.5178963194101504,2,0.2096347482289729,True
cleveland,switzerland,5,pseudo_label_sfda,trestbps,0.1460010189841297,6,0.05909848305307661,False
cleveland,switzerland,5,pseudo_label_sfda,restecg,0.0481641195104949,8,0.01949593516855349,False
cleveland,switzerland,5,pseudo_label_sfda,thalach,0.5819127771443104,1,0.23554741355722994,True
cleveland,switzerland,5,pseudo_label_sfda,exang,0.4001375976495626,4,0.16196821911333337,False
cleveland,switzerland,5,pseudo_label_sfda,oldpeak,0.4753884750653088,3,0.19242836750563352,True
cleveland,switzerland,5,reliability_gated_sfda,age,0.0622599723264271,7,0.025600462932666476,False
cleveland,switzerland,5,reliability_gated_sfda,sex,0.2356425479766193,5,0.0968930452330754,False
cleveland,switzerland,5,reliability_gated_sfda,cp,0.5171332474063507,2,0.2126382334714966,True
cleveland,switzerland,5,reliability_gated_sfda,trestbps,0.14597099594681,6,0.06002130954039196,False
cleveland,switzerland,5,reliability_gated_sfda,restecg,0.0493996442651481,8,0.020312469065458198,False
cleveland,switzerland,5,reliability_gated_sfda,thalach,0.5611208287007138,1,0.2307253350609396,True
cleveland,switzerland,5,reliability_gated_sfda,exang,0.3900940337907371,4,0.16040141810463293,False
cleveland,switzerland,5,reliability_gated_sfda,oldpeak,0.4703649202346559,3,0.1934077265913388,True
cleveland,switzerland,5,source_only,age,0.0608031144209501,7,0.02536626440380159,False
cleveland,switzerland,5,source_only,sex,0.2339822115694604,5,0.09761431961143335,False
cleveland,switzerland,5,source_only,cp,0.5124121182371022,2,0.21377163651399803,True
cleveland,switzerland,5,source_only,trestbps,0.1385598894856052,6,0.057805374378032855,False
cleveland,switzerland,5,source_only,restecg,0.0481769776092917,8,0.020098805198574668,False
cleveland,switzerland,5,source_only,thalach,0.5548486315751282,1,0.2314755950687414,True
cleveland,switzerland,5,source_only,exang,0.383200960695683,4,0.1598664308788804,False
cleveland,switzerland,5,source_only,oldpeak,0.4650231390298018,3,0.1940015739465376,True
cleveland,switzerland,6,conservative_candidate,age,0.0455451749103821,8,0.02049787656999473,False
cleveland,switzerland,6,conservative_candidate,sex,0.2106649386280072,6,0.09481100727177291,False
cleveland,switzerland,6,conservative_candidate,cp,0.4395084003539286,2,0.19780336686942973,True
cleveland,switzerland,6,conservative_candidate,trestbps,0.2375044681215128,5,0.1068902969843963,False
cleveland,switzerland,6,conservative_candidate,restecg,0.0482750974565496,7,0.021726494431427764,False
cleveland,switzerland,6,conservative_candidate,thalach,0.4285281371359327,3,0.19286163417016133,True
cleveland,switzerland,6,conservative_candidate,exang,0.3711911790315213,4,0.16705679551412897,False
cleveland,switzerland,6,conservative_candidate,oldpeak,0.4407286071521419,1,0.19835252818868823,True
cleveland,switzerland,6,entropy_sfda,age,0.0609129751001756,7,0.02530178946834516,False
cleveland,switzerland,6,entropy_sfda,sex,0.2218761136452478,6,0.09216201812954136,False
cleveland,switzerland,6,entropy_sfda,cp,0.4693281577741046,2,0.1949476645991708,True
cleveland,switzerland,6,entropy_sfda,trestbps,0.2667010311847477,5,0.1107812141982799,False
cleveland,switzerland,6,entropy_sfda,restecg,0.0516531186883916,8,0.021455467119900394,False
cleveland,switzerland,6,entropy_sfda,thalach,0.46955185965067,1,0.19504058499544472,True
cleveland,switzerland,6,entropy_sfda,exang,0.398589924280721,4,0.16556469835480697,False
cleveland,switzerland,6,entropy_sfda,oldpeak,0.4688440146060978,3,0.19474656313451078,True
cleveland,switzerland,6,pseudo_label_sfda,age,0.0527243856028312,7,0.022640291169876738,False
cleveland,switzerland,6,pseudo_label_sfda,sex,0.2191994314013821,6,0.09412606509220703,False
cleveland,switzerland,6,pseudo_label_sfda,cp,0.4561787973862232,2,0.19588698247047384,True
cleveland,switzerland,6,pseudo_label_sfda,trestbps,0.2509040334602682,5,0.10774028579542012,False
cleveland,switzerland,6,pseudo_label_sfda,restecg,0.0499194632405017,8,0.021435834100041705,False
cleveland,switzerland,6,pseudo_label_sfda,thalach,0.4504616288430383,3,0.1934319825874972,True
cleveland,switzerland,6,pseudo_label_sfda,exang,0.3862480998220967,4,0.1658581573554516,False
cleveland,switzerland,6,pseudo_label_sfda,oldpeak,0.4631498285561679,1,0.19888040142903177,True
cleveland,switzerland,6,reliability_gated_sfda,age,0.0498232595789117,7,0.02177115218428039,False
cleveland,switzerland,6,reliability_gated_sfda,sex,0.2153230931806733,6,0.0940892239898854,False
cleveland,switzerland,6,reliability_gated_sfda,cp,0.4519552720968074,2,0.1974898288965456,True
cleveland,switzerland,6,reliability_gated_sfda,trestbps,0.2450119332311962,5,0.10706228637836615,False
cleveland,switzerland,6,reliability_gated_sfda,restecg,0.0494557545705872,8,0.021610564387890926,False
cleveland,switzerland,6,reliability_gated_sfda,thalach,0.4415394723589524,3,0.19293846146032492,True
cleveland,switzerland,6,reliability_gated_sfda,exang,0.3824129820294012,4,0.16710209848515162,False
cleveland,switzerland,6,reliability_gated_sfda,oldpeak,0.4529772134936922,1,0.197936384217555,True
cleveland,switzerland,6,source_only,age,0.0455286584953527,8,0.020331569212419173,False
cleveland,switzerland,6,source_only,sex,0.2127981215821412,6,0.09502849150852358,False
cleveland,switzerland,6,source_only,cp,0.4444364203836738,1,0.19847037317106186,True
cleveland,switzerland,6,source_only,trestbps,0.2378413698567849,5,0.10621196478506846,False
cleveland,switzerland,6,source_only,restecg,0.0486729183107447,7,0.02173569000515011,False
cleveland,switzerland,6,source_only,thalach,0.4322480363137187,3,0.19302745035067756,True
cleveland,switzerland,6,source_only,exang,0.3737766740586214,4,0.16691610448804267,False
cleveland,switzerland,6,source_only,oldpeak,0.4440064357472508,2,0.1982783564790567,True
cleveland,switzerland,7,conservative_candidate,age,0.054999950250073,8,0.025058997466074043,False
cleveland,switzerland,7,conservative_candidate,sex,0.1702272633045184,5,0.07755869851534972,False
cleveland,switzerland,7,conservative_candidate,cp,0.4405127049014881,2,0.20070575892721212,True
cleveland,switzerland,7,conservative_candidate,trestbps,0.1371142989425821,6,0.06247181777696468,False
cleveland,switzerland,7,conservative_candidate,restecg,0.0608101047990025,7,0.027706211644580134,False
cleveland,switzerland,7,conservative_candidate,thalach,0.4261404202902705,3,0.19415747948301904,True
cleveland,switzerland,7,conservative_candidate,exang,0.4222873651339271,4,0.19240195608780788,False
cleveland,switzerland,7,conservative_candidate,oldpeak,0.4827263532736437,1,0.21993908009899235,True
cleveland,switzerland,7,entropy_sfda,age,0.0698986730218402,7,0.02895345847336934,False
cleveland,switzerland,7,entropy_sfda,sex,0.1824196287832124,5,0.0755619372781498,False
cleveland,switzerland,7,entropy_sfda,cp,0.4770231568860268,3,0.1975927376964604,True
cleveland,switzerland,7,entropy_sfda,trestbps,0.1647790727675021,6,0.06825485856024013,False
cleveland,switzerland,7,entropy_sfda,restecg,0.0612927390540745,8,0.02538870479510698,False
cleveland,switzerland,7,entropy_sfda,thalach,0.4870691686164496,2,0.20175400100640759,True
cleveland,switzerland,7,entropy_sfda,exang,0.4616377177398379,4,0.19121977446045527,False
cleveland,switzerland,7,entropy_sfda,oldpeak,0.5100533722150253,1,0.21127452772981045,True
cleveland,switzerland,7,pseudo_label_sfda,age,0.0650233349673415,7,0.027688225259514972,False
cleveland,switzerland,7,pseudo_label_sfda,sex,0.1798527183813777,5,0.07658485346192781,False
cleveland,switzerland,7,pseudo_label_sfda,cp,0.4678536463809025,2,0.19922135885503506,True
cleveland,switzerland,7,pseudo_label_sfda,trestbps,0.1513068773897319,6,0.06442946838369455,False
cleveland,switzerland,7,pseudo_label_sfda,restecg,0.0625834858165182,8,0.02664928911572656,False
cleveland,switzerland,7,pseudo_label_sfda,thalach,0.4591892287362276,3,0.19553187803082375,True
cleveland,switzerland,7,pseudo_label_sfda,exang,0.4500720316195876,4,0.19164959473010226,False
cleveland,switzerland,7,pseudo_label_sfda,oldpeak,0.5125297560712428,1,0.21824533216317493,True
cleveland,switzerland,7,reliability_gated_sfda,age,0.0592881777821623,8,0.02615807426103208,False
cleveland,switzerland,7,reliability_gated_sfda,sex,0.1743498066576515,5,0.07692351764805921,False
cleveland,switzerland,7,reliability_gated_sfda,cp,0.4520726680501962,2,0.1994554540989412,True
cleveland,switzerland,7,reliability_gated_sfda,trestbps,0.1481677722280496,6,0.06537194655017875,False
cleveland,switzerland,7,reliability_gated_sfda,restecg,0.0629883396242388,7,0.027790593792978213,False
cleveland,switzerland,7,reliability_gated_sfda,thalach,0.4391338884966766,3,0.19374683614054078,True
cleveland,switzerland,7,reliability_gated_sfda,exang,0.4360701724644599,4,0.19239511789782643,False
cleveland,switzerland,7,reliability_gated_sfda,oldpeak,0.4944636753071251,1,0.21815845961044328,True
cleveland,switzerland,7,source_only,age,0.055556743468226,8,0.02503191328576925,False
cleveland,switzerland,7,source_only,sex,0.1726503897064585,5,0.07779018916682982,False
cleveland,switzerland,7,source_only,cp,0.4462049225727626,2,0.20104423391757578,True
cleveland,switzerland,7,source_only,trestbps,0.140352829546872,6,0.06323804527237956,False
cleveland,switzerland,7,source_only,restecg,0.0623854093738202,7,0.028108669807758054,False
cleveland,switzerland,7,source_only,thalach,0.429207007078893,3,0.19338557143811053,True
cleveland,switzerland,7,source_only,exang,0.4258285948052639,4,0.19186337777092002,False
cleveland,switzerland,7,source_only,oldpeak,0.4872506616515963,1,0.21953799934065707,True
cleveland,switzerland,8,conservative_candidate,age,0.0744106066422688,8,0.029756434407394314,False
cleveland,switzerland,8,conservative_candidate,sex,0.2538621323107461,6,0.10151821399524676,False
cleveland,switzerland,8,conservative_candidate,cp,0.4705448598123905,2,0.18816856747395866,True
cleveland,switzerland,8,conservative_candidate,trestbps,0.2873091288819546,5,0.11489350287550365,False
cleveland,switzerland,8,conservative_candidate,restecg,0.1026578556662955,7,0.04105236990236605,False
cleveland,switzerland,8,conservative_candidate,thalach,0.4800802329479436,1,0.19198171613732323,True
cleveland,switzerland,8,conservative_candidate,exang,0.4130991700037223,4,0.16519631959272518,False
cleveland,switzerland,8,conservative_candidate,oldpeak,0.4186920272716419,3,0.16743287561548217,True
cleveland,switzerland,8,entropy_sfda,age,0.089203542888702,8,0.03346645010399921,False
cleveland,switzerland,8,entropy_sfda,sex,0.2645351714871036,6,0.09924553252746761,False
cleveland,switzerland,8,entropy_sfda,cp,0.4999917079505276,2,0.18758164759685766,True
cleveland,switzerland,8,entropy_sfda,trestbps,0.3078963803581712,5,0.11551333631798796,False
cleveland,switzerland,8,entropy_sfda,restecg,0.1076402372947507,7,0.04038333584016941,False
cleveland,switzerland,8,entropy_sfda,thalach,0.5321091414633684,1,0.19963112961650212,True
cleveland,switzerland,8,entropy_sfda,exang,0.4323032582557298,3,0.1621870046155314,True
cleveland,switzerland,8,entropy_sfda,oldpeak,0.4317823171206727,4,0.16199156338148468,False
cleveland,switzerland,8,pseudo_label_sfda,age,0.0813291870444214,8,0.03098365718284184,False
cleveland,switzerland,8,pseudo_label_sfda,sex,0.2648160908886087,6,0.10088593375600133,False
cleveland,switzerland,8,pseudo_label_sfda,cp,0.4923617288515698,2,0.18757309117520268,True
cleveland,switzerland,8,pseudo_label_sfda,trestbps,0.2999712103462922,5,0.1142788399079316,False
cleveland,switzerland,8,pseudo_label_sfda,restecg,0.1055776166371864,7,0.04022148504055977,False
cleveland,switzerland,8,pseudo_label_sfda,thalach,0.5175785414753405,1,0.19717984006784964,True
cleveland,switzerland,8,pseudo_label_sfda,exang,0.4314202156251039,4,0.16435644506534886,False
cleveland,switzerland,8,pseudo_label_sfda,oldpeak,0.4318513898708956,3,0.16452070780426425,True
cleveland,switzerland,8,reliability_gated_sfda,age,0.0802557662193761,8,0.03119942153573263,False
cleveland,switzerland,8,reliability_gated_sfda,sex,0.2595362827878415,6,0.10089470541445071,False
cleveland,switzerland,8,reliability_gated_sfda,cp,0.4806644954090196,2,0.18685827718015904,True
cleveland,switzerland,8,reliability_gated_sfda,trestbps,0.2975207492482008,5,0.11566116316238673,False
cleveland,switzerland,8,reliability_gated_sfda,restecg,0.1059600768025918,7,0.0411919698465794,False
cleveland,switzerland,8,reliability_gated_sfda,thalach,0.4920206484876997,1,0.19127298061663944,True
cleveland,switzerland,8,reliability_gated_sfda,exang,0.4246234901673426,4,0.16507234168685167,False
cleveland,switzerland,8,reliability_gated_sfda,oldpeak,0.43176638288802,3,0.16784914055720035,True
cleveland,switzerland,8,source_only,age,0.0756193768380709,8,0.030001271456398554,False
cleveland,switzerland,8,source_only,sex,0.2571550960069507,6,0.1020238484406105,False
cleveland,switzerland,8,source_only,cp,0.4743740430207756,2,0.18820340806313682,True
cleveland,switzerland,8,source_only,trestbps,0.2888016096293563,5,0.11457930294888422,False
cleveland,switzerland,8,source_only,restecg,0.1032199788487485,7,0.04095154885759331,False
cleveland,switzerland,8,source_only,thalach,0.4812671238882088,1,0.1909381726026226,True
cleveland,switzerland,8,source_only,exang,0.4164447774732016,4,0.16522052069176685,False
cleveland,switzerland,8,source_only,oldpeak,0.4236570637127975,3,0.1680819269389872,True
cleveland,switzerland,9,conservative_candidate,age,0.0787996416192168,7,0.031256582864146,False
cleveland,switzerland,9,conservative_candidate,sex,0.2516436978599162,5,0.09981672419789829,False
cleveland,switzerland,9,conservative_candidate,cp,0.5114325782079704,2,0.20286430790419807,True
cleveland,switzerland,9,conservative_candidate,trestbps,0.2207709368984631,6,0.08757076734571254,False
cleveland,switzerland,9,conservative_candidate,restecg,0.0734106711683627,8,0.029118999520004525,False
cleveland,switzerland,9,conservative_candidate,thalach,0.3977660776543756,4,0.15777747349193968,False
cleveland,switzerland,9,conservative_candidate,exang,0.4115285640809594,3,0.16323648686522252,True
cleveland,switzerland,9,conservative_candidate,oldpeak,0.575705299403791,1,0.22835865781087836,True
cleveland,switzerland,9,entropy_sfda,age,0.0828627434670849,7,0.031545615078710815,False
cleveland,switzerland,9,entropy_sfda,sex,0.2589106636303591,5,0.09856656674541808,False
cleveland,switzerland,9,entropy_sfda,cp,0.5388352753957961,2,0.20513308487328685,True
cleveland,switzerland,9,entropy_sfda,trestbps,0.2199309925526017,6,0.08372711480038161,False
cleveland,switzerland,9,entropy_sfda,restecg,0.0663081024833992,8,0.02524330947806364,False
cleveland,switzerland,9,entropy_sfda,thalach,0.4521304934088716,3,0.1721248164573427,True
cleveland,switzerland,9,entropy_sfda,exang,0.4213537194016503,4,0.1604081845239343,False
cleveland,switzerland,9,entropy_sfda,oldpeak,0.5864274898710532,1,0.2232513080428621,True
cleveland,switzerland,9,pseudo_label_sfda,age,0.0807389684903579,7,0.030262922997622916,False
cleveland,switzerland,9,pseudo_label_sfda,sex,0.2664072065182575,5,0.09985588034651041,False
cleveland,switzerland,9,pseudo_label_sfda,cp,0.5389439864008407,2,0.20200927340839597,True
cleveland,switzerland,9,pseudo_label_sfda,trestbps,0.2291553536225564,6,0.0858929826679748,False
cleveland,switzerland,9,pseudo_label_sfda,restecg,0.0718286674222681,8,0.026923126116994676,False
cleveland,switzerland,9,pseudo_label_sfda,thalach,0.4315717246693869,4,0.16176354634974952,False
cleveland,switzerland,9,pseudo_label_sfda,exang,0.4377016182231709,3,0.16406117907989695,True
cleveland,switzerland,9,pseudo_label_sfda,oldpeak,0.6115695326551189,1,0.22923108903285488,True
cleveland,switzerland,9,reliability_gated_sfda,age,0.0824353923828045,7,0.03170678832477069,False
cleveland,switzerland,9,reliability_gated_sfda,sex,0.2565869571323075,5,0.09868999347891874,False
cleveland,switzerland,9,reliability_gated_sfda,cp,0.5240931465457065,2,0.20157980667844802,True
cleveland,switzerland,9,reliability_gated_sfda,trestbps,0.2328780416505244,6,0.08957093013898876,False
cleveland,switzerland,9,reliability_gated_sfda,restecg,0.0782611018190599,8,0.030101247992092586,False
cleveland,switzerland,9,reliability_gated_sfda,thalach,0.4078226933706309,4,0.1568591770958529,False
cleveland,switzerland,9,reliability_gated_sfda,exang,0.4266380190970452,3,0.16409603899248495,True
cleveland,switzerland,9,reliability_gated_sfda,oldpeak,0.5912134562566028,1,0.22739601729844336,True
cleveland,switzerland,9,source_only,age,0.0798682655213491,7,0.03140439491035262,False
cleveland,switzerland,9,source_only,sex,0.254285249011061,5,0.09998557409120286,False
cleveland,switzerland,9,source_only,cp,0.5153746931790942,2,0.20264657415243068,True
cleveland,switzerland,9,source_only,trestbps,0.2239545667430431,6,0.08805947656513786,False
cleveland,switzerland,9,source_only,restecg,0.0759075213189622,8,0.029847020723512425,False
cleveland,switzerland,9,source_only,thalach,0.3974464378050884,4,0.15627689930498775,False
cleveland,switzerland,9,source_only,exang,0.4157299117101886,3,0.1634660054048994,True
cleveland,switzerland,9,source_only,oldpeak,0.5806527273290283,1,0.22831405484747638,True
cleveland,va_long_beach,0,conservative_candidate,age,0.0404255271729197,8,0.015980575084937863,False
cleveland,va_long_beach,0,conservative_candidate,sex,0.1027719887346028,7,0.04062669301940214,False
cleveland,va_long_beach,0,conservative_candidate,cp,0.6916187905857805,1,0.27340313871067634,True
cleveland,va_long_beach,0,conservative_candidate,trestbps,0.1396701639005914,6,0.05521287407809389,False
cleveland,va_long_beach,0,conservative_candidate,restecg,0.1815818662753736,5,0.07178094760927703,False
cleveland,va_long_beach,0,conservative_candidate,thalach,0.5024474449083209,2,0.198622001520152,True
cleveland,va_long_beach,0,conservative_candidate,exang,0.4395058206841349,3,0.17374061042338124,True
cleveland,va_long_beach,0,conservative_candidate,oldpeak,0.4316450059833005,4,0.17063315955407957,False
cleveland,va_long_beach,0,entropy_sfda,age,0.0690933996727107,8,0.024873633003104512,False
cleveland,va_long_beach,0,entropy_sfda,sex,0.1029024940356612,7,0.03704491143686069,False
cleveland,va_long_beach,0,entropy_sfda,cp,0.7438839536160231,1,0.26779832150090893,True
cleveland,va_long_beach,0,entropy_sfda,trestbps,0.1492701226123608,6,0.05373726384540211,False
cleveland,va_long_beach,0,entropy_sfda,restecg,0.2012977187306387,5,0.07246720531607657,False
cleveland,va_long_beach,0,entropy_sfda,thalach,0.5955290122516453,2,0.2143905230255926,True
cleveland,va_long_beach,0,entropy_sfda,exang,0.4565518893301487,4,0.1643587404276669,False
cleveland,va_long_beach,0,entropy_sfda,oldpeak,0.4592481689434498,3,0.16532940144438762,True
cleveland,va_long_beach,0,pseudo_label_sfda,age,0.060776059974305,8,0.021690260129674767,False
cleveland,va_long_beach,0,pseudo_label_sfda,sex,0.1073130872938781,7,0.038298777178165204,False
cleveland,va_long_beach,0,pseudo_label_sfda,cp,0.742296707292553,1,0.264916953836487,True
cleveland,va_long_beach,0,pseudo_label_sfda,trestbps,0.1637289631529711,6,0.05843293894094669,False
cleveland,va_long_beach,0,pseudo_label_sfda,restecg,0.2035364756418857,5,0.07263977139051449,False
cleveland,va_long_beach,0,pseudo_label_sfda,thalach,0.5803405944630504,2,0.20711672429959296,True
cleveland,va_long_beach,0,pseudo_label_sfda,exang,0.4702721347659826,4,0.16783458715691904,False
cleveland,va_long_beach,0,pseudo_label_sfda,oldpeak,0.4737337225303054,3,0.16906998706769977,True
cleveland,va_long_beach,0,reliability_gated_sfda,age,0.0418900623687658,8,0.016105658319821643,False
cleveland,va_long_beach,0,reliability_gated_sfda,sex,0.1048051723930984,7,0.04029491008759696,False
cleveland,va_long_beach,0,reliability_gated_sfda,cp,0.7101626181905157,1,0.2730393757688594,True
cleveland,va_long_beach,0,reliability_gated_sfda,trestbps,0.1455472449515946,6,0.055959195666645964,False
cleveland,va_long_beach,0,reliability_gated_sfda,restecg,0.1857109521797974,5,0.07140111455853812,False
cleveland,va_long_beach,0,reliability_gated_sfda,thalach,0.5160032441280782,2,0.19839005892822198,True
cleveland,va_long_beach,0,reliability_gated_sfda,exang,0.4542457106336951,3,0.1746458657499109,True
cleveland,va_long_beach,0,reliability_gated_sfda,oldpeak,0.4425881221191957,4,0.17016382092040502,False
cleveland,va_long_beach,0,source_only,age,0.0399331270003312,8,0.015710187308309843,False
cleveland,va_long_beach,0,source_only,sex,0.1043313133809715,7,0.04104523232862383,False
cleveland,va_long_beach,0,source_only,cp,0.696399950273335,1,0.2739723753714808,True
cleveland,va_long_beach,0,source_only,trestbps,0.1404235613136552,6,0.0552443701871671,False
cleveland,va_long_beach,0,source_only,restecg,0.1825757642164535,5,0.07182756947069306,False
cleveland,va_long_beach,0,source_only,thalach,0.5006066009122878,2,0.1969448440149234,True
cleveland,va_long_beach,0,source_only,exang,0.4429598341137171,3,0.17426589117167396,True
cleveland,va_long_beach,0,source_only,oldpeak,0.4346317767631262,4,0.17098953014712798,False
cleveland,va_long_beach,1,conservative_candidate,age,0.0744037028995807,8,0.032862102082892086,False
cleveland,va_long_beach,1,conservative_candidate,sex,0.0890589222311973,7,0.03933491586707637,False
cleveland,va_long_beach,1,conservative_candidate,cp,0.6226383364968933,1,0.2750025036025233,True
cleveland,va_long_beach,1,conservative_candidate,trestbps,0.0972995723038911,6,0.04297458799849903,False
cleveland,va_long_beach,1,conservative_candidate,restecg,0.1521581538801547,5,0.06720413891634719,False
cleveland,va_long_beach,1,conservative_candidate,thalach,0.3106482889829203,4,0.13720494258478655,False
cleveland,va_long_beach,1,conservative_candidate,exang,0.4398537931963801,3,0.19427151728019984,True
cleveland,va_long_beach,1,conservative_candidate,oldpeak,0.4780580228939652,2,0.21114529166767557,True
cleveland,va_long_beach,1,entropy_sfda,age,0.0780030808893206,8,0.030497496563832965,False
cleveland,va_long_beach,1,entropy_sfda,sex,0.0977779977861791,7,0.03822905605143511,False
cleveland,va_long_beach,1,entropy_sfda,cp,0.7201024638733361,1,0.2815442950099096,True
cleveland,va_long_beach,1,entropy_sfda,trestbps,0.113615547013469,6,0.04442119099831177,False
cleveland,va_long_beach,1,entropy_sfda,restecg,0.1637393667106516,5,0.06401850691907686,False
cleveland,va_long_beach,1,entropy_sfda,thalach,0.3719064788939431,4,0.14540728946628195,False
cleveland,va_long_beach,1,entropy_sfda,exang,0.4775336619839072,3,0.1867052050948244,True
cleveland,va_long_beach,1,entropy_sfda,oldpeak,0.5350093995034695,2,0.2091769598963274,True
cleveland,va_long_beach,1,pseudo_label_sfda,age,0.0773332173097878,8,0.03073149777397164,False
cleveland,va_long_beach,1,pseudo_label_sfda,sex,0.0966995929414406,7,0.03842751444465928,False
cleveland,va_long_beach,1,pseudo_label_sfda,cp,0.688758587151533,1,0.2737062251407482,True
cleveland,va_long_beach,1,pseudo_label_sfda,trestbps,0.1183810612873639,6,0.047043527322282654,False
cleveland,va_long_beach,1,pseudo_label_sfda,restecg,0.1616016776545439,5,0.06421899631068544,False
cleveland,va_long_beach,1,pseudo_label_sfda,thalach,0.3490404403535649,4,0.13870540873506423,False
cleveland,va_long_beach,1,pseudo_label_sfda,exang,0.4882762826234102,3,0.1940364311032652,True
cleveland,va_long_beach,1,pseudo_label_sfda,oldpeak,0.5363246398046613,2,0.21313039916932322,True
cleveland,va_long_beach,1,reliability_gated_sfda,age,0.0744874314340995,8,0.03202096017152546,False
cleveland,va_long_beach,1,reliability_gated_sfda,sex,0.0908900481183081,7,0.03907218378659295,False
cleveland,va_long_beach,1,reliability_gated_sfda,cp,0.6385105070192367,1,0.2744854953476579,True
cleveland,va_long_beach,1,reliability_gated_sfda,trestbps,0.1003039868734776,6,0.04311908609122075,False
cleveland,va_long_beach,1,reliability_gated_sfda,restecg,0.1553618684358662,5,0.06678759229011656,False
cleveland,va_long_beach,1,reliability_gated_sfda,thalach,0.3231923942477442,4,0.13893526175758758,False
cleveland,va_long_beach,1,reliability_gated_sfda,exang,0.4531648227199912,3,0.1948083382669894,True
cleveland,va_long_beach,1,reliability_gated_sfda,oldpeak,0.490297494395636,2,0.21077108228830937,True
cleveland,va_long_beach,1,source_only,age,0.0741040827747201,8,0.032675059838906374,False
cleveland,va_long_beach,1,source_only,sex,0.0896546225761994,7,0.039531832091055076,False
cleveland,va_long_beach,1,source_only,cp,0.6234857065894175,1,0.2749164689541492,True
cleveland,va_long_beach,1,source_only,trestbps,0.0972196772054303,6,0.04286752701418341,False
cleveland,va_long_beach,1,source_only,restecg,0.153514010773506,5,0.06768965083049397,False
cleveland,va_long_beach,1,source_only,thalach,0.3113241924950853,4,0.13727363241241525,False
cleveland,va_long_beach,1,source_only,exang,0.4399069918133318,3,0.19397024756046857,True
cleveland,va_long_beach,1,source_only,oldpeak,0.47870034287218,2,0.21107558129832826,True
cleveland,va_long_beach,2,conservative_candidate,age,0.0419776293868198,8,0.016966913691472057,False
cleveland,va_long_beach,2,conservative_candidate,sex,0.1000321143935434,6,0.040431922337749046,False
cleveland,va_long_beach,2,conservative_candidate,cp,0.6762539597903379,1,0.27333469604840244,True
cleveland,va_long_beach,2,conservative_candidate,trestbps,0.0493835566809866,7,0.019960311151998946,False
cleveland,va_long_beach,2,conservative_candidate,restecg,0.2182360500469803,5,0.08820870257808076,False
cleveland,va_long_beach,2,conservative_candidate,thalach,0.4767994378414005,3,0.19271728842642766,True
cleveland,va_long_beach,2,conservative_candidate,exang,0.4130264497920871,4,0.16694092134983146,False
cleveland,va_long_beach,2,conservative_candidate,oldpeak,0.4983783202897757,2,0.2014392444160377,True
cleveland,va_long_beach,2,entropy_sfda,age,0.0682209849088394,7,0.024984856168847817,False
cleveland,va_long_beach,2,entropy_sfda,sex,0.1036450567794963,6,0.03795836192790367,False
cleveland,va_long_beach,2,entropy_sfda,cp,0.7401044164178893,1,0.27105153082792977,True
cleveland,va_long_beach,2,entropy_sfda,trestbps,0.0492102886899373,8,0.018022489510940112,False
cleveland,va_long_beach,2,entropy_sfda,restecg,0.227989889960736,5,0.08349768940205317,False
cleveland,va_long_beach,2,entropy_sfda,thalach,0.5563826803490519,2,0.20376635227319798,True
cleveland,va_long_beach,2,entropy_sfda,exang,0.4403985497355461,4,0.1612889998116414,False
cleveland,va_long_beach,2,entropy_sfda,oldpeak,0.5445415347535163,3,0.19942972007748616,True
cleveland,va_long_beach,2,pseudo_label_sfda,age,0.0638191719714086,7,0.023387070996285737,False
cleveland,va_long_beach,2,pseudo_label_sfda,sex,0.1061231391248293,6,0.03888971467967342,False
cleveland,va_long_beach,2,pseudo_label_sfda,cp,0.7262772236182354,1,0.26615038188453116,True
cleveland,va_long_beach,2,pseudo_label_sfda,trestbps,0.0567362262803362,8,0.020791466123597037,False
cleveland,va_long_beach,2,pseudo_label_sfda,restecg,0.2310985370445996,5,0.08468799776062856,False
cleveland,va_long_beach,2,pseudo_label_sfda,thalach,0.5438611135445535,3,0.19930246792114176,True
cleveland,va_long_beach,2,pseudo_label_sfda,exang,0.4469275488331914,4,0.1637803498835823,False
cleveland,va_long_beach,2,pseudo_label_sfda,oldpeak,0.5539798144204542,2,0.20301055075055996,True
cleveland,va_long_beach,2,reliability_gated_sfda,age,0.0426325476224519,8,0.016703021870929414,False
cleveland,va_long_beach,2,reliability_gated_sfda,sex,0.1023397076316177,6,0.04009571255214425,False
cleveland,va_long_beach,2,reliability_gated_sfda,cp,0.6971978524839506,1,0.27315540890339823,True
cleveland,va_long_beach,2,reliability_gated_sfda,trestbps,0.05529095401027,7,0.021662463671575864,False
cleveland,va_long_beach,2,reliability_gated_sfda,restecg,0.2243182846857234,5,0.08788574514326718,False
cleveland,va_long_beach,2,reliability_gated_sfda,thalach,0.4897780719213188,3,0.19189033504756176,True
cleveland,va_long_beach,2,reliability_gated_sfda,exang,0.4281057571619749,4,0.1677277156475035,False
cleveland,va_long_beach,2,reliability_gated_sfda,oldpeak,0.5127221324760467,2,0.20087959716361983,True
cleveland,va_long_beach,2,source_only,age,0.0408552051961305,8,0.016391316503879354,False
cleveland,va_long_beach,2,source_only,sex,0.1015158038749359,6,0.04072865779211448,False
cleveland,va_long_beach,2,source_only,cp,0.6827050912915729,1,0.2739047613749323,True
cleveland,va_long_beach,2,source_only,trestbps,0.0517178457570844,7,0.02074946324791619,False
cleveland,va_long_beach,2,source_only,restecg,0.2211843573395162,5,0.08874029121759351,False
cleveland,va_long_beach,2,source_only,thalach,0.4767633302044123,3,0.19127987744299038,True
cleveland,va_long_beach,2,source_only,exang,0.4163117692992091,4,0.16702640317468406,False
cleveland,va_long_beach,2,source_only,oldpeak,0.5014373732637614,2,0.20117922924588974,True
cleveland,va_long_beach,3,conservative_candidate,age,0.0368702016310998,8,0.015359413644189955,False
cleveland,va_long_beach,3,conservative_candidate,sex,0.0999595948867499,7,0.04164123594800774,False
cleveland,va_long_beach,3,conservative_candidate,cp,0.5975945869926363,1,0.2489463590404284,True
cleveland,va_long_beach,3,conservative_candidate,trestbps,0.1726180055190343,5,0.07190932601153845,False
cleveland,va_long_beach,3,conservative_candidate,restecg,0.1567119295569136,6,0.06528316208104216,False
cleveland,va_long_beach,3,conservative_candidate,thalach,0.4374063132097944,3,0.18221501912000637,True
cleveland,va_long_beach,3,conservative_candidate,exang,0.4727769308537244,2,0.19694973504804075,True
cleveland,va_long_beach,3,conservative_candidate,oldpeak,0.4265578263811767,4,0.1776957491067462,False
cleveland,va_long_beach,3,entropy_sfda,age,0.0427994533541277,8,0.016310260936892782,False
cleveland,va_long_beach,3,entropy_sfda,sex,0.103791648428887,7,0.03955351613812422,False
cleveland,va_long_beach,3,entropy_sfda,cp,0.6680677030794322,1,0.25459106850216984,True
cleveland,va_long_beach,3,entropy_sfda,trestbps,0.1794355157122481,5,0.06838031454274258,False
cleveland,va_long_beach,3,entropy_sfda,restecg,0.1674012337368913,6,0.06379422140781041,False
cleveland,va_long_beach,3,entropy_sfda,thalach,0.5028519693482667,3,0.19162970996006076,True
cleveland,va_long_beach,3,entropy_sfda,exang,0.5047320106625557,2,0.19234616687726658,True
cleveland,va_long_beach,3,entropy_sfda,oldpeak,0.4550019270181656,4,0.1733947416349327,False
cleveland,va_long_beach,3,pseudo_label_sfda,age,0.0382249106350354,8,0.014755117233892166,False
cleveland,va_long_beach,3,pseudo_label_sfda,sex,0.1030320059182122,7,0.03977116756874491,False
cleveland,va_long_beach,3,pseudo_label_sfda,cp,0.6445290339458734,1,0.248793294700395,True
cleveland,va_long_beach,3,pseudo_label_sfda,trestbps,0.1927160932542756,5,0.07438993320283267,False
cleveland,va_long_beach,3,pseudo_label_sfda,restecg,0.1636500296276062,6,0.06317020320963321,False
cleveland,va_long_beach,3,pseudo_label_sfda,thalach,0.4818568160384893,3,0.1860005345331355,True
cleveland,va_long_beach,3,pseudo_label_sfda,exang,0.5066402693837881,2,0.19556714315289278,True
cleveland,va_long_beach,3,pseudo_label_sfda,oldpeak,0.4599714394006878,4,0.17755260639847376,False
cleveland,va_long_beach,3,reliability_gated_sfda,age,0.0381168032552522,8,0.015454886022850693,False
cleveland,va_long_beach,3,reliability_gated_sfda,sex,0.1024390621343627,7,0.041535068378436096,False
cleveland,va_long_beach,3,reliability_gated_sfda,cp,0.6145775433816015,1,0.24918736814209222,True
cleveland,va_long_beach,3,reliability_gated_sfda,trestbps,0.1766569020447786,5,0.07162752521424395,False
cleveland,va_long_beach,3,reliability_gated_sfda,restecg,0.1614515278348699,6,0.06546233544805989,False
cleveland,va_long_beach,3,reliability_gated_sfda,thalach,0.4496757635707035,3,0.18232608927575703,True
cleveland,va_long_beach,3,reliability_gated_sfda,exang,0.4853505109250545,2,0.19679081630344963,True
cleveland,va_long_beach,3,reliability_gated_sfda,oldpeak,0.4380589240696281,4,0.17761591121511047,False
cleveland,va_long_beach,3,source_only,age,0.0379295201442436,8,0.01568872377301559,False
cleveland,va_long_beach,3,source_only,sex,0.1015829794993623,7,0.04201759735806389,False
cleveland,va_long_beach,3,source_only,cp,0.6016745068226009,1,0.24886961667079682,True
cleveland,va_long_beach,3,source_only,trestbps,0.1731547740951646,5,0.07162171866206002,False
cleveland,va_long_beach,3,source_only,restecg,0.1586896174959838,6,0.06563852020990657,False
cleveland,va_long_beach,3,source_only,thalach,0.4384651540964842,3,0.1813616059615889,True
cleveland,va_long_beach,3,source_only,exang,0.4755294982343912,2,0.19669246843483493,True
cleveland,va_long_beach,3,source_only,oldpeak,0.4306033688690513,4,0.17810974892973325,False
cleveland,va_long_beach,4,conservative_candidate,age,0.0580839417772949,8,0.02159375374747367,False
cleveland,va_long_beach,4,conservative_candidate,sex,0.0922427556524053,6,0.03429290935838396,False
cleveland,va_long_beach,4,conservative_candidate,cp,0.7337911775919929,1,0.2728001149051521,True
cleveland,va_long_beach,4,conservative_candidate,trestbps,0.1796843552438076,5,0.0668009022921561,False
cleveland,va_long_beach,4,conservative_candidate,restecg,0.0739270919542468,7,0.02748373078823773,False
cleveland,va_long_beach,4,conservative_candidate,thalach,0.5526836181618273,2,0.20547011076845484,True
cleveland,va_long_beach,4,conservative_candidate,exang,0.4517327909171581,4,0.16793981861846044,False
cleveland,va_long_beach,4,conservative_candidate,oldpeak,0.5477034934610129,3,0.20361865952168123,True
cleveland,va_long_beach,4,entropy_sfda,age,0.0699887299018882,8,0.02345736371430197,False
cleveland,va_long_beach,4,entropy_sfda,sex,0.0957362902071326,6,0.03208689432133971,False
cleveland,va_long_beach,4,entropy_sfda,cp,0.7985971930256858,1,0.2676571620071468,True
cleveland,va_long_beach,4,entropy_sfda,trestbps,0.1946980573050677,5,0.06525483675836452,False
cleveland,va_long_beach,4,entropy_sfda,restecg,0.0757098014911752,7,0.025374833245376347,False
cleveland,va_long_beach,4,entropy_sfda,thalach,0.648696728288196,2,0.21741664860992724,True
cleveland,va_long_beach,4,entropy_sfda,exang,0.4966073049977422,4,0.16644248570936065,False
cleveland,va_long_beach,4,entropy_sfda,oldpeak,0.6036229994054884,3,0.2023097756341828,True
cleveland,va_long_beach,4,pseudo_label_sfda,age,0.0652019563750218,8,0.02212577601491682,False
cleveland,va_long_beach,4,pseudo_label_sfda,sex,0.0965132704889401,6,0.03275102656464818,False
cleveland,va_long_beach,4,pseudo_label_sfda,cp,0.7723945841383829,1,0.2621060856745646,True
cleveland,va_long_beach,4,pseudo_label_sfda,trestbps,0.2067016342515125,5,0.07014258951159724,False
cleveland,va_long_beach,4,pseudo_label_sfda,restecg,0.0753370084799825,7,0.025565027001253453,False
cleveland,va_long_beach,4,pseudo_label_sfda,thalach,0.6238500629924237,2,0.21169865948914948,True
cleveland,va_long_beach,4,pseudo_label_sfda,exang,0.4967580321058631,4,0.1685709687722773,False
cleveland,va_long_beach,4,pseudo_label_sfda,oldpeak,0.6101211711205542,3,0.20703986697159296,True
cleveland,va_long_beach,4,reliability_gated_sfda,age,0.0592538345541106,8,0.021457305260371755,False
cleveland,va_long_beach,4,reliability_gated_sfda,sex,0.0937488223565742,6,0.0339488087858413,False
cleveland,va_long_beach,4,reliability_gated_sfda,cp,0.7561816440051916,1,0.2738324108440935,True
cleveland,va_long_beach,4,reliability_gated_sfda,trestbps,0.1859251248138025,5,0.06732816852653327,False
cleveland,va_long_beach,4,reliability_gated_sfda,restecg,0.077277509373307,7,0.02798413167455095,False
cleveland,va_long_beach,4,reliability_gated_sfda,thalach,0.5660337815061212,2,0.20497508269052334,True
cleveland,va_long_beach,4,reliability_gated_sfda,exang,0.463249691426754,4,0.1677543759913055,False
cleveland,va_long_beach,4,reliability_gated_sfda,oldpeak,0.559805641034618,3,0.2027197162267803,True
cleveland,va_long_beach,4,source_only,age,0.0590395222298684,8,0.021850793655997486,False
cleveland,va_long_beach,4,source_only,sex,0.09334112547338,6,0.03454597183893816,False
cleveland,va_long_beach,4,source_only,cp,0.7401948759040897,1,0.2739494644898142,True
cleveland,va_long_beach,4,source_only,trestbps,0.1812784917140379,5,0.06709198799562713,False
cleveland,va_long_beach,4,source_only,restecg,0.0760967552062356,7,0.028163752569481334,False
cleveland,va_long_beach,4,source_only,thalach,0.5515820553991944,2,0.20414300830472074,True
cleveland,va_long_beach,4,source_only,exang,0.4513158474117517,4,0.16703403217051768,False
cleveland,va_long_beach,4,source_only,oldpeak,0.5490908149629832,3,0.20322098897490326,True
cleveland,va_long_beach,5,conservative_candidate,age,0.0498251376164261,8,0.022793029251850814,False
cleveland,va_long_beach,5,conservative_candidate,sex,0.0651221337728202,6,0.02979079980578891,False
cleveland,va_long_beach,5,conservative_candidate,cp,0.6652987271826715,1,0.3043478467964029,True
cleveland,va_long_beach,5,conservative_candidate,trestbps,0.0837373866466805,5,0.03830654152939265,False
cleveland,va_long_beach,5,conservative_candidate,restecg,0.057857153592049,7,0.026467358793960314,False
cleveland,va_long_beach,5,conservative_candidate,thalach,0.4946909952862188,2,0.22630155912441927,True
cleveland,va_long_beach,5,conservative_candidate,exang,0.386050174664706,3,0.17660268179397592,True
cleveland,va_long_beach,5,conservative_candidate,oldpeak,0.3833996746642515,4,0.17539018290420924,False
cleveland,va_long_beach,5,entropy_sfda,age,0.0537758509031118,8,0.0225940218425841,False
cleveland,va_long_beach,5,entropy_sfda,sex,0.0674844049662351,6,0.02835369583622294,False
cleveland,va_long_beach,5,entropy_sfda,cp,0.7111612122226506,1,0.29879568045342375,True
cleveland,va_long_beach,5,entropy_sfda,trestbps,0.0945430031098657,5,0.039722415200392366,False
cleveland,va_long_beach,5,entropy_sfda,restecg,0.0652045644827011,7,0.027395816698701114,False
cleveland,va_long_beach,5,entropy_sfda,thalach,0.5592101196339354,2,0.23495315174774994,True
cleveland,va_long_beach,5,entropy_sfda,exang,0.4164538460830226,3,0.1749738430319005,True
cleveland,va_long_beach,5,entropy_sfda,oldpeak,0.4122590104490518,4,0.17321137518902527,False
cleveland,va_long_beach,5,pseudo_label_sfda,age,0.0529122765838109,8,0.022203521255005396,False
cleveland,va_long_beach,5,pseudo_label_sfda,sex,0.0689233053242787,6,0.028922211886098916,False
cleveland,va_long_beach,5,pseudo_label_sfda,cp,0.7064740914781578,1,0.2964569570428439,True
cleveland,va_long_beach,5,pseudo_label_sfda,trestbps,0.0999988413031678,5,0.041962405356607384,False
cleveland,va_long_beach,5,pseudo_label_sfda,restecg,0.0631356818380299,7,0.02649355771754606,False
cleveland,va_long_beach,5,pseudo_label_sfda,thalach,0.5491251981025562,2,0.23042881151440744,True
cleveland,va_long_beach,5,pseudo_label_sfda,exang,0.4225890131108463,3,0.1773305693977502,True
cleveland,va_long_beach,5,pseudo_label_sfda,oldpeak,0.4198994854697958,4,0.17620196582974076,False
cleveland,va_long_beach,5,reliability_gated_sfda,age,0.0509393275892943,8,0.022650418189712473,False
cleveland,va_long_beach,5,reliability_gated_sfda,sex,0.0666457817377522,6,0.029634368932220576,False
cleveland,va_long_beach,5,reliability_gated_sfda,cp,0.6882538181450218,1,0.306035386398139,True
cleveland,va_long_beach,5,reliability_gated_sfda,trestbps,0.0876860558008774,5,0.03899002847681389,False
cleveland,va_long_beach,5,reliability_gated_sfda,restecg,0.05964570378419,7,0.02652175044052904,False
cleveland,va_long_beach,5,reliability_gated_sfda,thalach,0.5072535608476028,2,0.2255527472615022,True
cleveland,va_long_beach,5,reliability_gated_sfda,exang,0.3958198885340243,3,0.17600322633597668,True
cleveland,va_long_beach,5,reliability_gated_sfda,oldpeak,0.3926912767020985,4,0.17461207396510608,False
cleveland,va_long_beach,5,source_only,age,0.0511167358595411,8,0.023129061325412266,False
cleveland,va_long_beach,5,source_only,sex,0.0665042054560035,6,0.030091511527972802,False
cleveland,va_long_beach,5,source_only,cp,0.6774820892908611,1,0.30654392395346947,True
cleveland,va_long_beach,5,source_only,trestbps,0.0850681317504495,5,0.03849122998582759,False
cleveland,va_long_beach,5,source_only,restecg,0.0587268471755669,7,0.026572448864969348,False
cleveland,va_long_beach,5,source_only,thalach,0.4972023867536336,2,0.22497180817580822,True
cleveland,va_long_beach,5,source_only,exang,0.3874081866536289,3,0.1752926425447031,True
cleveland,va_long_beach,5,source_only,oldpeak,0.3865567171759903,4,0.1749073736218373,False
cleveland,va_long_beach,6,conservative_candidate,age,0.0530052826856808,8,0.025015892288956256,False
cleveland,va_long_beach,6,conservative_candidate,sex,0.0619954402605071,7,0.029258805488499556,False
cleveland,va_long_beach,6,conservative_candidate,cp,0.5637311254907399,1,0.26605342714299124,True
cleveland,va_long_beach,6,conservative_candidate,trestbps,0.1582577455311548,5,0.0746898896771645,False
cleveland,va_long_beach,6,conservative_candidate,restecg,0.1032136685572913,6,0.04871178653433998,False
cleveland,va_long_beach,6,conservative_candidate,thalach,0.3949848557426594,3,0.1864134687408541,True
cleveland,va_long_beach,6,conservative_candidate,exang,0.3962296753935516,2,0.1870009625287951,True
cleveland,va_long_beach,6,conservative_candidate,oldpeak,0.3874465695768594,4,0.1828557675983994,False
cleveland,va_long_beach,6,entropy_sfda,age,0.0805231240682223,7,0.033456737149082816,False
cleveland,va_long_beach,6,entropy_sfda,sex,0.0667551091313362,8,0.027736233105824654,False
cleveland,va_long_beach,6,entropy_sfda,cp,0.6369839268899523,1,0.26466190993896205,True
cleveland,va_long_beach,6,entropy_sfda,trestbps,0.1742839287943206,5,0.07241362853782009,False
cleveland,va_long_beach,6,entropy_sfda,restecg,0.114265161298681,6,0.0474762934387466,False
cleveland,va_long_beach,6,entropy_sfda,thalach,0.4621074520028196,2,0.19200208306860916,True
cleveland,va_long_beach,6,entropy_sfda,exang,0.4361073957942426,3,0.18119926019632782,True
cleveland,va_long_beach,6,entropy_sfda,oldpeak,0.435757435914129,4,0.18105385456462672,False
cleveland,va_long_beach,6,pseudo_label_sfda,age,0.0676057001488515,7,0.02909473027869323,False
cleveland,va_long_beach,6,pseudo_label_sfda,sex,0.0663504870748147,8,0.02855453787256502,False
cleveland,va_long_beach,6,pseudo_label_sfda,cp,0.6075971319293604,1,0.26148497290420625,True
cleveland,va_long_beach,6,pseudo_label_sfda,trestbps,0.1774361173907527,5,0.07636125305730156,False
cleveland,va_long_beach,6,pseudo_label_sfda,restecg,0.1119088971265591,6,0.0481610155728648,False
cleveland,va_long_beach,6,pseudo_label_sfda,thalach,0.4366088180651422,2,0.1878985909610487,True
cleveland,va_long_beach,6,pseudo_label_sfda,exang,0.4310306994244456,3,0.1854979966774855,True
cleveland,va_long_beach,6,pseudo_label_sfda,oldpeak,0.4251028735097498,4,0.18294690267583494,False
cleveland,va_long_beach,6,reliability_gated_sfda,age,0.0539699617569112,8,0.024710311921036412,False
cleveland,va_long_beach,6,reliability_gated_sfda,sex,0.0631788164842873,7,0.028926614199957977,False
cleveland,va_long_beach,6,reliability_gated_sfda,cp,0.5840381865110248,1,0.267403668497797,True
cleveland,va_long_beach,6,reliability_gated_sfda,trestbps,0.1626505021430785,5,0.074470029461416,False
cleveland,va_long_beach,6,reliability_gated_sfda,restecg,0.1057740662147989,6,0.048428979458917956,False
cleveland,va_long_beach,6,reliability_gated_sfda,thalach,0.4091181424667593,2,0.18731599178155908,True
cleveland,va_long_beach,6,reliability_gated_sfda,exang,0.4083558340743184,3,0.18696696655448775,True
cleveland,va_long_beach,6,reliability_gated_sfda,oldpeak,0.3970213494356722,4,0.1817774381248279,False
cleveland,va_long_beach,6,source_only,age,0.0526309793724794,8,0.024650038343207146,False
cleveland,va_long_beach,6,source_only,sex,0.0628113170759752,7,0.02941806124017774,False
cleveland,va_long_beach,6,source_only,cp,0.5701746047683991,1,0.26704473368043097,True
cleveland,va_long_beach,6,source_only,trestbps,0.1592761550267459,5,0.07459795305691903,False
cleveland,va_long_beach,6,source_only,restecg,0.1039369772386271,6,0.048679513563239823,False
cleveland,va_long_beach,6,source_only,thalach,0.3983643126615789,3,0.1865763415150882,True
cleveland,va_long_beach,6,source_only,exang,0.3986827087216079,2,0.18672546424055556,True
cleveland,va_long_beach,6,source_only,oldpeak,0.3892506329575553,4,0.18230789436038142,False
cleveland,va_long_beach,7,conservative_candidate,age,0.0476132135893566,8,0.02141576633099393,False
cleveland,va_long_beach,7,conservative_candidate,sex,0.1240092514827847,5,0.0557776497831359,False
cleveland,va_long_beach,7,conservative_candidate,cp,0.6136685959389433,1,0.2760196648065638,True
cleveland,va_long_beach,7,conservative_candidate,trestbps,0.0687187473743687,7,0.03090874413604077,False
cleveland,va_long_beach,7,conservative_candidate,restecg,0.0836337581495171,6,0.037617310130759446,False
cleveland,va_long_beach,7,conservative_candidate,thalach,0.3995134018734097,4,0.17969561421357172,False
cleveland,va_long_beach,7,conservative_candidate,exang,0.414611126743257,3,0.18648636248632772,True
cleveland,va_long_beach,7,conservative_candidate,oldpeak,0.4715104396187234,2,0.21207888811260667,True
cleveland,va_long_beach,7,entropy_sfda,age,0.069993751158181,8,0.027749225048958392,False
cleveland,va_long_beach,7,entropy_sfda,sex,0.1359689477831125,5,0.05390528253267737,False
cleveland,va_long_beach,7,entropy_sfda,cp,0.6913263997575269,1,0.2740783503059266,True
cleveland,va_long_beach,7,entropy_sfda,trestbps,0.0798259332583984,7,0.03164722207450263,False
cleveland,va_long_beach,7,entropy_sfda,restecg,0.0844612186658195,6,0.03348489437822008,False
cleveland,va_long_beach,7,entropy_sfda,thalach,0.4808366707060486,3,0.19062908854620667,True
cleveland,va_long_beach,7,entropy_sfda,exang,0.4643943354859948,4,0.18411047720159437,False
cleveland,va_long_beach,7,entropy_sfda,oldpeak,0.5155605222738814,2,0.20439545991191388,True
cleveland,va_long_beach,7,pseudo_label_sfda,age,0.0659961632809426,8,0.026717087969195454,False
cleveland,va_long_beach,7,pseudo_label_sfda,sex,0.1338948878645896,5,0.054204385828847054,False
cleveland,va_long_beach,7,pseudo_label_sfda,cp,0.6720796441170387,1,0.2720765887214169,True
cleveland,va_long_beach,7,pseudo_label_sfda,trestbps,0.0853248681673721,7,0.034541886913689174,False
cleveland,va_long_beach,7,pseudo_label_sfda,restecg,0.0865633073664502,6,0.035043241649803415,False
cleveland,va_long_beach,7,pseudo_label_sfda,thalach,0.4511829542508349,4,0.1826514463819127,False
cleveland,va_long_beach,7,pseudo_label_sfda,exang,0.461494909375906,3,0.18682601348573216,True
cleveland,va_long_beach,7,pseudo_label_sfda,oldpeak,0.5136487647239119,2,0.20793934904940323,True
cleveland,va_long_beach,7,reliability_gated_sfda,age,0.0488564177983789,8,0.021252705822409727,False
cleveland,va_long_beach,7,reliability_gated_sfda,sex,0.126778763802722,5,0.05514918802985633,False
cleveland,va_long_beach,7,reliability_gated_sfda,cp,0.6347345118317753,1,0.27611164434857877,True
cleveland,va_long_beach,7,reliability_gated_sfda,trestbps,0.0746130650744452,7,0.03245693388900309,False
cleveland,va_long_beach,7,reliability_gated_sfda,restecg,0.0867291369044687,6,0.037727465825857835,False
cleveland,va_long_beach,7,reliability_gated_sfda,thalach,0.4142867527576163,4,0.18021612879631055,False
cleveland,va_long_beach,7,reliability_gated_sfda,exang,0.4290485079586505,3,0.18663754188485707,True
cleveland,va_long_beach,7,reliability_gated_sfda,oldpeak,0.4837856704602018,2,0.21044839140312663,True
cleveland,va_long_beach,7,source_only,age,0.0481646906374225,8,0.0214410297950689,False
cleveland,va_long_beach,7,source_only,sex,0.1256438317708671,5,0.05593170235111366,False
cleveland,va_long_beach,7,source_only,cp,0.6210447980230674,1,0.2764647679090278,True
cleveland,va_long_beach,7,source_only,trestbps,0.0708032528142211,7,0.03151882910668998,False
cleveland,va_long_beach,7,source_only,restecg,0.085773622987981,6,0.038183050317101015,False
cleveland,va_long_beach,7,source_only,thalach,0.4018619324918836,4,0.1788931591593742,False
cleveland,va_long_beach,7,source_only,exang,0.4175325954332948,3,0.1858691232232692,True
cleveland,va_long_beach,7,source_only,oldpeak,0.4755548153398558,2,0.21169833813835515,True
cleveland,va_long_beach,8,conservative_candidate,age,0.0495054287742823,8,0.02099979392047884,False
cleveland,va_long_beach,8,conservative_candidate,sex,0.1089627270214259,6,0.046221088658705556,False
cleveland,va_long_beach,8,conservative_candidate,cp,0.6998983449116349,1,0.296891096033975,True
cleveland,va_long_beach,8,conservative_candidate,trestbps,0.1596326978970319,5,0.06771487171825481,False
cleveland,va_long_beach,8,conservative_candidate,restecg,0.1075591796498337,7,0.045625715458415705,False
cleveland,va_long_beach,8,conservative_candidate,thalach,0.4606781306583434,2,0.1954158573518362,True
cleveland,va_long_beach,8,conservative_candidate,exang,0.4143868878670037,3,0.1757794945728517,True
cleveland,va_long_beach,8,conservative_candidate,oldpeak,0.3568011075630784,4,0.15135208228548216,False
cleveland,va_long_beach,8,entropy_sfda,age,0.0616497219790471,8,0.02354847621556886,False
cleveland,va_long_beach,8,entropy_sfda,sex,0.1141861798427998,7,0.0436159394374677,False
cleveland,va_long_beach,8,entropy_sfda,cp,0.7758226809091866,1,0.2963426494461417,True
cleveland,va_long_beach,8,entropy_sfda,trestbps,0.1718000978115014,5,0.06562285095983943,False
cleveland,va_long_beach,8,entropy_sfda,restecg,0.1162568955981987,6,0.04440689516524515,False
cleveland,va_long_beach,8,entropy_sfda,thalach,0.5369889654964208,2,0.2051148241400528,True
cleveland,va_long_beach,8,entropy_sfda,exang,0.4493452132306993,3,0.17163735255674212,True
cleveland,va_long_beach,8,entropy_sfda,oldpeak,0.3919422296108678,4,0.14971101207894222,False
cleveland,va_long_beach,8,pseudo_label_sfda,age,0.0634681602870113,8,0.02425241548056412,False
cleveland,va_long_beach,8,pseudo_label_sfda,sex,0.1163619153108447,7,0.0444641455411833,False
cleveland,va_long_beach,8,pseudo_label_sfda,cp,0.7632702855439857,1,0.2916603853849194,True
cleveland,va_long_beach,8,pseudo_label_sfda,trestbps,0.1822240439010784,5,0.06963134275914927,False
cleveland,va_long_beach,8,pseudo_label_sfda,restecg,0.1175355881778523,6,0.044912628715742225,False
cleveland,va_long_beach,8,pseudo_label_sfda,thalach,0.5232973163854331,2,0.19996205781690168,True
cleveland,va_long_beach,8,pseudo_label_sfda,exang,0.4538796380721032,3,0.17343621606352794,True
cleveland,va_long_beach,8,pseudo_label_sfda,oldpeak,0.3969461044995114,4,0.15168080823801205,False
cleveland,va_long_beach,8,reliability_gated_sfda,age,0.051848854584823,8,0.021335099161277144,False
cleveland,va_long_beach,8,reliability_gated_sfda,sex,0.111712425192818,6,0.04596814506550711,False
cleveland,va_long_beach,8,reliability_gated_sfda,cp,0.7217232344904915,1,0.296979304521793,True
cleveland,va_long_beach,8,reliability_gated_sfda,trestbps,0.1647485572542064,5,0.0677917927761651,False
cleveland,va_long_beach,8,reliability_gated_sfda,restecg,0.1104472342270309,7,0.04544753617396718,False
cleveland,va_long_beach,8,reliability_gated_sfda,thalach,0.4736056702490896,2,0.19488229815331695,True
cleveland,va_long_beach,8,reliability_gated_sfda,exang,0.4271897509880364,3,0.17578277805733633,True
cleveland,va_long_beach,8,reliability_gated_sfda,oldpeak,0.3689381751324981,4,0.1518130460906372,False
cleveland,va_long_beach,8,source_only,age,0.0509782407360034,8,0.021425206784105248,False
cleveland,va_long_beach,8,source_only,sex,0.1112017632927745,6,0.04673603362742493,False
cleveland,va_long_beach,8,source_only,cp,0.7079514913959428,1,0.29753884946369624,True
cleveland,va_long_beach,8,source_only,trestbps,0.160321528178174,5,0.0673801575646611,False
cleveland,va_long_beach,8,source_only,restecg,0.1084268363076261,7,0.04556978340754221,False
cleveland,va_long_beach,8,source_only,thalach,0.4619300981517881,2,0.19414063196014475,True
cleveland,va_long_beach,8,source_only,exang,0.4175083054229617,3,0.17547097837471612,True
cleveland,va_long_beach,8,source_only,oldpeak,0.3610399032616987,4,0.15173835881770933,False
cleveland,va_long_beach,9,conservative_candidate,age,0.0557950713534955,8,0.023538041484081812,False
cleveland,va_long_beach,9,conservative_candidate,sex,0.09867749100551,6,0.04162867472858409,False
cleveland,va_long_beach,9,conservative_candidate,cp,0.7105939457472413,1,0.2997753989302513,True
cleveland,va_long_beach,9,conservative_candidate,trestbps,0.1256074565346352,5,0.052989510558929,False
cleveland,va_long_beach,9,conservative_candidate,restecg,0.0908774082292802,7,0.038338085299941545,False
cleveland,va_long_beach,9,conservative_candidate,thalach,0.3651621525548398,4,0.15404948298742432,False
cleveland,va_long_beach,9,conservative_candidate,exang,0.3980514755100012,3,0.1679243688746964,True
cleveland,va_long_beach,9,conservative_candidate,oldpeak,0.5256561486423016,2,0.2217564371360916,True
cleveland,va_long_beach,9,entropy_sfda,age,0.0712118655678204,8,0.027531717414979336,False
cleveland,va_long_beach,9,entropy_sfda,sex,0.1017890884121879,6,0.03935339140109652,False
cleveland,va_long_beach,9,entropy_sfda,cp,0.7736551861814224,1,0.2991082426045208,True
cleveland,va_long_beach,9,entropy_sfda,trestbps,0.1224553341895807,5,0.0473433132243046,False
cleveland,va_long_beach,9,entropy_sfda,restecg,0.0844786784489406,7,0.032660892733277186,False
cleveland,va_long_beach,9,entropy_sfda,thalach,0.4488141937041655,3,0.17351919451017248,True
cleveland,va_long_beach,9,entropy_sfda,exang,0.4231240455806255,4,0.16358694666289966,False
cleveland,va_long_beach,9,entropy_sfda,oldpeak,0.5610107799712568,2,0.21689630144874938,True
cleveland,va_long_beach,9,pseudo_label_sfda,age,0.0639417104894527,8,0.024888317929611815,False
cleveland,va_long_beach,9,pseudo_label_sfda,sex,0.1045663965912535,6,0.04070084617999511,False
cleveland,va_long_beach,9,pseudo_label_sfda,cp,0.7524103859579191,1,0.29286405940534777,True
cleveland,va_long_beach,9,pseudo_label_sfda,trestbps,0.1350153313530608,5,0.052552621229004365,False
cleveland,va_long_beach,9,pseudo_label_sfda,restecg,0.0893025066761765,7,0.03475961404621139,False
cleveland,va_long_beach,9,pseudo_label_sfda,thalach,0.419500230171252,4,0.16328395065017318,False
cleveland,va_long_beach,9,pseudo_label_sfda,exang,0.4307318194955587,3,0.1676556723920288,True
cleveland,va_long_beach,9,pseudo_label_sfda,oldpeak,0.5736771384719759,2,0.22329491816762762,True
cleveland,va_long_beach,9,reliability_gated_sfda,age,0.0569299083053192,8,0.023290118860274812,False
cleveland,va_long_beach,9,reliability_gated_sfda,sex,0.1002662633219733,6,0.04101909277493394,False
cleveland,va_long_beach,9,reliability_gated_sfda,cp,0.7327393652172759,1,0.2997648760997242,True
cleveland,va_long_beach,9,reliability_gated_sfda,trestbps,0.1311362385237589,5,0.053648050260820965,False
cleveland,va_long_beach,9,reliability_gated_sfda,restecg,0.0941790202428819,7,0.03852879164739502,False
cleveland,va_long_beach,9,reliability_gated_sfda,thalach,0.3774071383383125,4,0.15439787929175713,False
cleveland,va_long_beach,9,reliability_gated_sfda,exang,0.4120166643336415,3,0.16855669314063995,True
cleveland,va_long_beach,9,reliability_gated_sfda,oldpeak,0.5397057265602052,2,0.22079449792445396,True
cleveland,va_long_beach,9,source_only,age,0.0561240290416753,8,0.023499015786757522,False
cleveland,va_long_beach,9,source_only,sex,0.0997949862712993,6,0.041783955960951295,False
cleveland,va_long_beach,9,source_only,cp,0.7168127758288756,1,0.3001280382569167,True
cleveland,va_long_beach,9,source_only,trestbps,0.1274971020710654,5,0.05338277499837116,False
cleveland,va_long_beach,9,source_only,restecg,0.0927368311752797,7,0.038828720906397614,False
cleveland,va_long_beach,9,source_only,thalach,0.3649908596882597,4,0.15282092394806074,False
cleveland,va_long_beach,9,source_only,exang,0.4013096378371119,3,0.16802752182865627,True
cleveland,va_long_beach,9,source_only,oldpeak,0.5290903608035297,2,0.22152904831388864,True
hungary,cleveland,0,conservative_candidate,age,0.0469579132500091,8,0.015475810881430747,False
hungary,cleveland,0,conservative_candidate,sex,0.5024282313981662,4,0.16558411037586382,False
hungary,cleveland,0,conservative_candidate,cp,0.6136533581347646,2,0.20224031819060165,True
hungary,cleveland,0,conservative_candidate,trestbps,0.1046970197842563,7,0.03450475470245156,False
hungary,cleveland,0,conservative_candidate,restecg,0.1285082061760428,6,0.04235215233913666,False
hungary,cleveland,0,conservative_candidate,thalach,0.2215840131499291,5,0.07302693080928382,False
hungary,cleveland,0,conservative_candidate,exang,0.5242581749119775,3,0.17277855437880288,True
hungary,cleveland,0,conservative_candidate,oldpeak,0.892191132324634,1,0.2940373683224289,True
hungary,cleveland,0,entropy_sfda,age,0.0451244990425506,8,0.012120869404327026,False
hungary,cleveland,0,entropy_sfda,sex,0.562796871245473,4,0.151172589663494,False
hungary,cleveland,0,entropy_sfda,cp,0.732320520860199,2,0.19670825347191476,True
hungary,cleveland,0,entropy_sfda,trestbps,0.1378908338975744,6,0.037038788799632474,False
hungary,cleveland,0,entropy_sfda,restecg,0.1266439410903192,7,0.03401776647664427,False
hungary,cleveland,0,entropy_sfda,thalach,0.3296824815673845,5,0.08855584856919109,False
hungary,cleveland,0,entropy_sfda,exang,0.6709164023005924,3,0.18021452350835354,True
hungary,cleveland,0,entropy_sfda,oldpeak,1.1175008821470214,1,0.30017136010644285,True
hungary,cleveland,0,pseudo_label_sfda,age,0.0470990991790812,8,0.012839903896105382,False
hungary,cleveland,0,pseudo_label_sfda,sex,0.5802631891784397,4,0.15818823954934344,False
hungary,cleveland,0,pseudo_label_sfda,cp,0.7523706091272802,2,0.2051072416208576,True
hungary,cleveland,0,pseudo_label_sfda,trestbps,0.124706779159421,7,0.03399689351831547,False
hungary,cleveland,0,pseudo_label_sfda,restecg,0.1265185828648796,6,0.03449081773050143,False
hungary,cleveland,0,pseudo_label_sfda,thalach,0.308031357739508,5,0.08397385723501846,False
hungary,cleveland,0,pseudo_label_sfda,exang,0.6323157694473518,3,0.1723785349020407,True
hungary,cleveland,0,pseudo_label_sfda,oldpeak,1.0968762103148515,1,0.2990245115478175,True
hungary,cleveland,0,reliability_gated_sfda,age,0.0456015363019789,8,0.014689566202621488,False
hungary,cleveland,0,reliability_gated_sfda,sex,0.5146100268124452,4,0.1657706882359178,False
hungary,cleveland,0,reliability_gated_sfda,cp,0.6295101026521854,2,0.20278330683624446,True
hungary,cleveland,0,reliability_gated_sfda,trestbps,0.1076863985985099,7,0.0346888857177834,False
hungary,cleveland,0,reliability_gated_sfda,restecg,0.1278934557829973,6,0.04119815992964377,False
hungary,cleveland,0,reliability_gated_sfda,thalach,0.2295108865316428,5,0.07393205657815988,False
hungary,cleveland,0,reliability_gated_sfda,exang,0.534874315481178,3,0.1722983983546549,True
hungary,cleveland,0,reliability_gated_sfda,oldpeak,0.914662015778028,1,0.2946389381449743,True
hungary,cleveland,0,source_only,age,0.0475662802463234,8,0.01566015228436218,False
hungary,cleveland,0,source_only,sex,0.5075942691317191,4,0.16711425640407637,False
hungary,cleveland,0,source_only,cp,0.612924577109093,2,0.20179194518996663,True
hungary,cleveland,0,source_only,trestbps,0.1050709408358094,7,0.034592297855310344,False
hungary,cleveland,0,source_only,restecg,0.1312591505472059,6,0.043214190297004504,False
hungary,cleveland,0,source_only,thalach,0.2176900681495518,5,0.07166967020253097,False
hungary,cleveland,0,source_only,exang,0.5232494738284904,3,0.17226838845570447,True
hungary,cleveland,0,source_only,oldpeak,0.8920537776040165,1,0.29368909931104453,True
hungary,cleveland,1,conservative_candidate,age,0.1175947052675603,6,0.0371537735805636,False
hungary,cleveland,1,conservative_candidate,sex,0.5296883005256958,3,0.16735378639053516,True
hungary,cleveland,1,conservative_candidate,cp,0.7409333272285955,2,0.23409616117928128,True
hungary,cleveland,1,conservative_candidate,trestbps,0.0427125849097923,8,0.013494941844263395,False
hungary,cleveland,1,conservative_candidate,restecg,0.0611835464000664,7,0.01933079915997765,False
hungary,cleveland,1,conservative_candidate,thalach,0.2733002070186924,5,0.08634856465680327,False
hungary,cleveland,1,conservative_candidate,exang,0.5051999900846591,4,0.15961676167138042,False
hungary,cleveland,1,conservative_candidate,oldpeak,0.8944684039530876,1,0.28260521151719525,True
hungary,cleveland,1,entropy_sfda,age,0.1193678466251224,6,0.03143151670827615,False
hungary,cleveland,1,entropy_sfda,sex,0.5885998443723426,4,0.15498801700745735,False
hungary,cleveland,1,entropy_sfda,cp,0.8452219839234291,2,0.22256084583082625,True
hungary,cleveland,1,entropy_sfda,trestbps,0.0598678238784606,8,0.015764182396902974,False
hungary,cleveland,1,entropy_sfda,restecg,0.0627533849928121,7,0.016523998083813447,False
hungary,cleveland,1,entropy_sfda,thalach,0.3874688132915019,5,0.10202690945037636,False
hungary,cleveland,1,entropy_sfda,exang,0.6334680072938649,3,0.16680254204422446,True
hungary,cleveland,1,entropy_sfda,oldpeak,1.100964246114882,1,0.28990198847812293,True
hungary,cleveland,1,pseudo_label_sfda,age,0.1199992738880075,6,0.03097510169310601,False
hungary,cleveland,1,pseudo_label_sfda,sex,0.6243289798565774,4,0.16115642215517845,False
hungary,cleveland,1,pseudo_label_sfda,cp,0.8890871327700008,2,0.2294977582721446,True
hungary,cleveland,1,pseudo_label_sfda,trestbps,0.0607916318043826,8,0.015691986428084503,False
hungary,cleveland,1,pseudo_label_sfda,restecg,0.0683586817648163,7,0.017645249430825655,False
hungary,cleveland,1,pseudo_label_sfda,thalach,0.3739398923539633,5,0.09652413566754668,False
hungary,cleveland,1,pseudo_label_sfda,exang,0.6253271573300015,3,0.16141407912046923,True
hungary,cleveland,1,pseudo_label_sfda,oldpeak,1.112223099247113,1,0.2870952672326449,True
hungary,cleveland,1,reliability_gated_sfda,age,0.1175820965778232,6,0.03627372602027108,False
hungary,cleveland,1,reliability_gated_sfda,sex,0.5429296583012545,3,0.1674921799039731,True
hungary,cleveland,1,reliability_gated_sfda,cp,0.7601570436479228,2,0.23450618024499995,True
hungary,cleveland,1,reliability_gated_sfda,trestbps,0.0447530048000687,8,0.013806168472486188,False
hungary,cleveland,1,reliability_gated_sfda,restecg,0.0621259575413859,7,0.019165672565735314,False
hungary,cleveland,1,reliability_gated_sfda,thalach,0.2814189734831821,5,0.08681691378311589,False
hungary,cleveland,1,reliability_gated_sfda,exang,0.517571264441454,4,0.15966919104804878,False
hungary,cleveland,1,reliability_gated_sfda,oldpeak,0.9149844329558288,1,0.28226996796136966,True
hungary,cleveland,1,source_only,age,0.1182862803602756,6,0.0372488309223086,False
hungary,cleveland,1,source_only,sex,0.5348208781374809,3,0.1684172703950704,True
hungary,cleveland,1,source_only,cp,0.7457649738893986,2,0.23484442435401115,True
hungary,cleveland,1,source_only,trestbps,0.042737455569571,8,0.013458198632267122,False
hungary,cleveland,1,source_only,restecg,0.0620892511230428,7,0.019552157783056627,False
hungary,cleveland,1,source_only,thalach,0.2712388892470561,5,0.0854142297343844,False
hungary,cleveland,1,source_only,exang,0.5054876468215052,4,0.15918011651411457,False
hungary,cleveland,1,source_only,oldpeak,0.8951449026676392,1,0.28188477166478715,True
hungary,cleveland,2,conservative_candidate,age,0.1009441824647576,6,0.03161417691984554,False
hungary,cleveland,2,conservative_candidate,sex,0.5705475323148096,3,0.1786867770619573,True
hungary,cleveland,2,conservative_candidate,cp,0.669408500193457,2,0.2096485229760806,True
hungary,cleveland,2,conservative_candidate,trestbps,0.0967708171059825,8,0.030307142600660936,False
hungary,cleveland,2,conservative_candidate,restecg,0.0991071225527217,7,0.031038837800211428,False
hungary,cleveland,2,conservative_candidate,thalach,0.292918042513379,5,0.09173745918706953,False
hungary,cleveland,2,conservative_candidate,exang,0.4912565833959642,4,0.15385406232737636,False
hungary,cleveland,2,conservative_candidate,oldpeak,0.8720508747712614,1,0.2731130211267983,True
hungary,cleveland,2,entropy_sfda,age,0.1006786664740394,7,0.025737610382950946,False
hungary,cleveland,2,entropy_sfda,sex,0.6497749659192837,3,0.16610922149766502,True
hungary,cleveland,2,entropy_sfda,cp,0.7801222167323947,2,0.1994313429898254,True
hungary,cleveland,2,entropy_sfda,trestbps,0.1504750419534871,6,0.0384676132272341,False
hungary,cleveland,2,entropy_sfda,restecg,0.0973560496989526,8,0.02488821279949078,False
hungary,cleveland,2,entropy_sfda,thalach,0.3937938556047433,5,0.10066991530294431,False
hungary,cleveland,2,entropy_sfda,exang,0.6385020835466511,4,0.16322740884995313,False
hungary,cleveland,2,entropy_sfda,oldpeak,1.1010303764232117,1,0.2814686749499362,True
hungary,cleveland,2,pseudo_label_sfda,age,0.089112249186121,8,0.022949614058376533,False
hungary,cleveland,2,pseudo_label_sfda,sex,0.6751018092650981,3,0.17386303358123267,True
hungary,cleveland,2,pseudo_label_sfda,cp,0.8095637333782439,2,0.2084918224640973,True
hungary,cleveland,2,pseudo_label_sfda,trestbps,0.1265704792846614,6,0.03259645758351173,False
hungary,cleveland,2,pseudo_label_sfda,restecg,0.1037690836856319,7,0.02672427689264895,False
hungary,cleveland,2,pseudo_label_sfda,thalach,0.3801241847732575,5,0.09789566994971509,False
hungary,cleveland,2,pseudo_label_sfda,exang,0.6045033323145149,4,0.15568138275407098,False
hungary,cleveland,2,pseudo_label_sfda,oldpeak,1.0942071010496948,1,0.2817977427163468,True
hungary,cleveland,2,reliability_gated_sfda,age,0.0992238062740112,8,0.030457579417868877,False
hungary,cleveland,2,reliability_gated_sfda,sex,0.5815585677453591,3,0.1785142792681369,True
hungary,cleveland,2,reliability_gated_sfda,cp,0.6835944949772678,2,0.20983506279623,True
hungary,cleveland,2,reliability_gated_sfda,trestbps,0.1000354639037432,6,0.030706724533804186,False
hungary,cleveland,2,reliability_gated_sfda,restecg,0.0995473279093281,7,0.03055688709685321,False
hungary,cleveland,2,reliability_gated_sfda,thalach,0.3017576168146808,5,0.09262703099394454,False
hungary,cleveland,2,reliability_gated_sfda,exang,0.5001960180380164,4,0.15353936233632431,False
hungary,cleveland,2,reliability_gated_sfda,oldpeak,0.8918572878987581,1,0.273763073556838,True
hungary,cleveland,2,source_only,age,0.1052946431805124,6,0.03300680114885857,False
hungary,cleveland,2,source_only,sex,0.5719156302019904,3,0.17927887791631686,True
hungary,cleveland,2,source_only,cp,0.6682060076244231,2,0.20946310423713876,True
hungary,cleveland,2,source_only,trestbps,0.0961947651094335,8,0.03015425464793126,False
hungary,cleveland,2,source_only,restecg,0.1013944122103494,7,0.03178419243697857,False
hungary,cleveland,2,source_only,thalach,0.2909274725735237,5,0.09119728170323024,False
hungary,cleveland,2,source_only,exang,0.4885382364587028,4,0.15314249554711276,False
hungary,cleveland,2,source_only,oldpeak,0.8676181328928608,1,0.27197299236243294,True
hungary,cleveland,3,conservative_candidate,age,0.1016957631370009,6,0.030686791995679127,False
hungary,cleveland,3,conservative_candidate,sex,0.634913704416441,3,0.19158580634658295,True
hungary,cleveland,3,conservative_candidate,cp,0.6721188468705781,2,0.20281249300924806,True
hungary,cleveland,3,conservative_candidate,trestbps,0.0712690307234687,8,0.02150549692614506,False
hungary,cleveland,3,conservative_candidate,restecg,0.072473384263209,7,0.021868911737374534,False
hungary,cleveland,3,conservative_candidate,thalach,0.3159945032439462,5,0.0953516380005101,False
hungary,cleveland,3,conservative_candidate,exang,0.6139917789217663,4,0.18527259568765644,False
hungary,cleveland,3,conservative_candidate,oldpeak,0.8315343352975232,1,0.25091626629680375,True
hungary,cleveland,3,entropy_sfda,age,0.1008668379284127,6,0.025003014967042946,False
hungary,cleveland,3,entropy_sfda,sex,0.7365670781275226,4,0.18258129288958225,False
hungary,cleveland,3,entropy_sfda,cp,0.7474920453147182,3,0.1852893892640296,True
hungary,cleveland,3,entropy_sfda,trestbps,0.0827186914762518,8,0.020504426663030602,False
hungary,cleveland,3,entropy_sfda,restecg,0.0972211371904404,7,0.024099313493010675,False
hungary,cleveland,3,entropy_sfda,thalach,0.476171546692502,5,0.11803407892376243,False
hungary,cleveland,3,entropy_sfda,exang,0.7789324477757558,2,0.19308288085599454,True
hungary,cleveland,3,entropy_sfda,oldpeak,1.0142172149969604,1,0.25140560294354686,True
hungary,cleveland,3,pseudo_label_sfda,age,0.0992574117656661,6,0.024637809051729426,False
hungary,cleveland,3,pseudo_label_sfda,sex,0.744361021472971,4,0.18476629993030982,False
hungary,cleveland,3,pseudo_label_sfda,cp,0.7890339434245719,2,0.1958550730631901,True
hungary,cleveland,3,pseudo_label_sfda,trestbps,0.081630165671404,8,0.020262350175130957,False
hungary,cleveland,3,pseudo_label_sfda,restecg,0.0914293490029431,7,0.022694716720768233,False
hungary,cleveland,3,pseudo_label_sfda,thalach,0.4443437267531312,5,0.110295601087438,False
hungary,cleveland,3,pseudo_label_sfda,exang,0.7595708698231002,3,0.18854170906792617,True
hungary,cleveland,3,pseudo_label_sfda,oldpeak,1.0190357830400023,1,0.2529464409035073,True
hungary,cleveland,3,reliability_gated_sfda,age,0.1001221629277658,6,0.029685671822137695,False
hungary,cleveland,3,reliability_gated_sfda,sex,0.6448494481297806,3,0.19119432233678413,True
hungary,cleveland,3,reliability_gated_sfda,cp,0.6844164481816712,2,0.2029257207023422,True
hungary,cleveland,3,reliability_gated_sfda,trestbps,0.0719330310214482,8,0.021327748918238555,False
hungary,cleveland,3,reliability_gated_sfda,restecg,0.0731849861500335,7,0.021698946742940355,False
hungary,cleveland,3,reliability_gated_sfda,thalach,0.3266666574963052,5,0.09685487115041859,False
hungary,cleveland,3,reliability_gated_sfda,exang,0.6255108646237024,4,0.18546053846037489,False
hungary,cleveland,3,reliability_gated_sfda,oldpeak,0.8460601118912693,1,0.2508521798667636,True
hungary,cleveland,3,source_only,age,0.103121704064623,6,0.03122022393084572,False
hungary,cleveland,3,source_only,sex,0.634336784531181,3,0.1920462490439985,True
hungary,cleveland,3,source_only,cp,0.6720595769042444,2,0.20346687126767515,True
hungary,cleveland,3,source_only,trestbps,0.0709028710040998,8,0.021465932222189333,False
hungary,cleveland,3,source_only,restecg,0.0724830542309099,7,0.021944334655898744,False
hungary,cleveland,3,source_only,thalach,0.312327179028084,5,0.09455744120399269,False
hungary,cleveland,3,source_only,exang,0.6107884491532549,4,0.18491696127314483,False
hungary,cleveland,3,source_only,oldpeak,0.8270221623675068,1,0.25038198640225506,True
hungary,cleveland,4,conservative_candidate,age,0.0622079235312556,8,0.020002251633139196,False
hungary,cleveland,4,conservative_candidate,sex,0.440372957702013,4,0.14159692547782488,False
hungary,cleveland,4,conservative_candidate,cp,0.707518814643384,2,0.22749464316337217,True
hungary,cleveland,4,conservative_candidate,trestbps,0.1292353228842816,7,0.0415541510065449,False
hungary,cleveland,4,conservative_candidate,restecg,0.1407811787911527,6,0.04526658990595886,False
hungary,cleveland,4,conservative_candidate,thalach,0.2193092105805677,5,0.07051638708521747,False
hungary,cleveland,4,conservative_candidate,exang,0.4911591802530064,3,0.1579266588188065,True
hungary,cleveland,4,conservative_candidate,oldpeak,0.9194614540404416,1,0.29564239290913613,True
hungary,cleveland,4,entropy_sfda,age,0.0755048534577779,8,0.019418441135704016,False
hungary,cleveland,4,entropy_sfda,sex,0.4998998055203815,4,0.12856491341547593,False
hungary,cleveland,4,entropy_sfda,cp,0.8459212574585289,2,0.2175551820994501,True
hungary,cleveland,4,entropy_sfda,trestbps,0.1725784334793637,6,0.04438395677020973,False
hungary,cleveland,4,entropy_sfda,restecg,0.152405947775706,7,0.03919596939908855,False
hungary,cleveland,4,entropy_sfda,thalach,0.3442926257879476,5,0.08854564681803952,False
hungary,cleveland,4,entropy_sfda,exang,0.6443732796181546,3,0.16572079842102813,True
hungary,cleveland,4,entropy_sfda,oldpeak,1.1533304292481183,1,0.2966150919410041,True
hungary,cleveland,4,pseudo_label_sfda,age,0.0647543629807367,8,0.01707576847752803,False
hungary,cleveland,4,pseudo_label_sfda,sex,0.5116137749190433,4,0.13491289186229177,False
hungary,cleveland,4,pseudo_label_sfda,cp,0.854126477371225,2,0.22523371872959927,True
hungary,cleveland,4,pseudo_label_sfda,trestbps,0.1657259830230656,6,0.043702051669544724,False
hungary,cleveland,4,pseudo_label_sfda,restecg,0.1538843432319943,7,0.040579403400627774,False
hungary,cleveland,4,pseudo_label_sfda,thalach,0.3064629763469296,5,0.08081449017714949,False
hungary,cleveland,4,pseudo_label_sfda,exang,0.6061575327425113,3,0.1598441435228058,True
hungary,cleveland,4,pseudo_label_sfda,oldpeak,1.1294531014628044,1,0.29783753216045317,True
hungary,cleveland,4,reliability_gated_sfda,age,0.0607758940969979,8,0.019106381309766267,False
hungary,cleveland,4,reliability_gated_sfda,sex,0.4502065603159484,4,0.1415333881526507,False
hungary,cleveland,4,reliability_gated_sfda,cp,0.7227992159206875,2,0.2272295230694583,True
hungary,cleveland,4,reliability_gated_sfda,trestbps,0.1351485198594955,7,0.04248722609929635,False
hungary,cleveland,4,reliability_gated_sfda,restecg,0.1416726102376288,6,0.04453823267544065,False
hungary,cleveland,4,reliability_gated_sfda,thalach,0.2273975596624878,5,0.0714879566705779,False
hungary,cleveland,4,reliability_gated_sfda,exang,0.5028728237221933,3,0.1580903097043817,True
hungary,cleveland,4,reliability_gated_sfda,oldpeak,0.9400480545737564,1,0.29552698231842817,True
hungary,cleveland,4,source_only,age,0.06202454993708,8,0.019962584743337897,False
hungary,cleveland,4,source_only,sex,0.4427318277687338,4,0.1424931198915896,False
hungary,cleveland,4,source_only,cp,0.7068831947660565,2,0.22751016643367458,True
hungary,cleveland,4,source_only,trestbps,0.128947050214523,7,0.04150157348859671,False
hungary,cleveland,4,source_only,restecg,0.1428957099752752,6,0.04599094588730778,False
hungary,cleveland,4,source_only,thalach,0.2161882285846292,5,0.06958012332230941,False
hungary,cleveland,4,source_only,exang,0.4902933809980012,3,0.15780079302790717,True
hungary,cleveland,4,source_only,oldpeak,0.9170760896222868,1,0.2951606932052768,True
hungary,cleveland,5,conservative_candidate,age,0.0638538624176128,7,0.021519209963810352,False
hungary,cleveland,5,conservative_candidate,sex,0.4909672525714431,3,0.16545948817225795,True
hungary,cleveland,5,conservative_candidate,cp,0.6046503760556847,2,0.20377151677907238,True
hungary,cleveland,5,conservative_candidate,trestbps,0.0609396676219409,8,0.020537105400215316,False
hungary,cleveland,5,conservative_candidate,restecg,0.1741688048948069,6,0.05869613739518232,False
hungary,cleveland,5,conservative_candidate,thalach,0.264187317389208,5,0.0890330222390126,False
hungary,cleveland,5,conservative_candidate,exang,0.4614697659000902,4,0.15551862343749676,False
hungary,cleveland,5,conservative_candidate,oldpeak,0.8470588029967775,1,0.2854648966129524,True
hungary,cleveland,5,entropy_sfda,age,0.0874403539569371,7,0.024474662255184642,False
hungary,cleveland,5,entropy_sfda,sex,0.5443430873742112,4,0.1523622974009168,False
hungary,cleveland,5,entropy_sfda,cp,0.6804204489636195,2,0.19045051771070184,True
hungary,cleveland,5,entropy_sfda,trestbps,0.073060454957098,8,0.020449710898536935,False
hungary,cleveland,5,entropy_sfda,restecg,0.1849550142455477,6,0.05176913520148801,False
hungary,cleveland,5,entropy_sfda,thalach,0.3743841412136017,5,0.10479058003828347,False
hungary,cleveland,5,entropy_sfda,exang,0.5798384265685239,3,0.16229748635088215,True
hungary,cleveland,5,entropy_sfda,oldpeak,1.0482469640008294,1,0.2934056101440062,True
hungary,cleveland,5,pseudo_label_sfda,age,0.0704561323569103,8,0.01972143838924631,False
hungary,cleveland,5,pseudo_label_sfda,sex,0.5586381088754027,4,0.15636888766845247,False
hungary,cleveland,5,pseudo_label_sfda,cp,0.7131715735025618,2,0.19962448657477513,True
hungary,cleveland,5,pseudo_label_sfda,trestbps,0.076422979342121,7,0.021391623811869095,False
hungary,cleveland,5,pseudo_label_sfda,restecg,0.1959522768122024,6,0.05484917529688051,False
hungary,cleveland,5,pseudo_label_sfda,thalach,0.3506968066698746,5,0.09816385365875133,False
hungary,cleveland,5,pseudo_label_sfda,exang,0.5658670191963514,3,0.1583923383568012,True
hungary,cleveland,5,pseudo_label_sfda,oldpeak,1.0413607024824365,1,0.291488196243224,True
hungary,cleveland,5,reliability_gated_sfda,age,0.0627120826393365,7,0.020719444944214207,False
hungary,cleveland,5,reliability_gated_sfda,sex,0.4997243259975029,3,0.16510391975557198,True
hungary,cleveland,5,reliability_gated_sfda,cp,0.6171442628968753,2,0.20389829263474052,True
hungary,cleveland,5,reliability_gated_sfda,trestbps,0.0626456610806187,8,0.020697499925470732,False
hungary,cleveland,5,reliability_gated_sfda,restecg,0.1771354862940636,6,0.058523793206547714,False
hungary,cleveland,5,reliability_gated_sfda,thalach,0.2719311585984878,5,0.08984333532025976,False
hungary,cleveland,5,reliability_gated_sfda,exang,0.4714147068019157,4,0.15575070468714566,False
hungary,cleveland,5,reliability_gated_sfda,oldpeak,0.8640183118838977,1,0.28546300952604947,True
hungary,cleveland,5,source_only,age,0.0650417430782782,7,0.02191250921105564,False
hungary,cleveland,5,source_only,sex,0.4933445578173614,3,0.16620737169338604,True
hungary,cleveland,5,source_only,cp,0.6057724193485435,2,0.20408422484623565,True
hungary,cleveland,5,source_only,trestbps,0.0612399058619924,8,0.0206316734111827,False
hungary,cleveland,5,source_only,restecg,0.1746681573886805,6,0.058845557122466,False
hungary,cleveland,5,source_only,thalach,0.2619212468818641,5,0.08824105048910934,False
hungary,cleveland,5,source_only,exang,0.4608277228381177,4,0.1552524770015337,False
hungary,cleveland,5,source_only,oldpeak,0.8454313996699777,1,0.28482513622503086,True
hungary,cleveland,6,conservative_candidate,age,0.1200722630639796,7,0.03825813006476864,False
hungary,cleveland,6,conservative_candidate,sex,0.4464712141468973,4,0.14225728194950074,False
hungary,cleveland,6,conservative_candidate,cp,0.6627549808917117,2,0.21117088670609743,True
hungary,cleveland,6,conservative_candidate,trestbps,0.1198822861566536,8,0.03819759850615291,False
hungary,cleveland,6,conservative_candidate,restecg,0.176712287548413,5,0.05630510751236197,False
hungary,cleveland,6,conservative_candidate,thalach,0.1224301795232364,6,0.03900942326336554,False
hungary,cleveland,6,conservative_candidate,exang,0.551526251823792,3,0.17573053541237754,True
hungary,cleveland,6,conservative_candidate,oldpeak,0.938627583703192,1,0.29907103658537515,True
hungary,cleveland,6,entropy_sfda,age,0.1053244478127645,8,0.026868775229194005,False
hungary,cleveland,6,entropy_sfda,sex,0.5160564539443837,4,0.13164849334179113,False
hungary,cleveland,6,entropy_sfda,cp,0.80533913311615,2,0.2054459016907314,True
hungary,cleveland,6,entropy_sfda,trestbps,0.1355549443567712,7,0.034580720875012086,False
hungary,cleveland,6,entropy_sfda,restecg,0.1914564148263956,6,0.048841455929611,False
hungary,cleveland,6,entropy_sfda,thalach,0.2536733340811624,5,0.06471329246542662,False
hungary,cleveland,6,entropy_sfda,exang,0.7065159120034463,3,0.18023562078593677,True
hungary,cleveland,6,entropy_sfda,oldpeak,1.206036518841195,1,0.30766573968229693,True
hungary,cleveland,6,pseudo_label_sfda,age,0.1270117539164791,8,0.03335109204387494,False
hungary,cleveland,6,pseudo_label_sfda,sex,0.5185147584861655,4,0.13615301657633444,False
hungary,cleveland,6,pseudo_label_sfda,cp,0.8028771853735607,2,0.21082167660584294,True
hungary,cleveland,6,pseudo_label_sfda,trestbps,0.1402330805732723,7,0.036822783983211566,False
hungary,cleveland,6,pseudo_label_sfda,restecg,0.186001552052553,6,0.04884079379682858,False
hungary,cleveland,6,pseudo_label_sfda,thalach,0.2089527842216808,5,0.05486739080844273,False
hungary,cleveland,6,pseudo_label_sfda,exang,0.6695035412268276,3,0.17580006210952043,True
hungary,cleveland,6,pseudo_label_sfda,oldpeak,1.155229034102076,1,0.3033431840759444,True
hungary,cleveland,6,reliability_gated_sfda,age,0.1218023105807257,8,0.03794798583372263,False
hungary,cleveland,6,reliability_gated_sfda,sex,0.4558435251856401,4,0.1420198315915707,False
hungary,cleveland,6,reliability_gated_sfda,cp,0.6772595550329684,2,0.21100286092775739,True
hungary,cleveland,6,reliability_gated_sfda,trestbps,0.1222392687752301,7,0.03808412186674141,False
hungary,cleveland,6,reliability_gated_sfda,restecg,0.1779880790118083,5,0.055452881548048574,False
hungary,cleveland,6,reliability_gated_sfda,thalach,0.1312366694345664,6,0.040887297201699715,False
hungary,cleveland,6,reliability_gated_sfda,exang,0.5650080085882653,3,0.1760304529825577,True
hungary,cleveland,6,reliability_gated_sfda,oldpeak,0.958339987482519,1,0.2985745680479018,True
hungary,cleveland,6,source_only,age,0.1191856225732738,7,0.03805471357731011,False
hungary,cleveland,6,source_only,sex,0.4477534042210272,4,0.14296294454829322,False
hungary,cleveland,6,source_only,cp,0.6606366515737889,2,0.21093432254261874,True
hungary,cleveland,6,source_only,trestbps,0.1187148532709536,8,0.03790440189898858,False
hungary,cleveland,6,source_only,restecg,0.1782037504676271,5,0.056898580013531555,False
hungary,cleveland,6,source_only,thalach,0.1194878777699612,6,0.038151220477126165,False
hungary,cleveland,6,source_only,exang,0.5541024628055371,3,0.17691907848686456,True
hungary,cleveland,6,source_only,oldpeak,0.9338696444585378,1,0.29817473845526704,True
hungary,cleveland,7,conservative_candidate,age,0.0555914035097698,8,0.016947126102424652,False
hungary,cleveland,7,conservative_candidate,sex,0.5860161801597269,3,0.17864794691651814,True
hungary,cleveland,7,conservative_candidate,cp,0.6391949499469318,2,0.19485957786404742,True
hungary,cleveland,7,conservative_candidate,trestbps,0.1059494881028933,7,0.032298866767260515,False
hungary,cleveland,7,conservative_candidate,restecg,0.213987084263219,6,0.06523429653402466,False
hungary,cleveland,7,conservative_candidate,thalach,0.3266836007520642,5,0.09959000543251992,False
hungary,cleveland,7,conservative_candidate,exang,0.5090024890777695,4,0.15517020302128195,False
hungary,cleveland,7,conservative_candidate,oldpeak,0.8438598019971509,1,0.2572519773619228,True
hungary,cleveland,7,entropy_sfda,age,0.0679701252753723,8,0.016722251940360165,False
hungary,cleveland,7,entropy_sfda,sex,0.6688242327089947,3,0.1645465162505782,True
hungary,cleveland,7,entropy_sfda,cp,0.7277324185919911,2,0.17903931763492342,True
hungary,cleveland,7,entropy_sfda,trestbps,0.1683281868142567,7,0.041412699140513605,False
hungary,cleveland,7,entropy_sfda,restecg,0.2442884490690363,6,0.060100712995631474,False
hungary,cleveland,7,entropy_sfda,thalach,0.4646738067456819,5,0.1143207024410617,False
hungary,cleveland,7,entropy_sfda,exang,0.6478328561723823,4,0.1593821431440395,False
hungary,cleveland,7,entropy_sfda,oldpeak,1.0750013554096836,1,0.2644756564528919,True
hungary,cleveland,7,pseudo_label_sfda,age,0.0599885268128021,8,0.014869204717309181,False
hungary,cleveland,7,pseudo_label_sfda,sex,0.6920430616109875,3,0.17153496681787453,True
hungary,cleveland,7,pseudo_label_sfda,cp,0.7633522765328854,2,0.18921020192096458,True
hungary,cleveland,7,pseudo_label_sfda,trestbps,0.1450899043564445,7,0.03596306835510386,False
hungary,cleveland,7,pseudo_label_sfda,restecg,0.2471815631175235,6,0.061268270111186914,False
hungary,cleveland,7,pseudo_label_sfda,thalach,0.4378636514294658,5,0.10853215801898634,False
hungary,cleveland,7,pseudo_label_sfda,exang,0.6274919479888658,4,0.15553484522507724,False
hungary,cleveland,7,pseudo_label_sfda,oldpeak,1.061403009803849,1,0.26308728483349725,True
hungary,cleveland,7,reliability_gated_sfda,age,0.0548310110906619,8,0.016358181382595437,False
hungary,cleveland,7,reliability_gated_sfda,sex,0.5985981896273768,3,0.17858466525497882,True
hungary,cleveland,7,reliability_gated_sfda,cp,0.6525291325847185,2,0.194674321992694,True
hungary,cleveland,7,reliability_gated_sfda,trestbps,0.1102611435573046,7,0.03289510351688482,False
hungary,cleveland,7,reliability_gated_sfda,restecg,0.2162811812509257,6,0.06452492343602217,False
hungary,cleveland,7,reliability_gated_sfda,thalach,0.3367598352833918,5,0.10046829993395597,False
hungary,cleveland,7,reliability_gated_sfda,exang,0.5199430708346193,4,0.15511884410216328,False
hungary,cleveland,7,reliability_gated_sfda,oldpeak,0.8626978365587618,1,0.25737566038070553,True
hungary,cleveland,7,source_only,age,0.056113433240801,8,0.017101119703207494,False
hungary,cleveland,7,source_only,sex,0.5884293838474813,3,0.17932963194174298,True
hungary,cleveland,7,source_only,cp,0.6398453589026638,2,0.19499915514312274,True
hungary,cleveland,7,source_only,trestbps,0.1069951346276631,7,0.03260781775865455,False
hungary,cleveland,7,source_only,restecg,0.2158219413884838,6,0.06577385558329113,False
hungary,cleveland,7,source_only,thalach,0.3247078807714085,5,0.09895791465507944,False
hungary,cleveland,7,source_only,exang,0.5093531467684425,4,0.15523037231945727,False
hungary,cleveland,7,source_only,oldpeak,0.8400061876749737,1,0.25600013289544443,True
hungary,cleveland,8,conservative_candidate,age,0.1043956611699673,6,0.03699889686981532,False
hungary,cleveland,8,conservative_candidate,sex,0.4784526176590829,3,0.1695685324415972,True
hungary,cleveland,8,conservative_candidate,cp,0.6831059138101697,2,0.24209976710693346,True
hungary,cleveland,8,conservative_candidate,trestbps,0.0714214708083216,7,0.025312504400209875,False
hungary,cleveland,8,conservative_candidate,restecg,0.0292883713855699,8,0.010380100286115081,False
hungary,cleveland,8,conservative_candidate,thalach,0.2095094944224401,5,0.0742523213178615,False
hungary,cleveland,8,conservative_candidate,exang,0.4283983124168006,4,0.15182877145158555,False
hungary,cleveland,8,conservative_candidate,oldpeak,0.8170166380408377,1,0.28955910612588204,True
hungary,cleveland,8,entropy_sfda,age,0.1422106222865838,6,0.04010332597378505,False
hungary,cleveland,8,entropy_sfda,sex,0.5526590570346406,4,0.1558495839499309,False
hungary,cleveland,8,entropy_sfda,cp,0.7905593021201676,2,0.22293733678095345,True
hungary,cleveland,8,entropy_sfda,trestbps,0.0787109975079104,7,0.022196462824136773,False
hungary,cleveland,8,entropy_sfda,restecg,0.0416252623368269,8,0.011738303633002036,False
hungary,cleveland,8,entropy_sfda,thalach,0.3177674815962367,5,0.08961027448879148,False
hungary,cleveland,8,entropy_sfda,exang,0.5562697347290445,3,0.15686779329489214,True
hungary,cleveland,8,entropy_sfda,oldpeak,1.0663029796170322,1,0.3006969190545081,True
hungary,cleveland,8,pseudo_label_sfda,age,0.1153404610953831,6,0.03342448528862586,False
hungary,cleveland,8,pseudo_label_sfda,sex,0.5625657868746778,3,0.16302580801828942,True
hungary,cleveland,8,pseudo_label_sfda,cp,0.8183706536159655,2,0.2371554406203505,True
hungary,cleveland,8,pseudo_label_sfda,trestbps,0.0774351285373647,7,0.022439907817601072,False
hungary,cleveland,8,pseudo_label_sfda,restecg,0.0349010184603948,8,0.0101139579901872,False
hungary,cleveland,8,pseudo_label_sfda,thalach,0.2890742813727262,5,0.0837707684996375,False
hungary,cleveland,8,pseudo_label_sfda,exang,0.5333657874280077,4,0.15456394699689127,False
hungary,cleveland,8,pseudo_label_sfda,oldpeak,1.0197243620411005,1,0.29550568476841715,True
hungary,cleveland,8,reliability_gated_sfda,age,0.1031448633541435,6,0.03580113876166689,False
hungary,cleveland,8,reliability_gated_sfda,sex,0.4885215714217314,3,0.16956373781297354,True
hungary,cleveland,8,reliability_gated_sfda,cp,0.6989084581282892,2,0.24258812196243384,True
hungary,cleveland,8,reliability_gated_sfda,trestbps,0.072144600209375,7,0.02504108066082439,False
hungary,cleveland,8,reliability_gated_sfda,restecg,0.0290967466182108,8,0.010099355695639498,False
hungary,cleveland,8,reliability_gated_sfda,thalach,0.2164497813225259,5,0.07512878881281594,False
hungary,cleveland,8,reliability_gated_sfda,exang,0.4381050985835173,4,0.15206439677688688,False
hungary,cleveland,8,reliability_gated_sfda,oldpeak,0.8346786715655831,1,0.289713379516759,True
hungary,cleveland,8,source_only,age,0.1077861641735382,6,0.03824525742350706,False
hungary,cleveland,8,source_only,sex,0.4808408122866264,3,0.1706144827273205,True
hungary,cleveland,8,source_only,cp,0.68349803993367,2,0.24252239316763158,True
hungary,cleveland,8,source_only,trestbps,0.0713620309154798,7,0.025321053620876832,False
hungary,cleveland,8,source_only,restecg,0.0299435153128286,8,0.010624716633018512,False
hungary,cleveland,8,source_only,thalach,0.2049645563194116,5,0.072726609015513,False
hungary,cleveland,8,source_only,exang,0.4270494545351948,4,0.15152794838278977,False
hungary,cleveland,8,source_only,oldpeak,0.812843795718238,1,0.28841753902934275,True
hungary,cleveland,9,conservative_candidate,age,0.1013532419978692,6,0.03224228120901467,False
hungary,cleveland,9,conservative_candidate,sex,0.5830867602259363,3,0.18549033974515775,True
hungary,cleveland,9,conservative_candidate,cp,0.6436873011136575,2,0.2047684569736266,True
hungary,cleveland,9,conservative_candidate,trestbps,0.0818905468346057,7,0.026050849359676644,False
hungary,cleveland,9,conservative_candidate,restecg,0.0777798430700617,8,0.024743160881925047,False
hungary,cleveland,9,conservative_candidate,thalach,0.1992887094503164,5,0.06339730713314339,False
hungary,cleveland,9,conservative_candidate,exang,0.5024291118330294,4,0.15983169745726122,False
hungary,cleveland,9,conservative_candidate,oldpeak,0.9539730414124236,1,0.3034759072401947,True
hungary,cleveland,9,entropy_sfda,age,0.1421252298899795,6,0.036906627405583425,False
hungary,cleveland,9,entropy_sfda,sex,0.6639628988366402,3,0.172415772607469,True
hungary,cleveland,9,entropy_sfda,cp,0.7439874065328173,2,0.1931962821000083,True
hungary,cleveland,9,entropy_sfda,trestbps,0.0999583343352058,8,0.025956862157746126,False
hungary,cleveland,9,entropy_sfda,restecg,0.1005692006378006,7,0.026115489975213475,False
hungary,cleveland,9,entropy_sfda,thalach,0.2937865200738358,5,0.0762895486011979,False
hungary,cleveland,9,entropy_sfda,exang,0.6387559482612626,4,0.16587011189939785,False
hungary,cleveland,9,entropy_sfda,oldpeak,1.1677950615610424,1,0.3032493052533839,True
hungary,cleveland,9,pseudo_label_sfda,age,0.1200135668936391,6,0.030907119594834262,False
hungary,cleveland,9,pseudo_label_sfda,sex,0.6903442348624048,3,0.1777844987092669,True
hungary,cleveland,9,pseudo_label_sfda,cp,0.7821530727025086,2,0.20142804838812597,True
hungary,cleveland,9,pseudo_label_sfda,trestbps,0.107849779692974,7,0.027774576870974964,False
hungary,cleveland,9,pseudo_label_sfda,restecg,0.0979645045406166,8,0.025228819843083918,False
hungary,cleveland,9,pseudo_label_sfda,thalach,0.2821828220900234,5,0.0726706026300635,False
hungary,cleveland,9,pseudo_label_sfda,exang,0.628451782312527,4,0.16184532214373756,False
hungary,cleveland,9,pseudo_label_sfda,oldpeak,1.174079758766731,1,0.30236101181991293,True
hungary,cleveland,9,reliability_gated_sfda,age,0.1003910814080173,6,0.03126181176464718,False
hungary,cleveland,9,reliability_gated_sfda,sex,0.5959223519950004,3,0.18557039263973651,True
hungary,cleveland,9,reliability_gated_sfda,cp,0.658925421361658,2,0.20518956664913376,True
hungary,cleveland,9,reliability_gated_sfda,trestbps,0.0843367647120679,7,0.026262492905644218,False
hungary,cleveland,9,reliability_gated_sfda,restecg,0.0788378782289216,8,0.024550138065550287,False
hungary,cleveland,9,reliability_gated_sfda,thalach,0.2059737875267691,5,0.06414029696465702,False
hungary,cleveland,9,reliability_gated_sfda,exang,0.5143734816670811,4,0.16017605085105005,False
hungary,cleveland,9,reliability_gated_sfda,oldpeak,0.9725400420173193,1,0.30284925015958103,True
hungary,cleveland,9,source_only,age,0.1038778093132488,6,0.03301133220542886,False
hungary,cleveland,9,source_only,sex,0.5862380352160177,3,0.18630060317902375,True
hungary,cleveland,9,source_only,cp,0.645244270938882,2,0.2050521966378866,True
hungary,cleveland,9,source_only,trestbps,0.0817974584411311,7,0.02599441682503353,False
hungary,cleveland,9,source_only,restecg,0.0770374116103207,8,0.02448172139677868,False
hungary,cleveland,9,source_only,thalach,0.1975284639174247,5,0.06277257660240736,False
hungary,cleveland,9,source_only,exang,0.5028250312106838,4,0.15979278207962702,False
hungary,cleveland,9,source_only,oldpeak,0.9521833345610587,1,0.3025943710738142,True
hungary,switzerland,0,conservative_candidate,age,0.0516223573642668,8,0.01828862693387311,False
hungary,switzerland,0,conservative_candidate,sex,0.2159080612359614,5,0.07649131472429826,False
hungary,switzerland,0,conservative_candidate,cp,0.3864102819340579,3,0.13689637301601532,True
hungary,switzerland,0,conservative_candidate,trestbps,0.1009658537577928,7,0.03576990526423413,False
hungary,switzerland,0,conservative_candidate,restecg,0.1212994352747814,6,0.042973630657277,False
hungary,switzerland,0,conservative_candidate,thalach,0.2683160640053239,4,0.09505827795371707,False
hungary,switzerland,0,conservative_candidate,exang,0.7079647669220358,2,0.2508158124821706,True
hungary,switzerland,0,conservative_candidate,oldpeak,0.9701612411082032,1,0.34370605896841444,True
hungary,switzerland,0,entropy_sfda,age,0.0501702370631273,8,0.016171716919027305,False
hungary,switzerland,0,entropy_sfda,sex,0.2335256934506682,5,0.07527393986701546,False
hungary,switzerland,0,entropy_sfda,cp,0.4275710811714639,3,0.13782192176542907,True
hungary,switzerland,0,entropy_sfda,trestbps,0.1055811205045963,7,0.03403268736094767,False
hungary,switzerland,0,entropy_sfda,restecg,0.1287655774191612,6,0.0415058925138746,False
hungary,switzerland,0,entropy_sfda,thalach,0.3057141976006995,4,0.09854295596621038,False
hungary,switzerland,0,entropy_sfda,exang,0.7828153598357023,2,0.25233024877280424,True
hungary,switzerland,0,entropy_sfda,oldpeak,1.068201234427894,1,0.34432063683469133,True
hungary,switzerland,0,pseudo_label_sfda,age,0.0499832860148715,8,0.016710521309279545,False
hungary,switzerland,0,pseudo_label_sfda,sex,0.2289712726426258,5,0.0765501757841419,False
hungary,switzerland,0,pseudo_label_sfda,cp,0.4156599586941463,3,0.13896434490333787,True
hungary,switzerland,0,pseudo_label_sfda,trestbps,0.0995558461314445,7,0.03328372783949978,False
hungary,switzerland,0,pseudo_label_sfda,restecg,0.1267569719764547,6,0.04237766762037367,False
hungary,switzerland,0,pseudo_label_sfda,thalach,0.2976489307801807,4,0.0995106403970041,False
hungary,switzerland,0,pseudo_label_sfda,exang,0.7386468452651326,2,0.24694602600082458,True
hungary,switzerland,0,pseudo_label_sfda,oldpeak,1.033903561911084,1,0.34565689614553863,True
hungary,switzerland,0,reliability_gated_sfda,age,0.0518181282265974,8,0.01797131947147961,False
hungary,switzerland,0,reliability_gated_sfda,sex,0.2196955872146882,5,0.07619379007756047,False
hungary,switzerland,0,reliability_gated_sfda,cp,0.3951226602140099,3,0.13703458230052573,True
hungary,switzerland,0,reliability_gated_sfda,trestbps,0.1013766138197293,7,0.0351589603145108,False
hungary,switzerland,0,reliability_gated_sfda,restecg,0.1237552500485132,6,0.042920213658993324,False
hungary,switzerland,0,reliability_gated_sfda,thalach,0.2715559575415209,4,0.09417975975553065,False
hungary,switzerland,0,reliability_gated_sfda,exang,0.7277742775717402,2,0.25240325139057707,True
hungary,switzerland,0,reliability_gated_sfda,oldpeak,0.9922806956479704,1,0.3441381230308223,True
hungary,switzerland,0,source_only,age,0.0522459947894046,8,0.01846711303784435,False
hungary,switzerland,0,source_only,sex,0.2177013465150342,5,0.07694973348271611,False
hungary,switzerland,0,source_only,cp,0.387503064175778,3,0.1369686407061462,True
hungary,switzerland,0,source_only,trestbps,0.101230485997034,7,0.03578139980525866,False
hungary,switzerland,0,source_only,restecg,0.1220279756329605,6,0.04313257750908409,False
hungary,switzerland,0,source_only,thalach,0.2698480325894869,4,0.09538174439891359,False
hungary,switzerland,0,source_only,exang,0.7074839214726192,2,0.2500705671880871,True
hungary,switzerland,0,source_only,oldpeak,0.9710962877162104,1,0.34324822387194986,True
hungary,switzerland,1,conservative_candidate,age,0.1715128885400368,6,0.06240727921205005,False
hungary,switzerland,1,conservative_candidate,sex,0.2212862031528635,5,0.08051797146843283,False
hungary,switzerland,1,conservative_candidate,cp,0.4225265713866679,3,0.15374199536545408,True
hungary,switzerland,1,conservative_candidate,trestbps,0.0661717725527752,8,0.024077492489395783,False
hungary,switzerland,1,conservative_candidate,restecg,0.1106020746084414,7,0.04024405751821823,False
hungary,switzerland,1,conservative_candidate,thalach,0.2393137182570933,4,0.08707752613622384,False
hungary,switzerland,1,conservative_candidate,exang,0.6001919243272728,2,0.2183879317825504,True
hungary,switzerland,1,conservative_candidate,oldpeak,0.9166782318303982,1,0.3335457460276748,True
hungary,switzerland,1,entropy_sfda,age,0.1783130984730655,6,0.05893288837547743,False
hungary,switzerland,1,entropy_sfda,sex,0.2413394682263629,5,0.07976324826036102,False
hungary,switzerland,1,entropy_sfda,cp,0.4696720062229286,3,0.15522767622146036,True
hungary,switzerland,1,entropy_sfda,trestbps,0.0665597104537489,8,0.021998137097412336,False
hungary,switzerland,1,entropy_sfda,restecg,0.1289675573958462,7,0.04262407377333214,False
hungary,switzerland,1,entropy_sfda,thalach,0.2737708611913571,4,0.09048189808381157,False
hungary,switzerland,1,entropy_sfda,exang,0.6582484703238417,2,0.2175526304972116,True
hungary,switzerland,1,entropy_sfda,oldpeak,1.0088264201502732,1,0.3334194476909335,True
hungary,switzerland,1,pseudo_label_sfda,age,0.1717634303343853,6,0.05978482096227233,False
hungary,switzerland,1,pseudo_label_sfda,sex,0.2313937232070091,5,0.08054003280438238,False
hungary,switzerland,1,pseudo_label_sfda,cp,0.4450678150803683,3,0.15491248392541468,True
hungary,switzerland,1,pseudo_label_sfda,trestbps,0.0654253006148022,8,0.022772250624269026,False
hungary,switzerland,1,pseudo_label_sfda,restecg,0.1207063413637773,7,0.042013640466981875,False
hungary,switzerland,1,pseudo_label_sfda,thalach,0.2551726533811751,4,0.08881664372423483,False
hungary,switzerland,1,pseudo_label_sfda,exang,0.6237659769935336,2,0.21711104153146304,True
hungary,switzerland,1,pseudo_label_sfda,oldpeak,0.959732185882645,1,0.3340490859609819,True
hungary,switzerland,1,reliability_gated_sfda,age,0.1729775968053173,6,0.06147916447945086,False
hungary,switzerland,1,reliability_gated_sfda,sex,0.2256276763067486,5,0.08019189351087395,False
hungary,switzerland,1,reliability_gated_sfda,cp,0.4309693609508193,3,0.1531738023700233,True
hungary,switzerland,1,reliability_gated_sfda,trestbps,0.0669336768370727,8,0.02378936118595855,False
hungary,switzerland,1,reliability_gated_sfda,restecg,0.1132211353841835,7,0.04024070708225043,False
hungary,switzerland,1,reliability_gated_sfda,thalach,0.2458299774509983,4,0.08737213313640531,False
hungary,switzerland,1,reliability_gated_sfda,exang,0.6179657655397082,2,0.21963548831728028,True
hungary,switzerland,1,reliability_gated_sfda,oldpeak,0.9400718768195409,1,0.3341174499177573,True
hungary,switzerland,1,source_only,age,0.1706949799526028,6,0.06195133180304965,False
hungary,switzerland,1,source_only,sex,0.2223673976235644,5,0.08070510589229578,False
hungary,switzerland,1,source_only,cp,0.4243756662675641,3,0.15402115350657825,True
hungary,switzerland,1,source_only,trestbps,0.0665760814587062,8,0.02416284833766301,False
hungary,switzerland,1,source_only,restecg,0.1099211072115742,7,0.03989431315972917,False
hungary,switzerland,1,source_only,thalach,0.2403942714331717,4,0.08724770510090045,False
hungary,switzerland,1,source_only,exang,0.6029126183167706,2,0.21881861830944926,True
hungary,switzerland,1,source_only,oldpeak,0.9180655520772788,1,0.33319892389033445,True
hungary,switzerland,2,conservative_candidate,age,0.0988541308249066,6,0.03593374556958208,False
hungary,switzerland,2,conservative_candidate,sex,0.211511667734542,5,0.07688506681458848,False
hungary,switzerland,2,conservative_candidate,cp,0.4306982735381645,3,0.15655999450332822,True
hungary,switzerland,2,conservative_candidate,trestbps,0.0795289783235033,8,0.028909000045201454,False
hungary,switzerland,2,conservative_candidate,restecg,0.0805807992024725,7,0.029291339797058655,False
hungary,switzerland,2,conservative_candidate,thalach,0.3784715956705433,4,0.13757545497241383,False
hungary,switzerland,2,conservative_candidate,exang,0.6112434866467142,2,0.22218867079142135,True
hungary,switzerland,2,conservative_candidate,oldpeak,0.860122109574031,1,0.31265672750640594,True
hungary,switzerland,2,entropy_sfda,age,0.0836090862228557,8,0.027898695073898038,False
hungary,switzerland,2,entropy_sfda,sex,0.2247750852029861,5,0.07500299124873482,False
hungary,switzerland,2,entropy_sfda,cp,0.4743162499656957,3,0.1582699324223732,True
hungary,switzerland,2,entropy_sfda,trestbps,0.0861863933155328,7,0.02875869137261057,False
hungary,switzerland,2,entropy_sfda,restecg,0.0889741964801498,6,0.02968892603883321,False
hungary,switzerland,2,entropy_sfda,thalach,0.4246566042198035,4,0.14169949281190278,False
hungary,switzerland,2,entropy_sfda,exang,0.6669291400812506,2,0.2225410365738157,True
hungary,switzerland,2,entropy_sfda,oldpeak,0.9474348549738648,1,0.3161402344578317,True
hungary,switzerland,2,pseudo_label_sfda,age,0.0894929328479054,6,0.030536981904581963,False
hungary,switzerland,2,pseudo_label_sfda,sex,0.2240401096944886,5,0.07644747532487738,False
hungary,switzerland,2,pseudo_label_sfda,cp,0.4625012273880394,3,0.1578157197686037,True
hungary,switzerland,2,pseudo_label_sfda,trestbps,0.0772244814855265,8,0.026350713052639016,False
hungary,switzerland,2,pseudo_label_sfda,restecg,0.0850214290014293,7,0.0290112052013179,False
hungary,switzerland,2,pseudo_label_sfda,thalach,0.4070006235222506,4,0.1388776776013709,False
hungary,switzerland,2,pseudo_label_sfda,exang,0.6545352002954096,2,0.2233419883702098,True
hungary,switzerland,2,pseudo_label_sfda,oldpeak,0.930825050193362,1,0.3176182387763994,True
hungary,switzerland,2,reliability_gated_sfda,age,0.1013797022027485,6,0.03590461222824812,False
hungary,switzerland,2,reliability_gated_sfda,sex,0.2153841216397297,5,0.07628039143506836,False
hungary,switzerland,2,reliability_gated_sfda,cp,0.4399669309543124,3,0.15581858800073226,True
hungary,switzerland,2,reliability_gated_sfda,trestbps,0.0829651008513415,7,0.029382901210220313,False
hungary,switzerland,2,reliability_gated_sfda,restecg,0.0822970812290346,8,0.029146315533022108,False
hungary,switzerland,2,reliability_gated_sfda,thalach,0.3823273393090784,4,0.13540496335940255,False
hungary,switzerland,2,reliability_gated_sfda,exang,0.6330591833930674,2,0.224204096119778,True
hungary,switzerland,2,reliability_gated_sfda,oldpeak,0.8862049188919183,1,0.31385813211352837,True
hungary,switzerland,2,source_only,age,0.1012428433774417,6,0.036632450696523856,False
hungary,switzerland,2,source_only,sex,0.2124529904307328,5,0.07687134653328949,False
hungary,switzerland,2,source_only,cp,0.4321657550838911,3,0.15636947943882099,True
hungary,switzerland,2,source_only,trestbps,0.0803595516050794,8,0.02907630024962088,False
hungary,switzerland,2,source_only,restecg,0.0804087862062903,7,0.029094114685103468,False
hungary,switzerland,2,source_only,thalach,0.3787881057346012,4,0.1370559749692312,False
hungary,switzerland,2,source_only,exang,0.6147301445404688,2,0.2224263064954897,True
hungary,switzerland,2,source_only,oldpeak,0.8635993051698537,1,0.3124740269319205,True
hungary,switzerland,3,conservative_candidate,age,0.1366903986919073,6,0.05066699248683653,False
hungary,switzerland,3,conservative_candidate,sex,0.2201647204384813,5,0.08160839636927204,False
hungary,switzerland,3,conservative_candidate,cp,0.3322658483439596,3,0.12316089061690967,True
hungary,switzerland,3,conservative_candidate,trestbps,0.0919326472349797,7,0.034076649064785275,False
hungary,switzerland,3,conservative_candidate,restecg,0.0741763525951002,8,0.02749492821443784,False
hungary,switzerland,3,conservative_candidate,thalach,0.3312989150597979,4,0.12280247772242162,False
hungary,switzerland,3,conservative_candidate,exang,0.6993689798727268,2,0.2592349074100395,True
hungary,switzerland,3,conservative_candidate,oldpeak,0.8119216052875892,1,0.3009547581152975,True
hungary,switzerland,3,entropy_sfda,age,0.1353605484023947,6,0.045911575100339864,False
hungary,switzerland,3,entropy_sfda,sex,0.2340047885323079,5,0.07936971702125681,False
hungary,switzerland,3,entropy_sfda,cp,0.3619364884697261,4,0.12276157616126462,False
hungary,switzerland,3,entropy_sfda,trestbps,0.1075123510800483,7,0.036466026763957896,False
hungary,switzerland,3,entropy_sfda,restecg,0.0858897302210769,8,0.029132068730028434,False
hungary,switzerland,3,entropy_sfda,thalach,0.3644237181671509,3,0.12360519444142737,True
hungary,switzerland,3,entropy_sfda,exang,0.7697712118790402,2,0.2610909103234613,True
hungary,switzerland,3,entropy_sfda,oldpeak,0.8893892171118802,1,0.3016629314582636,True
hungary,switzerland,3,pseudo_label_sfda,age,0.1295790540213446,6,0.04601330126126593,False
hungary,switzerland,3,pseudo_label_sfda,sex,0.2257730283176269,5,0.08017161760523472,False
hungary,switzerland,3,pseudo_label_sfda,cp,0.3504437843438039,3,0.12444199061287634,True
hungary,switzerland,3,pseudo_label_sfda,trestbps,0.1007198916759523,7,0.03576546189266257,False
hungary,switzerland,3,pseudo_label_sfda,restecg,0.0784133096103465,8,0.027844432614853514,False
hungary,switzerland,3,pseudo_label_sfda,thalach,0.3501805399726259,4,0.12434851298527803,False
hungary,switzerland,3,pseudo_label_sfda,exang,0.7263932912572613,2,0.2579410198447444,True
hungary,switzerland,3,pseudo_label_sfda,oldpeak,0.8546187540940274,1,0.30347366318308444,True
hungary,switzerland,3,reliability_gated_sfda,age,0.1405601790099124,6,0.05077793319435968,False
hungary,switzerland,3,reliability_gated_sfda,sex,0.2248496011853581,5,0.08122782788262788,False
hungary,switzerland,3,reliability_gated_sfda,cp,0.339081665297109,3,0.12249462308008735,True
hungary,switzerland,3,reliability_gated_sfda,trestbps,0.0943542030371149,7,0.03408583748379971,False
hungary,switzerland,3,reliability_gated_sfda,restecg,0.0767840298502686,8,0.02773854135356289,False
hungary,switzerland,3,reliability_gated_sfda,thalach,0.3362573199617729,4,0.12147431690400184,False
hungary,switzerland,3,reliability_gated_sfda,exang,0.7202918455610431,2,0.2602083425901257,True
hungary,switzerland,3,reliability_gated_sfda,oldpeak,0.8359562527327761,1,0.30199257751143505,True
hungary,switzerland,3,source_only,age,0.138216390936518,6,0.051082316987903276,False
hungary,switzerland,3,source_only,sex,0.2211242213814966,5,0.08172357485083577,False
hungary,switzerland,3,source_only,cp,0.3327950258917331,3,0.12299511577036448,True
hungary,switzerland,3,source_only,trestbps,0.0912841140667385,7,0.03373698314014542,False
hungary,switzerland,3,source_only,restecg,0.0735501579060578,8,0.027182828716698335,False
hungary,switzerland,3,source_only,thalach,0.3309002701813976,4,0.12229484779813497,False
hungary,switzerland,3,source_only,exang,0.7020718044624096,2,0.2594732377311887,True
hungary,switzerland,3,source_only,oldpeak,0.8158160756243681,1,0.301511095004729,True
hungary,switzerland,4,conservative_candidate,age,0.0808390086569739,8,0.02881821546043444,False
hungary,switzerland,4,conservative_candidate,sex,0.2086496230790285,5,0.0743812905863876,False
hungary,switzerland,4,conservative_candidate,cp,0.4003885303826518,3,0.14273409741348367,True
hungary,switzerland,4,conservative_candidate,trestbps,0.1406680136290568,7,0.05014659621019202,False
hungary,switzerland,4,conservative_candidate,restecg,0.1772363359171034,6,0.06318279999635287,False
hungary,switzerland,4,conservative_candidate,thalach,0.2607010736024174,4,0.09293705891076522,False
hungary,switzerland,4,conservative_candidate,exang,0.5923022251061307,2,0.2111492140289957,True
hungary,switzerland,4,conservative_candidate,oldpeak,0.9443510165816642,1,0.3366507273933885,True
hungary,switzerland,4,entropy_sfda,age,0.0824049516340596,8,0.02641976642782305,False
hungary,switzerland,4,entropy_sfda,sex,0.2210316104015592,5,0.07086471630863932,False
hungary,switzerland,4,entropy_sfda,cp,0.4373087819544523,3,0.14020511688883874,True
hungary,switzerland,4,entropy_sfda,trestbps,0.1799070223298953,7,0.05767980460431978,False
hungary,switzerland,4,entropy_sfda,restecg,0.1961821994395941,6,0.06289777232692897,False
hungary,switzerland,4,entropy_sfda,thalach,0.2961498421230694,4,0.09494829499170854,False
hungary,switzerland,4,entropy_sfda,exang,0.662081218286743,2,0.21226917553525357,True
hungary,switzerland,4,entropy_sfda,oldpeak,1.043998725106561,1,0.334715352916488,True
hungary,switzerland,4,pseudo_label_sfda,age,0.0767959392917289,8,0.025885928793834036,False
hungary,switzerland,4,pseudo_label_sfda,sex,0.2165755080021312,5,0.07300201326185757,False
hungary,switzerland,4,pseudo_label_sfda,cp,0.422158387430936,3,0.1422986951854885,True
hungary,switzerland,4,pseudo_label_sfda,trestbps,0.161837989358398,7,0.05455140867220255,False
hungary,switzerland,4,pseudo_label_sfda,restecg,0.1893837398866464,6,0.06383637013400931,False
hungary,switzerland,4,pseudo_label_sfda,thalach,0.2809406699446158,4,0.09469784788818397,False
hungary,switzerland,4,pseudo_label_sfda,exang,0.6225222740473786,2,0.20983618935046552,True
hungary,switzerland,4,pseudo_label_sfda,oldpeak,0.9964914543145312,1,0.3358915467139585,True
hungary,switzerland,4,reliability_gated_sfda,age,0.0831741183916697,8,0.028910776463541246,False
hungary,switzerland,4,reliability_gated_sfda,sex,0.2124504280301204,5,0.07384637136084908,False
hungary,switzerland,4,reliability_gated_sfda,cp,0.4095386488749304,3,0.14235294055115183,True
hungary,switzerland,4,reliability_gated_sfda,trestbps,0.1465098405705492,7,0.050925856893343904,False
hungary,switzerland,4,reliability_gated_sfda,restecg,0.1816460643525848,6,0.06313897716655058,False
hungary,switzerland,4,reliability_gated_sfda,thalach,0.2654160233063063,4,0.09225686389023635,False
hungary,switzerland,4,reliability_gated_sfda,exang,0.6108009173739247,2,0.21231038125066648,True
hungary,switzerland,4,reliability_gated_sfda,oldpeak,0.967388364660546,1,0.33625783242366053,True
hungary,switzerland,4,source_only,age,0.081416625379986,8,0.02896678565274548,False
hungary,switzerland,4,source_only,sex,0.2096065063904062,5,0.07457477773973499,False
hungary,switzerland,4,source_only,cp,0.4010896060447307,3,0.14270152553753315,True
hungary,switzerland,4,source_only,trestbps,0.1403634811285883,7,0.04993917215739189,False
hungary,switzerland,4,source_only,restecg,0.1770104569822125,6,0.06297760367452798,False
hungary,switzerland,4,source_only,thalach,0.2618617276941252,4,0.09316638341826879,False
hungary,switzerland,4,source_only,exang,0.5933984892397393,2,0.21112207444421935,True
hungary,switzerland,4,source_only,oldpeak,0.9459420926566048,1,0.3365516773755784,True
hungary,switzerland,5,conservative_candidate,age,0.0940653952150946,7,0.03738276664647151,False
hungary,switzerland,5,conservative_candidate,sex,0.2032429585621381,5,0.08077129825578702,False
hungary,switzerland,5,conservative_candidate,cp,0.3200733905612695,3,0.127201175753704,True
hungary,switzerland,5,conservative_candidate,trestbps,0.0619701521643399,8,0.024627714922247034,False
hungary,switzerland,5,conservative_candidate,restecg,0.1207937599749898,6,0.04800495369385657,False
hungary,switzerland,5,conservative_candidate,thalach,0.3074406120032678,4,0.12218075127294291,False
hungary,switzerland,5,conservative_candidate,exang,0.5957177929519638,2,0.2367457149374812,True
hungary,switzerland,5,conservative_candidate,oldpeak,0.8129729200078826,1,0.3230856245175099,True
hungary,switzerland,5,entropy_sfda,age,0.086841343438283,7,0.0316665251670946,False
hungary,switzerland,5,entropy_sfda,sex,0.2150476073135898,5,0.07841668725402565,False
hungary,switzerland,5,entropy_sfda,cp,0.3471655735700595,3,0.12659324392439966,True
hungary,switzerland,5,entropy_sfda,trestbps,0.0604091259978362,8,0.022028069039399138,False
hungary,switzerland,5,entropy_sfda,restecg,0.1348206072305594,6,0.04916206938856977,False
hungary,switzerland,5,entropy_sfda,thalach,0.3451289902100475,4,0.12585060780580323,False
hungary,switzerland,5,entropy_sfda,exang,0.6641271396017656,2,0.24217265587670272,True
hungary,switzerland,5,entropy_sfda,oldpeak,0.8888300805072474,1,0.3241101415440053,True
hungary,switzerland,5,pseudo_label_sfda,age,0.0908890382341313,7,0.034860353358915935,False
hungary,switzerland,5,pseudo_label_sfda,sex,0.2080570940852044,5,0.07979998423963702,False
hungary,switzerland,5,pseudo_label_sfda,cp,0.3323350978666932,3,0.12746662491200433,True
hungary,switzerland,5,pseudo_label_sfda,trestbps,0.0614704825722316,8,0.023576910761130342,False
hungary,switzerland,5,pseudo_label_sfda,restecg,0.1271468581687621,6,0.04876698544021487,False
hungary,switzerland,5,pseudo_label_sfda,thalach,0.3200839996580186,4,0.12276773469502325,False
hungary,switzerland,5,pseudo_label_sfda,exang,0.6195589317296578,2,0.237630892640007,True
hungary,switzerland,5,pseudo_label_sfda,oldpeak,0.8476907680628867,1,0.3251305139530672,True
hungary,switzerland,5,reliability_gated_sfda,age,0.0955188292669268,7,0.03709681656920766,False
hungary,switzerland,5,reliability_gated_sfda,sex,0.2063807149321158,5,0.08015244307343633,False
hungary,switzerland,5,reliability_gated_sfda,cp,0.3266000960294793,3,0.1268422566197247,True
hungary,switzerland,5,reliability_gated_sfda,trestbps,0.0612421562639396,8,0.0237847244848169,False
hungary,switzerland,5,reliability_gated_sfda,restecg,0.1235561524425553,6,0.04798572133196752,False
hungary,switzerland,5,reliability_gated_sfda,thalach,0.3136061295049219,4,0.12179576687139573,False
hungary,switzerland,5,reliability_gated_sfda,exang,0.613324604746772,2,0.2381979609077009,True
hungary,switzerland,5,reliability_gated_sfda,oldpeak,0.8346237731885499,1,0.3241443101417502,True
hungary,switzerland,5,source_only,age,0.0958278496121245,7,0.03791131725080243,False
hungary,switzerland,5,source_only,sex,0.2043787176376284,5,0.08085610221907726,False
hungary,switzerland,5,source_only,cp,0.3212485046057803,3,0.1270920095123858,True
hungary,switzerland,5,source_only,trestbps,0.0623781480343739,8,0.024677980036290608,False
hungary,switzerland,5,source_only,restecg,0.1205161937590067,6,0.04767849507163313,False
hungary,switzerland,5,source_only,thalach,0.3075469735843258,4,0.12167142362343406,False
hungary,switzerland,5,source_only,exang,0.5970079866124363,2,0.23618769776571533,True
hungary,switzerland,5,source_only,oldpeak,0.8187801425791974,1,0.3239249745206614,True
hungary,switzerland,6,conservative_candidate,age,0.0710795653484216,8,0.03062362551869744,False
hungary,switzerland,6,conservative_candidate,sex,0.1551180885597397,5,0.06683043476622919,False
hungary,switzerland,6,conservative_candidate,cp,0.3148568508006538,3,0.13565162144213544,True
hungary,switzerland,6,conservative_candidate,trestbps,0.1160118446450649,7,0.04998206261854504,False
hungary,switzerland,6,conservative_candidate,restecg,0.1460527494560162,6,0.06292476161598395,False
hungary,switzerland,6,conservative_candidate,thalach,0.1694028152993357,4,0.0729848072664829,False
hungary,switzerland,6,conservative_candidate,exang,0.609510685491368,2,0.26259905910562403,True
hungary,switzerland,6,conservative_candidate,oldpeak,0.7390369715063068,1,0.318403627666302,True
hungary,switzerland,6,entropy_sfda,age,0.0701921635981255,8,0.027070105098425272,False
hungary,switzerland,6,entropy_sfda,sex,0.1666591450935456,5,0.06427327983684586,False
hungary,switzerland,6,entropy_sfda,cp,0.3521911177151965,3,0.13582499929574532,True
hungary,switzerland,6,entropy_sfda,trestbps,0.1327733920964723,7,0.05120499916349517,False
hungary,switzerland,6,entropy_sfda,restecg,0.1610115111930432,6,0.062095229818052704,False
hungary,switzerland,6,entropy_sfda,thalach,0.2000712619529378,4,0.07715889937869409,False
hungary,switzerland,6,entropy_sfda,exang,0.6826693940816856,2,0.26327628752225896,True
hungary,switzerland,6,entropy_sfda,oldpeak,0.8274091505937702,1,0.3190961998864826,True
hungary,switzerland,6,pseudo_label_sfda,age,0.0724113843312895,8,0.029746390686169955,False
hungary,switzerland,6,pseudo_label_sfda,sex,0.1600865564399921,5,0.06576310196862106,False
hungary,switzerland,6,pseudo_label_sfda,cp,0.3309447100123734,3,0.13595114539600697,True
hungary,switzerland,6,pseudo_label_sfda,trestbps,0.1215549180278463,7,0.04993441452436446,False
hungary,switzerland,6,pseudo_label_sfda,restecg,0.1517613270164778,6,0.06234312140519405,False
hungary,switzerland,6,pseudo_label_sfda,thalach,0.1786930218596405,4,0.07340658503102694,False
hungary,switzerland,6,pseudo_label_sfda,exang,0.6410863524287697,2,0.26335644980450307,True
hungary,switzerland,6,pseudo_label_sfda,oldpeak,0.7777531736840805,1,0.3194987911841135,True
hungary,switzerland,6,reliability_gated_sfda,age,0.0719821216809237,8,0.030121703140956094,False
hungary,switzerland,6,reliability_gated_sfda,sex,0.158824699362967,5,0.06646192601642552,False
hungary,switzerland,6,reliability_gated_sfda,cp,0.3247010066887207,3,0.1358746742198241,True
hungary,switzerland,6,reliability_gated_sfda,trestbps,0.1170827952929113,7,0.048994571434826724,False
hungary,switzerland,6,reliability_gated_sfda,restecg,0.1484002871065007,6,0.06209971712238792,False
hungary,switzerland,6,reliability_gated_sfda,thalach,0.1754706667970896,4,0.07342761246516968,False
hungary,switzerland,6,reliability_gated_sfda,exang,0.6312692444620094,2,0.26416149371072944,True
hungary,switzerland,6,reliability_gated_sfda,oldpeak,0.761978729363016,1,0.3188583018896806,True
hungary,switzerland,6,source_only,age,0.0719229322583679,8,0.030870824080254634,False
hungary,switzerland,6,source_only,sex,0.156160961151335,5,0.06702754474176018,False
hungary,switzerland,6,source_only,cp,0.3152744402961424,3,0.13532237184685403,True
hungary,switzerland,6,source_only,trestbps,0.1140210776953253,7,0.04894022699643069,False
hungary,switzerland,6,source_only,restecg,0.1450518512065764,6,0.06225928282550676,False
hungary,switzerland,6,source_only,thalach,0.1704675873184985,4,0.07316824737610095,False
hungary,switzerland,6,source_only,exang,0.6145612161939706,2,0.263782504355057,True
hungary,switzerland,6,source_only,oldpeak,0.7423427299240498,1,0.3186289977780357,True
hungary,switzerland,7,conservative_candidate,age,0.0653125354130487,8,0.02524943833657971,False
hungary,switzerland,7,conservative_candidate,sex,0.1979330151940022,5,0.07651972826208445,False
hungary,switzerland,7,conservative_candidate,cp,0.3560741066384201,3,0.1376561351042462,True
hungary,switzerland,7,conservative_candidate,trestbps,0.0863998403708351,7,0.033401665207715744,False
hungary,switzerland,7,conservative_candidate,restecg,0.1609202356804616,6,0.06221080750005487,False
hungary,switzerland,7,conservative_candidate,thalach,0.3127767401889375,4,0.12091763035337887,False
hungary,switzerland,7,conservative_candidate,exang,0.6083194579535384,2,0.23517268998059387,True
hungary,switzerland,7,conservative_candidate,oldpeak,0.798956673062308,1,0.3088719052553462,True
hungary,switzerland,7,entropy_sfda,age,0.0617075162349132,8,0.021635303330254495,False
hungary,switzerland,7,entropy_sfda,sex,0.2121709710085476,5,0.074389370950688,False
hungary,switzerland,7,entropy_sfda,cp,0.3840717725112652,3,0.1346595974992156,True
hungary,switzerland,7,entropy_sfda,trestbps,0.0915947546046681,7,0.03211408302010078,False
hungary,switzerland,7,entropy_sfda,restecg,0.1813390130263268,6,0.06357936264194981,False
hungary,switzerland,7,entropy_sfda,thalach,0.3560087471988385,4,0.12482040606769525,False
hungary,switzerland,7,entropy_sfda,exang,0.6768437459216854,2,0.2373085264760044,True
hungary,switzerland,7,entropy_sfda,oldpeak,0.8884313133795086,1,0.3114933500140917,True
hungary,switzerland,7,pseudo_label_sfda,age,0.0633303882701821,8,0.023275933822241825,False
hungary,switzerland,7,pseudo_label_sfda,sex,0.2064108320103004,5,0.0758625518853433,False
hungary,switzerland,7,pseudo_label_sfda,cp,0.372642891386946,3,0.13695812573022242,True
hungary,switzerland,7,pseudo_label_sfda,trestbps,0.0903431657130064,7,0.03320398948853179,False
hungary,switzerland,7,pseudo_label_sfda,restecg,0.1686105771905721,6,0.06196975486198875,False
hungary,switzerland,7,pseudo_label_sfda,thalach,0.3288754518181691,4,0.12087219834532008,False
hungary,switzerland,7,pseudo_label_sfda,exang,0.6420143056448883,2,0.23596069595169064,True
hungary,switzerland,7,pseudo_label_sfda,oldpeak,0.8486251259843508,1,0.3118967499146612,True
hungary,switzerland,7,reliability_gated_sfda,age,0.0673424112459084,8,0.025308146075848484,False
hungary,switzerland,7,reliability_gated_sfda,sex,0.2014944114858602,5,0.07572419675811809,False
hungary,switzerland,7,reliability_gated_sfda,cp,0.3640789305622521,3,0.13682555446613903,True
hungary,switzerland,7,reliability_gated_sfda,trestbps,0.0886472420827523,7,0.03331477608752403,False
hungary,switzerland,7,reliability_gated_sfda,restecg,0.1644089618305925,6,0.06178700680902691,False
hungary,switzerland,7,reliability_gated_sfda,thalach,0.3187272889725107,4,0.11978182305085744,False
hungary,switzerland,7,reliability_gated_sfda,exang,0.6316317748126945,2,0.23737536163851503,True
hungary,switzerland,7,reliability_gated_sfda,oldpeak,0.8245676099890615,1,0.309883135113971,True
hungary,switzerland,7,source_only,age,0.0662477866602622,8,0.025450251586646908,False
hungary,switzerland,7,source_only,sex,0.1989794790373766,5,0.07644146404545142,False
hungary,switzerland,7,source_only,cp,0.3583081370221126,3,0.13765036829865054,True
hungary,switzerland,7,source_only,trestbps,0.0874944932065994,7,0.03361254732891797,False
hungary,switzerland,7,source_only,restecg,0.1610916065996488,6,0.061886171948404615,False
hungary,switzerland,7,source_only,thalach,0.3126815161298642,4,0.12012209997006024,False
hungary,switzerland,7,source_only,exang,0.614260359629383,2,0.2359789131136254,True
hungary,switzerland,7,source_only,oldpeak,0.8039673396908655,1,0.3088581837082429,True
hungary,switzerland,8,conservative_candidate,age,0.1407600222874765,6,0.05420140344624604,False
hungary,switzerland,8,conservative_candidate,sex,0.1927330631581021,5,0.07421427152326143,False
hungary,switzerland,8,conservative_candidate,cp,0.4260766604449482,3,0.164066136084013,True
hungary,switzerland,8,conservative_candidate,trestbps,0.0811837181724357,8,0.03126080395855421,False
hungary,switzerland,8,conservative_candidate,restecg,0.1025713959530637,7,0.039496396233458735,False
hungary,switzerland,8,conservative_candidate,thalach,0.2808153565397592,4,0.10813145796913604,False
hungary,switzerland,8,conservative_candidate,exang,0.548681900208074,2,0.21127681392443665,True
hungary,switzerland,8,conservative_candidate,oldpeak,0.8241590191042278,1,0.317352716860894,True
hungary,switzerland,8,entropy_sfda,age,0.1450752782355236,6,0.05056758253949246,False
hungary,switzerland,8,entropy_sfda,sex,0.2071761217770901,5,0.07221351401557857,False
hungary,switzerland,8,entropy_sfda,cp,0.4680403156831389,3,0.16314059557889507,True
hungary,switzerland,8,entropy_sfda,trestbps,0.0872916204162032,8,0.030426453590778245,False
hungary,switzerland,8,entropy_sfda,restecg,0.1122076395175957,7,0.03911120586414471,False
hungary,switzerland,8,entropy_sfda,thalach,0.3176094618554007,4,0.11070626831142667,False
hungary,switzerland,8,entropy_sfda,exang,0.6146091311200848,2,0.2142287669232293,True
hungary,switzerland,8,entropy_sfda,oldpeak,0.9169288094995952,1,0.319605613176455,True
hungary,switzerland,8,pseudo_label_sfda,age,0.1396410153928871,6,0.05138072424221595,False
hungary,switzerland,8,pseudo_label_sfda,sex,0.199746652529007,5,0.07349651277615538,False
hungary,switzerland,8,pseudo_label_sfda,cp,0.444195005859696,3,0.163440956381137,True
hungary,switzerland,8,pseudo_label_sfda,trestbps,0.0851172375217329,8,0.031318773335030636,False
hungary,switzerland,8,pseudo_label_sfda,restecg,0.107202816326067,7,0.0394451324214529,False
hungary,switzerland,8,pseudo_label_sfda,thalach,0.2956016011350614,4,0.10876621249670276,False
hungary,switzerland,8,pseudo_label_sfda,exang,0.5747510935596334,2,0.21147889366897152,True
hungary,switzerland,8,pseudo_label_sfda,oldpeak,0.8715150539074245,1,0.3206727946783339,True
hungary,switzerland,8,reliability_gated_sfda,age,0.1434555491053961,6,0.05382406086219888,False
hungary,switzerland,8,reliability_gated_sfda,sex,0.196285293869129,5,0.07364561126739427,False
hungary,switzerland,8,reliability_gated_sfda,cp,0.4350040802424642,3,0.16321213251272224,True
hungary,switzerland,8,reliability_gated_sfda,trestbps,0.0826812295959618,8,0.031021731551596644,False
hungary,switzerland,8,reliability_gated_sfda,restecg,0.1055337487368813,7,0.03959592326997855,False
hungary,switzerland,8,reliability_gated_sfda,thalach,0.2856742699225471,4,0.10718406772664209,False
hungary,switzerland,8,reliability_gated_sfda,exang,0.5667016703665742,2,0.212624644963092,True
hungary,switzerland,8,reliability_gated_sfda,oldpeak,0.8499321964213519,1,0.3188918278463754,True
hungary,switzerland,8,source_only,age,0.1425355708688437,6,0.05473650736688507,False
hungary,switzerland,8,source_only,sex,0.1935812779740104,5,0.07433907889326437,False
hungary,switzerland,8,source_only,cp,0.4265888746226923,3,0.16381865197636916,True
hungary,switzerland,8,source_only,trestbps,0.0814513811139802,8,0.03127895791353565,False
hungary,switzerland,8,source_only,restecg,0.1026669108723876,7,0.03942614527059189,False
hungary,switzerland,8,source_only,thalach,0.279092742779436,4,0.10717719007312022,False
hungary,switzerland,8,source_only,exang,0.5511087812180442,2,0.21163678427228544,True
hungary,switzerland,8,source_only,oldpeak,0.8270056223027348,1,0.31758668423394826,True
hungary,switzerland,9,conservative_candidate,age,0.1685942379810764,6,0.058821882200122654,False
hungary,switzerland,9,conservative_candidate,sex,0.2634740337101001,4,0.09192507857490483,False
hungary,switzerland,9,conservative_candidate,cp,0.4319804392938291,3,0.15071631638888483,True
hungary,switzerland,9,conservative_candidate,trestbps,0.1096848378495532,7,0.03826861871667377,False
hungary,switzerland,9,conservative_candidate,restecg,0.0948034078770078,8,0.033076544946556596,False
hungary,switzerland,9,conservative_candidate,thalach,0.2428980233844339,5,0.08474618758777219,False
hungary,switzerland,9,conservative_candidate,exang,0.5751004067620611,2,0.20065032343274747,True
hungary,switzerland,9,conservative_candidate,oldpeak,0.9796469193709092,1,0.34179504815233763,True
hungary,switzerland,9,entropy_sfda,age,0.1706989673165059,6,0.05462832228246924,False
hungary,switzerland,9,entropy_sfda,sex,0.2795194630486023,4,0.0894538470366322,False
hungary,switzerland,9,entropy_sfda,cp,0.4663110791097563,3,0.1492322555546624,True
hungary,switzerland,9,entropy_sfda,trestbps,0.1221989129690786,7,0.03910698292547163,False
hungary,switzerland,9,entropy_sfda,restecg,0.1079744117725375,8,0.034554754825396425,False
hungary,switzerland,9,entropy_sfda,thalach,0.2700669815445818,5,0.08642879530908856,False
hungary,switzerland,9,entropy_sfda,exang,0.6367419662514353,2,0.20377478487412662,True
hungary,switzerland,9,entropy_sfda,oldpeak,1.0712220590501054,1,0.34282025719215287,True
hungary,switzerland,9,pseudo_label_sfda,age,0.1647038586187835,6,0.054192256424285185,False
hungary,switzerland,9,pseudo_label_sfda,sex,0.2770882698963302,4,0.09116992583117889,False
hungary,switzerland,9,pseudo_label_sfda,cp,0.4614962624718162,3,0.15184540304309357,True
hungary,switzerland,9,pseudo_label_sfda,trestbps,0.1206650974577277,7,0.03970225080169916,False
hungary,switzerland,9,pseudo_label_sfda,restecg,0.1019788336037654,8,0.033553938243159685,False
hungary,switzerland,9,pseudo_label_sfda,thalach,0.2624649229171739,5,0.08635842854191407,False
hungary,switzerland,9,pseudo_label_sfda,exang,0.6116620489979178,2,0.20125422004241125,True
hungary,switzerland,9,pseudo_label_sfda,oldpeak,1.0391915046980953,1,0.34192357707225823,True
hungary,switzerland,9,reliability_gated_sfda,age,0.1745118937621695,6,0.059513854462001095,False
hungary,switzerland,9,reliability_gated_sfda,sex,0.2674728603300078,4,0.09121636662718968,False
hungary,switzerland,9,reliability_gated_sfda,cp,0.4401069898683489,3,0.15008984647447726,True
hungary,switzerland,9,reliability_gated_sfda,trestbps,0.1099922138690281,7,0.03751068461314059,False
hungary,switzerland,9,reliability_gated_sfda,restecg,0.0968833531633282,8,0.033040165089325814,False
hungary,switzerland,9,reliability_gated_sfda,thalach,0.2449783370148663,5,0.0835450511775167,False
hungary,switzerland,9,reliability_gated_sfda,exang,0.5953311698465813,2,0.20302600490501851,True
hungary,switzerland,9,reliability_gated_sfda,oldpeak,1.0030134083415434,1,0.3420580266513303,True
hungary,switzerland,9,source_only,age,0.1707853006835027,6,0.05942844426384161,False
hungary,switzerland,9,source_only,sex,0.2645822018702,4,0.09206710749765673,False
hungary,switzerland,9,source_only,cp,0.4335433754804842,3,0.15086080723918244,True
hungary,switzerland,9,source_only,trestbps,0.109334305110501,7,0.03804523944028695,False
hungary,switzerland,9,source_only,restecg,0.0935566958063187,8,0.032555078569311946,False
hungary,switzerland,9,source_only,thalach,0.243689237658419,5,0.08479694809753803,False
hungary,switzerland,9,source_only,exang,0.5773934354869331,2,0.20091655114237716,True
hungary,switzerland,9,source_only,oldpeak,0.9809127145000104,1,0.34132982374980514,True
hungary,va_long_beach,0,conservative_candidate,age,0.0327507481729844,8,0.011962200599467862,False
hungary,va_long_beach,0,conservative_candidate,sex,0.0725752468354766,7,0.026508086368481745,False
hungary,va_long_beach,0,conservative_candidate,cp,0.4978696714001125,3,0.18184674286592303,True
hungary,va_long_beach,0,conservative_candidate,trestbps,0.0881504430697532,6,0.03219692195618842,False
hungary,va_long_beach,0,conservative_candidate,restecg,0.1302339598216348,5,0.0475679133808158,False
hungary,va_long_beach,0,conservative_candidate,thalach,0.2316546219214797,4,0.08461177871669091,False
hungary,va_long_beach,0,conservative_candidate,exang,0.6734708507359027,2,0.24598501908553586,True
hungary,va_long_beach,0,conservative_candidate,oldpeak,1.0111475729988888,1,0.36932133702689635,True
hungary,va_long_beach,0,entropy_sfda,age,0.02930182674987,8,0.00913340132949651,False
hungary,va_long_beach,0,entropy_sfda,sex,0.0781775407798704,7,0.024367997974692947,False
hungary,va_long_beach,0,entropy_sfda,cp,0.5719427627435653,3,0.17827498722963275,True
hungary,va_long_beach,0,entropy_sfda,trestbps,0.11139577288297,6,0.03472214578410622,False
hungary,va_long_beach,0,entropy_sfda,restecg,0.1372981449321377,5,0.042795934539001206,False
hungary,va_long_beach,0,entropy_sfda,thalach,0.2900976191973313,4,0.09042364503340845,False
hungary,va_long_beach,0,entropy_sfda,exang,0.8004674649238587,2,0.24950630794329937,True
hungary,va_long_beach,0,entropy_sfda,oldpeak,1.1895241894200443,1,0.37077558016636253,True
hungary,va_long_beach,0,pseudo_label_sfda,age,0.0277279175046714,8,0.009214448112655088,False
hungary,va_long_beach,0,pseudo_label_sfda,sex,0.0777739477559225,7,0.025845576249733163,False
hungary,va_long_beach,0,pseudo_label_sfda,cp,0.5542362931201933,3,0.18418193736496546,True
hungary,va_long_beach,0,pseudo_label_sfda,trestbps,0.0980963619251269,6,0.032599052447665165,False
hungary,va_long_beach,0,pseudo_label_sfda,restecg,0.1323140294477343,5,0.043970152418300545,False
hungary,va_long_beach,0,pseudo_label_sfda,thalach,0.2786457590432837,4,0.09259861971542453,False
hungary,va_long_beach,0,pseudo_label_sfda,exang,0.7285473517328501,2,0.24210840100139647,True
hungary,va_long_beach,0,pseudo_label_sfda,oldpeak,1.111836660914123,1,0.3694818126898596,True
hungary,va_long_beach,0,reliability_gated_sfda,age,0.0330911995386122,8,0.011810976100994677,False
hungary,va_long_beach,0,reliability_gated_sfda,sex,0.0736395994678605,7,0.026283590849792357,False
hungary,va_long_beach,0,reliability_gated_sfda,cp,0.511677192557836,3,0.1826288311390148,True
hungary,va_long_beach,0,reliability_gated_sfda,trestbps,0.0905450230964924,6,0.03231750794070891,False
hungary,va_long_beach,0,reliability_gated_sfda,restecg,0.1344022835380746,5,0.04797112769922525,False
hungary,va_long_beach,0,reliability_gated_sfda,thalach,0.2375506289163604,4,0.08478703824663635,False
hungary,va_long_beach,0,reliability_gated_sfda,exang,0.6900881511718034,2,0.2463076218061933,True
hungary,va_long_beach,0,reliability_gated_sfda,oldpeak,1.0307387552782894,1,0.36789330621743427,True
hungary,va_long_beach,0,source_only,age,0.0339044986554653,8,0.012389053414239565,False
hungary,va_long_beach,0,source_only,sex,0.0731921478197909,7,0.02674516553266117,False
hungary,va_long_beach,0,source_only,cp,0.4987122284973156,3,0.1822345907536882,True
hungary,va_long_beach,0,source_only,trestbps,0.0888233448308892,6,0.03245696610127928,False
hungary,va_long_beach,0,source_only,restecg,0.1328518474474549,5,0.04854543495636116,False
hungary,va_long_beach,0,source_only,thalach,0.2301514525001403,4,0.08409971394546571,False
hungary,va_long_beach,0,source_only,exang,0.6723279658704996,2,0.2456755714249137,True
hungary,va_long_beach,0,source_only,oldpeak,1.0066861615981906,1,0.3678535038713913,True
hungary,va_long_beach,1,conservative_candidate,age,0.0949693577963625,6,0.03756372481505241,False
hungary,va_long_beach,1,conservative_candidate,sex,0.0590143609474034,7,0.023342257610268313,False
hungary,va_long_beach,1,conservative_candidate,cp,0.5796186502402406,2,0.2292595841490511,True
hungary,va_long_beach,1,conservative_candidate,trestbps,0.0389109178306534,8,0.01539063802901449,False
hungary,va_long_beach,1,conservative_candidate,restecg,0.1155725666058424,5,0.04571301932419154,False
hungary,va_long_beach,1,conservative_candidate,thalach,0.1811110202630516,4,0.07163578531006162,False
hungary,va_long_beach,1,conservative_candidate,exang,0.5355965500324964,3,0.21184729352863688,True
hungary,va_long_beach,1,conservative_candidate,oldpeak,0.9234265082515776,1,0.36524769723372363,True
hungary,va_long_beach,1,entropy_sfda,age,0.0945933804084779,6,0.03163167785712019,False
hungary,va_long_beach,1,entropy_sfda,sex,0.0653215442982036,7,0.021843283720783462,False
hungary,va_long_beach,1,entropy_sfda,cp,0.6659494867234025,2,0.22269105451337962,True
hungary,va_long_beach,1,entropy_sfda,trestbps,0.0475014793366426,8,0.015884319659842334,False
hungary,va_long_beach,1,entropy_sfda,restecg,0.1282655112993688,5,0.04289151435417794,False
hungary,va_long_beach,1,entropy_sfda,thalach,0.2344154608243843,4,0.07838766634098152,False
hungary,va_long_beach,1,entropy_sfda,exang,0.649754134491086,3,0.2172753884024631,True
hungary,va_long_beach,1,entropy_sfda,oldpeak,1.1046625763736666,1,0.3693950951512518,True
hungary,va_long_beach,1,pseudo_label_sfda,age,0.0956243796707712,6,0.03412959810905774,False
hungary,va_long_beach,1,pseudo_label_sfda,sex,0.0645708944748184,7,0.023046201037386093,False
hungary,va_long_beach,1,pseudo_label_sfda,cp,0.6477473916754388,2,0.2311895588780539,True
hungary,va_long_beach,1,pseudo_label_sfda,trestbps,0.0468131800624541,8,0.016708239334355387,False
hungary,va_long_beach,1,pseudo_label_sfda,restecg,0.131374116803272,5,0.04688914923019988,False
hungary,va_long_beach,1,pseudo_label_sfda,thalach,0.2104505788057576,4,0.07511257799724626,False
hungary,va_long_beach,1,pseudo_label_sfda,exang,0.5877450486272573,3,0.20977393389949833,True
hungary,va_long_beach,1,pseudo_label_sfda,oldpeak,1.0174765103682877,1,0.36315074151420235,True
hungary,va_long_beach,1,reliability_gated_sfda,age,0.0949201310955686,6,0.036584276478388425,False
hungary,va_long_beach,1,reliability_gated_sfda,sex,0.0600256731741501,7,0.02313519585211584,False
hungary,va_long_beach,1,reliability_gated_sfda,cp,0.5959624579552292,2,0.2296968523001958,True
hungary,va_long_beach,1,reliability_gated_sfda,trestbps,0.0393872651954006,8,0.015180705957784051,False
hungary,va_long_beach,1,reliability_gated_sfda,restecg,0.117012122846645,5,0.045099009073583794,False
hungary,va_long_beach,1,reliability_gated_sfda,thalach,0.1876586051413323,4,0.07232769502948715,False
hungary,va_long_beach,1,reliability_gated_sfda,exang,0.5525112032145262,3,0.212949796660689,True
hungary,va_long_beach,1,reliability_gated_sfda,oldpeak,0.9470833809673788,1,0.365026468647756,True
hungary,va_long_beach,1,source_only,age,0.0941039715283841,6,0.03721581556806971,False
hungary,va_long_beach,1,source_only,sex,0.0593865214053221,7,0.023485914483248615,False
hungary,va_long_beach,1,source_only,cp,0.5816720180123229,2,0.23003703448290852,True
hungary,va_long_beach,1,source_only,trestbps,0.0382257396301428,8,0.015117343645792416,False
hungary,va_long_beach,1,source_only,restecg,0.114753983706214,5,0.045382389541589095,False
hungary,va_long_beach,1,source_only,thalach,0.1806077937467489,4,0.07142595825732626,False
hungary,va_long_beach,1,source_only,exang,0.5363764716684818,3,0.2121237554638727,True
hungary,va_long_beach,1,source_only,oldpeak,0.9234751201234758,1,0.3652117885571927,True
hungary,va_long_beach,2,conservative_candidate,age,0.0458157308973022,8,0.017179587409437227,False
hungary,va_long_beach,2,conservative_candidate,sex,0.0752405404113232,7,0.02821304856244767,False
hungary,va_long_beach,2,conservative_candidate,cp,0.5260491654216457,3,0.19725337655924674,True
hungary,va_long_beach,2,conservative_candidate,trestbps,0.0897901916562113,5,0.03366875123144297,False
hungary,va_long_beach,2,conservative_candidate,restecg,0.0756611194720607,6,0.02837075366929655,False
hungary,va_long_beach,2,conservative_candidate,thalach,0.3589994759438559,4,0.1346145255380569,False
hungary,va_long_beach,2,conservative_candidate,exang,0.5648471149802208,2,0.2118014968815556,True
hungary,va_long_beach,2,conservative_candidate,oldpeak,0.9304669302981348,1,0.3488984601485164,True
hungary,va_long_beach,2,entropy_sfda,age,0.0362592359498375,8,0.011608750756703291,False
hungary,va_long_beach,2,entropy_sfda,sex,0.0812698281835764,7,0.026019334238824944,False
hungary,va_long_beach,2,entropy_sfda,cp,0.5961606066970672,3,0.1908666774910983,True
hungary,va_long_beach,2,entropy_sfda,trestbps,0.1121747240691911,5,0.035913840399801396,False
hungary,va_long_beach,2,entropy_sfda,restecg,0.0819438789793639,6,0.02623513822588302,False
hungary,va_long_beach,2,entropy_sfda,thalach,0.4279544893885031,4,0.13701383585126595,False
hungary,va_long_beach,2,entropy_sfda,exang,0.6778558971732855,2,0.217022227664492,True
hungary,va_long_beach,2,entropy_sfda,oldpeak,1.109821295309812,1,0.3553201953719311,True
hungary,va_long_beach,2,pseudo_label_sfda,age,0.0370186304108937,8,0.01268751903671111,False
hungary,va_long_beach,2,pseudo_label_sfda,sex,0.0807235117256641,7,0.027666639212782534,False
hungary,va_long_beach,2,pseudo_label_sfda,cp,0.574274019459167,3,0.19682285577028422,True
hungary,va_long_beach,2,pseudo_label_sfda,trestbps,0.0964748872839845,5,0.033065160849924634,False
hungary,va_long_beach,2,pseudo_label_sfda,restecg,0.085633650470263,6,0.02934950749028258,False
hungary,va_long_beach,2,pseudo_label_sfda,thalach,0.402348944270052,4,0.1378983996210913,False
hungary,va_long_beach,2,pseudo_label_sfda,exang,0.6124946168065071,2,0.2099223289559844,True
hungary,va_long_beach,2,pseudo_label_sfda,oldpeak,1.0287519261427225,1,0.35258758906293924,True
hungary,va_long_beach,2,reliability_gated_sfda,age,0.0494578846762305,8,0.018068885360947706,False
hungary,va_long_beach,2,reliability_gated_sfda,sex,0.076467678179033,7,0.02793661152068699,False
hungary,va_long_beach,2,reliability_gated_sfda,cp,0.5409353534231923,3,0.19762468517754528,True
hungary,va_long_beach,2,reliability_gated_sfda,trestbps,0.0924866457493044,5,0.03378896227371223,False
hungary,va_long_beach,2,reliability_gated_sfda,restecg,0.0775406889503937,6,0.02832862401264253,False
hungary,va_long_beach,2,reliability_gated_sfda,thalach,0.3667192144459113,4,0.13397676606788908,False
hungary,va_long_beach,2,reliability_gated_sfda,exang,0.5817422240972518,2,0.2125330192677609,True
hungary,va_long_beach,2,reliability_gated_sfda,oldpeak,0.9518354598805308,1,0.3477424463188154,True
hungary,va_long_beach,2,source_only,age,0.0483102602517464,8,0.018096080711074658,False
hungary,va_long_beach,2,source_only,sex,0.0756708333501592,7,0.02834481744960708,False
hungary,va_long_beach,2,source_only,cp,0.5276236402174982,3,0.19763751900098092,True
hungary,va_long_beach,2,source_only,trestbps,0.0901152449601795,5,0.03375541215468243,False
hungary,va_long_beach,2,source_only,restecg,0.0766685764878638,6,0.028718552557940934,False
hungary,va_long_beach,2,source_only,thalach,0.3584396401839331,4,0.1342644942299298,False
hungary,va_long_beach,2,source_only,exang,0.5654590677469968,2,0.211809931791638,True
hungary,va_long_beach,2,source_only,oldpeak,0.9273659629933536,1,0.3473731921041462,True
hungary,va_long_beach,3,conservative_candidate,age,0.1007495458470657,5,0.03866071515450358,False
hungary,va_long_beach,3,conservative_candidate,sex,0.0802256794460117,8,0.030785073173896626,False
hungary,va_long_beach,3,conservative_candidate,cp,0.4124000778732443,3,0.15825065816727893,True
hungary,va_long_beach,3,conservative_candidate,trestbps,0.0865234961212263,6,0.0332017401129749,False
hungary,va_long_beach,3,conservative_candidate,restecg,0.0825743891519959,7,0.03168634569240017,False
hungary,va_long_beach,3,conservative_candidate,thalach,0.3084943796927109,4,0.1183788297980951,False
hungary,va_long_beach,3,conservative_candidate,exang,0.6518261872231961,2,0.2501258575669902,True
hungary,va_long_beach,3,conservative_candidate,oldpeak,0.8831990578770638,1,0.3389107803338604,True
hungary,va_long_beach,3,entropy_sfda,age,0.0968842877878341,6,0.03184582864585333,False
hungary,va_long_beach,3,entropy_sfda,sex,0.0885443159175337,8,0.02910448305559164,False
hungary,va_long_beach,3,entropy_sfda,cp,0.4661793018012758,3,0.1532329596716217,True
hungary,va_long_beach,3,entropy_sfda,trestbps,0.1120408768230117,5,0.0368277937125408,False
hungary,va_long_beach,3,entropy_sfda,restecg,0.0927942481759236,7,0.03050143417684625,False
hungary,va_long_beach,3,entropy_sfda,thalach,0.3655423261132091,4,0.12015362393642604,False
hungary,va_long_beach,3,entropy_sfda,exang,0.7783577203005553,2,0.2558458874172692,True
hungary,va_long_beach,3,entropy_sfda,oldpeak,1.0419482342991977,1,0.34248798938385094,True
hungary,va_long_beach,3,pseudo_label_sfda,age,0.0949941376736387,7,0.03258333968190786,False
hungary,va_long_beach,3,pseudo_label_sfda,sex,0.0860756974550895,8,0.02952428178433385,False
hungary,va_long_beach,3,pseudo_label_sfda,cp,0.4702364658652732,3,0.16129284262517132,True
hungary,va_long_beach,3,pseudo_label_sfda,trestbps,0.107324251391692,5,0.03681261417642619,False
hungary,va_long_beach,3,pseudo_label_sfda,restecg,0.0950918164441827,6,0.03261684386056866,False
hungary,va_long_beach,3,pseudo_label_sfda,thalach,0.3516340978816151,4,0.12061179284958534,False
hungary,va_long_beach,3,pseudo_label_sfda,exang,0.7214064222574234,2,0.2474450643036518,True
hungary,va_long_beach,3,pseudo_label_sfda,oldpeak,0.9886576480604709,1,0.3391132207183549,True
hungary,va_long_beach,3,reliability_gated_sfda,age,0.104147046621656,5,0.038977810555620815,False
hungary,va_long_beach,3,reliability_gated_sfda,sex,0.0815282618353375,8,0.030512561304701036,False
hungary,va_long_beach,3,reliability_gated_sfda,cp,0.423626913732096,3,0.1585455384990101,True
hungary,va_long_beach,3,reliability_gated_sfda,trestbps,0.0872840140076004,6,0.032666694571586365,False
hungary,va_long_beach,3,reliability_gated_sfda,restecg,0.0846685623709345,7,0.03168784224962187,False
hungary,va_long_beach,3,reliability_gated_sfda,thalach,0.3165867076790891,4,0.11848494140377602,False
hungary,va_long_beach,3,reliability_gated_sfda,exang,0.6694479870051145,2,0.25054591234948415,True
hungary,va_long_beach,3,reliability_gated_sfda,oldpeak,0.9046678367536516,1,0.33857869906619964,True
hungary,va_long_beach,3,source_only,age,0.1032652599364518,5,0.0396065130594828,False
hungary,va_long_beach,3,source_only,sex,0.080566670144908,8,0.030900661802594816,False
hungary,va_long_beach,3,source_only,cp,0.4133228312488791,3,0.15852646014463337,True
hungary,va_long_beach,3,source_only,trestbps,0.0843784661707467,6,0.03236264378153305,False
hungary,va_long_beach,3,source_only,restecg,0.0823301192995858,7,0.0315770177427964,False
hungary,va_long_beach,3,source_only,thalach,0.3082398905791342,4,0.11822279108374754,False
hungary,va_long_beach,3,source_only,exang,0.6527356142550707,2,0.2503511989055404,True
hungary,va_long_beach,3,source_only,oldpeak,0.8824409101903439,1,0.33845271347967165,True
hungary,va_long_beach,4,conservative_candidate,age,0.0638559780434297,7,0.02271314137507333,False
hungary,va_long_beach,4,conservative_candidate,sex,0.0489132284872903,8,0.01739810598449364,False
hungary,va_long_beach,4,conservative_candidate,cp,0.5817107468564063,2,0.2069105953363205,True
hungary,va_long_beach,4,conservative_candidate,trestbps,0.1283495315222534,6,0.04565306403899527,False
hungary,va_long_beach,4,conservative_candidate,restecg,0.1985927406023256,5,0.07063810048130646,False
hungary,va_long_beach,4,conservative_candidate,thalach,0.2375876980205066,4,0.08450834423752501,False
hungary,va_long_beach,4,conservative_candidate,exang,0.5614087777584791,3,0.19968932164445138,True
hungary,va_long_beach,4,conservative_candidate,oldpeak,0.9909924104064703,1,0.3524893269018344,True
hungary,va_long_beach,4,entropy_sfda,age,0.0693735804595052,7,0.02083813848808954,False
hungary,va_long_beach,4,entropy_sfda,sex,0.0524799050470755,8,0.015763688741005602,False
hungary,va_long_beach,4,entropy_sfda,cp,0.6656337690213695,3,0.19994021599206402,True
hungary,va_long_beach,4,entropy_sfda,trestbps,0.1641810390318278,6,0.04931599617322192,False
hungary,va_long_beach,4,entropy_sfda,restecg,0.2247618931939359,5,0.06751301325660064,False
hungary,va_long_beach,4,entropy_sfda,thalach,0.2928076432691887,4,0.08795230375021632,False
hungary,va_long_beach,4,entropy_sfda,exang,0.6846358455345034,2,0.2056479782168074,True
hungary,va_long_beach,4,entropy_sfda,oldpeak,1.175290323384106,1,0.3530286653819946,True
hungary,va_long_beach,4,pseudo_label_sfda,age,0.0585405970021383,7,0.018891262222898574,False
hungary,va_long_beach,4,pseudo_label_sfda,sex,0.0527565344893082,8,0.01702472434595277,False
hungary,va_long_beach,4,pseudo_label_sfda,cp,0.6363893928378821,2,0.20536515702995836,True
hungary,va_long_beach,4,pseudo_label_sfda,trestbps,0.1452410244831116,6,0.04686980351315296,False
hungary,va_long_beach,4,pseudo_label_sfda,restecg,0.2219848862930666,5,0.07163532507756055,False
hungary,va_long_beach,4,pseudo_label_sfda,thalach,0.2752501513902098,4,0.088824218629254,False
hungary,va_long_beach,4,pseudo_label_sfda,exang,0.618175082616508,3,0.19948733329357538,True
hungary,va_long_beach,4,pseudo_label_sfda,oldpeak,1.090481049902737,1,0.35190217588764733,True
hungary,va_long_beach,4,reliability_gated_sfda,age,0.0666829875727125,7,0.023127232365532307,False
hungary,va_long_beach,4,reliability_gated_sfda,sex,0.0495061203184672,8,0.017169889799444355,False
hungary,va_long_beach,4,reliability_gated_sfda,cp,0.5983390106260776,2,0.20751807673618167,True
hungary,va_long_beach,4,reliability_gated_sfda,trestbps,0.1313965308642946,6,0.04557141501810738,False
hungary,va_long_beach,4,reliability_gated_sfda,restecg,0.2038379819021793,5,0.07069581828847125,False
hungary,va_long_beach,4,reliability_gated_sfda,thalach,0.2446923479647375,4,0.0848650757178121,False
hungary,va_long_beach,4,reliability_gated_sfda,exang,0.5770217555202544,3,0.2001247500396218,True
hungary,va_long_beach,4,reliability_gated_sfda,oldpeak,1.01183357745409,1,0.3509277420348291,True
hungary,va_long_beach,4,source_only,age,0.0644779013750666,7,0.022999641616958992,False
hungary,va_long_beach,4,source_only,sex,0.0492212680902593,8,0.017557511982640175,False
hungary,va_long_beach,4,source_only,cp,0.5820111718541011,2,0.2076067626929154,True
hungary,va_long_beach,4,source_only,trestbps,0.1257532964640995,6,0.04485693065599558,False
hungary,va_long_beach,4,source_only,restecg,0.1993514588125981,5,0.07110982229146694,False
hungary,va_long_beach,4,source_only,thalach,0.2358220400381833,4,0.08411909027106991,False
hungary,va_long_beach,4,source_only,exang,0.559474957883358,3,0.1995679643809928,True
hungary,va_long_beach,4,source_only,oldpeak,0.9873186044860632,1,0.3521822761079602,True
hungary,va_long_beach,5,conservative_candidate,age,0.0466179597271183,7,0.01938638659623857,False
hungary,va_long_beach,5,conservative_candidate,sex,0.0723841335932956,6,0.030101420257075483,False
hungary,va_long_beach,5,conservative_candidate,cp,0.4191526933608111,3,0.17430741722530607,True
hungary,va_long_beach,5,conservative_candidate,trestbps,0.0419548354338984,8,0.01744719554575411,False
hungary,va_long_beach,5,conservative_candidate,restecg,0.1099419943871907,5,0.04572010484430786,False
hungary,va_long_beach,5,conservative_candidate,thalach,0.2751248026289977,4,0.11441246715215878,False
hungary,va_long_beach,5,conservative_candidate,exang,0.5451894039288163,2,0.22672061614461053,True
hungary,va_long_beach,5,conservative_candidate,oldpeak,0.8943092047329992,1,0.3719043922345486,True
hungary,va_long_beach,5,entropy_sfda,age,0.0457868057899758,8,0.016182137940385668,False
hungary,va_long_beach,5,entropy_sfda,sex,0.0772759816539473,6,0.027311155976656055,False
hungary,va_long_beach,5,entropy_sfda,cp,0.4799952535424381,3,0.16964165264515238,True
hungary,va_long_beach,5,entropy_sfda,trestbps,0.0535539118234009,7,0.01892721655117629,False
hungary,va_long_beach,5,entropy_sfda,restecg,0.1270544542372226,5,0.044904043183053445,False
hungary,va_long_beach,5,entropy_sfda,thalach,0.3249491989752278,4,0.11484471717802582,False
hungary,va_long_beach,5,entropy_sfda,exang,0.6640179499611258,2,0.23467961732144946,True
hungary,va_long_beach,5,entropy_sfda,oldpeak,1.0568322388734668,1,0.3735094592041009,True
hungary,va_long_beach,5,pseudo_label_sfda,age,0.046034052967443,7,0.01763103461354356,False
hungary,va_long_beach,5,pseudo_label_sfda,sex,0.0764776500809239,6,0.02929092723364737,False
hungary,va_long_beach,5,pseudo_label_sfda,cp,0.4615580800187308,3,0.17677666771436068,True
hungary,va_long_beach,5,pseudo_label_sfda,trestbps,0.0443932328711161,8,0.01700260079014336,False
hungary,va_long_beach,5,pseudo_label_sfda,restecg,0.1182203078339807,5,0.04527835819537367,False
hungary,va_long_beach,5,pseudo_label_sfda,thalach,0.3030699130520224,4,0.11607572618302632,False
hungary,va_long_beach,5,pseudo_label_sfda,exang,0.5923165699839592,2,0.22685714757612954,True
hungary,va_long_beach,5,pseudo_label_sfda,oldpeak,0.9688973869197072,1,0.37108753769377556,True
hungary,va_long_beach,5,reliability_gated_sfda,age,0.0471068079849646,7,0.01910067436626618,False
hungary,va_long_beach,5,reliability_gated_sfda,sex,0.0733026458369567,6,0.029722454740816574,False
hungary,va_long_beach,5,reliability_gated_sfda,cp,0.4320625290635507,3,0.1751909336786811,True
hungary,va_long_beach,5,reliability_gated_sfda,trestbps,0.0429587694200017,8,0.017418744783744715,False
hungary,va_long_beach,5,reliability_gated_sfda,restecg,0.1132705682131927,5,0.045928483191064184,False
hungary,va_long_beach,5,reliability_gated_sfda,thalach,0.2821205267892219,4,0.11439306853396534,False
hungary,va_long_beach,5,reliability_gated_sfda,exang,0.5598757468536496,2,0.2270161104873613,True
hungary,va_long_beach,5,reliability_gated_sfda,oldpeak,0.9155403554346412,1,0.37122953021810057,True
hungary,va_long_beach,5,source_only,age,0.0481233636494288,7,0.0199808108096843,False
hungary,va_long_beach,5,source_only,sex,0.0729342889104736,6,0.030282301937061835,False
hungary,va_long_beach,5,source_only,cp,0.4208869575499557,3,0.17475217926021078,True
hungary,va_long_beach,5,source_only,trestbps,0.0413265314168529,8,0.017158767447678473,False
hungary,va_long_beach,5,source_only,restecg,0.1091411522618727,5,0.04531538424416246,False
hungary,va_long_beach,5,source_only,thalach,0.2744346989761106,4,0.11394523125607439,False
hungary,va_long_beach,5,source_only,exang,0.5454603083059192,2,0.22647500918365263,True
hungary,va_long_beach,5,source_only,oldpeak,0.8961717195156962,1,0.3720903158614751,True
hungary,va_long_beach,6,conservative_candidate,age,0.0624151388055178,8,0.026640112689771518,False
hungary,va_long_beach,6,conservative_candidate,sex,0.0747625187528319,7,0.031910237847144286,False
hungary,va_long_beach,6,conservative_candidate,cp,0.3864403850548911,3,0.1649409999362348,True
hungary,va_long_beach,6,conservative_candidate,trestbps,0.1164508562278933,6,0.04970370958234902,False
hungary,va_long_beach,6,conservative_candidate,restecg,0.1693986461537861,4,0.07230295581162177,False
hungary,va_long_beach,6,conservative_candidate,thalach,0.1342678284010616,5,0.05730837337974437,False
hungary,va_long_beach,6,conservative_candidate,exang,0.5805140084773303,2,0.24777576241583044,True
hungary,va_long_beach,6,conservative_candidate,oldpeak,0.8186513232532888,1,0.3494178483373038,True
hungary,va_long_beach,6,entropy_sfda,age,0.0620010905688104,8,0.021998773289926478,False
hungary,va_long_beach,6,entropy_sfda,sex,0.0810212673805653,7,0.028747373254498693,False
hungary,va_long_beach,6,entropy_sfda,cp,0.4601988623837064,3,0.1632843930483056,True
hungary,va_long_beach,6,entropy_sfda,trestbps,0.1413311946658359,6,0.05014610036250277,False
hungary,va_long_beach,6,entropy_sfda,restecg,0.1877416656314744,4,0.06661312408233064,False
hungary,va_long_beach,6,entropy_sfda,thalach,0.1830137227661907,5,0.06493558998951222,False
hungary,va_long_beach,6,entropy_sfda,exang,0.7041241535544396,2,0.2498321800455178,True
hungary,va_long_beach,6,entropy_sfda,oldpeak,0.9989565846137702,1,0.3544424659274059,True
hungary,va_long_beach,6,pseudo_label_sfda,age,0.0651484084597904,8,0.0252390647554849,False
hungary,va_long_beach,6,pseudo_label_sfda,sex,0.0789180242060683,7,0.03057353464806791,False
hungary,va_long_beach,6,pseudo_label_sfda,cp,0.4311565232860084,3,0.16703381814279716,True
hungary,va_long_beach,6,pseudo_label_sfda,trestbps,0.1249011986178811,6,0.04838781966408338,False
hungary,va_long_beach,6,pseudo_label_sfda,restecg,0.1860178545511007,4,0.07206494813437084,False
hungary,va_long_beach,6,pseudo_label_sfda,thalach,0.1567046695016324,5,0.06070876318459313,False
hungary,va_long_beach,6,pseudo_label_sfda,exang,0.6374053347483277,2,0.24693641639970046,True
hungary,va_long_beach,6,pseudo_label_sfda,oldpeak,0.9010008615255356,1,0.34905563507090215,True
hungary,va_long_beach,6,reliability_gated_sfda,age,0.061286091141519,8,0.025436597988791,False
hungary,va_long_beach,6,reliability_gated_sfda,sex,0.0758540964499115,7,0.0314830024441261,False
hungary,va_long_beach,6,reliability_gated_sfda,cp,0.3996737995319927,3,0.1658833444259367,True
hungary,va_long_beach,6,reliability_gated_sfda,trestbps,0.1182005990901961,6,0.04905878422150996,False
hungary,va_long_beach,6,reliability_gated_sfda,restecg,0.1722510175500065,4,0.07149223918461675,False
hungary,va_long_beach,6,reliability_gated_sfda,thalach,0.1401538203874952,5,0.05817039917846479,False
hungary,va_long_beach,6,reliability_gated_sfda,exang,0.6004386531189084,2,0.2492101609327446,True
hungary,va_long_beach,6,reliability_gated_sfda,oldpeak,0.8415085828676819,1,0.34926547162381005,True
hungary,va_long_beach,6,source_only,age,0.0621350508992326,8,0.026544918055988263,False
hungary,va_long_beach,6,source_only,sex,0.0753131600352935,7,0.032174781105700954,False
hungary,va_long_beach,6,source_only,cp,0.3860458259574443,3,0.16492389830847035,True
hungary,va_long_beach,6,source_only,trestbps,0.1143380460818297,6,0.04884673014666291,False
hungary,va_long_beach,6,source_only,restecg,0.1681749323232361,4,0.07184656217360255,False
hungary,va_long_beach,6,source_only,thalach,0.132439066148363,5,0.05657972605544811,False
hungary,va_long_beach,6,source_only,exang,0.5849081575497985,2,0.24988052456283147,True
hungary,va_long_beach,6,source_only,oldpeak,0.8173970403335988,1,0.3492028595912954,True
hungary,va_long_beach,7,conservative_candidate,age,0.0363693915479233,8,0.013958592293348792,False
hungary,va_long_beach,7,conservative_candidate,sex,0.119099103831686,6,0.04571030094630897,False
hungary,va_long_beach,7,conservative_candidate,cp,0.4530842962006863,3,0.17389399976215406,True
hungary,va_long_beach,7,conservative_candidate,trestbps,0.076661549450946,7,0.029422744451254215,False
hungary,va_long_beach,7,conservative_candidate,restecg,0.1492466246709227,5,0.05728093587143931,False
hungary,va_long_beach,7,conservative_candidate,thalach,0.2758141371607781,4,0.10585761613020216,False
hungary,va_long_beach,7,conservative_candidate,exang,0.599186651520431,2,0.22996816334333567,True
hungary,va_long_beach,7,conservative_candidate,oldpeak,0.8960582567751407,1,0.3439076472019567,True
hungary,va_long_beach,7,entropy_sfda,age,0.0346610364806837,8,0.011153889689731382,False
hungary,va_long_beach,7,entropy_sfda,sex,0.1302737043541856,6,0.04192195835369903,False
hungary,va_long_beach,7,entropy_sfda,cp,0.5049208463095419,3,0.1624830643746333,True
hungary,va_long_beach,7,entropy_sfda,trestbps,0.1023294719896511,7,0.03292953005652622,False
hungary,va_long_beach,7,entropy_sfda,restecg,0.1714357902841584,5,0.05516787978244866,False
hungary,va_long_beach,7,entropy_sfda,thalach,0.3461765394965186,4,0.11139929231109201,False
hungary,va_long_beach,7,entropy_sfda,exang,0.7365815403684973,2,0.2370312628516233,True
hungary,va_long_beach,7,entropy_sfda,oldpeak,1.0811501430720092,1,0.34791312258024615,True
hungary,va_long_beach,7,pseudo_label_sfda,age,0.0321418291940062,8,0.011155326000669862,False
hungary,va_long_beach,7,pseudo_label_sfda,sex,0.1301515167346223,6,0.04517112544817759,False
hungary,va_long_beach,7,pseudo_label_sfda,cp,0.4966682637433405,3,0.17237651170384646,True
hungary,va_long_beach,7,pseudo_label_sfda,trestbps,0.0883780046072206,7,0.030672972802247876,False
hungary,va_long_beach,7,pseudo_label_sfda,restecg,0.1715324370989401,5,0.05953302296450829,False
hungary,va_long_beach,7,pseudo_label_sfda,thalach,0.3166966621018946,4,0.10991454430756009,False
hungary,va_long_beach,7,pseudo_label_sfda,exang,0.6605714474990964,2,0.22926168262262267,True
hungary,va_long_beach,7,pseudo_label_sfda,oldpeak,0.9851587981078772,1,0.3419148141503671,True
hungary,va_long_beach,7,reliability_gated_sfda,age,0.0389509206179354,8,0.014488115059895957,False
hungary,va_long_beach,7,reliability_gated_sfda,sex,0.1210863676550797,6,0.045039069653307895,False
hungary,va_long_beach,7,reliability_gated_sfda,cp,0.4677917025007991,3,0.17399896850641974,True
hungary,va_long_beach,7,reliability_gated_sfda,trestbps,0.0808005153865087,7,0.03005441579420831,False
hungary,va_long_beach,7,reliability_gated_sfda,restecg,0.1522592638994683,5,0.05663408462019265,False
hungary,va_long_beach,7,reliability_gated_sfda,thalach,0.2852120273909531,4,0.10608695773428302,False
hungary,va_long_beach,7,reliability_gated_sfda,exang,0.6225889856740833,2,0.23157709025538686,True
hungary,va_long_beach,7,reliability_gated_sfda,oldpeak,0.9197842148318888,1,0.3421212983763055,True
hungary,va_long_beach,7,source_only,age,0.0379966010578209,8,0.014517745000165734,False
hungary,va_long_beach,7,source_only,sex,0.1199933757726102,6,0.04584708059873304,False
hungary,va_long_beach,7,source_only,cp,0.457136036548909,3,0.17466258097413387,True
hungary,va_long_beach,7,source_only,trestbps,0.0776692017226013,7,0.02967585609195081,False
hungary,va_long_beach,7,source_only,restecg,0.1489063490873377,5,0.05689415223393165,False
hungary,va_long_beach,7,source_only,thalach,0.2756814023805782,4,0.10533237683441485,False
hungary,va_long_beach,7,source_only,exang,0.6037300602346659,2,0.2306732396954097,True
hungary,va_long_beach,7,source_only,oldpeak,0.8961392432544381,1,0.3423969685712604,True
hungary,va_long_beach,8,conservative_candidate,age,0.1111682250880403,6,0.04291472423329292,False
hungary,va_long_beach,8,conservative_candidate,sex,0.0829251358867622,7,0.03201192909008309,False
hungary,va_long_beach,8,conservative_candidate,cp,0.5473919685960118,2,0.21131195862138857,True
hungary,va_long_beach,8,conservative_candidate,trestbps,0.0695222639120037,8,0.02683796364919048,False
hungary,va_long_beach,8,conservative_candidate,restecg,0.1248764269062666,5,0.04820655740142717,False
hungary,va_long_beach,8,conservative_candidate,thalach,0.2354613250843249,4,0.09089609756382293,False
hungary,va_long_beach,8,conservative_candidate,exang,0.4958641451224684,3,0.19142046235113994,True
hungary,va_long_beach,8,conservative_candidate,oldpeak,0.9232353293150664,1,0.3564003070896549,True
hungary,va_long_beach,8,entropy_sfda,age,0.1309908241493394,6,0.04246075453442099,False
hungary,va_long_beach,8,entropy_sfda,sex,0.0897674728289711,7,0.02909818037804497,False
hungary,va_long_beach,8,entropy_sfda,cp,0.6205723926570681,2,0.20115891480619386,True
hungary,va_long_beach,8,entropy_sfda,trestbps,0.0825829991124919,8,0.02676932889615313,False
hungary,va_long_beach,8,entropy_sfda,restecg,0.1392228810297092,5,0.04512918072977244,False
hungary,va_long_beach,8,entropy_sfda,thalach,0.2833325297944247,4,0.09184241016379817,False
hungary,va_long_beach,8,entropy_sfda,exang,0.6132344039529563,3,0.19878030134860977,True
hungary,va_long_beach,8,entropy_sfda,oldpeak,1.1252822812460364,1,0.3647609291430066,True
hungary,va_long_beach,8,pseudo_label_sfda,age,0.1105993036512518,6,0.03917172030151543,False
hungary,va_long_beach,8,pseudo_label_sfda,sex,0.0885647374088875,7,0.03136758557990103,False
hungary,va_long_beach,8,pseudo_label_sfda,cp,0.597898145086092,2,0.2117617212307123,True
hungary,va_long_beach,8,pseudo_label_sfda,trestbps,0.0770990226074354,8,0.02730669406944762,False
hungary,va_long_beach,8,pseudo_label_sfda,restecg,0.1373416698152141,5,0.04864324908146706,False
hungary,va_long_beach,8,pseudo_label_sfda,thalach,0.268015317749232,4,0.09492483873587095,False
hungary,va_long_beach,8,pseudo_label_sfda,exang,0.5412525726109743,3,0.19169916705486223,True
hungary,va_long_beach,8,pseudo_label_sfda,oldpeak,1.0026769326254723,1,0.3551250239462234,True
hungary,va_long_beach,8,reliability_gated_sfda,age,0.1158764014802545,6,0.04354668706880907,False
hungary,va_long_beach,8,reliability_gated_sfda,sex,0.0842794229020364,7,0.03167245106485454,False
hungary,va_long_beach,8,reliability_gated_sfda,cp,0.5621527011007492,2,0.21125861216782343,True
hungary,va_long_beach,8,reliability_gated_sfda,trestbps,0.0708182194538676,8,0.026613691846940204,False
hungary,va_long_beach,8,reliability_gated_sfda,restecg,0.1284308702249836,5,0.04826469276071883,False
hungary,va_long_beach,8,reliability_gated_sfda,thalach,0.2409463081555441,4,0.09054831999958368,False
hungary,va_long_beach,8,reliability_gated_sfda,exang,0.5109825680404901,3,0.19202872805700102,True
hungary,va_long_beach,8,reliability_gated_sfda,oldpeak,0.9474829021841288,1,0.3560668170342691,True
hungary,va_long_beach,8,source_only,age,0.1144347071403171,6,0.04416547335471134,False
hungary,va_long_beach,8,source_only,sex,0.0833238608669489,7,0.032158405862117795,False
hungary,va_long_beach,8,source_only,cp,0.5479124231910555,2,0.21146391800075023,True
hungary,va_long_beach,8,source_only,trestbps,0.0689967720219283,8,0.02662894127529921,False
hungary,va_long_beach,8,source_only,restecg,0.1256051836063852,5,0.04847665999598642,False
hungary,va_long_beach,8,source_only,thalach,0.2332107807067223,4,0.09000647424827789,False
hungary,va_long_beach,8,source_only,exang,0.4958237724751234,3,0.19136057721571617,True
hungary,va_long_beach,8,source_only,oldpeak,0.9217370071168988,1,0.3557395500471411,True
hungary,va_long_beach,9,conservative_candidate,age,0.0943459046033967,6,0.034897601372885584,False
hungary,va_long_beach,9,conservative_candidate,sex,0.075758434755553,8,0.028022283191271303,False
hungary,va_long_beach,9,conservative_candidate,cp,0.5802602342639329,2,0.2146324255727248,True
hungary,va_long_beach,9,conservative_candidate,trestbps,0.091742310898553,7,0.033934558243133045,False
hungary,va_long_beach,9,conservative_candidate,restecg,0.1062794063615728,5,0.0393116836702582,False
hungary,va_long_beach,9,conservative_candidate,thalach,0.1836318744625896,4,0.06792358376645959,False
hungary,va_long_beach,9,conservative_candidate,exang,0.5230255389213562,3,0.19346188731608188,True
hungary,va_long_beach,9,conservative_candidate,oldpeak,1.0484631527028978,1,0.3878159768671856,True
hungary,va_long_beach,9,entropy_sfda,age,0.1077837687425198,6,0.03398317800803818,False
hungary,va_long_beach,9,entropy_sfda,sex,0.0834832858503068,8,0.026321471190380887,False
hungary,va_long_beach,9,entropy_sfda,cp,0.6443184438427397,2,0.20314736278406073,True
hungary,va_long_beach,9,entropy_sfda,trestbps,0.1077173240296542,7,0.033962228633829535,False
hungary,va_long_beach,9,entropy_sfda,restecg,0.128709050840116,5,0.040580716716206396,False
hungary,va_long_beach,9,entropy_sfda,thalach,0.2320885337796062,4,0.07317526608202132,False
hungary,va_long_beach,9,entropy_sfda,exang,0.643656594529748,3,0.202938688108084,True
hungary,va_long_beach,9,entropy_sfda,oldpeak,1.223923078365624,1,0.385891088477379,True
hungary,va_long_beach,9,pseudo_label_sfda,age,0.081572456138092,8,0.027612180903723298,False
hungary,va_long_beach,9,pseudo_label_sfda,sex,0.0837616803939454,7,0.02835323075134723,False
hungary,va_long_beach,9,pseudo_label_sfda,cp,0.6361942082054293,2,0.21535099466823787,True
hungary,va_long_beach,9,pseudo_label_sfda,trestbps,0.1018172210082411,6,0.034465010111189825,False
hungary,va_long_beach,9,pseudo_label_sfda,restecg,0.1208400796548812,5,0.04090422549251633,False
hungary,va_long_beach,9,pseudo_label_sfda,thalach,0.2164844721229747,4,0.07327974036955899,False
hungary,va_long_beach,9,pseudo_label_sfda,exang,0.5763867491483688,3,0.19510623979558897,True
hungary,va_long_beach,9,pseudo_label_sfda,oldpeak,1.1371630996000022,1,0.3849283779078375,True
hungary,va_long_beach,9,reliability_gated_sfda,age,0.1006141628292971,6,0.03627074617945364,False
hungary,va_long_beach,9,reliability_gated_sfda,sex,0.0767387120274361,8,0.027663802667698106,False
hungary,va_long_beach,9,reliability_gated_sfda,cp,0.5941207102914086,2,0.2141766216302665,True
hungary,va_long_beach,9,reliability_gated_sfda,trestbps,0.0937366093939635,7,0.03379143324801435,False
hungary,va_long_beach,9,reliability_gated_sfda,restecg,0.109435297497257,5,0.039450707405182674,False
hungary,va_long_beach,9,reliability_gated_sfda,thalach,0.1882235974352807,4,0.06785337307970742,False
hungary,va_long_beach,9,reliability_gated_sfda,exang,0.5406273642927408,3,0.19489262104379634,True
hungary,va_long_beach,9,reliability_gated_sfda,oldpeak,1.0704790892638265,1,0.38590069474588096,True
hungary,va_long_beach,9,source_only,age,0.0965189691525301,6,0.03568670922282981,False
hungary,va_long_beach,9,source_only,sex,0.0762441297835903,8,0.02819033515820927,False
hungary,va_long_beach,9,source_only,cp,0.5834296829999402,2,0.215715994814278,True
hungary,va_long_beach,9,source_only,trestbps,0.0907702333611814,7,0.03356118442303083,False
hungary,va_long_beach,9,source_only,restecg,0.1058637379109859,5,0.03914182326275068,False
hungary,va_long_beach,9,source_only,thalach,0.1830438631819561,4,0.0676782313130069,False
hungary,va_long_beach,9,source_only,exang,0.5236925576627255,3,0.19362892280724092,True
hungary,va_long_beach,9,source_only,oldpeak,1.0450563118699938,1,0.38639679899865353,True
switzerland,cleveland,0,conservative_candidate,age,0.0686818308878163,8,0.05515469641155965,False
switzerland,cleveland,0,conservative_candidate,sex,0.0823001294618121,6,0.0660908219309502,False
switzerland,cleveland,0,conservative_candidate,cp,0.4807959499287883,1,0.38610145232651183,True
switzerland,cleveland,0,conservative_candidate,trestbps,0.070411958720953,7,0.05654406932367245,False
switzerland,cleveland,0,conservative_candidate,restecg,0.1909413433736712,2,0.15333475666063506,True
switzerland,cleveland,0,conservative_candidate,thalach,0.163708126914715,3,0.13146522047198245,True
switzerland,cleveland,0,conservative_candidate,exang,0.0838042813470039,5,0.06729872567364652,False
switzerland,cleveland,0,conservative_candidate,oldpeak,0.104614450868677,4,0.08401025720104177,False
switzerland,cleveland,0,entropy_sfda,age,0.0943133240179911,6,0.06485271409534407,False
switzerland,cleveland,0,entropy_sfda,sex,0.0926946073204967,7,0.06373963519289823,False
switzerland,cleveland,0,entropy_sfda,cp,0.5644459628681391,1,0.38813023539681124,True
switzerland,cleveland,0,entropy_sfda,trestbps,0.0871899937336769,8,0.05995449523660455,False
switzerland,cleveland,0,entropy_sfda,restecg,0.2260091166965211,2,0.1554107521993894,True
switzerland,cleveland,0,entropy_sfda,thalach,0.1560793891672057,3,0.10732494170077007,True
switzerland,cleveland,0,entropy_sfda,exang,0.0962863384005259,5,0.06620941887686702,False
switzerland,cleveland,0,entropy_sfda,oldpeak,0.1372507665142656,4,0.09437780730131545,False
switzerland,cleveland,0,pseudo_label_sfda,age,0.0808030661351505,8,0.05232514933781003,False
switzerland,cleveland,0,pseudo_label_sfda,sex,0.0935591946389808,7,0.060585557771059555,False
switzerland,cleveland,0,pseudo_label_sfda,cp,0.6114542676920068,1,0.39595571555059456,True
switzerland,cleveland,0,pseudo_label_sfda,trestbps,0.0985267623419882,6,0.06380237532932882,False
switzerland,cleveland,0,pseudo_label_sfda,restecg,0.2366602827645776,2,0.15325265773049626,True
switzerland,cleveland,0,pseudo_label_sfda,thalach,0.1686175224696295,3,0.10919062191820464,True
switzerland,cleveland,0,pseudo_label_sfda,exang,0.1041829325320204,5,0.06746510700560561,False
switzerland,cleveland,0,pseudo_label_sfda,oldpeak,0.1504450974718547,4,0.09742281535690046,False
switzerland,cleveland,0,reliability_gated_sfda,age,0.0686818308878163,8,0.05515469641155965,False
switzerland,cleveland,0,reliability_gated_sfda,sex,0.0823001294618121,6,0.0660908219309502,False
switzerland,cleveland,0,reliability_gated_sfda,cp,0.4807959499287883,1,0.38610145232651183,True
switzerland,cleveland,0,reliability_gated_sfda,trestbps,0.070411958720953,7,0.05654406932367245,False
switzerland,cleveland,0,reliability_gated_sfda,restecg,0.1909413433736712,2,0.15333475666063506,True
switzerland,cleveland,0,reliability_gated_sfda,thalach,0.163708126914715,3,0.13146522047198245,True
switzerland,cleveland,0,reliability_gated_sfda,exang,0.0838042813470039,5,0.06729872567364652,False
switzerland,cleveland,0,reliability_gated_sfda,oldpeak,0.104614450868677,4,0.08401025720104177,False
switzerland,cleveland,0,source_only,age,0.0686818308878163,8,0.05515469641155965,False
switzerland,cleveland,0,source_only,sex,0.0823001294618121,6,0.0660908219309502,False
switzerland,cleveland,0,source_only,cp,0.4807959499287883,1,0.38610145232651183,True
switzerland,cleveland,0,source_only,trestbps,0.070411958720953,7,0.05654406932367245,False
switzerland,cleveland,0,source_only,restecg,0.1909413433736712,2,0.15333475666063506,True
switzerland,cleveland,0,source_only,thalach,0.163708126914715,3,0.13146522047198245,True
switzerland,cleveland,0,source_only,exang,0.0838042813470039,5,0.06729872567364652,False
switzerland,cleveland,0,source_only,oldpeak,0.104614450868677,4,0.08401025720104177,False
switzerland,cleveland,1,conservative_candidate,age,0.1454849367382668,4,0.08793265592589102,False
switzerland,cleveland,1,conservative_candidate,sex,0.1482804803586512,3,0.08962231246909261,True
switzerland,cleveland,1,conservative_candidate,cp,0.6450210076129747,1,0.3898576141215356,True
switzerland,cleveland,1,conservative_candidate,trestbps,0.1423472911764931,5,0.08603622930065763,False
switzerland,cleveland,1,conservative_candidate,restecg,0.086834839960136,8,0.05248390847728265,False
switzerland,cleveland,1,conservative_candidate,thalach,0.0931745944625356,7,0.0563157240852245,False
switzerland,cleveland,1,conservative_candidate,exang,0.2777893801985105,2,0.16789888036867254,True
switzerland,cleveland,1,conservative_candidate,oldpeak,0.1155715352047246,6,0.0698526752516435,False
switzerland,cleveland,1,entropy_sfda,age,0.1915140283807325,3,0.09679070076070853,True
switzerland,cleveland,1,entropy_sfda,sex,0.1741083644871467,5,0.08799392268805313,False
switzerland,cleveland,1,entropy_sfda,cp,0.782146727017714,1,0.39529495800295894,True
switzerland,cleveland,1,entropy_sfda,trestbps,0.1754694328729444,4,0.08868180317366804,False
switzerland,cleveland,1,entropy_sfda,restecg,0.1016738547547028,7,0.0513857064882264,False
switzerland,cleveland,1,entropy_sfda,thalach,0.0687383424084196,8,0.03474018267535862,False
switzerland,cleveland,1,entropy_sfda,exang,0.3258099402531539,2,0.1646635115899426,True
switzerland,cleveland,1,entropy_sfda,oldpeak,0.1591800973756797,6,0.08044921462108368,False
switzerland,cleveland,1,pseudo_label_sfda,age,0.1777960329728428,5,0.08442017780798854,False
switzerland,cleveland,1,pseudo_label_sfda,sex,0.1806797532014327,4,0.0857894106889226,False
switzerland,cleveland,1,pseudo_label_sfda,cp,0.8444445259045354,1,0.4009547110465185,True
switzerland,cleveland,1,pseudo_label_sfda,trestbps,0.1978514389090375,3,0.09394278023525164,True
switzerland,cleveland,1,pseudo_label_sfda,restecg,0.1041561111365214,7,0.04945485720301086,False
switzerland,cleveland,1,pseudo_label_sfda,thalach,0.0759661366910252,8,0.036069841714757855,False
switzerland,cleveland,1,pseudo_label_sfda,exang,0.3505165571156311,2,0.16643042919222686,True
switzerland,cleveland,1,pseudo_label_sfda,oldpeak,0.1746740033462022,6,0.08293779211132304,False
switzerland,cleveland,1,reliability_gated_sfda,age,0.1454849367382668,4,0.08793265592589102,False
switzerland,cleveland,1,reliability_gated_sfda,sex,0.1482804803586512,3,0.08962231246909261,True
switzerland,cleveland,1,reliability_gated_sfda,cp,0.6450210076129747,1,0.3898576141215356,True
switzerland,cleveland,1,reliability_gated_sfda,trestbps,0.1423472911764931,5,0.08603622930065763,False
switzerland,cleveland,1,reliability_gated_sfda,restecg,0.086834839960136,8,0.05248390847728265,False
switzerland,cleveland,1,reliability_gated_sfda,thalach,0.0931745944625356,7,0.0563157240852245,False
switzerland,cleveland,1,reliability_gated_sfda,exang,0.2777893801985105,2,0.16789888036867254,True
switzerland,cleveland,1,reliability_gated_sfda,oldpeak,0.1155715352047246,6,0.0698526752516435,False
switzerland,cleveland,1,source_only,age,0.1454849367382668,4,0.08793265592589102,False
switzerland,cleveland,1,source_only,sex,0.1482804803586512,3,0.08962231246909261,True
switzerland,cleveland,1,source_only,cp,0.6450210076129747,1,0.3898576141215356,True
switzerland,cleveland,1,source_only,trestbps,0.1423472911764931,5,0.08603622930065763,False
switzerland,cleveland,1,source_only,restecg,0.086834839960136,8,0.05248390847728265,False
switzerland,cleveland,1,source_only,thalach,0.0931745944625356,7,0.0563157240852245,False
switzerland,cleveland,1,source_only,exang,0.2777893801985105,2,0.16789888036867254,True
switzerland,cleveland,1,source_only,oldpeak,0.1155715352047246,6,0.0698526752516435,False
switzerland,cleveland,2,conservative_candidate,age,0.0770208528013699,7,0.0571220568382887,False
switzerland,cleveland,2,conservative_candidate,sex,0.1089158386926446,5,0.08077678319708856,False
switzerland,cleveland,2,conservative_candidate,cp,0.4794916123314203,1,0.35561209902094104,True
switzerland,cleveland,2,conservative_candidate,trestbps,0.0728000684928689,8,0.053991737289709726,False
switzerland,cleveland,2,conservative_candidate,restecg,0.1258563190827717,4,0.09334058960167753,False
switzerland,cleveland,2,conservative_candidate,thalach,0.2417717528907526,2,0.1793085808350414,True
switzerland,cleveland,2,conservative_candidate,exang,0.1041432624381563,6,0.077237230437565,False
switzerland,cleveland,2,conservative_candidate,oldpeak,0.1383560259673565,3,0.10261092277968802,True
switzerland,cleveland,2,entropy_sfda,age,0.0880907967128781,7,0.05425972050930697,False
switzerland,cleveland,2,entropy_sfda,sex,0.1455091586576239,5,0.08962668717869429,False
switzerland,cleveland,2,entropy_sfda,cp,0.5825725844851608,1,0.3588368682097333,True
switzerland,cleveland,2,entropy_sfda,trestbps,0.0723879360832064,8,0.04458750887362736,False
switzerland,cleveland,2,entropy_sfda,restecg,0.1554084857956509,4,0.09572419956117702,False
switzerland,cleveland,2,entropy_sfda,thalach,0.2511388282368433,2,0.15468951510996903,True
switzerland,cleveland,2,entropy_sfda,exang,0.1265587844077509,6,0.077954162366638,False
switzerland,cleveland,2,entropy_sfda,oldpeak,0.2018360143923892,3,0.12432133819085411,True
switzerland,cleveland,2,pseudo_label_sfda,age,0.0927600140618805,7,0.05411928094700783,False
switzerland,cleveland,2,pseudo_label_sfda,sex,0.1451271810006386,5,0.08467202987249732,False
switzerland,cleveland,2,pseudo_label_sfda,cp,0.6219433481845753,1,0.36286245893699015,True
switzerland,cleveland,2,pseudo_label_sfda,trestbps,0.0803411303851876,8,0.04687369068331089,False
switzerland,cleveland,2,pseudo_label_sfda,restecg,0.1581345015903166,4,0.09226093382513126,False
switzerland,cleveland,2,pseudo_label_sfda,thalach,0.2696363547703146,2,0.15731482778352116,True
switzerland,cleveland,2,pseudo_label_sfda,exang,0.1350951333939045,6,0.07881899924940565,False
switzerland,cleveland,2,pseudo_label_sfda,oldpeak,0.2109543268746318,3,0.1230777787021357,True
switzerland,cleveland,2,reliability_gated_sfda,age,0.0770208528013699,7,0.0571220568382887,False
switzerland,cleveland,2,reliability_gated_sfda,sex,0.1089158386926446,5,0.08077678319708856,False
switzerland,cleveland,2,reliability_gated_sfda,cp,0.4794916123314203,1,0.35561209902094104,True
switzerland,cleveland,2,reliability_gated_sfda,trestbps,0.0728000684928689,8,0.053991737289709726,False
switzerland,cleveland,2,reliability_gated_sfda,restecg,0.1258563190827717,4,0.09334058960167753,False
switzerland,cleveland,2,reliability_gated_sfda,thalach,0.2417717528907526,2,0.1793085808350414,True
switzerland,cleveland,2,reliability_gated_sfda,exang,0.1041432624381563,6,0.077237230437565,False
switzerland,cleveland,2,reliability_gated_sfda,oldpeak,0.1383560259673565,3,0.10261092277968802,True
switzerland,cleveland,2,source_only,age,0.0770208528013699,7,0.0571220568382887,False
switzerland,cleveland,2,source_only,sex,0.1089158386926446,5,0.08077678319708856,False
switzerland,cleveland,2,source_only,cp,0.4794916123314203,1,0.35561209902094104,True
switzerland,cleveland,2,source_only,trestbps,0.0728000684928689,8,0.053991737289709726,False
switzerland,cleveland,2,source_only,restecg,0.1258563190827717,4,0.09334058960167753,False
switzerland,cleveland,2,source_only,thalach,0.2417717528907526,2,0.1793085808350414,True
switzerland,cleveland,2,source_only,exang,0.1041432624381563,6,0.077237230437565,False
switzerland,cleveland,2,source_only,oldpeak,0.1383560259673565,3,0.10261092277968802,True
switzerland,cleveland,3,conservative_candidate,age,0.0648679123936288,8,0.04358691754079054,False
switzerland,cleveland,3,conservative_candidate,sex,0.2517078102968952,2,0.16913088716666155,True
switzerland,cleveland,3,conservative_candidate,cp,0.4810333487734494,1,0.32322237811707333,True
switzerland,cleveland,3,conservative_candidate,trestbps,0.0800231806451697,7,0.05377024860870007,False
switzerland,cleveland,3,conservative_candidate,restecg,0.109286054299926,6,0.07343295107485358,False
switzerland,cleveland,3,conservative_candidate,thalach,0.1247320314865442,5,0.0838116191886772,False
switzerland,cleveland,3,conservative_candidate,exang,0.1933701409137632,3,0.12993185807667623,True
switzerland,cleveland,3,conservative_candidate,oldpeak,0.1832222337642432,4,0.12311314022656748,False
switzerland,cleveland,3,entropy_sfda,age,0.091261580470018,8,0.05210717260013671,False
switzerland,cleveland,3,entropy_sfda,sex,0.2866874456762185,2,0.1636885109506814,True
switzerland,cleveland,3,entropy_sfda,cp,0.5635441433109663,1,0.32176400838190417,True
switzerland,cleveland,3,entropy_sfda,trestbps,0.0965695635514739,7,0.05513784541074943,False
switzerland,cleveland,3,entropy_sfda,restecg,0.1350564034532743,5,0.07711248577165995,False
switzerland,cleveland,3,entropy_sfda,thalach,0.1179980786729345,6,0.06737277855838887,False
switzerland,cleveland,3,entropy_sfda,exang,0.2231397914635663,4,0.12740502156403502,False
switzerland,cleveland,3,entropy_sfda,oldpeak,0.2371636887892416,3,0.13541217676244438,True
switzerland,cleveland,3,pseudo_label_sfda,age,0.0859310351021698,8,0.04521541285200505,False
switzerland,cleveland,3,pseudo_label_sfda,sex,0.3067268445632933,2,0.16139431921461742,True
switzerland,cleveland,3,pseudo_label_sfda,cp,0.6212977382228417,1,0.32691604033818283,True
switzerland,cleveland,3,pseudo_label_sfda,trestbps,0.1052998921218429,7,0.05540696780737951,False
switzerland,cleveland,3,pseudo_label_sfda,restecg,0.1443645572904558,5,0.0759621137034351,False
switzerland,cleveland,3,pseudo_label_sfda,thalach,0.1285716266726318,6,0.06765214889061798,False
switzerland,cleveland,3,pseudo_label_sfda,exang,0.2423578794344817,4,0.12752449174547242,False
switzerland,cleveland,3,pseudo_label_sfda,oldpeak,0.265931472368231,3,0.13992850544828966,True
switzerland,cleveland,3,reliability_gated_sfda,age,0.0648679123936288,8,0.04358691754079054,False
switzerland,cleveland,3,reliability_gated_sfda,sex,0.2517078102968952,2,0.16913088716666155,True
switzerland,cleveland,3,reliability_gated_sfda,cp,0.4810333487734494,1,0.32322237811707333,True
switzerland,cleveland,3,reliability_gated_sfda,trestbps,0.0800231806451697,7,0.05377024860870007,False
switzerland,cleveland,3,reliability_gated_sfda,restecg,0.109286054299926,6,0.07343295107485358,False
switzerland,cleveland,3,reliability_gated_sfda,thalach,0.1247320314865442,5,0.0838116191886772,False
switzerland,cleveland,3,reliability_gated_sfda,exang,0.1933701409137632,3,0.12993185807667623,True
switzerland,cleveland,3,reliability_gated_sfda,oldpeak,0.1832222337642432,4,0.12311314022656748,False
switzerland,cleveland,3,source_only,age,0.0648679123936288,8,0.04358691754079054,False
switzerland,cleveland,3,source_only,sex,0.2517078102968952,2,0.16913088716666155,True
switzerland,cleveland,3,source_only,cp,0.4810333487734494,1,0.32322237811707333,True
switzerland,cleveland,3,source_only,trestbps,0.0800231806451697,7,0.05377024860870007,False
switzerland,cleveland,3,source_only,restecg,0.109286054299926,6,0.07343295107485358,False
switzerland,cleveland,3,source_only,thalach,0.1247320314865442,5,0.0838116191886772,False
switzerland,cleveland,3,source_only,exang,0.1933701409137632,3,0.12993185807667623,True
switzerland,cleveland,3,source_only,oldpeak,0.1832222337642432,4,0.12311314022656748,False
switzerland,cleveland,4,conservative_candidate,age,0.0962260561984065,8,0.05289862075188308,False
switzerland,cleveland,4,conservative_candidate,sex,0.0998503388990663,7,0.05489100788333229,False
switzerland,cleveland,4,conservative_candidate,cp,0.5142702715219346,1,0.28271124404303766,True
switzerland,cleveland,4,conservative_candidate,trestbps,0.133475184003575,6,0.07337568863712664,False
switzerland,cleveland,4,conservative_candidate,restecg,0.2242275919506277,5,0.123265265327383,False
switzerland,cleveland,4,conservative_candidate,thalach,0.2608750612465756,3,0.14341158178667412,True
switzerland,cleveland,4,conservative_candidate,exang,0.2615319764911877,2,0.14377270965332195,True
switzerland,cleveland,4,conservative_candidate,oldpeak,0.2286090233006665,4,0.12567388191724124,False
switzerland,cleveland,4,entropy_sfda,age,0.1224170405181007,7,0.058196164117644576,False
switzerland,cleveland,4,entropy_sfda,sex,0.1068412156978455,8,0.05079153112152812,False
switzerland,cleveland,4,entropy_sfda,cp,0.5992583555421349,1,0.28488303148321337,True
switzerland,cleveland,4,entropy_sfda,trestbps,0.1610786959232313,6,0.07657563182487213,False
switzerland,cleveland,4,entropy_sfda,restecg,0.2592101829593675,4,0.12322662175645015,False
switzerland,cleveland,4,entropy_sfda,thalach,0.2578049943653295,5,0.12255860539460398,False
switzerland,cleveland,4,entropy_sfda,exang,0.3156290381260081,2,0.15004773212402153,True
switzerland,cleveland,4,entropy_sfda,oldpeak,0.2812846931828671,3,0.13372068217766622,True
switzerland,cleveland,4,pseudo_label_sfda,age,0.0931026142055211,8,0.042302870124608885,False
switzerland,cleveland,4,pseudo_label_sfda,sex,0.109064188456968,7,0.04955530238234046,False
switzerland,cleveland,4,pseudo_label_sfda,cp,0.637325421795587,1,0.2895804245175695,True
switzerland,cleveland,4,pseudo_label_sfda,trestbps,0.1771496439240442,6,0.08049117034455033,False
switzerland,cleveland,4,pseudo_label_sfda,restecg,0.2686102897337585,5,0.1220479821936827,False
switzerland,cleveland,4,pseudo_label_sfda,thalach,0.276960069972948,4,0.12584185707079126,False
switzerland,cleveland,4,pseudo_label_sfda,exang,0.327674215475463,2,0.1488847536530248,True
switzerland,cleveland,4,pseudo_label_sfda,oldpeak,0.3109716526186554,3,0.14129563971343204,True
switzerland,cleveland,4,reliability_gated_sfda,age,0.0962260561984065,8,0.05289862075188308,False
switzerland,cleveland,4,reliability_gated_sfda,sex,0.0998503388990663,7,0.05489100788333229,False
switzerland,cleveland,4,reliability_gated_sfda,cp,0.5142702715219346,1,0.28271124404303766,True
switzerland,cleveland,4,reliability_gated_sfda,trestbps,0.133475184003575,6,0.07337568863712664,False
switzerland,cleveland,4,reliability_gated_sfda,restecg,0.2242275919506277,5,0.123265265327383,False
switzerland,cleveland,4,reliability_gated_sfda,thalach,0.2608750612465756,3,0.14341158178667412,True
switzerland,cleveland,4,reliability_gated_sfda,exang,0.2615319764911877,2,0.14377270965332195,True
switzerland,cleveland,4,reliability_gated_sfda,oldpeak,0.2286090233006665,4,0.12567388191724124,False
switzerland,cleveland,4,source_only,age,0.0962260561984065,8,0.05289862075188308,False
switzerland,cleveland,4,source_only,sex,0.0998503388990663,7,0.05489100788333229,False
switzerland,cleveland,4,source_only,cp,0.5142702715219346,1,0.28271124404303766,True
switzerland,cleveland,4,source_only,trestbps,0.133475184003575,6,0.07337568863712664,False
switzerland,cleveland,4,source_only,restecg,0.2242275919506277,5,0.123265265327383,False
switzerland,cleveland,4,source_only,thalach,0.2608750612465756,3,0.14341158178667412,True
switzerland,cleveland,4,source_only,exang,0.2615319764911877,2,0.14377270965332195,True
switzerland,cleveland,4,source_only,oldpeak,0.2286090233006665,4,0.12567388191724124,False
switzerland,cleveland,5,conservative_candidate,age,0.0921845799498336,6,0.08576263926216737,False
switzerland,cleveland,5,conservative_candidate,sex,0.0551082790328232,8,0.05126921940331962,False
switzerland,cleveland,5,conservative_candidate,cp,0.3367692696225672,1,0.31330859674081474,True
switzerland,cleveland,5,conservative_candidate,trestbps,0.0769426690283148,7,0.07158253984923225,False
switzerland,cleveland,5,conservative_candidate,restecg,0.1556362566221566,2,0.14479402238491426,True
switzerland,cleveland,5,conservative_candidate,thalach,0.1549474611600227,3,0.14415321112584517,True
switzerland,cleveland,5,conservative_candidate,exang,0.0941228861167485,5,0.08756591539211471,False
switzerland,cleveland,5,conservative_candidate,oldpeak,0.1091689979388584,4,0.10156385584159193,False
switzerland,cleveland,5,entropy_sfda,age,0.0778300477091526,6,0.06606413466181152,False
switzerland,cleveland,5,entropy_sfda,sex,0.0608813961838731,8,0.05167768585881909,False
switzerland,cleveland,5,entropy_sfda,cp,0.3996303580123501,1,0.33921646669594846,True
switzerland,cleveland,5,entropy_sfda,trestbps,0.0769747752364318,7,0.06533815751707796,False
switzerland,cleveland,5,entropy_sfda,restecg,0.1868664975164353,2,0.15861706139305234,True
switzerland,cleveland,5,entropy_sfda,thalach,0.1405443998467462,3,0.11929768040405606,True
switzerland,cleveland,5,entropy_sfda,exang,0.1053210854186082,5,0.08939923043378592,False
switzerland,cleveland,5,entropy_sfda,oldpeak,0.1300497850796619,4,0.11038958303544863,False
switzerland,cleveland,5,pseudo_label_sfda,age,0.1117924819558262,6,0.08501436727374558,False
switzerland,cleveland,5,pseudo_label_sfda,sex,0.0618625380861089,8,0.047044348969876734,False
switzerland,cleveland,5,pseudo_label_sfda,cp,0.4340123005838382,1,0.3300515426228511,True
switzerland,cleveland,5,pseudo_label_sfda,trestbps,0.0960385960333891,7,0.07303407467832781,False
switzerland,cleveland,5,pseudo_label_sfda,restecg,0.1971077028071821,2,0.14989368109346962,True
switzerland,cleveland,5,pseudo_label_sfda,thalach,0.1546751536350549,3,0.11762517558604282,True
switzerland,cleveland,5,pseudo_label_sfda,exang,0.1130988799010959,5,0.08600783832637603,False
switzerland,cleveland,5,pseudo_label_sfda,oldpeak,0.1463957496952548,4,0.11132897144931035,False
switzerland,cleveland,5,reliability_gated_sfda,age,0.0921845799498336,6,0.08576263926216737,False
switzerland,cleveland,5,reliability_gated_sfda,sex,0.0551082790328232,8,0.05126921940331962,False
switzerland,cleveland,5,reliability_gated_sfda,cp,0.3367692696225672,1,0.31330859674081474,True
switzerland,cleveland,5,reliability_gated_sfda,trestbps,0.0769426690283148,7,0.07158253984923225,False
switzerland,cleveland,5,reliability_gated_sfda,restecg,0.1556362566221566,2,0.14479402238491426,True
switzerland,cleveland,5,reliability_gated_sfda,thalach,0.1549474611600227,3,0.14415321112584517,True
switzerland,cleveland,5,reliability_gated_sfda,exang,0.0941228861167485,5,0.08756591539211471,False
switzerland,cleveland,5,reliability_gated_sfda,oldpeak,0.1091689979388584,4,0.10156385584159193,False
switzerland,cleveland,5,source_only,age,0.0921845799498336,6,0.08576263926216737,False
switzerland,cleveland,5,source_only,sex,0.0551082790328232,8,0.05126921940331962,False
switzerland,cleveland,5,source_only,cp,0.3367692696225672,1,0.31330859674081474,True
switzerland,cleveland,5,source_only,trestbps,0.0769426690283148,7,0.07158253984923225,False
switzerland,cleveland,5,source_only,restecg,0.1556362566221566,2,0.14479402238491426,True
switzerland,cleveland,5,source_only,thalach,0.1549474611600227,3,0.14415321112584517,True
switzerland,cleveland,5,source_only,exang,0.0941228861167485,5,0.08756591539211471,False
switzerland,cleveland,5,source_only,oldpeak,0.1091689979388584,4,0.10156385584159193,False
switzerland,cleveland,6,conservative_candidate,age,0.1520825342834994,4,0.11811778134369401,False
switzerland,cleveland,6,conservative_candidate,sex,0.0859904372972426,6,0.06678610215286464,False
switzerland,cleveland,6,conservative_candidate,cp,0.3637348956554488,1,0.2825015974024514,True
switzerland,cleveland,6,conservative_candidate,trestbps,0.1508843183629644,5,0.11718716424968598,False
switzerland,cleveland,6,conservative_candidate,restecg,0.2457242785651765,2,0.19084641601443614,True
switzerland,cleveland,6,conservative_candidate,thalach,0.0585187244429863,7,0.045449675933092896,False
switzerland,cleveland,6,conservative_candidate,exang,0.1781070911303998,3,0.13833024643504035,True
switzerland,cleveland,6,conservative_candidate,oldpeak,0.0525075925459159,8,0.04078101646873452,False
switzerland,cleveland,6,entropy_sfda,age,0.1193618180876499,5,0.08385922701297722,False
switzerland,cleveland,6,entropy_sfda,sex,0.0959379686036518,7,0.06740249115835095,False
switzerland,cleveland,6,entropy_sfda,cp,0.4013667990153474,1,0.28198556333470065,True
switzerland,cleveland,6,entropy_sfda,trestbps,0.1842566037853325,4,0.1294519186539866,False
switzerland,cleveland,6,entropy_sfda,restecg,0.2591098281416562,2,0.1820410433382372,True
switzerland,cleveland,6,entropy_sfda,thalach,0.1099565473282186,6,0.0772514294075948,False
switzerland,cleveland,6,entropy_sfda,exang,0.1886338917507787,3,0.1325272403194623,True
switzerland,cleveland,6,entropy_sfda,oldpeak,0.0647359318633966,8,0.04548108677469028,False
switzerland,cleveland,6,pseudo_label_sfda,age,0.1946132713936502,5,0.11737850936363951,False
switzerland,cleveland,6,pseudo_label_sfda,sex,0.0994339913572414,7,0.05997234208134699,False
switzerland,cleveland,6,pseudo_label_sfda,cp,0.4513805837857632,1,0.27224443482733096,True
switzerland,cleveland,6,pseudo_label_sfda,trestbps,0.2316208735428037,3,0.13969917200027812,True
switzerland,cleveland,6,pseudo_label_sfda,restecg,0.2803589285477356,2,0.16909490747502043,True
switzerland,cleveland,6,pseudo_label_sfda,thalach,0.1181695949379968,6,0.07127248212107137,False
switzerland,cleveland,6,pseudo_label_sfda,exang,0.2087951357362687,4,0.12593211973467522,False
switzerland,cleveland,6,pseudo_label_sfda,oldpeak,0.073625089304457,8,0.04440603239663732,False
switzerland,cleveland,6,reliability_gated_sfda,age,0.1520825342834994,4,0.11811778134369401,False
switzerland,cleveland,6,reliability_gated_sfda,sex,0.0859904372972426,6,0.06678610215286464,False
switzerland,cleveland,6,reliability_gated_sfda,cp,0.3637348956554488,1,0.2825015974024514,True
switzerland,cleveland,6,reliability_gated_sfda,trestbps,0.1508843183629644,5,0.11718716424968598,False
switzerland,cleveland,6,reliability_gated_sfda,restecg,0.2457242785651765,2,0.19084641601443614,True
switzerland,cleveland,6,reliability_gated_sfda,thalach,0.0585187244429863,7,0.045449675933092896,False
switzerland,cleveland,6,reliability_gated_sfda,exang,0.1781070911303998,3,0.13833024643504035,True
switzerland,cleveland,6,reliability_gated_sfda,oldpeak,0.0525075925459159,8,0.04078101646873452,False
switzerland,cleveland,6,source_only,age,0.1520825342834994,4,0.11811778134369401,False
switzerland,cleveland,6,source_only,sex,0.0859904372972426,6,0.06678610215286464,False
switzerland,cleveland,6,source_only,cp,0.3637348956554488,1,0.2825015974024514,True
switzerland,cleveland,6,source_only,trestbps,0.1508843183629644,5,0.11718716424968598,False
switzerland,cleveland,6,source_only,restecg,0.2457242785651765,2,0.19084641601443614,True
switzerland,cleveland,6,source_only,thalach,0.0585187244429863,7,0.045449675933092896,False
switzerland,cleveland,6,source_only,exang,0.1781070911303998,3,0.13833024643504035,True
switzerland,cleveland,6,source_only,oldpeak,0.0525075925459159,8,0.04078101646873452,False
switzerland,cleveland,7,conservative_candidate,age,0.0649328360510006,6,0.052398663535166326,False
switzerland,cleveland,7,conservative_candidate,sex,0.0156267731644138,8,0.012610292095348377,False
switzerland,cleveland,7,conservative_candidate,cp,0.3622003158295766,1,0.2922837448002166,True
switzerland,cleveland,7,conservative_candidate,trestbps,0.0464873546711399,7,0.03751376659629926,False
switzerland,cleveland,7,conservative_candidate,restecg,0.1205560681548448,5,0.09728478280860413,False
switzerland,cleveland,7,conservative_candidate,thalach,0.2202368248446165,3,0.1777238756986126,True
switzerland,cleveland,7,conservative_candidate,exang,0.2291089599527935,2,0.18488339699238088,True
switzerland,cleveland,7,conservative_candidate,oldpeak,0.1800587339105435,4,0.14530147747337188,False
switzerland,cleveland,7,entropy_sfda,age,0.0660047973770295,6,0.048122292240286954,False
switzerland,cleveland,7,entropy_sfda,sex,0.0145291079929952,8,0.010592775201411731,False
switzerland,cleveland,7,entropy_sfda,cp,0.4240534130791041,1,0.3091657437128269,True
switzerland,cleveland,7,entropy_sfda,trestbps,0.0456307386048137,7,0.033268123311369704,False
switzerland,cleveland,7,entropy_sfda,restecg,0.1376284974144629,5,0.10034117270808028,False
switzerland,cleveland,7,entropy_sfda,thalach,0.2020534308607653,4,0.14731162937283987,False
switzerland,cleveland,7,entropy_sfda,exang,0.2654752188635738,2,0.19355072013527605,True
switzerland,cleveland,7,entropy_sfda,oldpeak,0.2162302265596105,3,0.15764754331790856,True
switzerland,cleveland,7,pseudo_label_sfda,age,0.0827716356404617,6,0.05587957356867148,False
switzerland,cleveland,7,pseudo_label_sfda,sex,0.0150418090003944,8,0.010154805642532972,False
switzerland,cleveland,7,pseudo_label_sfda,cp,0.4536130719201231,1,0.30623660905017486,True
switzerland,cleveland,7,pseudo_label_sfda,trestbps,0.0484910309287832,7,0.03273655412556676,False
switzerland,cleveland,7,pseudo_label_sfda,restecg,0.1435207338579515,5,0.09689161443035109,False
switzerland,cleveland,7,pseudo_label_sfda,thalach,0.2189081859484425,4,0.14778608622191747,False
switzerland,cleveland,7,pseudo_label_sfda,exang,0.2797277372072239,2,0.18884569030828785,True
switzerland,cleveland,7,pseudo_label_sfda,oldpeak,0.2391761049454211,3,0.16146906665249752,True
switzerland,cleveland,7,reliability_gated_sfda,age,0.0649328360510006,6,0.052398663535166326,False
switzerland,cleveland,7,reliability_gated_sfda,sex,0.0156267731644138,8,0.012610292095348377,False
switzerland,cleveland,7,reliability_gated_sfda,cp,0.3622003158295766,1,0.2922837448002166,True
switzerland,cleveland,7,reliability_gated_sfda,trestbps,0.0464873546711399,7,0.03751376659629926,False
switzerland,cleveland,7,reliability_gated_sfda,restecg,0.1205560681548448,5,0.09728478280860413,False
switzerland,cleveland,7,reliability_gated_sfda,thalach,0.2202368248446165,3,0.1777238756986126,True
switzerland,cleveland,7,reliability_gated_sfda,exang,0.2291089599527935,2,0.18488339699238088,True
switzerland,cleveland,7,reliability_gated_sfda,oldpeak,0.1800587339105435,4,0.14530147747337188,False
switzerland,cleveland,7,source_only,age,0.0649328360510006,6,0.052398663535166326,False
switzerland,cleveland,7,source_only,sex,0.0156267731644138,8,0.012610292095348377,False
switzerland,cleveland,7,source_only,cp,0.3622003158295766,1,0.2922837448002166,True
switzerland,cleveland,7,source_only,trestbps,0.0464873546711399,7,0.03751376659629926,False
switzerland,cleveland,7,source_only,restecg,0.1205560681548448,5,0.09728478280860413,False
switzerland,cleveland,7,source_only,thalach,0.2202368248446165,3,0.1777238756986126,True
switzerland,cleveland,7,source_only,exang,0.2291089599527935,2,0.18488339699238088,True
switzerland,cleveland,7,source_only,oldpeak,0.1800587339105435,4,0.14530147747337188,False
switzerland,cleveland,8,conservative_candidate,age,0.0717987088815434,6,0.05057173603528124,False
switzerland,cleveland,8,conservative_candidate,sex,0.0457721794202382,8,0.032239835666388376,False
switzerland,cleveland,8,conservative_candidate,cp,0.4724964071034451,1,0.3328049201703216,True
switzerland,cleveland,8,conservative_candidate,trestbps,0.1036414104195314,5,0.0730002827586796,False
switzerland,cleveland,8,conservative_candidate,restecg,0.2416932551784244,2,0.17023770612027203,True
switzerland,cleveland,8,conservative_candidate,thalach,0.2181350315871829,3,0.15364436783501134,True
switzerland,cleveland,8,conservative_candidate,exang,0.207204369078129,4,0.14594530767488195,False
switzerland,cleveland,8,conservative_candidate,oldpeak,0.0589984873146058,7,0.04155584373916386,False
switzerland,cleveland,8,entropy_sfda,age,0.0912952296529579,6,0.055937273137794355,False
switzerland,cleveland,8,entropy_sfda,sex,0.0486023311223526,8,0.029779013443080562,False
switzerland,cleveland,8,entropy_sfda,cp,0.5692606646223332,1,0.34879028624635383,True
switzerland,cleveland,8,entropy_sfda,trestbps,0.1322513402023939,5,0.08103138978741797,False
switzerland,cleveland,8,entropy_sfda,restecg,0.2844262539651921,2,0.17427010278729435,True
switzerland,cleveland,8,entropy_sfda,thalach,0.2045662035749112,4,0.12533924989979706,False
switzerland,cleveland,8,entropy_sfda,exang,0.2393203581323718,3,0.14663338151591493,True
switzerland,cleveland,8,entropy_sfda,oldpeak,0.0623777289360011,7,0.03821930318234698,False
switzerland,cleveland,8,pseudo_label_sfda,age,0.0799819532381877,6,0.04731622455337207,False
switzerland,cleveland,8,pseudo_label_sfda,sex,0.0487589555801731,8,0.02884512815470772,False
switzerland,cleveland,8,pseudo_label_sfda,cp,0.5950102744679345,1,0.3519999027086309,True
switzerland,cleveland,8,pseudo_label_sfda,trestbps,0.1435206917321259,5,0.08490486920004646,False
switzerland,cleveland,8,pseudo_label_sfda,restecg,0.2903772937717906,2,0.1717832171013614,True
switzerland,cleveland,8,pseudo_label_sfda,thalach,0.2237926618635605,4,0.1323926637625214,False
switzerland,cleveland,8,pseudo_label_sfda,exang,0.2480045920944843,3,0.1467161090060415,True
switzerland,cleveland,8,pseudo_label_sfda,oldpeak,0.0609241423835645,7,0.036041885513318446,False
switzerland,cleveland,8,reliability_gated_sfda,age,0.0717987088815434,6,0.05057173603528124,False
switzerland,cleveland,8,reliability_gated_sfda,sex,0.0457721794202382,8,0.032239835666388376,False
switzerland,cleveland,8,reliability_gated_sfda,cp,0.4724964071034451,1,0.3328049201703216,True
switzerland,cleveland,8,reliability_gated_sfda,trestbps,0.1036414104195314,5,0.0730002827586796,False
switzerland,cleveland,8,reliability_gated_sfda,restecg,0.2416932551784244,2,0.17023770612027203,True
switzerland,cleveland,8,reliability_gated_sfda,thalach,0.2181350315871829,3,0.15364436783501134,True
switzerland,cleveland,8,reliability_gated_sfda,exang,0.207204369078129,4,0.14594530767488195,False
switzerland,cleveland,8,reliability_gated_sfda,oldpeak,0.0589984873146058,7,0.04155584373916386,False
switzerland,cleveland,8,source_only,age,0.0717987088815434,6,0.05057173603528124,False
switzerland,cleveland,8,source_only,sex,0.0457721794202382,8,0.032239835666388376,False
switzerland,cleveland,8,source_only,cp,0.4724964071034451,1,0.3328049201703216,True
switzerland,cleveland,8,source_only,trestbps,0.1036414104195314,5,0.0730002827586796,False
switzerland,cleveland,8,source_only,restecg,0.2416932551784244,2,0.17023770612027203,True
switzerland,cleveland,8,source_only,thalach,0.2181350315871829,3,0.15364436783501134,True
switzerland,cleveland,8,source_only,exang,0.207204369078129,4,0.14594530767488195,False
switzerland,cleveland,8,source_only,oldpeak,0.0589984873146058,7,0.04155584373916386,False
switzerland,cleveland,9,conservative_candidate,age,0.0637329480527798,8,0.04041124206140147,False
switzerland,cleveland,9,conservative_candidate,sex,0.0735852859496282,7,0.046658328125748265,False
switzerland,cleveland,9,conservative_candidate,cp,0.3889697933286772,1,0.24663463644834296,True
switzerland,cleveland,9,conservative_candidate,trestbps,0.1100452047121086,6,0.0697765212686334,False
switzerland,cleveland,9,conservative_candidate,restecg,0.2955372394477524,2,0.18739172259207262,True
switzerland,cleveland,9,conservative_candidate,thalach,0.1884533708489411,4,0.11949289997313171,False
switzerland,cleveland,9,conservative_candidate,exang,0.1662603934240149,5,0.10542096684932273,False
switzerland,cleveland,9,conservative_candidate,oldpeak,0.290525122962142,3,0.1842136826813469,True
switzerland,cleveland,9,entropy_sfda,age,0.0865399991369593,8,0.04535180203849953,False
switzerland,cleveland,9,entropy_sfda,sex,0.1124554678010861,7,0.05893295776199741,False
switzerland,cleveland,9,entropy_sfda,cp,0.4706637866275612,1,0.24665416097407344,True
switzerland,cleveland,9,entropy_sfda,trestbps,0.1316030458608648,6,0.06896736010015199,False
switzerland,cleveland,9,entropy_sfda,restecg,0.3728122593183378,2,0.19537448521778528,True
switzerland,cleveland,9,entropy_sfda,thalach,0.1797463337186933,5,0.09419713687603667,False
switzerland,cleveland,9,entropy_sfda,exang,0.1815871672194586,4,0.09516183663736233,False
switzerland,cleveland,9,entropy_sfda,oldpeak,0.3727851156068492,3,0.19536026039409338,True
switzerland,cleveland,9,pseudo_label_sfda,age,0.0777295654364507,8,0.038515821392030206,False
switzerland,cleveland,9,pseudo_label_sfda,sex,0.1076821179279792,7,0.05335762779505593,False
switzerland,cleveland,9,pseudo_label_sfda,cp,0.5044572399437378,1,0.24996389526292362,True
switzerland,cleveland,9,pseudo_label_sfda,trestbps,0.146494967896774,6,0.07258980526472102,False
switzerland,cleveland,9,pseudo_label_sfda,restecg,0.3827998472359216,3,0.18968137107481092,True
switzerland,cleveland,9,pseudo_label_sfda,thalach,0.1972532891806694,4,0.09774109005259426,False
switzerland,cleveland,9,pseudo_label_sfda,exang,0.1956875744911999,5,0.09696526187200591,False
switzerland,cleveland,9,pseudo_label_sfda,oldpeak,0.4060158124900493,2,0.20118512728585805,True
switzerland,cleveland,9,reliability_gated_sfda,age,0.0637329480527798,8,0.04041124206140147,False
switzerland,cleveland,9,reliability_gated_sfda,sex,0.0735852859496282,7,0.046658328125748265,False
switzerland,cleveland,9,reliability_gated_sfda,cp,0.3889697933286772,1,0.24663463644834296,True
switzerland,cleveland,9,reliability_gated_sfda,trestbps,0.1100452047121086,6,0.0697765212686334,False
switzerland,cleveland,9,reliability_gated_sfda,restecg,0.2955372394477524,2,0.18739172259207262,True
switzerland,cleveland,9,reliability_gated_sfda,thalach,0.1884533708489411,4,0.11949289997313171,False
switzerland,cleveland,9,reliability_gated_sfda,exang,0.1662603934240149,5,0.10542096684932273,False
switzerland,cleveland,9,reliability_gated_sfda,oldpeak,0.290525122962142,3,0.1842136826813469,True
switzerland,cleveland,9,source_only,age,0.0637329480527798,8,0.04041124206140147,False
switzerland,cleveland,9,source_only,sex,0.0735852859496282,7,0.046658328125748265,False
switzerland,cleveland,9,source_only,cp,0.3889697933286772,1,0.24663463644834296,True
switzerland,cleveland,9,source_only,trestbps,0.1100452047121086,6,0.0697765212686334,False
switzerland,cleveland,9,source_only,restecg,0.2955372394477524,2,0.18739172259207262,True
switzerland,cleveland,9,source_only,thalach,0.1884533708489411,4,0.11949289997313171,False
switzerland,cleveland,9,source_only,exang,0.1662603934240149,5,0.10542096684932273,False
switzerland,cleveland,9,source_only,oldpeak,0.290525122962142,3,0.1842136826813469,True
switzerland,hungary,0,conservative_candidate,age,0.0824360984328462,5,0.06264084373735361,False
switzerland,hungary,0,conservative_candidate,sex,0.0728701341479104,6,0.055371939878955896,False
switzerland,hungary,0,conservative_candidate,cp,0.5595305739978382,1,0.42517134991077027,True
switzerland,hungary,0,conservative_candidate,trestbps,0.1421137482575679,3,0.10798819045013072,True
switzerland,hungary,0,conservative_candidate,restecg,0.0237371259891268,8,0.01803716609744736,False
switzerland,hungary,0,conservative_candidate,thalach,0.2382634416108532,2,0.18104960445729606,True
switzerland,hungary,0,conservative_candidate,exang,0.1375053766443707,4,0.10448642008989105,False
switzerland,hungary,0,conservative_candidate,oldpeak,0.059555443199383,7,0.04525448537815505,False
switzerland,hungary,0,entropy_sfda,age,0.1422780145235481,5,0.09530979233243946,False
switzerland,hungary,0,entropy_sfda,sex,0.0800183747901397,6,0.053603044079345616,False
switzerland,hungary,0,entropy_sfda,cp,0.6369737852715213,1,0.42669866738538603,True
switzerland,hungary,0,entropy_sfda,trestbps,0.1567676414658004,3,0.10501616432157078,True
switzerland,hungary,0,entropy_sfda,restecg,0.028170047922172,8,0.018870669698674437,False
switzerland,hungary,0,entropy_sfda,thalach,0.2391319583854353,2,0.1601907179411279,True
switzerland,hungary,0,entropy_sfda,exang,0.1454939409697643,4,0.09746409061086067,False
switzerland,hungary,0,entropy_sfda,oldpeak,0.0639615837361054,7,0.04284685363059505,False
switzerland,hungary,0,pseudo_label_sfda,age,0.1345783354600473,5,0.08600580028196017,False
switzerland,hungary,0,pseudo_label_sfda,sex,0.0779972525288154,6,0.04984618141250825,False
switzerland,hungary,0,pseudo_label_sfda,cp,0.6743710801515373,1,0.4309744524419495,True
switzerland,hungary,0,pseudo_label_sfda,trestbps,0.173473230241576,3,0.1108625986747528,True
switzerland,hungary,0,pseudo_label_sfda,restecg,0.0290911057404333,8,0.018591430944216645,False
switzerland,hungary,0,pseudo_label_sfda,thalach,0.2607783199490688,2,0.16665719654455918,True
switzerland,hungary,0,pseudo_label_sfda,exang,0.1545406625111948,4,0.09876324677329279,False
switzerland,hungary,0,pseudo_label_sfda,oldpeak,0.0599288438548979,7,0.03829909292676069,False
switzerland,hungary,0,reliability_gated_sfda,age,0.0824360984328462,5,0.06264084373735361,False
switzerland,hungary,0,reliability_gated_sfda,sex,0.0728701341479104,6,0.055371939878955896,False
switzerland,hungary,0,reliability_gated_sfda,cp,0.5595305739978382,1,0.42517134991077027,True
switzerland,hungary,0,reliability_gated_sfda,trestbps,0.1421137482575679,3,0.10798819045013072,True
switzerland,hungary,0,reliability_gated_sfda,restecg,0.0237371259891268,8,0.01803716609744736,False
switzerland,hungary,0,reliability_gated_sfda,thalach,0.2382634416108532,2,0.18104960445729606,True
switzerland,hungary,0,reliability_gated_sfda,exang,0.1375053766443707,4,0.10448642008989105,False
switzerland,hungary,0,reliability_gated_sfda,oldpeak,0.059555443199383,7,0.04525448537815505,False
switzerland,hungary,0,source_only,age,0.0824360984328462,5,0.06264084373735361,False
switzerland,hungary,0,source_only,sex,0.0728701341479104,6,0.055371939878955896,False
switzerland,hungary,0,source_only,cp,0.5595305739978382,1,0.42517134991077027,True
switzerland,hungary,0,source_only,trestbps,0.1421137482575679,3,0.10798819045013072,True
switzerland,hungary,0,source_only,restecg,0.0237371259891268,8,0.01803716609744736,False
switzerland,hungary,0,source_only,thalach,0.2382634416108532,2,0.18104960445729606,True
switzerland,hungary,0,source_only,exang,0.1375053766443707,4,0.10448642008989105,False
switzerland,hungary,0,source_only,oldpeak,0.059555443199383,7,0.04525448537815505,False
switzerland,hungary,1,conservative_candidate,age,0.1524069279441799,3,0.09103760917999439,True
switzerland,hungary,1,conservative_candidate,sex,0.1302944151098605,5,0.07782908691297723,False
switzerland,hungary,1,conservative_candidate,cp,0.6941230640901873,1,0.4146222555880591,True
switzerland,hungary,1,conservative_candidate,trestbps,0.1476902644843699,4,0.08822019286907043,False
switzerland,hungary,1,conservative_candidate,restecg,0.0411151337443666,8,0.024559405059156852,False
switzerland,hungary,1,conservative_candidate,thalach,0.1269832287008674,6,0.07585120770308705,False
switzerland,hungary,1,conservative_candidate,exang,0.3168903972930195,2,0.18928892886169313,True
switzerland,hungary,1,conservative_candidate,oldpeak,0.0646060857542498,7,0.038591313825961815,False
switzerland,hungary,1,entropy_sfda,age,0.2435823613080848,3,0.12238852584617356,True
switzerland,hungary,1,entropy_sfda,sex,0.1493154060678416,5,0.07502387421087613,False
switzerland,hungary,1,entropy_sfda,cp,0.8343415648270981,1,0.4192168662090595,True
switzerland,hungary,1,entropy_sfda,trestbps,0.1876864830866697,4,0.09430351139907381,False
switzerland,hungary,1,entropy_sfda,restecg,0.0687002109293983,7,0.03451858129552981,False
switzerland,hungary,1,entropy_sfda,thalach,0.0855316564640295,6,0.042975580381100706,False
switzerland,hungary,1,entropy_sfda,exang,0.361355234419002,2,0.18156378076737295,True
switzerland,hungary,1,entropy_sfda,oldpeak,0.0597256254736408,8,0.030009279890813464,False
switzerland,hungary,1,pseudo_label_sfda,age,0.2360246775823892,3,0.11252918190033373,True
switzerland,hungary,1,pseudo_label_sfda,sex,0.149598791042254,5,0.07132402315595786,False
switzerland,hungary,1,pseudo_label_sfda,cp,0.8733270787760666,1,0.416375027868746,True
switzerland,hungary,1,pseudo_label_sfda,trestbps,0.2055463330126462,4,0.09799806076825442,False
switzerland,hungary,1,pseudo_label_sfda,restecg,0.0669080014974131,8,0.03189964180106555,False
switzerland,hungary,1,pseudo_label_sfda,thalach,0.1097334573872159,6,0.052317479313442314,False
switzerland,hungary,1,pseudo_label_sfda,exang,0.3806534631044737,2,0.18148366191803397,True
switzerland,hungary,1,pseudo_label_sfda,oldpeak,0.0756612635181177,7,0.03607292327416624,False
switzerland,hungary,1,reliability_gated_sfda,age,0.1524069279441799,3,0.09103760917999439,True
switzerland,hungary,1,reliability_gated_sfda,sex,0.1302944151098605,5,0.07782908691297723,False
switzerland,hungary,1,reliability_gated_sfda,cp,0.6941230640901873,1,0.4146222555880591,True
switzerland,hungary,1,reliability_gated_sfda,trestbps,0.1476902644843699,4,0.08822019286907043,False
switzerland,hungary,1,reliability_gated_sfda,restecg,0.0411151337443666,8,0.024559405059156852,False
switzerland,hungary,1,reliability_gated_sfda,thalach,0.1269832287008674,6,0.07585120770308705,False
switzerland,hungary,1,reliability_gated_sfda,exang,0.3168903972930195,2,0.18928892886169313,True
switzerland,hungary,1,reliability_gated_sfda,oldpeak,0.0646060857542498,7,0.038591313825961815,False
switzerland,hungary,1,source_only,age,0.1524069279441799,3,0.09103760917999439,True
switzerland,hungary,1,source_only,sex,0.1302944151098605,5,0.07782908691297723,False
switzerland,hungary,1,source_only,cp,0.6941230640901873,1,0.4146222555880591,True
switzerland,hungary,1,source_only,trestbps,0.1476902644843699,4,0.08822019286907043,False
switzerland,hungary,1,source_only,restecg,0.0411151337443666,8,0.024559405059156852,False
switzerland,hungary,1,source_only,thalach,0.1269832287008674,6,0.07585120770308705,False
switzerland,hungary,1,source_only,exang,0.3168903972930195,2,0.18928892886169313,True
switzerland,hungary,1,source_only,oldpeak,0.0646060857542498,7,0.038591313825961815,False
switzerland,hungary,2,conservative_candidate,age,0.0896820596543609,6,0.0642030996747342,False
switzerland,hungary,2,conservative_candidate,sex,0.1284128324616522,3,0.09193033605411291,True
switzerland,hungary,2,conservative_candidate,cp,0.5870180002478753,1,0.42024430890671277,True
switzerland,hungary,2,conservative_candidate,trestbps,0.0480290115662441,7,0.03438381576818064,False
switzerland,hungary,2,conservative_candidate,restecg,0.0235383487104342,8,0.016851028558655237,False
switzerland,hungary,2,conservative_candidate,thalach,0.3122886293567717,2,0.2235664309578999,True
switzerland,hungary,2,conservative_candidate,exang,0.1167629235012291,4,0.08359020348946956,False
switzerland,hungary,2,conservative_candidate,oldpeak,0.0911175695114901,5,0.06523077659023474,False
switzerland,hungary,2,entropy_sfda,age,0.1153086431159757,5,0.07167012340271982,False
switzerland,hungary,2,entropy_sfda,sex,0.1678796389146524,3,0.10434564237925881,True
switzerland,hungary,2,entropy_sfda,cp,0.7002199063416916,1,0.43522190306302355,True
switzerland,hungary,2,entropy_sfda,trestbps,0.0560456028807635,7,0.03483516210145771,False
switzerland,hungary,2,entropy_sfda,restecg,0.0278430065824364,8,0.01730582950021276,False
switzerland,hungary,2,entropy_sfda,thalach,0.3226513555843611,2,0.2005440515636608,True
switzerland,hungary,2,entropy_sfda,exang,0.1389337642511137,4,0.08635432487629482,False
switzerland,hungary,2,entropy_sfda,oldpeak,0.0799982912836874,6,0.0497229631133717,False
switzerland,hungary,2,pseudo_label_sfda,age,0.116275276138992,6,0.06776091575805039,False
switzerland,hungary,2,pseudo_label_sfda,sex,0.1637810667229144,3,0.09544552748865433,True
switzerland,hungary,2,pseudo_label_sfda,cp,0.7332048617477301,1,0.42728458293138594,True
switzerland,hungary,2,pseudo_label_sfda,trestbps,0.0608555349158233,7,0.035464347295231846,False
switzerland,hungary,2,pseudo_label_sfda,restecg,0.028606490061387,8,0.01667080077166226,False
switzerland,hungary,2,pseudo_label_sfda,thalach,0.3485160733915257,2,0.2031022335408612,True
switzerland,hungary,2,pseudo_label_sfda,exang,0.1457156647427551,4,0.08491768165279835,False
switzerland,hungary,2,pseudo_label_sfda,oldpeak,0.1190087974996489,5,0.0693539105613557,False
switzerland,hungary,2,reliability_gated_sfda,age,0.0896820596543609,6,0.0642030996747342,False
switzerland,hungary,2,reliability_gated_sfda,sex,0.1284128324616522,3,0.09193033605411291,True
switzerland,hungary,2,reliability_gated_sfda,cp,0.5870180002478753,1,0.42024430890671277,True
switzerland,hungary,2,reliability_gated_sfda,trestbps,0.0480290115662441,7,0.03438381576818064,False
switzerland,hungary,2,reliability_gated_sfda,restecg,0.0235383487104342,8,0.016851028558655237,False
switzerland,hungary,2,reliability_gated_sfda,thalach,0.3122886293567717,2,0.2235664309578999,True
switzerland,hungary,2,reliability_gated_sfda,exang,0.1167629235012291,4,0.08359020348946956,False
switzerland,hungary,2,reliability_gated_sfda,oldpeak,0.0911175695114901,5,0.06523077659023474,False
switzerland,hungary,2,source_only,age,0.0896820596543609,6,0.0642030996747342,False
switzerland,hungary,2,source_only,sex,0.1284128324616522,3,0.09193033605411291,True
switzerland,hungary,2,source_only,cp,0.5870180002478753,1,0.42024430890671277,True
switzerland,hungary,2,source_only,trestbps,0.0480290115662441,7,0.03438381576818064,False
switzerland,hungary,2,source_only,restecg,0.0235383487104342,8,0.016851028558655237,False
switzerland,hungary,2,source_only,thalach,0.3122886293567717,2,0.2235664309578999,True
switzerland,hungary,2,source_only,exang,0.1167629235012291,4,0.08359020348946956,False
switzerland,hungary,2,source_only,oldpeak,0.0911175695114901,5,0.06523077659023474,False
switzerland,hungary,3,conservative_candidate,age,0.0579955702008865,7,0.04071474818998496,False
switzerland,hungary,3,conservative_candidate,sex,0.2330373940469861,2,0.16359971605776727,True
switzerland,hungary,3,conservative_candidate,cp,0.5412106951952081,1,0.3799472459064258,True
switzerland,hungary,3,conservative_candidate,trestbps,0.0951246753177402,6,0.06678056942626058,False
switzerland,hungary,3,conservative_candidate,restecg,0.0177502159186049,8,0.012461220209415482,False
switzerland,hungary,3,conservative_candidate,thalach,0.1803047337417243,4,0.12657969921372333,False
switzerland,hungary,3,conservative_candidate,exang,0.2023837320747323,3,0.14207986335215228,True
switzerland,hungary,3,conservative_candidate,oldpeak,0.0966294046816475,5,0.06783693764427019,False
switzerland,hungary,3,entropy_sfda,age,0.1015427568365128,6,0.0629288265026611,False
switzerland,hungary,3,entropy_sfda,sex,0.2671715452836281,2,0.16557352137553688,True
switzerland,hungary,3,entropy_sfda,cp,0.6367053120162617,1,0.3945837139098303,True
switzerland,hungary,3,entropy_sfda,trestbps,0.116693403209927,5,0.07231809686264137,False
switzerland,hungary,3,entropy_sfda,restecg,0.0193907276968404,8,0.012016964843287,False
switzerland,hungary,3,entropy_sfda,thalach,0.1711979121342776,4,0.10609603329621155,False
switzerland,hungary,3,entropy_sfda,exang,0.2275161055505884,3,0.14099795966545867,True
switzerland,hungary,3,entropy_sfda,oldpeak,0.0733949880550858,7,0.045484883544373085,False
switzerland,hungary,3,pseudo_label_sfda,age,0.1004006623799894,7,0.057069508191683126,False
switzerland,hungary,3,pseudo_label_sfda,sex,0.2763595961122995,2,0.1570876711399519,True
switzerland,hungary,3,pseudo_label_sfda,cp,0.6777150860518775,1,0.38522521403975757,True
switzerland,hungary,3,pseudo_label_sfda,trestbps,0.1302131317111625,5,0.07401544183772232,False
switzerland,hungary,3,pseudo_label_sfda,restecg,0.0203161771146833,8,0.011548073576267437,False
switzerland,hungary,3,pseudo_label_sfda,thalach,0.1898900022671627,4,0.10793682813455671,False
switzerland,hungary,3,pseudo_label_sfda,exang,0.2416625783785062,3,0.1373652739879153,True
switzerland,hungary,3,pseudo_label_sfda,oldpeak,0.1227125680433636,6,0.06975198909214558,False
switzerland,hungary,3,reliability_gated_sfda,age,0.0579955702008865,7,0.04071474818998496,False
switzerland,hungary,3,reliability_gated_sfda,sex,0.2330373940469861,2,0.16359971605776727,True
switzerland,hungary,3,reliability_gated_sfda,cp,0.5412106951952081,1,0.3799472459064258,True
switzerland,hungary,3,reliability_gated_sfda,trestbps,0.0951246753177402,6,0.06678056942626058,False
switzerland,hungary,3,reliability_gated_sfda,restecg,0.0177502159186049,8,0.012461220209415482,False
switzerland,hungary,3,reliability_gated_sfda,thalach,0.1803047337417243,4,0.12657969921372333,False
switzerland,hungary,3,reliability_gated_sfda,exang,0.2023837320747323,3,0.14207986335215228,True
switzerland,hungary,3,reliability_gated_sfda,oldpeak,0.0966294046816475,5,0.06783693764427019,False
switzerland,hungary,3,source_only,age,0.0579955702008865,7,0.04071474818998496,False
switzerland,hungary,3,source_only,sex,0.2330373940469861,2,0.16359971605776727,True
switzerland,hungary,3,source_only,cp,0.5412106951952081,1,0.3799472459064258,True
switzerland,hungary,3,source_only,trestbps,0.0951246753177402,6,0.06678056942626058,False
switzerland,hungary,3,source_only,restecg,0.0177502159186049,8,0.012461220209415482,False
switzerland,hungary,3,source_only,thalach,0.1803047337417243,4,0.12657969921372333,False
switzerland,hungary,3,source_only,exang,0.2023837320747323,3,0.14207986335215228,True
switzerland,hungary,3,source_only,oldpeak,0.0966294046816475,5,0.06783693764427019,False
switzerland,hungary,4,conservative_candidate,age,0.1636319402581536,5,0.08778135935948268,False
switzerland,hungary,4,conservative_candidate,sex,0.0914758157213123,7,0.04907276317732357,False
switzerland,hungary,4,conservative_candidate,cp,0.5820072683391675,1,0.31222137372025444,True
switzerland,hungary,4,conservative_candidate,trestbps,0.188638710904689,4,0.10119639506144006,False
switzerland,hungary,4,conservative_candidate,restecg,0.0576586573294111,8,0.030931340857006696,False
switzerland,hungary,4,conservative_candidate,thalach,0.3715349425637752,2,0.1993122018619491,True
switzerland,hungary,4,conservative_candidate,exang,0.3064594924941716,3,0.16440207698640358,True
switzerland,hungary,4,conservative_candidate,oldpeak,0.1026784571483224,6,0.05508248897613992,False
switzerland,hungary,4,entropy_sfda,age,0.2273192837728238,4,0.10993184781348896,False
switzerland,hungary,4,entropy_sfda,sex,0.0919374516297156,6,0.04446104955626374,False
switzerland,hungary,4,entropy_sfda,cp,0.6698354814040434,1,0.3239331524349439,True
switzerland,hungary,4,entropy_sfda,trestbps,0.2209024755791032,5,0.10682867253467976,False
switzerland,hungary,4,entropy_sfda,restecg,0.0764642710855448,7,0.036978202960317445,False
switzerland,hungary,4,entropy_sfda,thalach,0.3730694113780751,2,0.1804167648023599,True
switzerland,hungary,4,entropy_sfda,exang,0.3487684906263943,3,0.16866481363718205,True
switzerland,hungary,4,entropy_sfda,oldpeak,0.0595232275558942,8,0.02878549626076428,False
switzerland,hungary,4,pseudo_label_sfda,age,0.2317727588486959,5,0.10337073410035624,False
switzerland,hungary,4,pseudo_label_sfda,sex,0.0918399713375941,7,0.040960660364405876,False
switzerland,hungary,4,pseudo_label_sfda,cp,0.7108117116303944,1,0.31702227994072146,True
switzerland,hungary,4,pseudo_label_sfda,trestbps,0.2456713500115893,4,0.10956951077543098,False
switzerland,hungary,4,pseudo_label_sfda,restecg,0.0812804744338147,8,0.03625112093407667,False
switzerland,hungary,4,pseudo_label_sfda,thalach,0.4044516251587188,2,0.18038557079968123,True
switzerland,hungary,4,pseudo_label_sfda,exang,0.3655728082486181,3,0.1630456044252288,True
switzerland,hungary,4,pseudo_label_sfda,oldpeak,0.110749952213167,6,0.04939451866009862,False
switzerland,hungary,4,reliability_gated_sfda,age,0.1636319402581536,5,0.08778135935948268,False
switzerland,hungary,4,reliability_gated_sfda,sex,0.0914758157213123,7,0.04907276317732357,False
switzerland,hungary,4,reliability_gated_sfda,cp,0.5820072683391675,1,0.31222137372025444,True
switzerland,hungary,4,reliability_gated_sfda,trestbps,0.188638710904689,4,0.10119639506144006,False
switzerland,hungary,4,reliability_gated_sfda,restecg,0.0576586573294111,8,0.030931340857006696,False
switzerland,hungary,4,reliability_gated_sfda,thalach,0.3715349425637752,2,0.1993122018619491,True
switzerland,hungary,4,reliability_gated_sfda,exang,0.3064594924941716,3,0.16440207698640358,True
switzerland,hungary,4,reliability_gated_sfda,oldpeak,0.1026784571483224,6,0.05508248897613992,False
switzerland,hungary,4,source_only,age,0.1636319402581536,5,0.08778135935948268,False
switzerland,hungary,4,source_only,sex,0.0914758157213123,7,0.04907276317732357,False
switzerland,hungary,4,source_only,cp,0.5820072683391675,1,0.31222137372025444,True
switzerland,hungary,4,source_only,trestbps,0.188638710904689,4,0.10119639506144006,False
switzerland,hungary,4,source_only,restecg,0.0576586573294111,8,0.030931340857006696,False
switzerland,hungary,4,source_only,thalach,0.3715349425637752,2,0.1993122018619491,True
switzerland,hungary,4,source_only,exang,0.3064594924941716,3,0.16440207698640358,True
switzerland,hungary,4,source_only,oldpeak,0.1026784571483224,6,0.05508248897613992,False
switzerland,hungary,5,conservative_candidate,age,0.0552823476861214,5,0.0523960739395755,False
switzerland,hungary,5,conservative_candidate,sex,0.0504839913982922,6,0.04784823830363265,False
switzerland,hungary,5,conservative_candidate,cp,0.453154640966,1,0.4294955816443578,True
switzerland,hungary,5,conservative_candidate,trestbps,0.0792410207300946,4,0.07510387230287272,False
switzerland,hungary,5,conservative_candidate,restecg,0.0310823589572872,8,0.02945955890638314,False
switzerland,hungary,5,conservative_candidate,thalach,0.2176577450143693,2,0.2062939035448604,True
switzerland,hungary,5,conservative_candidate,exang,0.1252921843001631,3,0.11875071930583658,True
switzerland,hungary,5,conservative_candidate,oldpeak,0.0428913982813151,7,0.040652052052481145,False
switzerland,hungary,5,entropy_sfda,age,0.050323013524322,5,0.04546664028968648,False
switzerland,hungary,5,entropy_sfda,sex,0.0499078235177158,6,0.04509151778886262,False
switzerland,hungary,5,entropy_sfda,cp,0.5234806595534898,1,0.4729626701513603,True
switzerland,hungary,5,entropy_sfda,trestbps,0.091026476527751,4,0.08224205537938528,False
switzerland,hungary,5,entropy_sfda,restecg,0.0378755900381626,7,0.03422044324099275,False
switzerland,hungary,5,entropy_sfda,thalach,0.1968764503807982,2,0.17787708096312108,True
switzerland,hungary,5,entropy_sfda,exang,0.1371414369973195,3,0.12390673666143161,True
switzerland,hungary,5,entropy_sfda,oldpeak,0.0201803394606167,8,0.01823285552515979,False
switzerland,hungary,5,pseudo_label_sfda,age,0.0530128842908698,5,0.043411449466414245,False
switzerland,hungary,5,pseudo_label_sfda,sex,0.0495156491441385,7,0.04054761647797523,False
switzerland,hungary,5,pseudo_label_sfda,cp,0.5569563369317373,1,0.4560831239260723,True
switzerland,hungary,5,pseudo_label_sfda,trestbps,0.0982832843473427,4,0.0804826956486258,False
switzerland,hungary,5,pseudo_label_sfda,restecg,0.0427451355534852,8,0.03500334525912104,False
switzerland,hungary,5,pseudo_label_sfda,thalach,0.2227367888502523,2,0.1823957889261539,True
switzerland,hungary,5,pseudo_label_sfda,exang,0.1466204467273893,3,0.1200652671325292,True
switzerland,hungary,5,pseudo_label_sfda,oldpeak,0.051302343120697,6,0.04201071316310833,False
switzerland,hungary,5,reliability_gated_sfda,age,0.0552823476861214,5,0.0523960739395755,False
switzerland,hungary,5,reliability_gated_sfda,sex,0.0504839913982922,6,0.04784823830363265,False
switzerland,hungary,5,reliability_gated_sfda,cp,0.453154640966,1,0.4294955816443578,True
switzerland,hungary,5,reliability_gated_sfda,trestbps,0.0792410207300946,4,0.07510387230287272,False
switzerland,hungary,5,reliability_gated_sfda,restecg,0.0310823589572872,8,0.02945955890638314,False
switzerland,hungary,5,reliability_gated_sfda,thalach,0.2176577450143693,2,0.2062939035448604,True
switzerland,hungary,5,reliability_gated_sfda,exang,0.1252921843001631,3,0.11875071930583658,True
switzerland,hungary,5,reliability_gated_sfda,oldpeak,0.0428913982813151,7,0.040652052052481145,False
switzerland,hungary,5,source_only,age,0.0552823476861214,5,0.0523960739395755,False
switzerland,hungary,5,source_only,sex,0.0504839913982922,6,0.04784823830363265,False
switzerland,hungary,5,source_only,cp,0.453154640966,1,0.4294955816443578,True
switzerland,hungary,5,source_only,trestbps,0.0792410207300946,4,0.07510387230287272,False
switzerland,hungary,5,source_only,restecg,0.0310823589572872,8,0.02945955890638314,False
switzerland,hungary,5,source_only,thalach,0.2176577450143693,2,0.2062939035448604,True
switzerland,hungary,5,source_only,exang,0.1252921843001631,3,0.11875071930583658,True
switzerland,hungary,5,source_only,oldpeak,0.0428913982813151,7,0.040652052052481145,False
switzerland,hungary,6,conservative_candidate,age,0.0763995536519087,5,0.06688389599826058,False
switzerland,hungary,6,conservative_candidate,sex,0.0714761181956245,6,0.06257368043715128,False
switzerland,hungary,6,conservative_candidate,cp,0.3986357481529315,1,0.3489851791821739,True
switzerland,hungary,6,conservative_candidate,trestbps,0.1906125543854472,2,0.16687152809250125,True
switzerland,hungary,6,conservative_candidate,restecg,0.1338482459161278,4,0.11717728352435526,False
switzerland,hungary,6,conservative_candidate,thalach,0.0414476648240736,8,0.036285307583008956,False
switzerland,hungary,6,conservative_candidate,exang,0.1851765350977174,3,0.16211257164176582,True
switzerland,hungary,6,conservative_candidate,oldpeak,0.0446748621472739,7,0.03911055354078296,False
switzerland,hungary,6,entropy_sfda,age,0.0350897093965761,8,0.02668723480542765,False
switzerland,hungary,6,entropy_sfda,sex,0.0819143804461777,6,0.062299413204076934,False
switzerland,hungary,6,entropy_sfda,cp,0.4414530009911142,1,0.33574401428813494,True
switzerland,hungary,6,entropy_sfda,trestbps,0.2306045297545944,2,0.17538467370027824,True
switzerland,hungary,6,entropy_sfda,restecg,0.1600058154633813,4,0.12169131181011837,False
switzerland,hungary,6,entropy_sfda,thalach,0.081323092372939,7,0.06184971316610199,False
switzerland,hungary,6,entropy_sfda,exang,0.1973775847605904,3,0.15011415142549028,True
switzerland,hungary,6,entropy_sfda,oldpeak,0.0870818385765665,5,0.06622948760037153,False
switzerland,hungary,6,pseudo_label_sfda,age,0.0412079154444085,8,0.029348849319347052,False
switzerland,hungary,6,pseudo_label_sfda,sex,0.0836451605570559,5,0.05957324429073319,False
switzerland,hungary,6,pseudo_label_sfda,cp,0.4811028495389765,1,0.34264812684534457,True
switzerland,hungary,6,pseudo_label_sfda,trestbps,0.2786694380397699,2,0.19847224152771561,True
switzerland,hungary,6,pseudo_label_sfda,restecg,0.1737247903080543,4,0.12372920684776062,False
switzerland,hungary,6,pseudo_label_sfda,thalach,0.0792400490751546,6,0.056435862753158005,False
switzerland,hungary,6,pseudo_label_sfda,exang,0.2135493606582385,3,0.15209281859104495,True
switzerland,hungary,6,pseudo_label_sfda,oldpeak,0.0529330457001607,7,0.03769964982489609,False
switzerland,hungary,6,reliability_gated_sfda,age,0.0763995536519087,5,0.06688389599826058,False
switzerland,hungary,6,reliability_gated_sfda,sex,0.0714761181956245,6,0.06257368043715128,False
switzerland,hungary,6,reliability_gated_sfda,cp,0.3986357481529315,1,0.3489851791821739,True
switzerland,hungary,6,reliability_gated_sfda,trestbps,0.1906125543854472,2,0.16687152809250125,True
switzerland,hungary,6,reliability_gated_sfda,restecg,0.1338482459161278,4,0.11717728352435526,False
switzerland,hungary,6,reliability_gated_sfda,thalach,0.0414476648240736,8,0.036285307583008956,False
switzerland,hungary,6,reliability_gated_sfda,exang,0.1851765350977174,3,0.16211257164176582,True
switzerland,hungary,6,reliability_gated_sfda,oldpeak,0.0446748621472739,7,0.03911055354078296,False
switzerland,hungary,6,source_only,age,0.0763995536519087,5,0.06688389599826058,False
switzerland,hungary,6,source_only,sex,0.0714761181956245,6,0.06257368043715128,False
switzerland,hungary,6,source_only,cp,0.3986357481529315,1,0.3489851791821739,True
switzerland,hungary,6,source_only,trestbps,0.1906125543854472,2,0.16687152809250125,True
switzerland,hungary,6,source_only,restecg,0.1338482459161278,4,0.11717728352435526,False
switzerland,hungary,6,source_only,thalach,0.0414476648240736,8,0.036285307583008956,False
switzerland,hungary,6,source_only,exang,0.1851765350977174,3,0.16211257164176582,True
switzerland,hungary,6,source_only,oldpeak,0.0446748621472739,7,0.03911055354078296,False
switzerland,hungary,7,conservative_candidate,age,0.0743993527002926,5,0.06348209927670956,False
switzerland,hungary,7,conservative_candidate,sex,0.0108515944864068,8,0.009259247204363934,False
switzerland,hungary,7,conservative_candidate,cp,0.4381243252998446,1,0.3738345953931497,True
switzerland,hungary,7,conservative_candidate,trestbps,0.0491424476496002,6,0.041931355948210465,False
switzerland,hungary,7,conservative_candidate,restecg,0.0269637052286542,7,0.0230070901166137,False
switzerland,hungary,7,conservative_candidate,thalach,0.2547903552676747,2,0.21740278699746013,True
switzerland,hungary,7,conservative_candidate,exang,0.2383867987513947,3,0.20340626464258882,True
switzerland,hungary,7,conservative_candidate,oldpeak,0.0793151509742961,4,0.06767656042090364,False
switzerland,hungary,7,entropy_sfda,age,0.0963083935131755,4,0.07594636497658086,False
switzerland,hungary,7,entropy_sfda,sex,0.0094901137560808,8,0.007483663850025513,False
switzerland,hungary,7,entropy_sfda,cp,0.5027256961011579,1,0.3964367777973678,True
switzerland,hungary,7,entropy_sfda,trestbps,0.0637005838018296,5,0.05023267038477996,False
switzerland,hungary,7,entropy_sfda,restecg,0.0333869169548558,7,0.026328078872475316,False
switzerland,hungary,7,entropy_sfda,thalach,0.236634826867328,3,0.18660424363716038,True
switzerland,hungary,7,entropy_sfda,exang,0.271911133118734,2,0.21442224715549757,True
switzerland,hungary,7,entropy_sfda,oldpeak,0.0539529761113384,6,0.04254595332611264,False
switzerland,hungary,7,pseudo_label_sfda,age,0.0976173654076885,5,0.06995551971735503,False
switzerland,hungary,7,pseudo_label_sfda,sex,0.0114548290211732,8,0.008208872613012546,False
switzerland,hungary,7,pseudo_label_sfda,cp,0.5311206701935466,1,0.3806169359400996,True
switzerland,hungary,7,pseudo_label_sfda,trestbps,0.0719310242491045,6,0.0515479204353885,False
switzerland,hungary,7,pseudo_label_sfda,restecg,0.0362084515228056,7,0.02594805784667304,False
switzerland,hungary,7,pseudo_label_sfda,thalach,0.2636013002210886,3,0.18890456506506365,True
switzerland,hungary,7,pseudo_label_sfda,exang,0.2814085533601694,2,0.20166577453717244,True
switzerland,hungary,7,pseudo_label_sfda,oldpeak,0.102078293243975,4,0.0731523538452351,False
switzerland,hungary,7,reliability_gated_sfda,age,0.0743993527002926,5,0.06348209927670956,False
switzerland,hungary,7,reliability_gated_sfda,sex,0.0108515944864068,8,0.009259247204363934,False
switzerland,hungary,7,reliability_gated_sfda,cp,0.4381243252998446,1,0.3738345953931497,True
switzerland,hungary,7,reliability_gated_sfda,trestbps,0.0491424476496002,6,0.041931355948210465,False
switzerland,hungary,7,reliability_gated_sfda,restecg,0.0269637052286542,7,0.0230070901166137,False
switzerland,hungary,7,reliability_gated_sfda,thalach,0.2547903552676747,2,0.21740278699746013,True
switzerland,hungary,7,reliability_gated_sfda,exang,0.2383867987513947,3,0.20340626464258882,True
switzerland,hungary,7,reliability_gated_sfda,oldpeak,0.0793151509742961,4,0.06767656042090364,False
switzerland,hungary,7,source_only,age,0.0743993527002926,5,0.06348209927670956,False
switzerland,hungary,7,source_only,sex,0.0108515944864068,8,0.009259247204363934,False
switzerland,hungary,7,source_only,cp,0.4381243252998446,1,0.3738345953931497,True
switzerland,hungary,7,source_only,trestbps,0.0491424476496002,6,0.041931355948210465,False
switzerland,hungary,7,source_only,restecg,0.0269637052286542,7,0.0230070901166137,False
switzerland,hungary,7,source_only,thalach,0.2547903552676747,2,0.21740278699746013,True
switzerland,hungary,7,source_only,exang,0.2383867987513947,3,0.20340626464258882,True
switzerland,hungary,7,source_only,oldpeak,0.0793151509742961,4,0.06767656042090364,False
switzerland,hungary,8,conservative_candidate,age,0.0987223609553358,4,0.07270062528661476,False
switzerland,hungary,8,conservative_candidate,sex,0.0393767539715888,8,0.028997631415914504,False
switzerland,hungary,8,conservative_candidate,cp,0.5715576953485887,1,0.42090364773608063,True
switzerland,hungary,8,conservative_candidate,trestbps,0.0970301610523783,5,0.0714544639320396,False
switzerland,hungary,8,conservative_candidate,restecg,0.0457290635979979,6,0.03367556737069845,False
switzerland,hungary,8,conservative_candidate,thalach,0.2341370248951676,2,0.17242201207411825,True
switzerland,hungary,8,conservative_candidate,exang,0.2261054884586134,3,0.16650746834461924,True
switzerland,hungary,8,conservative_candidate,oldpeak,0.0452714635480549,7,0.033338583839914636,False
switzerland,hungary,8,entropy_sfda,age,0.1562176713011968,4,0.0957493355858214,False
switzerland,hungary,8,entropy_sfda,sex,0.0442981808161248,8,0.02715135455211484,False
switzerland,hungary,8,entropy_sfda,cp,0.666155525993201,1,0.40830175280038067,True
switzerland,hungary,8,entropy_sfda,trestbps,0.1297878157676095,5,0.07954988077452156,False
switzerland,hungary,8,entropy_sfda,restecg,0.05123357207999,7,0.03140221234567686,False
switzerland,hungary,8,entropy_sfda,thalach,0.2201652519981421,3,0.1349442506876336,True
switzerland,hungary,8,entropy_sfda,exang,0.2629203799427772,2,0.16114983331786345,True
switzerland,hungary,8,entropy_sfda,oldpeak,0.1007490727138153,6,0.06175137993598755,False
switzerland,hungary,8,pseudo_label_sfda,age,0.1475615558368121,4,0.08951462626164622,False
switzerland,hungary,8,pseudo_label_sfda,sex,0.0406361186281352,8,0.02465091229957058,False
switzerland,hungary,8,pseudo_label_sfda,cp,0.6983804460234788,1,0.4236554992912175,True
switzerland,hungary,8,pseudo_label_sfda,trestbps,0.1346502129454165,5,0.08168227435328476,False
switzerland,hungary,8,pseudo_label_sfda,restecg,0.0550977483508176,7,0.033423707980796954,False
switzerland,hungary,8,pseudo_label_sfda,thalach,0.2464352295445721,3,0.14949393387245774,True
switzerland,hungary,8,pseudo_label_sfda,exang,0.2697736503062199,2,0.163651618780079,True
switzerland,hungary,8,pseudo_label_sfda,oldpeak,0.0559281108181821,6,0.03392742716094732,False
switzerland,hungary,8,reliability_gated_sfda,age,0.0987223609553358,4,0.07270062528661476,False
switzerland,hungary,8,reliability_gated_sfda,sex,0.0393767539715888,8,0.028997631415914504,False
switzerland,hungary,8,reliability_gated_sfda,cp,0.5715576953485887,1,0.42090364773608063,True
switzerland,hungary,8,reliability_gated_sfda,trestbps,0.0970301610523783,5,0.0714544639320396,False
switzerland,hungary,8,reliability_gated_sfda,restecg,0.0457290635979979,6,0.03367556737069845,False
switzerland,hungary,8,reliability_gated_sfda,thalach,0.2341370248951676,2,0.17242201207411825,True
switzerland,hungary,8,reliability_gated_sfda,exang,0.2261054884586134,3,0.16650746834461924,True
switzerland,hungary,8,reliability_gated_sfda,oldpeak,0.0452714635480549,7,0.033338583839914636,False
switzerland,hungary,8,source_only,age,0.0987223609553358,4,0.07270062528661476,False
switzerland,hungary,8,source_only,sex,0.0393767539715888,8,0.028997631415914504,False
switzerland,hungary,8,source_only,cp,0.5715576953485887,1,0.42090364773608063,True
switzerland,hungary,8,source_only,trestbps,0.0970301610523783,5,0.0714544639320396,False
switzerland,hungary,8,source_only,restecg,0.0457290635979979,6,0.03367556737069845,False
switzerland,hungary,8,source_only,thalach,0.2341370248951676,2,0.17242201207411825,True
switzerland,hungary,8,source_only,exang,0.2261054884586134,3,0.16650746834461924,True
switzerland,hungary,8,source_only,oldpeak,0.0452714635480549,7,0.033338583839914636,False
switzerland,hungary,9,conservative_candidate,age,0.0908069546781099,6,0.06331232093032604,False
switzerland,hungary,9,conservative_candidate,sex,0.0735762677579914,7,0.05129876113192118,False
switzerland,hungary,9,conservative_candidate,cp,0.4715949188645447,1,0.32880486916560697,True
switzerland,hungary,9,conservative_candidate,trestbps,0.118066908981727,5,0.08231847504632434,False
switzerland,hungary,9,conservative_candidate,restecg,0.0510128310191675,8,0.03556710761305369,False
switzerland,hungary,9,conservative_candidate,thalach,0.2582253380377656,2,0.18003957441521853,True
switzerland,hungary,9,conservative_candidate,exang,0.1765055279754304,4,0.12306298204548151,False
switzerland,hungary,9,conservative_candidate,oldpeak,0.1944811284972899,3,0.1355959096520677,True
switzerland,hungary,9,entropy_sfda,age,0.1465885156874867,5,0.08972596700476598,False
switzerland,hungary,9,entropy_sfda,sex,0.1083133107900213,7,0.0662979395387385,False
switzerland,hungary,9,entropy_sfda,cp,0.5544284720086258,1,0.33936240197700096,True
switzerland,hungary,9,entropy_sfda,trestbps,0.1441628115392625,6,0.08824120778371694,False
switzerland,hungary,9,entropy_sfda,restecg,0.0667349487507666,8,0.04084806904274546,False
switzerland,hungary,9,entropy_sfda,thalach,0.2465810256378193,2,0.1509307933613859,True
switzerland,hungary,9,entropy_sfda,exang,0.1946931094133935,3,0.11917050547482046,True
switzerland,hungary,9,entropy_sfda,oldpeak,0.172233508120538,4,0.10542311581682574,False
switzerland,hungary,9,pseudo_label_sfda,age,0.1474046129076012,6,0.08178372711242898,False
switzerland,hungary,9,pseudo_label_sfda,sex,0.1018470501159729,7,0.05650726384737911,False
switzerland,hungary,9,pseudo_label_sfda,cp,0.5925597475760863,1,0.32876681222961524,True
switzerland,hungary,9,pseudo_label_sfda,trestbps,0.1616883589933645,5,0.0897087029254556,False
switzerland,hungary,9,pseudo_label_sfda,restecg,0.0694528047634299,8,0.03853413485455619,False
switzerland,hungary,9,pseudo_label_sfda,thalach,0.2735906463135414,2,0.15179486121404767,True
switzerland,hungary,9,pseudo_label_sfda,exang,0.2091630276191194,4,0.11604882395053863,False
switzerland,hungary,9,pseudo_label_sfda,oldpeak,0.2466646892075636,3,0.13685567386597858,True
switzerland,hungary,9,reliability_gated_sfda,age,0.0908069546781099,6,0.06331232093032604,False
switzerland,hungary,9,reliability_gated_sfda,sex,0.0735762677579914,7,0.05129876113192118,False
switzerland,hungary,9,reliability_gated_sfda,cp,0.4715949188645447,1,0.32880486916560697,True
switzerland,hungary,9,reliability_gated_sfda,trestbps,0.118066908981727,5,0.08231847504632434,False
switzerland,hungary,9,reliability_gated_sfda,restecg,0.0510128310191675,8,0.03556710761305369,False
switzerland,hungary,9,reliability_gated_sfda,thalach,0.2582253380377656,2,0.18003957441521853,True
switzerland,hungary,9,reliability_gated_sfda,exang,0.1765055279754304,4,0.12306298204548151,False
switzerland,hungary,9,reliability_gated_sfda,oldpeak,0.1944811284972899,3,0.1355959096520677,True
switzerland,hungary,9,source_only,age,0.0908069546781099,6,0.06331232093032604,False
switzerland,hungary,9,source_only,sex,0.0735762677579914,7,0.05129876113192118,False
switzerland,hungary,9,source_only,cp,0.4715949188645447,1,0.32880486916560697,True
switzerland,hungary,9,source_only,trestbps,0.118066908981727,5,0.08231847504632434,False
switzerland,hungary,9,source_only,restecg,0.0510128310191675,8,0.03556710761305369,False
switzerland,hungary,9,source_only,thalach,0.2582253380377656,2,0.18003957441521853,True
switzerland,hungary,9,source_only,exang,0.1765055279754304,4,0.12306298204548151,False
switzerland,hungary,9,source_only,oldpeak,0.1944811284972899,3,0.1355959096520677,True
switzerland,va_long_beach,0,conservative_candidate,age,0.0811359151013311,6,0.06312846158688687,False
switzerland,va_long_beach,0,conservative_candidate,sex,0.0049473287898581,8,0.003849309582300289,False
switzerland,va_long_beach,0,conservative_candidate,cp,0.4951929314481094,1,0.3852889058067334,True
switzerland,va_long_beach,0,conservative_candidate,trestbps,0.1105719509313348,5,0.08603140974300039,False
switzerland,va_long_beach,0,conservative_candidate,restecg,0.1354145940236048,4,0.10536043115366023,False
switzerland,va_long_beach,0,conservative_candidate,thalach,0.2350306585605722,2,0.18286752398307998,True
switzerland,va_long_beach,0,conservative_candidate,exang,0.1639305083896033,3,0.12754747128774455,True
switzerland,va_long_beach,0,conservative_candidate,oldpeak,0.0590270607714773,7,0.045926486856594395,False
switzerland,va_long_beach,0,entropy_sfda,age,0.1057506108656525,6,0.07522342021037795,False
switzerland,va_long_beach,0,entropy_sfda,sex,0.0044665321335196,8,0.0031771714679714323,False
switzerland,va_long_beach,0,entropy_sfda,cp,0.5387300518527627,1,0.3832140234344643,True
switzerland,va_long_beach,0,entropy_sfda,trestbps,0.1213440863252617,5,0.08631550324835295,False
switzerland,va_long_beach,0,entropy_sfda,restecg,0.1532190173065464,4,0.10898904912912435,False
switzerland,va_long_beach,0,entropy_sfda,thalach,0.2436214375705458,2,0.17329486440420905,True
switzerland,va_long_beach,0,entropy_sfda,exang,0.1725257685687393,3,0.12272249096179835,True
switzerland,va_long_beach,0,entropy_sfda,oldpeak,0.0661627913685515,7,0.04706347714370158,False
switzerland,va_long_beach,0,pseudo_label_sfda,age,0.1197451379027915,6,0.07668530621167764,False
switzerland,va_long_beach,0,pseudo_label_sfda,sex,0.0041969566559418,8,0.0026877492644361693,False
switzerland,va_long_beach,0,pseudo_label_sfda,cp,0.5984779957658611,1,0.3832679069066927,True
switzerland,va_long_beach,0,pseudo_label_sfda,trestbps,0.1342169459932483,5,0.0859531149452082,False
switzerland,va_long_beach,0,pseudo_label_sfda,restecg,0.169211455157565,4,0.10836375055006667,False
switzerland,va_long_beach,0,pseudo_label_sfda,thalach,0.2753096224745968,2,0.17630947754742746,True
switzerland,va_long_beach,0,pseudo_label_sfda,exang,0.187928881496191,3,0.12035047164297039,True
switzerland,va_long_beach,0,pseudo_label_sfda,oldpeak,0.0724264654540456,7,0.04638222293152082,False
switzerland,va_long_beach,0,reliability_gated_sfda,age,0.0811359151013311,6,0.06312846158688687,False
switzerland,va_long_beach,0,reliability_gated_sfda,sex,0.0049473287898581,8,0.003849309582300289,False
switzerland,va_long_beach,0,reliability_gated_sfda,cp,0.4951929314481094,1,0.3852889058067334,True
switzerland,va_long_beach,0,reliability_gated_sfda,trestbps,0.1105719509313348,5,0.08603140974300039,False
switzerland,va_long_beach,0,reliability_gated_sfda,restecg,0.1354145940236048,4,0.10536043115366023,False
switzerland,va_long_beach,0,reliability_gated_sfda,thalach,0.2350306585605722,2,0.18286752398307998,True
switzerland,va_long_beach,0,reliability_gated_sfda,exang,0.1639305083896033,3,0.12754747128774455,True
switzerland,va_long_beach,0,reliability_gated_sfda,oldpeak,0.0590270607714773,7,0.045926486856594395,False
switzerland,va_long_beach,0,source_only,age,0.0811359151013311,6,0.06312846158688687,False
switzerland,va_long_beach,0,source_only,sex,0.0049473287898581,8,0.003849309582300289,False
switzerland,va_long_beach,0,source_only,cp,0.4951929314481094,1,0.3852889058067334,True
switzerland,va_long_beach,0,source_only,trestbps,0.1105719509313348,5,0.08603140974300039,False
switzerland,va_long_beach,0,source_only,restecg,0.1354145940236048,4,0.10536043115366023,False
switzerland,va_long_beach,0,source_only,thalach,0.2350306585605722,2,0.18286752398307998,True
switzerland,va_long_beach,0,source_only,exang,0.1639305083896033,3,0.12754747128774455,True
switzerland,va_long_beach,0,source_only,oldpeak,0.0590270607714773,7,0.045926486856594395,False
switzerland,va_long_beach,1,conservative_candidate,age,0.0743319078447529,7,0.04931516242782964,False
switzerland,va_long_beach,1,conservative_candidate,sex,0.0241762805066536,8,0.016039642122148968,False
switzerland,va_long_beach,1,conservative_candidate,cp,0.6003399530285969,1,0.3982927810403397,True
switzerland,va_long_beach,1,conservative_candidate,trestbps,0.1570945653901435,3,0.10422366697387418,True
switzerland,va_long_beach,1,conservative_candidate,restecg,0.0804674375336616,5,0.05338575138434144,False
switzerland,va_long_beach,1,conservative_candidate,thalach,0.1391562538384459,4,0.0923225766682064,False
switzerland,va_long_beach,1,conservative_candidate,exang,0.3525176171585917,2,0.23387619197338533,True
switzerland,va_long_beach,1,conservative_candidate,oldpeak,0.0791990227208588,6,0.05254422740987438,False
switzerland,va_long_beach,1,entropy_sfda,age,0.071375387716107,7,0.0434069150593409,False
switzerland,va_long_beach,1,entropy_sfda,sex,0.0239858567225746,8,0.014586989699074711,False
switzerland,va_long_beach,1,entropy_sfda,cp,0.6770848318142817,1,0.4117688845268196,True
switzerland,va_long_beach,1,entropy_sfda,trestbps,0.1689818934455979,3,0.10276627462304357,True
switzerland,va_long_beach,1,entropy_sfda,restecg,0.0916462123580276,5,0.055734609402864295,False
switzerland,va_long_beach,1,entropy_sfda,thalach,0.1406093375413911,4,0.08551151547485075,False
switzerland,va_long_beach,1,entropy_sfda,exang,0.3877199979359284,2,0.23579177018487527,True
switzerland,va_long_beach,1,entropy_sfda,oldpeak,0.0829286728217266,6,0.050433041029131015,False
switzerland,va_long_beach,1,pseudo_label_sfda,age,0.0742003861931152,7,0.04033815754037918,False
switzerland,va_long_beach,1,pseudo_label_sfda,sex,0.0241402000398374,8,0.013123532669073653,False
switzerland,va_long_beach,1,pseudo_label_sfda,cp,0.7592943277955055,1,0.4127813315474809,True
switzerland,va_long_beach,1,pseudo_label_sfda,trestbps,0.1923772262001875,3,0.1045835912153832,True
switzerland,va_long_beach,1,pseudo_label_sfda,restecg,0.1021274893544613,5,0.05552039505646002,False
switzerland,va_long_beach,1,pseudo_label_sfda,thalach,0.1692668930441141,4,0.09201993343017838,False
switzerland,va_long_beach,1,pseudo_label_sfda,exang,0.4267668453045189,2,0.23200672020897967,True
switzerland,va_long_beach,1,pseudo_label_sfda,oldpeak,0.0912856137740891,6,0.04962633833206492,False
switzerland,va_long_beach,1,reliability_gated_sfda,age,0.0743319078447529,7,0.04931516242782964,False
switzerland,va_long_beach,1,reliability_gated_sfda,sex,0.0241762805066536,8,0.016039642122148968,False
switzerland,va_long_beach,1,reliability_gated_sfda,cp,0.6003399530285969,1,0.3982927810403397,True
switzerland,va_long_beach,1,reliability_gated_sfda,trestbps,0.1570945653901435,3,0.10422366697387418,True
switzerland,va_long_beach,1,reliability_gated_sfda,restecg,0.0804674375336616,5,0.05338575138434144,False
switzerland,va_long_beach,1,reliability_gated_sfda,thalach,0.1391562538384459,4,0.0923225766682064,False
switzerland,va_long_beach,1,reliability_gated_sfda,exang,0.3525176171585917,2,0.23387619197338533,True
switzerland,va_long_beach,1,reliability_gated_sfda,oldpeak,0.0791990227208588,6,0.05254422740987438,False
switzerland,va_long_beach,1,source_only,age,0.0743319078447529,7,0.04931516242782964,False
switzerland,va_long_beach,1,source_only,sex,0.0241762805066536,8,0.016039642122148968,False
switzerland,va_long_beach,1,source_only,cp,0.6003399530285969,1,0.3982927810403397,True
switzerland,va_long_beach,1,source_only,trestbps,0.1570945653901435,3,0.10422366697387418,True
switzerland,va_long_beach,1,source_only,restecg,0.0804674375336616,5,0.05338575138434144,False
switzerland,va_long_beach,1,source_only,thalach,0.1391562538384459,4,0.0923225766682064,False
switzerland,va_long_beach,1,source_only,exang,0.3525176171585917,2,0.23387619197338533,True
switzerland,va_long_beach,1,source_only,oldpeak,0.0791990227208588,6,0.05254422740987438,False
switzerland,va_long_beach,2,conservative_candidate,age,0.1004705090855713,5,0.07144257334938706,False
switzerland,va_long_beach,2,conservative_candidate,sex,0.0246216478641144,8,0.017507962281912925,False
switzerland,va_long_beach,2,conservative_candidate,cp,0.5253559568460332,1,0.3735701333964902,True
switzerland,va_long_beach,2,conservative_candidate,trestbps,0.0363502450175291,7,0.025847933583387866,False
switzerland,va_long_beach,2,conservative_candidate,restecg,0.0970393889449587,6,0.06900277231177614,False
switzerland,va_long_beach,2,conservative_candidate,thalach,0.309009629250504,2,0.21973057869741064,True
switzerland,va_long_beach,2,conservative_candidate,exang,0.1993998276442289,3,0.14178923688139045,True
switzerland,va_long_beach,2,conservative_candidate,oldpeak,0.1140642476826905,4,0.08110880949824473,False
switzerland,va_long_beach,2,entropy_sfda,age,0.1376032627152744,5,0.08694311719369649,False
switzerland,va_long_beach,2,entropy_sfda,sex,0.0257373594306409,8,0.016261869181580905,False
switzerland,va_long_beach,2,entropy_sfda,cp,0.5851046193783986,1,0.36969195707553865,True
switzerland,va_long_beach,2,entropy_sfda,trestbps,0.0338696491284644,7,0.021400167520581517,False
switzerland,va_long_beach,2,entropy_sfda,restecg,0.1006583929347106,6,0.06359990512405375,False
switzerland,va_long_beach,2,entropy_sfda,thalach,0.3286162849329412,2,0.20763260702473446,True
switzerland,va_long_beach,2,entropy_sfda,exang,0.2171513735130429,3,0.13720472133849287,True
switzerland,va_long_beach,2,entropy_sfda,oldpeak,0.1539405531412921,4,0.09726565554132131,False
switzerland,va_long_beach,2,pseudo_label_sfda,age,0.1646110195759683,5,0.09212971537033432,False
switzerland,va_long_beach,2,pseudo_label_sfda,sex,0.0268476846301927,8,0.015026148004572937,False
switzerland,va_long_beach,2,pseudo_label_sfda,cp,0.6608740115226829,1,0.3698788497518342,True
switzerland,va_long_beach,2,pseudo_label_sfda,trestbps,0.0337473025267535,7,0.018887735367385264,False
switzerland,va_long_beach,2,pseudo_label_sfda,restecg,0.1117313792696222,6,0.0625339676320671,False
switzerland,va_long_beach,2,pseudo_label_sfda,thalach,0.3702846631966531,2,0.20724141502910734,True
switzerland,va_long_beach,2,pseudo_label_sfda,exang,0.2408834061026573,3,0.13481794656786375,True
switzerland,va_long_beach,2,pseudo_label_sfda,oldpeak,0.1777515451435465,4,0.09948422227683501,False
switzerland,va_long_beach,2,reliability_gated_sfda,age,0.1004705090855713,5,0.07144257334938706,False
switzerland,va_long_beach,2,reliability_gated_sfda,sex,0.0246216478641144,8,0.017507962281912925,False
switzerland,va_long_beach,2,reliability_gated_sfda,cp,0.5253559568460332,1,0.3735701333964902,True
switzerland,va_long_beach,2,reliability_gated_sfda,trestbps,0.0363502450175291,7,0.025847933583387866,False
switzerland,va_long_beach,2,reliability_gated_sfda,restecg,0.0970393889449587,6,0.06900277231177614,False
switzerland,va_long_beach,2,reliability_gated_sfda,thalach,0.309009629250504,2,0.21973057869741064,True
switzerland,va_long_beach,2,reliability_gated_sfda,exang,0.1993998276442289,3,0.14178923688139045,True
switzerland,va_long_beach,2,reliability_gated_sfda,oldpeak,0.1140642476826905,4,0.08110880949824473,False
switzerland,va_long_beach,2,source_only,age,0.1004705090855713,5,0.07144257334938706,False
switzerland,va_long_beach,2,source_only,sex,0.0246216478641144,8,0.017507962281912925,False
switzerland,va_long_beach,2,source_only,cp,0.5253559568460332,1,0.3735701333964902,True
switzerland,va_long_beach,2,source_only,trestbps,0.0363502450175291,7,0.025847933583387866,False
switzerland,va_long_beach,2,source_only,restecg,0.0970393889449587,6,0.06900277231177614,False
switzerland,va_long_beach,2,source_only,thalach,0.309009629250504,2,0.21973057869741064,True
switzerland,va_long_beach,2,source_only,exang,0.1993998276442289,3,0.14178923688139045,True
switzerland,va_long_beach,2,source_only,oldpeak,0.1140642476826905,4,0.08110880949824473,False
switzerland,va_long_beach,3,conservative_candidate,age,0.0657408994322758,7,0.049370016807453815,False
switzerland,va_long_beach,3,conservative_candidate,sex,0.0254070180328562,8,0.01908012999733262,False
switzerland,va_long_beach,3,conservative_candidate,cp,0.4527588871959597,1,0.3400122916422169,True
switzerland,va_long_beach,3,conservative_candidate,trestbps,0.1179018413904122,5,0.08854177447132168,False
switzerland,va_long_beach,3,conservative_candidate,restecg,0.1240825091750593,4,0.0931833244812004,False
switzerland,va_long_beach,3,conservative_candidate,thalach,0.1955047325685154,3,0.14681989471086604,True
switzerland,va_long_beach,3,conservative_candidate,exang,0.2756485260650516,2,0.20700617853275333,True
switzerland,va_long_beach,3,conservative_candidate,oldpeak,0.0745512323125148,6,0.055986389356855126,False
switzerland,va_long_beach,3,entropy_sfda,age,0.0877090620156377,7,0.059850654319792,False
switzerland,va_long_beach,3,entropy_sfda,sex,0.0267504467791877,8,0.01825389197293784,False
switzerland,va_long_beach,3,entropy_sfda,cp,0.5030744152842089,1,0.34328645449358997,True
switzerland,va_long_beach,3,entropy_sfda,trestbps,0.1174558218871242,5,0.08014916169505928,False
switzerland,va_long_beach,3,entropy_sfda,restecg,0.1351589261616754,4,0.0922293544365401,False
switzerland,va_long_beach,3,entropy_sfda,thalach,0.2000907364385784,3,0.13653733404471743,True
switzerland,va_long_beach,3,entropy_sfda,exang,0.2959128138795495,2,0.20192412420445488,True
switzerland,va_long_beach,3,entropy_sfda,oldpeak,0.0993131598870968,6,0.0677690248329085,False
switzerland,va_long_beach,3,pseudo_label_sfda,age,0.1036903086287202,7,0.0621453024108499,False
switzerland,va_long_beach,3,pseudo_label_sfda,sex,0.0282306658686138,8,0.016919645537429983,False
switzerland,va_long_beach,3,pseudo_label_sfda,cp,0.5733574236044661,1,0.3436335656689915,True
switzerland,va_long_beach,3,pseudo_label_sfda,trestbps,0.1271043770725372,5,0.0761781892191964,False
switzerland,va_long_beach,3,pseudo_label_sfda,restecg,0.15247356274107,4,0.0913828475535944,False
switzerland,va_long_beach,3,pseudo_label_sfda,thalach,0.2372732775192707,3,0.1422063429114377,True
switzerland,va_long_beach,3,pseudo_label_sfda,exang,0.3288219366408884,2,0.1970747214673572,True
switzerland,va_long_beach,3,pseudo_label_sfda,oldpeak,0.1175624724151566,6,0.07045938523114299,False
switzerland,va_long_beach,3,reliability_gated_sfda,age,0.0657408994322758,7,0.049370016807453815,False
switzerland,va_long_beach,3,reliability_gated_sfda,sex,0.0254070180328562,8,0.01908012999733262,False
switzerland,va_long_beach,3,reliability_gated_sfda,cp,0.4527588871959597,1,0.3400122916422169,True
switzerland,va_long_beach,3,reliability_gated_sfda,trestbps,0.1179018413904122,5,0.08854177447132168,False
switzerland,va_long_beach,3,reliability_gated_sfda,restecg,0.1240825091750593,4,0.0931833244812004,False
switzerland,va_long_beach,3,reliability_gated_sfda,thalach,0.1955047325685154,3,0.14681989471086604,True
switzerland,va_long_beach,3,reliability_gated_sfda,exang,0.2756485260650516,2,0.20700617853275333,True
switzerland,va_long_beach,3,reliability_gated_sfda,oldpeak,0.0745512323125148,6,0.055986389356855126,False
switzerland,va_long_beach,3,source_only,age,0.0657408994322758,7,0.049370016807453815,False
switzerland,va_long_beach,3,source_only,sex,0.0254070180328562,8,0.01908012999733262,False
switzerland,va_long_beach,3,source_only,cp,0.4527588871959597,1,0.3400122916422169,True
switzerland,va_long_beach,3,source_only,trestbps,0.1179018413904122,5,0.08854177447132168,False
switzerland,va_long_beach,3,source_only,restecg,0.1240825091750593,4,0.0931833244812004,False
switzerland,va_long_beach,3,source_only,thalach,0.1955047325685154,3,0.14681989471086604,True
switzerland,va_long_beach,3,source_only,exang,0.2756485260650516,2,0.20700617853275333,True
switzerland,va_long_beach,3,source_only,oldpeak,0.0745512323125148,6,0.055986389356855126,False
switzerland,va_long_beach,4,conservative_candidate,age,0.0731028132257051,7,0.04563861105578277,False
switzerland,va_long_beach,4,conservative_candidate,sex,0.011703128456138,8,0.007306347104542556,False
switzerland,va_long_beach,4,conservative_candidate,cp,0.4632151900208555,1,0.2891885682596236,True
switzerland,va_long_beach,4,conservative_candidate,trestbps,0.1843676040275022,4,0.11510201865308016,False
switzerland,va_long_beach,4,conservative_candidate,restecg,0.1249048538390343,6,0.07797899686485149,False
switzerland,va_long_beach,4,conservative_candidate,thalach,0.2484720959076367,3,0.15512291309955134,True
switzerland,va_long_beach,4,conservative_candidate,exang,0.3367295330254273,2,0.21022266463664688,True
switzerland,va_long_beach,4,conservative_candidate,oldpeak,0.1592803731421008,5,0.09943988032592124,False
switzerland,va_long_beach,4,entropy_sfda,age,0.0551838649949058,7,0.031774286683686266,False
switzerland,va_long_beach,4,entropy_sfda,sex,0.0110959051456302,8,0.006388905002300761,False
switzerland,va_long_beach,4,entropy_sfda,cp,0.509780924427323,1,0.2935264726405743,True
switzerland,va_long_beach,4,entropy_sfda,trestbps,0.1967190349672455,4,0.1132687428429374,False
switzerland,va_long_beach,4,entropy_sfda,restecg,0.1393667619167536,6,0.08024590970075703,False
switzerland,va_long_beach,4,entropy_sfda,thalach,0.2632432149336091,3,0.1515726631254965,True
switzerland,va_long_beach,4,entropy_sfda,exang,0.3698764398379717,2,0.21297094790366466,True
switzerland,va_long_beach,4,entropy_sfda,oldpeak,0.1914798441511811,5,0.11025207210058303,False
switzerland,va_long_beach,4,pseudo_label_sfda,age,0.0534387560034519,7,0.027700739272536246,False
switzerland,va_long_beach,4,pseudo_label_sfda,sex,0.010886431382969,8,0.005643136552963563,False
switzerland,va_long_beach,4,pseudo_label_sfda,cp,0.5714565926790237,1,0.296222653056352,True
switzerland,va_long_beach,4,pseudo_label_sfda,trestbps,0.2150393978063948,5,0.11146873051411163,False
switzerland,va_long_beach,4,pseudo_label_sfda,restecg,0.1555460514529841,6,0.0806295082148487,False
switzerland,va_long_beach,4,pseudo_label_sfda,thalach,0.2989204112451989,3,0.15494964693054786,True
switzerland,va_long_beach,4,pseudo_label_sfda,exang,0.4058049272256903,2,0.21035475608495205,True
switzerland,va_long_beach,4,pseudo_label_sfda,oldpeak,0.2180529137630946,4,0.11303082937368794,False
switzerland,va_long_beach,4,reliability_gated_sfda,age,0.0731028132257051,7,0.04563861105578277,False
switzerland,va_long_beach,4,reliability_gated_sfda,sex,0.011703128456138,8,0.007306347104542556,False
switzerland,va_long_beach,4,reliability_gated_sfda,cp,0.4632151900208555,1,0.2891885682596236,True
switzerland,va_long_beach,4,reliability_gated_sfda,trestbps,0.1843676040275022,4,0.11510201865308016,False
switzerland,va_long_beach,4,reliability_gated_sfda,restecg,0.1249048538390343,6,0.07797899686485149,False
switzerland,va_long_beach,4,reliability_gated_sfda,thalach,0.2484720959076367,3,0.15512291309955134,True
switzerland,va_long_beach,4,reliability_gated_sfda,exang,0.3367295330254273,2,0.21022266463664688,True
switzerland,va_long_beach,4,reliability_gated_sfda,oldpeak,0.1592803731421008,5,0.09943988032592124,False
switzerland,va_long_beach,4,source_only,age,0.0731028132257051,7,0.04563861105578277,False
switzerland,va_long_beach,4,source_only,sex,0.011703128456138,8,0.007306347104542556,False
switzerland,va_long_beach,4,source_only,cp,0.4632151900208555,1,0.2891885682596236,True
switzerland,va_long_beach,4,source_only,trestbps,0.1843676040275022,4,0.11510201865308016,False
switzerland,va_long_beach,4,source_only,restecg,0.1249048538390343,6,0.07797899686485149,False
switzerland,va_long_beach,4,source_only,thalach,0.2484720959076367,3,0.15512291309955134,True
switzerland,va_long_beach,4,source_only,exang,0.3367295330254273,2,0.21022266463664688,True
switzerland,va_long_beach,4,source_only,oldpeak,0.1592803731421008,5,0.09943988032592124,False
switzerland,va_long_beach,5,conservative_candidate,age,0.1102477369096595,4,0.10833261048050448,False
switzerland,va_long_beach,5,conservative_candidate,sex,0.002029529842548,8,0.001994274640498751,False
switzerland,va_long_beach,5,conservative_candidate,cp,0.3058969224593602,1,0.30058315097324656,True
switzerland,va_long_beach,5,conservative_candidate,trestbps,0.1037912348017561,5,0.10198826503153435,False
switzerland,va_long_beach,5,conservative_candidate,restecg,0.0876015503070084,6,0.08607981345389387,False
switzerland,va_long_beach,5,conservative_candidate,thalach,0.182578856262844,2,0.17940725743609992,True
switzerland,va_long_beach,5,conservative_candidate,exang,0.1701126557588577,3,0.16715760877005195,True
switzerland,va_long_beach,5,conservative_candidate,oldpeak,0.0554197217308682,7,0.05445701921417007,False
switzerland,va_long_beach,5,entropy_sfda,age,0.133939667653758,4,0.1218163150372831,False
switzerland,va_long_beach,5,entropy_sfda,sex,0.0015099646896123,8,0.0013732924498549364,False
switzerland,va_long_beach,5,entropy_sfda,cp,0.3324656260246411,1,0.3023729873929466,True
switzerland,va_long_beach,5,entropy_sfda,trestbps,0.0992900255089625,5,0.09030293444303833,False
switzerland,va_long_beach,5,entropy_sfda,restecg,0.0939449190138838,6,0.08544163242461372,False
switzerland,va_long_beach,5,entropy_sfda,thalach,0.1878484576684422,2,0.17084562997244868,True
switzerland,va_long_beach,5,entropy_sfda,exang,0.182101913318038,3,0.16561922565752862,True
switzerland,va_long_beach,5,entropy_sfda,oldpeak,0.0684210100152995,7,0.06222798262228608,False
switzerland,va_long_beach,5,pseudo_label_sfda,age,0.1574105135165154,4,0.1269928672474363,False
switzerland,va_long_beach,5,pseudo_label_sfda,sex,0.0013459531962871,8,0.0010858642905031677,False
switzerland,va_long_beach,5,pseudo_label_sfda,cp,0.3758053772244602,1,0.30318560885535367,True
switzerland,va_long_beach,5,pseudo_label_sfda,trestbps,0.1045321044453885,6,0.08433256055374969,False
switzerland,va_long_beach,5,pseudo_label_sfda,restecg,0.1050183691363781,5,0.08472486057215652,False
switzerland,va_long_beach,5,pseudo_label_sfda,thalach,0.2153023066496825,2,0.1736977831760981,True
switzerland,va_long_beach,5,pseudo_label_sfda,exang,0.2023925156146288,3,0.16328265052401697,True
switzerland,va_long_beach,5,pseudo_label_sfda,oldpeak,0.0777153383556287,7,0.06269780478068558,False
switzerland,va_long_beach,5,reliability_gated_sfda,age,0.1102477369096595,4,0.10833261048050448,False
switzerland,va_long_beach,5,reliability_gated_sfda,sex,0.002029529842548,8,0.001994274640498751,False
switzerland,va_long_beach,5,reliability_gated_sfda,cp,0.3058969224593602,1,0.30058315097324656,True
switzerland,va_long_beach,5,reliability_gated_sfda,trestbps,0.1037912348017561,5,0.10198826503153435,False
switzerland,va_long_beach,5,reliability_gated_sfda,restecg,0.0876015503070084,6,0.08607981345389387,False
switzerland,va_long_beach,5,reliability_gated_sfda,thalach,0.182578856262844,2,0.17940725743609992,True
switzerland,va_long_beach,5,reliability_gated_sfda,exang,0.1701126557588577,3,0.16715760877005195,True
switzerland,va_long_beach,5,reliability_gated_sfda,oldpeak,0.0554197217308682,7,0.05445701921417007,False
switzerland,va_long_beach,5,source_only,age,0.1102477369096595,4,0.10833261048050448,False
switzerland,va_long_beach,5,source_only,sex,0.002029529842548,8,0.001994274640498751,False
switzerland,va_long_beach,5,source_only,cp,0.3058969224593602,1,0.30058315097324656,True
switzerland,va_long_beach,5,source_only,trestbps,0.1037912348017561,5,0.10198826503153435,False
switzerland,va_long_beach,5,source_only,restecg,0.0876015503070084,6,0.08607981345389387,False
switzerland,va_long_beach,5,source_only,thalach,0.182578856262844,2,0.17940725743609992,True
switzerland,va_long_beach,5,source_only,exang,0.1701126557588577,3,0.16715760877005195,True
switzerland,va_long_beach,5,source_only,oldpeak,0.0554197217308682,7,0.05445701921417007,False
switzerland,va_long_beach,6,conservative_candidate,age,0.1378430394444148,5,0.12865492924802352,False
switzerland,va_long_beach,6,conservative_candidate,sex,0.0126025012927129,8,0.011762464892657289,False
switzerland,va_long_beach,6,conservative_candidate,cp,0.2916012404987123,1,0.27216417394892123,True
switzerland,va_long_beach,6,conservative_candidate,trestbps,0.1731460678973235,4,0.16160478762430705,False
switzerland,va_long_beach,6,conservative_candidate,restecg,0.19008865123149,2,0.1774180406468865,True
switzerland,va_long_beach,6,conservative_candidate,thalach,0.0356286525557515,7,0.03325377757366587,False
switzerland,va_long_beach,6,conservative_candidate,exang,0.1869796820729971,3,0.17451630394162845,True
switzerland,va_long_beach,6,conservative_candidate,oldpeak,0.0435268627584445,6,0.040625522123910254,False
switzerland,va_long_beach,6,entropy_sfda,age,0.1656379782431759,5,0.14265149149255502,False
switzerland,va_long_beach,6,entropy_sfda,sex,0.0116426747152581,8,0.01002695716712934,False
switzerland,va_long_beach,6,entropy_sfda,cp,0.3169621002475469,1,0.2729755387411469,True
switzerland,va_long_beach,6,entropy_sfda,trestbps,0.1868101717811078,4,0.16088550411688773,False
switzerland,va_long_beach,6,entropy_sfda,restecg,0.2066494131926447,2,0.17797154566034157,True
switzerland,va_long_beach,6,entropy_sfda,thalach,0.0362073416088241,7,0.03118265109404037,False
switzerland,va_long_beach,6,entropy_sfda,exang,0.1975804707407951,3,0.1701611498758845,True
switzerland,va_long_beach,6,entropy_sfda,oldpeak,0.0396472235710825,6,0.03414516185201453,False
switzerland,va_long_beach,6,pseudo_label_sfda,age,0.1914477112481836,5,0.14679295285118052,False
switzerland,va_long_beach,6,pseudo_label_sfda,sex,0.0111605945928021,8,0.008557410402929967,False
switzerland,va_long_beach,6,pseudo_label_sfda,cp,0.3584153837384292,1,0.2748157822479697,True
switzerland,va_long_beach,6,pseudo_label_sfda,trestbps,0.2162197429221123,4,0.1657869625148686,False
switzerland,va_long_beach,6,pseudo_label_sfda,restecg,0.2273293425980955,2,0.17430527245338748,True
switzerland,va_long_beach,6,pseudo_label_sfda,thalach,0.0377600121538852,7,0.02895257220693393,False
switzerland,va_long_beach,6,pseudo_label_sfda,exang,0.217495263069868,3,0.1667649703880863,True
switzerland,va_long_beach,6,pseudo_label_sfda,oldpeak,0.0443742804402426,6,0.034024076934643405,False
switzerland,va_long_beach,6,reliability_gated_sfda,age,0.1378430394444148,5,0.12865492924802352,False
switzerland,va_long_beach,6,reliability_gated_sfda,sex,0.0126025012927129,8,0.011762464892657289,False
switzerland,va_long_beach,6,reliability_gated_sfda,cp,0.2916012404987123,1,0.27216417394892123,True
switzerland,va_long_beach,6,reliability_gated_sfda,trestbps,0.1731460678973235,4,0.16160478762430705,False
switzerland,va_long_beach,6,reliability_gated_sfda,restecg,0.19008865123149,2,0.1774180406468865,True
switzerland,va_long_beach,6,reliability_gated_sfda,thalach,0.0356286525557515,7,0.03325377757366587,False
switzerland,va_long_beach,6,reliability_gated_sfda,exang,0.1869796820729971,3,0.17451630394162845,True
switzerland,va_long_beach,6,reliability_gated_sfda,oldpeak,0.0435268627584445,6,0.040625522123910254,False
switzerland,va_long_beach,6,source_only,age,0.1378430394444148,5,0.12865492924802352,False
switzerland,va_long_beach,6,source_only,sex,0.0126025012927129,8,0.011762464892657289,False
switzerland,va_long_beach,6,source_only,cp,0.2916012404987123,1,0.27216417394892123,True
switzerland,va_long_beach,6,source_only,trestbps,0.1731460678973235,4,0.16160478762430705,False
switzerland,va_long_beach,6,source_only,restecg,0.19008865123149,2,0.1774180406468865,True
switzerland,va_long_beach,6,source_only,thalach,0.0356286525557515,7,0.03325377757366587,False
switzerland,va_long_beach,6,source_only,exang,0.1869796820729971,3,0.17451630394162845,True
switzerland,va_long_beach,6,source_only,oldpeak,0.0435268627584445,6,0.040625522123910254,False
switzerland,va_long_beach,7,conservative_candidate,age,0.0734846950630889,6,0.06184326341499695,False
switzerland,va_long_beach,7,conservative_candidate,sex,0.000859277723357,8,0.0007231511071330299,False
switzerland,va_long_beach,7,conservative_candidate,cp,0.3418018355104141,1,0.2876536526558659,True
switzerland,va_long_beach,7,conservative_candidate,trestbps,0.0486962082597892,7,0.04098176405489877,False
switzerland,va_long_beach,7,conservative_candidate,restecg,0.084779578433372,5,0.0713488134742357,False
switzerland,va_long_beach,7,conservative_candidate,thalach,0.2078279271442443,3,0.17490386579599743,True
switzerland,va_long_beach,7,conservative_candidate,exang,0.3126991543546319,2,0.2631614128057241,True
switzerland,va_long_beach,7,conservative_candidate,oldpeak,0.1180922248680144,4,0.09938407669114822,False
switzerland,va_long_beach,7,entropy_sfda,age,0.1027073931266204,5,0.07852050458736287,False
switzerland,va_long_beach,7,entropy_sfda,sex,0.0011159337311982,8,0.0008531389707429963,False
switzerland,va_long_beach,7,entropy_sfda,cp,0.374389327930985,1,0.2862232021118763,True
switzerland,va_long_beach,7,entropy_sfda,trestbps,0.0509656176611315,7,0.03896356331841736,False
switzerland,va_long_beach,7,entropy_sfda,restecg,0.0888344300724565,6,0.06791452943821406,False
switzerland,va_long_beach,7,entropy_sfda,thalach,0.2103089503478258,3,0.1607826311022378,True
switzerland,va_long_beach,7,entropy_sfda,exang,0.3340586175397038,2,0.2553900981464578,True
switzerland,va_long_beach,7,entropy_sfda,oldpeak,0.1456524997099768,4,0.11135233232469083,False
switzerland,va_long_beach,7,pseudo_label_sfda,age,0.1235894884483422,5,0.08428038626374305,False
switzerland,va_long_beach,7,pseudo_label_sfda,sex,0.0022336263768374,8,0.0015231950238828434,False
switzerland,va_long_beach,7,pseudo_label_sfda,cp,0.4210679189965594,1,0.2871422748151728,True
switzerland,va_long_beach,7,pseudo_label_sfda,trestbps,0.0537385912897297,7,0.036646395158928986,False
switzerland,va_long_beach,7,pseudo_label_sfda,restecg,0.0969623253215104,6,0.06612230808401917,False
switzerland,va_long_beach,7,pseudo_label_sfda,thalach,0.2374639922264032,3,0.16193575392082785,True
switzerland,va_long_beach,7,pseudo_label_sfda,exang,0.3659495910257101,2,0.24955498458590278,True
switzerland,va_long_beach,7,pseudo_label_sfda,oldpeak,0.1654031282494543,4,0.11279470214752256,False
switzerland,va_long_beach,7,reliability_gated_sfda,age,0.0734846950630889,6,0.06184326341499695,False
switzerland,va_long_beach,7,reliability_gated_sfda,sex,0.000859277723357,8,0.0007231511071330299,False
switzerland,va_long_beach,7,reliability_gated_sfda,cp,0.3418018355104141,1,0.2876536526558659,True
switzerland,va_long_beach,7,reliability_gated_sfda,trestbps,0.0486962082597892,7,0.04098176405489877,False
switzerland,va_long_beach,7,reliability_gated_sfda,restecg,0.084779578433372,5,0.0713488134742357,False
switzerland,va_long_beach,7,reliability_gated_sfda,thalach,0.2078279271442443,3,0.17490386579599743,True
switzerland,va_long_beach,7,reliability_gated_sfda,exang,0.3126991543546319,2,0.2631614128057241,True
switzerland,va_long_beach,7,reliability_gated_sfda,oldpeak,0.1180922248680144,4,0.09938407669114822,False
switzerland,va_long_beach,7,source_only,age,0.0734846950630889,6,0.06184326341499695,False
switzerland,va_long_beach,7,source_only,sex,0.000859277723357,8,0.0007231511071330299,False
switzerland,va_long_beach,7,source_only,cp,0.3418018355104141,1,0.2876536526558659,True
switzerland,va_long_beach,7,source_only,trestbps,0.0486962082597892,7,0.04098176405489877,False
switzerland,va_long_beach,7,source_only,restecg,0.084779578433372,5,0.0713488134742357,False
switzerland,va_long_beach,7,source_only,thalach,0.2078279271442443,3,0.17490386579599743,True
switzerland,va_long_beach,7,source_only,exang,0.3126991543546319,2,0.2631614128057241,True
switzerland,va_long_beach,7,source_only,oldpeak,0.1180922248680144,4,0.09938407669114822,False
switzerland,va_long_beach,8,conservative_candidate,age,0.0571355229022446,6,0.04041746321099327,False
switzerland,va_long_beach,8,conservative_candidate,sex,0.002017438262701,8,0.0014271285641802452,False
switzerland,va_long_beach,8,conservative_candidate,cp,0.539635575520806,1,0.3817362634148311,True
switzerland,va_long_beach,8,conservative_candidate,trestbps,0.1590441410813946,4,0.11250725283602431,False
switzerland,va_long_beach,8,conservative_candidate,restecg,0.1018972233659587,5,0.07208172897520126,False
switzerland,va_long_beach,8,conservative_candidate,thalach,0.2393407551664859,3,0.16930878856895457,True
switzerland,va_long_beach,8,conservative_candidate,exang,0.2618246439751238,2,0.18521381056933053,True
switzerland,va_long_beach,8,conservative_candidate,oldpeak,0.052739261696115,7,0.03730756386048467,False
switzerland,va_long_beach,8,entropy_sfda,age,0.0720200081728398,6,0.04697430944497257,False
switzerland,va_long_beach,8,entropy_sfda,sex,0.0025673433579504,8,0.001674523294393869,False
switzerland,va_long_beach,8,entropy_sfda,cp,0.5965332710323855,1,0.3890826893611008,True
switzerland,va_long_beach,8,entropy_sfda,trestbps,0.1690812307375017,4,0.11028149337249701,False
switzerland,va_long_beach,8,entropy_sfda,restecg,0.1167242728779092,5,0.07613220621618996,False
switzerland,va_long_beach,8,entropy_sfda,thalach,0.2457272322149947,3,0.16027305936181277,True
switzerland,va_long_beach,8,entropy_sfda,exang,0.2866648711077869,2,0.18697421319508564,True
switzerland,va_long_beach,8,entropy_sfda,oldpeak,0.0438604169501922,7,0.028607505753947333,False
switzerland,va_long_beach,8,pseudo_label_sfda,age,0.0826694947865325,6,0.048523773089401735,False
switzerland,va_long_beach,8,pseudo_label_sfda,sex,0.0042127317469566,8,0.00247270943053038,False
switzerland,va_long_beach,8,pseudo_label_sfda,cp,0.6639400874217972,1,0.3897069678507485,True
switzerland,va_long_beach,8,pseudo_label_sfda,trestbps,0.1927938698790967,4,0.11316249142682493,False
switzerland,va_long_beach,8,pseudo_label_sfda,restecg,0.1305622749589383,5,0.07663496941045395,False
switzerland,va_long_beach,8,pseudo_label_sfda,thalach,0.2725228691892698,3,0.1599603082171866,True
switzerland,va_long_beach,8,pseudo_label_sfda,exang,0.3134157949313521,2,0.18396286266359177,True
switzerland,va_long_beach,8,pseudo_label_sfda,oldpeak,0.0435734502453123,7,0.02557591791126216,False
switzerland,va_long_beach,8,reliability_gated_sfda,age,0.0571355229022446,6,0.04041746321099327,False
switzerland,va_long_beach,8,reliability_gated_sfda,sex,0.002017438262701,8,0.0014271285641802452,False
switzerland,va_long_beach,8,reliability_gated_sfda,cp,0.539635575520806,1,0.3817362634148311,True
switzerland,va_long_beach,8,reliability_gated_sfda,trestbps,0.1590441410813946,4,0.11250725283602431,False
switzerland,va_long_beach,8,reliability_gated_sfda,restecg,0.1018972233659587,5,0.07208172897520126,False
switzerland,va_long_beach,8,reliability_gated_sfda,thalach,0.2393407551664859,3,0.16930878856895457,True
switzerland,va_long_beach,8,reliability_gated_sfda,exang,0.2618246439751238,2,0.18521381056933053,True
switzerland,va_long_beach,8,reliability_gated_sfda,oldpeak,0.052739261696115,7,0.03730756386048467,False
switzerland,va_long_beach,8,source_only,age,0.0571355229022446,6,0.04041746321099327,False
switzerland,va_long_beach,8,source_only,sex,0.002017438262701,8,0.0014271285641802452,False
switzerland,va_long_beach,8,source_only,cp,0.539635575520806,1,0.3817362634148311,True
switzerland,va_long_beach,8,source_only,trestbps,0.1590441410813946,4,0.11250725283602431,False
switzerland,va_long_beach,8,source_only,restecg,0.1018972233659587,5,0.07208172897520126,False
switzerland,va_long_beach,8,source_only,thalach,0.2393407551664859,3,0.16930878856895457,True
switzerland,va_long_beach,8,source_only,exang,0.2618246439751238,2,0.18521381056933053,True
switzerland,va_long_beach,8,source_only,oldpeak,0.052739261696115,7,0.03730756386048467,False
switzerland,va_long_beach,9,conservative_candidate,age,0.0560663580030086,7,0.040566693778632486,False
switzerland,va_long_beach,9,conservative_candidate,sex,0.0175403468683361,8,0.012691280574004878,False
switzerland,va_long_beach,9,conservative_candidate,cp,0.4221428490290418,1,0.3054405582485254,True
switzerland,va_long_beach,9,conservative_candidate,trestbps,0.0950839714624453,6,0.06879780479706321,False
switzerland,va_long_beach,9,conservative_candidate,restecg,0.1879930546600371,5,0.1360219738277669,False
switzerland,va_long_beach,9,conservative_candidate,thalach,0.2058833197783678,2,0.14896643700539877,True
switzerland,va_long_beach,9,conservative_candidate,exang,0.1948768931627273,4,0.1410027604974701,False
switzerland,va_long_beach,9,conservative_candidate,oldpeak,0.202491773974616,3,0.14651249127113827,True
switzerland,va_long_beach,9,entropy_sfda,age,0.0805084020132198,7,0.051502830519822296,False
switzerland,va_long_beach,9,entropy_sfda,sex,0.0193103960948064,8,0.012353245530549032,False
switzerland,va_long_beach,9,entropy_sfda,cp,0.4642134114773944,1,0.29696657812712435,True
switzerland,va_long_beach,9,entropy_sfda,trestbps,0.1061854343488812,6,0.06792894023714616,False
switzerland,va_long_beach,9,entropy_sfda,restecg,0.2120022593112662,4,0.13562207369778206,False
switzerland,va_long_beach,9,entropy_sfda,thalach,0.2181961400620639,3,0.13958442275193347,True
switzerland,va_long_beach,9,entropy_sfda,exang,0.2085481359995901,5,0.13341240212230338,False
switzerland,va_long_beach,9,entropy_sfda,oldpeak,0.2542198476800695,2,0.16262950701333917,True
switzerland,va_long_beach,9,pseudo_label_sfda,age,0.0957361769303679,7,0.054044405397174006,False
switzerland,va_long_beach,9,pseudo_label_sfda,sex,0.0203958672471344,8,0.011513751157337332,False
switzerland,va_long_beach,9,pseudo_label_sfda,cp,0.5249172390531749,1,0.29632309307680715,True
switzerland,va_long_beach,9,pseudo_label_sfda,trestbps,0.1214481470896862,6,0.06855917069703481,False
switzerland,va_long_beach,9,pseudo_label_sfda,restecg,0.2373005624650977,4,0.13395947289778484,False
switzerland,va_long_beach,9,pseudo_label_sfda,thalach,0.2469231928046792,3,0.1393915817591794,True
switzerland,va_long_beach,9,pseudo_label_sfda,exang,0.2272914400324225,5,0.12830918386634704,False
switzerland,va_long_beach,9,pseudo_label_sfda,oldpeak,0.2974228490912355,2,0.1678993411483354,True
switzerland,va_long_beach,9,reliability_gated_sfda,age,0.0560663580030086,7,0.040566693778632486,False
switzerland,va_long_beach,9,reliability_gated_sfda,sex,0.0175403468683361,8,0.012691280574004878,False
switzerland,va_long_beach,9,reliability_gated_sfda,cp,0.4221428490290418,1,0.3054405582485254,True
switzerland,va_long_beach,9,reliability_gated_sfda,trestbps,0.0950839714624453,6,0.06879780479706321,False
switzerland,va_long_beach,9,reliability_gated_sfda,restecg,0.1879930546600371,5,0.1360219738277669,False
switzerland,va_long_beach,9,reliability_gated_sfda,thalach,0.2058833197783678,2,0.14896643700539877,True
switzerland,va_long_beach,9,reliability_gated_sfda,exang,0.1948768931627273,4,0.1410027604974701,False
switzerland,va_long_beach,9,reliability_gated_sfda,oldpeak,0.202491773974616,3,0.14651249127113827,True
switzerland,va_long_beach,9,source_only,age,0.0560663580030086,7,0.040566693778632486,False
switzerland,va_long_beach,9,source_only,sex,0.0175403468683361,8,0.012691280574004878,False
switzerland,va_long_beach,9,source_only,cp,0.4221428490290418,1,0.3054405582485254,True
switzerland,va_long_beach,9,source_only,trestbps,0.0950839714624453,6,0.06879780479706321,False
switzerland,va_long_beach,9,source_only,restecg,0.1879930546600371,5,0.1360219738277669,False
switzerland,va_long_beach,9,source_only,thalach,0.2058833197783678,2,0.14896643700539877,True
switzerland,va_long_beach,9,source_only,exang,0.1948768931627273,4,0.1410027604974701,False
switzerland,va_long_beach,9,source_only,oldpeak,0.202491773974616,3,0.14651249127113827,True
va_long_beach,cleveland,0,conservative_candidate,age,0.2099828786376507,3,0.15581517757563618,True
va_long_beach,cleveland,0,conservative_candidate,sex,0.0712489870500984,7,0.05286942269446874,False
va_long_beach,cleveland,0,conservative_candidate,cp,0.319525654670752,1,0.2371000290381182,True
va_long_beach,cleveland,0,conservative_candidate,trestbps,0.1691939964646123,4,0.1255482960082544,False
va_long_beach,cleveland,0,conservative_candidate,restecg,0.1179518144009808,6,0.08752467356146598,False
va_long_beach,cleveland,0,conservative_candidate,thalach,0.0476861666801935,8,0.035384925558609184,False
va_long_beach,cleveland,0,conservative_candidate,exang,0.124781595651758,5,0.09259262760275222,False
va_long_beach,cleveland,0,conservative_candidate,oldpeak,0.2872696299268787,2,0.2131648479606951,True
va_long_beach,cleveland,0,entropy_sfda,age,0.2384448082788721,3,0.14703563018346053,True
va_long_beach,cleveland,0,entropy_sfda,sex,0.1145031756241943,7,0.07060772976117953,False
va_long_beach,cleveland,0,entropy_sfda,cp,0.3893257815403504,1,0.24007552124390705,True
va_long_beach,cleveland,0,entropy_sfda,trestbps,0.2143914640924152,4,0.13220327276706823,False
va_long_beach,cleveland,0,entropy_sfda,restecg,0.1363878058263472,5,0.08410276207633968,False
va_long_beach,cleveland,0,entropy_sfda,thalach,0.0512936846597085,8,0.03162995790435172,False
va_long_beach,cleveland,0,entropy_sfda,exang,0.1231310794244461,6,0.0759280773988123,False
va_long_beach,cleveland,0,entropy_sfda,oldpeak,0.3542026597822066,2,0.21841704866488093,True
va_long_beach,cleveland,0,pseudo_label_sfda,age,0.2115254767159178,3,0.1553628916755421,True
va_long_beach,cleveland,0,pseudo_label_sfda,sex,0.0725448529585456,7,0.053283312756474674,False
va_long_beach,cleveland,0,pseudo_label_sfda,cp,0.3246675976347598,1,0.23846440431206858,True
va_long_beach,cleveland,0,pseudo_label_sfda,trestbps,0.1705889071440846,4,0.1252954788858353,False
va_long_beach,cleveland,0,pseudo_label_sfda,restecg,0.1197677197220136,6,0.08796793442705728,False
va_long_beach,cleveland,0,pseudo_label_sfda,thalach,0.0464170994214012,8,0.03409279535147995,False
va_long_beach,cleveland,0,pseudo_label_sfda,exang,0.1263020234712684,5,0.0927673011101258,False
va_long_beach,cleveland,0,pseudo_label_sfda,oldpeak,0.2896792408011288,2,0.21276588148141629,True
va_long_beach,cleveland,0,reliability_gated_sfda,age,0.2199299005889902,3,0.15661024571922302,True
va_long_beach,cleveland,0,reliability_gated_sfda,sex,0.0737905096469181,7,0.052545605743474146,False
va_long_beach,cleveland,0,reliability_gated_sfda,cp,0.3320215021920049,1,0.2364297392173626,True
va_long_beach,cleveland,0,reliability_gated_sfda,trestbps,0.1772630095175273,4,0.12622750887042714,False
va_long_beach,cleveland,0,reliability_gated_sfda,restecg,0.120425611563069,6,0.08575407239884905,False
va_long_beach,cleveland,0,reliability_gated_sfda,thalach,0.050849514230763,8,0.03620951447282007,False
va_long_beach,cleveland,0,reliability_gated_sfda,exang,0.130726587837608,5,0.09308931158725889,False
va_long_beach,cleveland,0,reliability_gated_sfda,oldpeak,0.2993069811917768,2,0.21313400199058513,True
va_long_beach,cleveland,0,source_only,age,0.2115254767159178,3,0.1553628916755421,True
va_long_beach,cleveland,0,source_only,sex,0.0725448529585456,7,0.053283312756474674,False
va_long_beach,cleveland,0,source_only,cp,0.3246675976347598,1,0.23846440431206858,True
va_long_beach,cleveland,0,source_only,trestbps,0.1705889071440846,4,0.1252954788858353,False
va_long_beach,cleveland,0,source_only,restecg,0.1197677197220136,6,0.08796793442705728,False
va_long_beach,cleveland,0,source_only,thalach,0.0464170994214012,8,0.03409279535147995,False
va_long_beach,cleveland,0,source_only,exang,0.1263020234712684,5,0.0927673011101258,False
va_long_beach,cleveland,0,source_only,oldpeak,0.2896792408011288,2,0.21276588148141629,True
va_long_beach,cleveland,1,conservative_candidate,age,0.2183754035078063,3,0.16222301722760712,True
va_long_beach,cleveland,1,conservative_candidate,sex,0.0848674825194795,6,0.06304491649550184,False
va_long_beach,cleveland,1,conservative_candidate,cp,0.389200581403709,1,0.28912272906134145,True
va_long_beach,cleveland,1,conservative_candidate,trestbps,0.0698861022942419,7,0.051915802761384924,False
va_long_beach,cleveland,1,conservative_candidate,restecg,0.0912514252616559,5,0.06778731164078257,False
va_long_beach,cleveland,1,conservative_candidate,thalach,0.0472081688172398,8,0.035069204041787226,False
va_long_beach,cleveland,1,conservative_candidate,exang,0.1858073496807246,4,0.13802941358821444,False
va_long_beach,cleveland,1,conservative_candidate,oldpeak,0.2595466370978654,2,0.19280760518338047,True
va_long_beach,cleveland,1,entropy_sfda,age,0.2093626356878849,4,0.11401174115974343,False
va_long_beach,cleveland,1,entropy_sfda,sex,0.1108440784543441,7,0.060361899535248655,False
va_long_beach,cleveland,1,entropy_sfda,cp,0.5657644865019908,1,0.3080960171355578,True
va_long_beach,cleveland,1,entropy_sfda,trestbps,0.1019005312831386,8,0.0554915491893849,False
va_long_beach,cleveland,1,entropy_sfda,restecg,0.1261579678681474,5,0.06870132070397303,False
va_long_beach,cleveland,1,entropy_sfda,thalach,0.1246862014372934,6,0.06789984697008157,False
va_long_beach,cleveland,1,entropy_sfda,exang,0.2335761046907695,3,0.12719756943070504,True
va_long_beach,cleveland,1,entropy_sfda,oldpeak,0.3640332142530446,2,0.19824005587530555,True
va_long_beach,cleveland,1,pseudo_label_sfda,age,0.226711785335481,3,0.15920248752057126,True
va_long_beach,cleveland,1,pseudo_label_sfda,sex,0.089904555700498,6,0.06313314892638273,False
va_long_beach,cleveland,1,pseudo_label_sfda,cp,0.4240588251875061,1,0.29778434202263043,True
va_long_beach,cleveland,1,pseudo_label_sfda,trestbps,0.0751436355152234,7,0.052767674506467126,False
va_long_beach,cleveland,1,pseudo_label_sfda,restecg,0.0970080307007525,5,0.06812138051922759,False
va_long_beach,cleveland,1,pseudo_label_sfda,thalach,0.032645758520927,8,0.022924639563120557,False
va_long_beach,cleveland,1,pseudo_label_sfda,exang,0.1964152517727355,4,0.1379275304233819,False
va_long_beach,cleveland,1,pseudo_label_sfda,oldpeak,0.2821589097159334,2,0.19813879651821836,True
va_long_beach,cleveland,1,reliability_gated_sfda,age,0.2255703896735933,3,0.161236465754744,True
va_long_beach,cleveland,1,reliability_gated_sfda,sex,0.0884814071809033,6,0.0632460200095376,False
va_long_beach,cleveland,1,reliability_gated_sfda,cp,0.4071720330584297,1,0.29104431507838335,True
va_long_beach,cleveland,1,reliability_gated_sfda,trestbps,0.0730544135063615,7,0.05221889033660828,False
va_long_beach,cleveland,1,reliability_gated_sfda,restecg,0.0944785693610406,5,0.06753275833491165,False
va_long_beach,cleveland,1,reliability_gated_sfda,thalach,0.0444894757535978,8,0.03180083096975401,False
va_long_beach,cleveland,1,reliability_gated_sfda,exang,0.1931470795024513,4,0.13806046314363188,False
va_long_beach,cleveland,1,reliability_gated_sfda,oldpeak,0.2726101924652978,2,0.19486025637242924,True
va_long_beach,cleveland,1,source_only,age,0.2204053906459521,3,0.16244690276698476,True
va_long_beach,cleveland,1,source_only,sex,0.0858054847339138,6,0.06324180726520759,False
va_long_beach,cleveland,1,source_only,cp,0.3979161187671107,1,0.29327885704307277,True
va_long_beach,cleveland,1,source_only,trestbps,0.0707083822744006,7,0.05211468588166901,False
va_long_beach,cleveland,1,source_only,restecg,0.0925944312497743,5,0.06824551126409845,False
va_long_beach,cleveland,1,source_only,thalach,0.0428135927460922,8,0.03155519707365858,False
va_long_beach,cleveland,1,source_only,exang,0.1870765632207477,4,0.13788232758934388,False
va_long_beach,cleveland,1,source_only,oldpeak,0.2594642341013985,2,0.19123471111596496,True
va_long_beach,cleveland,2,conservative_candidate,age,0.1999338709687039,3,0.16690330836527567,True
va_long_beach,cleveland,2,conservative_candidate,sex,0.0738175381383229,7,0.061622331778863726,False
va_long_beach,cleveland,2,conservative_candidate,cp,0.2739419518169922,2,0.2286847037811511,True
va_long_beach,cleveland,2,conservative_candidate,trestbps,0.0816045265906818,6,0.06812285181883404,False
va_long_beach,cleveland,2,conservative_candidate,restecg,0.0847876165776817,5,0.07078007166397887,False
va_long_beach,cleveland,2,conservative_candidate,thalach,0.0388723213451133,8,0.032450324724384,False
va_long_beach,cleveland,2,conservative_candidate,exang,0.1587918706041554,4,0.1325582724774676,False
va_long_beach,cleveland,2,conservative_candidate,oldpeak,0.2861526878412333,1,0.23887813539004496,True
va_long_beach,cleveland,2,entropy_sfda,age,0.2099888760273009,3,0.14953175290113682,True
va_long_beach,cleveland,2,entropy_sfda,sex,0.0810729424761555,6,0.0577315305013416,False
va_long_beach,cleveland,2,entropy_sfda,cp,0.3392011528544527,2,0.24154299947687902,True
va_long_beach,cleveland,2,entropy_sfda,trestbps,0.063014372739489,8,0.04487213700061117,False
va_long_beach,cleveland,2,entropy_sfda,restecg,0.1034577366757273,5,0.07367160112945427,False
va_long_beach,cleveland,2,entropy_sfda,thalach,0.0678032894923102,7,0.048282294386538,False
va_long_beach,cleveland,2,entropy_sfda,exang,0.1776911600680388,4,0.12653275327096788,False
va_long_beach,cleveland,2,entropy_sfda,oldpeak,0.3620800691543042,1,0.2578349313330713,True
va_long_beach,cleveland,2,pseudo_label_sfda,age,0.2085099375135151,3,0.16583765604820333,True
va_long_beach,cleveland,2,pseudo_label_sfda,sex,0.0773138030352056,7,0.06149126525300457,False
va_long_beach,cleveland,2,pseudo_label_sfda,cp,0.288674799268904,2,0.22959650097174683,True
va_long_beach,cleveland,2,pseudo_label_sfda,trestbps,0.0835496169400075,6,0.06645089822713134,False
va_long_beach,cleveland,2,pseudo_label_sfda,restecg,0.0893001211745657,5,0.07102454183724746,False
va_long_beach,cleveland,2,pseudo_label_sfda,thalach,0.0412571213339537,8,0.0328137084443552,False
va_long_beach,cleveland,2,pseudo_label_sfda,exang,0.1639487804420808,4,0.13039609423274556,False
va_long_beach,cleveland,2,pseudo_label_sfda,oldpeak,0.304759403238866,1,0.24238933498556564,True
va_long_beach,cleveland,2,reliability_gated_sfda,age,0.2078212295428745,3,0.167660291162314,True
va_long_beach,cleveland,2,reliability_gated_sfda,sex,0.0760856062404752,7,0.061382251099171344,False
va_long_beach,cleveland,2,reliability_gated_sfda,cp,0.2833510780061026,2,0.2285941832995356,True
va_long_beach,cleveland,2,reliability_gated_sfda,trestbps,0.0839082735787351,6,0.06769320733056058,False
va_long_beach,cleveland,2,reliability_gated_sfda,restecg,0.0872519543930801,5,0.07039073010106885,False
va_long_beach,cleveland,2,reliability_gated_sfda,thalach,0.0395391297048509,8,0.03189829072420235,False
va_long_beach,cleveland,2,reliability_gated_sfda,exang,0.1640278683428225,4,0.13232988865277479,False
va_long_beach,cleveland,2,reliability_gated_sfda,oldpeak,0.2975524281037867,1,0.24005115763037246,True
va_long_beach,cleveland,2,source_only,age,0.2006734287279439,3,0.16609838844118646,True
va_long_beach,cleveland,2,source_only,sex,0.0752319235176196,7,0.06226983479984338,False
va_long_beach,cleveland,2,source_only,cp,0.2777218638904004,2,0.22987175890444395,True
va_long_beach,cleveland,2,source_only,trestbps,0.0820379253313953,6,0.06790319612805652,False
va_long_beach,cleveland,2,source_only,restecg,0.086613903283956,5,0.0716907556882869,False
va_long_beach,cleveland,2,source_only,thalach,0.0392602918897801,8,0.03249593757359762,False
va_long_beach,cleveland,2,source_only,exang,0.1592743849756792,4,0.13183219538391,False
va_long_beach,cleveland,2,source_only,oldpeak,0.28734627687111,1,0.23783793308067505,True
va_long_beach,cleveland,3,conservative_candidate,age,0.2918372819816429,1,0.23812643110212295,True
va_long_beach,cleveland,3,conservative_candidate,sex,0.0293214892020625,8,0.023925050051438503,False
va_long_beach,cleveland,3,conservative_candidate,cp,0.2863938510276261,2,0.23368483002487478,True
va_long_beach,cleveland,3,conservative_candidate,trestbps,0.0665334205239397,6,0.054288355040871976,False
va_long_beach,cleveland,3,conservative_candidate,restecg,0.0466300859468288,7,0.03804810637320167,False
va_long_beach,cleveland,3,conservative_candidate,thalach,0.0674738104905849,5,0.055055672037113576,False
va_long_beach,cleveland,3,conservative_candidate,exang,0.1659255803934614,4,0.13538800121544675,False
va_long_beach,cleveland,3,conservative_candidate,oldpeak,0.2714405038913484,3,0.22148355415492976,True
va_long_beach,cleveland,3,entropy_sfda,age,0.2184987970529487,3,0.16618891060370636,True
va_long_beach,cleveland,3,entropy_sfda,sex,0.0495412754543853,7,0.037680805151926226,False
va_long_beach,cleveland,3,entropy_sfda,cp,0.3414011025540423,1,0.25966768731734235,True
va_long_beach,cleveland,3,entropy_sfda,trestbps,0.0730510246709431,6,0.0555621832810666,False
va_long_beach,cleveland,3,entropy_sfda,restecg,0.0247650036467092,8,0.018836117327209217,False
va_long_beach,cleveland,3,entropy_sfda,thalach,0.1204915753563422,5,0.09164518942656882,False
va_long_beach,cleveland,3,entropy_sfda,exang,0.1691978126211036,4,0.12869086940198224,False
va_long_beach,cleveland,3,entropy_sfda,oldpeak,0.3178150028992358,2,0.24172823749019812,True
va_long_beach,cleveland,3,pseudo_label_sfda,age,0.2982579570285908,1,0.23518805694947795,True
va_long_beach,cleveland,3,pseudo_label_sfda,sex,0.0309577575620038,8,0.02441140186520737,False
va_long_beach,cleveland,3,pseudo_label_sfda,cp,0.2958894100917826,2,0.23332036511181084,True
va_long_beach,cleveland,3,pseudo_label_sfda,trestbps,0.0705844263100293,6,0.05565857903719925,False
va_long_beach,cleveland,3,pseudo_label_sfda,restecg,0.0453932775996477,7,0.03579437364752691,False
va_long_beach,cleveland,3,pseudo_label_sfda,thalach,0.0733736827608394,5,0.05785801677068088,False
va_long_beach,cleveland,3,pseudo_label_sfda,exang,0.1697149490261383,4,0.1338268708549859,False
va_long_beach,cleveland,3,pseudo_label_sfda,oldpeak,0.2839964937984255,3,0.2239423357631108,True
va_long_beach,cleveland,3,reliability_gated_sfda,age,0.2982509382232015,1,0.23773729106562702,True
va_long_beach,cleveland,3,reliability_gated_sfda,sex,0.0292732849782071,8,0.023333879560515955,False
va_long_beach,cleveland,3,reliability_gated_sfda,cp,0.2919114480787162,2,0.23268405226387923,True
va_long_beach,cleveland,3,reliability_gated_sfda,trestbps,0.0698671179978989,5,0.0556914236928656,False
va_long_beach,cleveland,3,reliability_gated_sfda,restecg,0.0464029983167924,7,0.036988058387602746,False
va_long_beach,cleveland,3,reliability_gated_sfda,thalach,0.0687408713768343,6,0.05479368696701049,False
va_long_beach,cleveland,3,reliability_gated_sfda,exang,0.1699585699424049,4,0.13547481276071313,False
va_long_beach,cleveland,3,reliability_gated_sfda,oldpeak,0.2801347588444061,3,0.22329679530178587,True
va_long_beach,cleveland,3,source_only,age,0.2969956210654585,1,0.24002642448930794,True
va_long_beach,cleveland,3,source_only,sex,0.0294758683609071,8,0.023821857258382626,False
va_long_beach,cleveland,3,source_only,cp,0.2892777842297208,2,0.23378901003239339,True
va_long_beach,cleveland,3,source_only,trestbps,0.0659938741740639,6,0.053335041100510384,False
va_long_beach,cleveland,3,source_only,restecg,0.0476821384612409,7,0.03853583149070493,False
va_long_beach,cleveland,3,source_only,thalach,0.0687142239961151,5,0.055533578031137926,False
va_long_beach,cleveland,3,source_only,exang,0.1675475286780902,4,0.13540884574779002,False
va_long_beach,cleveland,3,source_only,oldpeak,0.2716584812093637,3,0.2195494118497728,True
va_long_beach,cleveland,4,conservative_candidate,age,0.1371422202327125,3,0.12552369359725268,True
va_long_beach,cleveland,4,conservative_candidate,sex,0.0532789398102166,7,0.04876521106757512,False
va_long_beach,cleveland,4,conservative_candidate,cp,0.2493281705911611,2,0.228205382976462,True
va_long_beach,cleveland,4,conservative_candidate,trestbps,0.1275781269643221,4,0.11676985899460547,False
va_long_beach,cleveland,4,conservative_candidate,restecg,0.081676528285405,6,0.07475698944633996,False
va_long_beach,cleveland,4,conservative_candidate,thalach,0.0477343173121276,8,0.04369032242728938,False
va_long_beach,cleveland,4,conservative_candidate,exang,0.0884169737582491,5,0.08092639235382224,False
va_long_beach,cleveland,4,conservative_candidate,oldpeak,0.3074051497070727,1,0.28136214913665314,True
va_long_beach,cleveland,4,entropy_sfda,age,0.1617688236922554,4,0.1082724706647982,False
va_long_beach,cleveland,4,entropy_sfda,sex,0.0958252284398629,7,0.0641361790139502,False
va_long_beach,cleveland,4,entropy_sfda,cp,0.3336589124172869,2,0.2233191413660424,True
va_long_beach,cleveland,4,entropy_sfda,trestbps,0.1633343741669635,3,0.10932029937479462,True
va_long_beach,cleveland,4,entropy_sfda,restecg,0.1190586942107809,6,0.07968642339174711,False
va_long_beach,cleveland,4,entropy_sfda,thalach,0.0460830113555461,8,0.030843529558148095,False
va_long_beach,cleveland,4,entropy_sfda,exang,0.1336454666425587,5,0.08944940400918829,False
va_long_beach,cleveland,4,entropy_sfda,oldpeak,0.4407155629318121,1,0.29497255262133115,True
va_long_beach,cleveland,4,pseudo_label_sfda,age,0.1473272061240536,3,0.12615013313848744,True
va_long_beach,cleveland,4,pseudo_label_sfda,sex,0.0583772751625254,7,0.04998602245815855,False
va_long_beach,cleveland,4,pseudo_label_sfda,cp,0.2645117735184084,2,0.22649038371058033,True
va_long_beach,cleveland,4,pseudo_label_sfda,trestbps,0.1373395486911543,4,0.11759811923658164,False
va_long_beach,cleveland,4,pseudo_label_sfda,restecg,0.0872350744714824,6,0.07469575069289712,False
va_long_beach,cleveland,4,pseudo_label_sfda,thalach,0.0474016952610584,8,0.04058809180931204,False
va_long_beach,cleveland,4,pseudo_label_sfda,exang,0.0955354103596846,5,0.08180298163101181,False
va_long_beach,cleveland,4,pseudo_label_sfda,oldpeak,0.3301439992522532,1,0.282688517322971,True
va_long_beach,cleveland,4,reliability_gated_sfda,age,0.1428271288243537,3,0.1259931831066031,True
va_long_beach,cleveland,4,reliability_gated_sfda,sex,0.0562994362021451,7,0.04966385050657049,False
va_long_beach,cleveland,4,reliability_gated_sfda,cp,0.25775700998378,2,0.22737715462890018,True
va_long_beach,cleveland,4,reliability_gated_sfda,trestbps,0.1320607781006029,4,0.116495780132161,False
va_long_beach,cleveland,4,reliability_gated_sfda,restecg,0.0837341677435909,6,0.07386505921974663,False
va_long_beach,cleveland,4,reliability_gated_sfda,thalach,0.049005524348698,8,0.043229616483390396,False
va_long_beach,cleveland,4,reliability_gated_sfda,exang,0.0924878185465101,5,0.08158698388169086,False
va_long_beach,cleveland,4,reliability_gated_sfda,oldpeak,0.3194381086526149,1,0.2817883720409375,True
va_long_beach,cleveland,4,source_only,age,0.1389198445287769,3,0.12572755813077494,True
va_long_beach,cleveland,4,source_only,sex,0.0542662572695814,7,0.04911295458574721,False
va_long_beach,cleveland,4,source_only,cp,0.2534988612411391,2,0.22942577369627273,True
va_long_beach,cleveland,4,source_only,trestbps,0.1289155335271601,4,0.11667328948196734,False
va_long_beach,cleveland,4,source_only,restecg,0.0830336921087046,6,0.075148538978155,False
va_long_beach,cleveland,4,source_only,thalach,0.0474691435934056,8,0.042961317231547225,False
va_long_beach,cleveland,4,source_only,exang,0.0893486398618003,5,0.08086379847483317,False
va_long_beach,cleveland,4,source_only,oldpeak,0.3094755918350034,1,0.28008676942070243,True
va_long_beach,cleveland,5,conservative_candidate,age,0.1809720242455165,2,0.18470828378184775,True
va_long_beach,cleveland,5,conservative_candidate,sex,0.0403235305109131,7,0.04115603031875937,False
va_long_beach,cleveland,5,conservative_candidate,cp,0.1789190599565369,3,0.18261293500037862,True
va_long_beach,cleveland,5,conservative_candidate,trestbps,0.1158515154985363,5,0.1182433289922761,False
va_long_beach,cleveland,5,conservative_candidate,restecg,0.0744332205988281,6,0.07596993231679469,False
va_long_beach,cleveland,5,conservative_candidate,thalach,0.029144044946247,8,0.029745738585424928,False
va_long_beach,cleveland,5,conservative_candidate,exang,0.1285190531414765,4,0.13117239439630307,False
va_long_beach,cleveland,5,conservative_candidate,oldpeak,0.2316096573668492,1,0.23639135660821545,True
va_long_beach,cleveland,5,entropy_sfda,age,0.1877208166270095,3,0.16705107911824868,True
va_long_beach,cleveland,5,entropy_sfda,sex,0.0494623804901877,7,0.04401613089645175,False
va_long_beach,cleveland,5,entropy_sfda,cp,0.225994107337203,2,0.2011101388934252,True
va_long_beach,cleveland,5,entropy_sfda,trestbps,0.12455324888715,5,0.11083882442097001,False
va_long_beach,cleveland,5,entropy_sfda,restecg,0.0921782253881786,6,0.08202857998906037,False
va_long_beach,cleveland,5,entropy_sfda,thalach,0.0349602838100253,8,0.031110844506653804,False
va_long_beach,cleveland,5,entropy_sfda,exang,0.1405260539232096,4,0.1250528810491215,False
va_long_beach,cleveland,5,entropy_sfda,oldpeak,0.2683379214668874,1,0.2387915211260687,True
va_long_beach,cleveland,5,pseudo_label_sfda,age,0.1820169599729101,2,0.18433883015117042,True
va_long_beach,cleveland,5,pseudo_label_sfda,sex,0.0407496979613803,7,0.04126951495252072,False
va_long_beach,cleveland,5,pseudo_label_sfda,cp,0.1815208060626192,3,0.18383634713304087,True
va_long_beach,cleveland,5,pseudo_label_sfda,trestbps,0.1166695110542505,5,0.11815778697353513,False
va_long_beach,cleveland,5,pseudo_label_sfda,restecg,0.0753268778920419,6,0.07628777313732575,False
va_long_beach,cleveland,5,pseudo_label_sfda,thalach,0.0283393820999101,8,0.02870088888574972,False
va_long_beach,cleveland,5,pseudo_label_sfda,exang,0.1293737686921345,4,0.13102410443788107,False
va_long_beach,cleveland,5,pseudo_label_sfda,oldpeak,0.2334073311172843,1,0.23638475432877631,True
va_long_beach,cleveland,5,reliability_gated_sfda,age,0.181755120662754,2,0.18446958248908366,True
va_long_beach,cleveland,5,reliability_gated_sfda,sex,0.0404252205677975,7,0.04102895991583959,False
va_long_beach,cleveland,5,reliability_gated_sfda,cp,0.1795520375967993,3,0.18223359699451533,True
va_long_beach,cleveland,5,reliability_gated_sfda,trestbps,0.116840368124949,5,0.1185853463015912,False
va_long_beach,cleveland,5,reliability_gated_sfda,restecg,0.0746914835065824,6,0.07580697989530173,False
va_long_beach,cleveland,5,reliability_gated_sfda,thalach,0.0294056535716146,8,0.029844818772613413,False
va_long_beach,cleveland,5,reliability_gated_sfda,exang,0.1291927722134402,4,0.13112223008583646,False
va_long_beach,cleveland,5,reliability_gated_sfda,oldpeak,0.2334223875573071,1,0.23690848554521857,True
va_long_beach,cleveland,5,source_only,age,0.1820169599729101,2,0.18433883015117042,True
va_long_beach,cleveland,5,source_only,sex,0.0407496979613803,7,0.04126951495252072,False
va_long_beach,cleveland,5,source_only,cp,0.1815208060626192,3,0.18383634713304087,True
va_long_beach,cleveland,5,source_only,trestbps,0.1166695110542505,5,0.11815778697353513,False
va_long_beach,cleveland,5,source_only,restecg,0.0753268778920419,6,0.07628777313732575,False
va_long_beach,cleveland,5,source_only,thalach,0.0283393820999101,8,0.02870088888574972,False
va_long_beach,cleveland,5,source_only,exang,0.1293737686921345,4,0.13102410443788107,False
va_long_beach,cleveland,5,source_only,oldpeak,0.2334073311172843,1,0.23638475432877631,True
va_long_beach,cleveland,6,conservative_candidate,age,0.2340167370354357,2,0.18540118009720172,True
va_long_beach,cleveland,6,conservative_candidate,sex,0.0661426893052746,7,0.05240194700323326,False
va_long_beach,cleveland,6,conservative_candidate,cp,0.2855417055767554,1,0.22622214911441071,True
va_long_beach,cleveland,6,conservative_candidate,trestbps,0.1265562600830781,5,0.1002649650846901,False
va_long_beach,cleveland,6,conservative_candidate,restecg,0.0881047902917704,6,0.06980155479151581,False
va_long_beach,cleveland,6,conservative_candidate,thalach,0.0383928832740187,8,0.030416994769307194,False
va_long_beach,cleveland,6,conservative_candidate,exang,0.1907830943811451,4,0.15114906433168515,False
va_long_beach,cleveland,6,conservative_candidate,oldpeak,0.2326800034576627,3,0.18434214480795597,True
va_long_beach,cleveland,6,entropy_sfda,age,0.2757555918063793,3,0.17009501741087726,True
va_long_beach,cleveland,6,entropy_sfda,sex,0.0881143527887507,8,0.05435179853859269,False
va_long_beach,cleveland,6,entropy_sfda,cp,0.340202124395639,1,0.20984773470314433,True
va_long_beach,cleveland,6,entropy_sfda,trestbps,0.1852036902727866,5,0.11423965953019555,False
va_long_beach,cleveland,6,entropy_sfda,restecg,0.0961608633517345,7,0.05931514795008366,False
va_long_beach,cleveland,6,entropy_sfda,thalach,0.1513880816796984,6,0.09338109236670752,False
va_long_beach,cleveland,6,entropy_sfda,exang,0.2022419148293806,4,0.12474939056998963,False
va_long_beach,cleveland,6,entropy_sfda,oldpeak,0.2821189746915335,2,0.17402015893040942,True
va_long_beach,cleveland,6,pseudo_label_sfda,age,0.2465662145572207,2,0.18515080502504278,True
va_long_beach,cleveland,6,pseudo_label_sfda,sex,0.0699724872180078,7,0.05254354235548392,False
va_long_beach,cleveland,6,pseudo_label_sfda,cp,0.2974504427591023,1,0.2233606458646521,True
va_long_beach,cleveland,6,pseudo_label_sfda,trestbps,0.1377648681913396,5,0.10345000549082102,False
va_long_beach,cleveland,6,pseudo_label_sfda,restecg,0.0901418980860332,6,0.06768909936458953,False
va_long_beach,cleveland,6,pseudo_label_sfda,thalach,0.0474748130533889,8,0.03564965245150595,False
va_long_beach,cleveland,6,pseudo_label_sfda,exang,0.1958046778729154,4,0.1470330953530786,False
va_long_beach,cleveland,6,pseudo_label_sfda,oldpeak,0.2465293916809086,3,0.18512315409482605,True
va_long_beach,cleveland,6,reliability_gated_sfda,age,0.2415695105826869,3,0.18508151904617665,True
va_long_beach,cleveland,6,reliability_gated_sfda,sex,0.069126729582968,7,0.052962313360860595,False
va_long_beach,cleveland,6,reliability_gated_sfda,cp,0.2949400239091185,1,0.22597200913701557,True
va_long_beach,cleveland,6,reliability_gated_sfda,trestbps,0.1330456748413053,5,0.10193461725677426,False
va_long_beach,cleveland,6,reliability_gated_sfda,restecg,0.088464418461119,6,0.06777812692846505,False
va_long_beach,cleveland,6,reliability_gated_sfda,thalach,0.0405010221450961,8,0.03103036754703123,False
va_long_beach,cleveland,6,reliability_gated_sfda,exang,0.1958828639275956,4,0.15007812005491236,False
va_long_beach,cleveland,6,reliability_gated_sfda,oldpeak,0.2416757643007651,2,0.18516292666876435,True
va_long_beach,cleveland,6,source_only,age,0.2343864651725753,2,0.18451024842299193,True
va_long_beach,cleveland,6,source_only,sex,0.0673489453134252,7,0.05301744118056083,False
va_long_beach,cleveland,6,source_only,cp,0.2884561175185556,1,0.22707416088763083,True
va_long_beach,cleveland,6,source_only,trestbps,0.1267449857106911,5,0.09977431411250472,False
va_long_beach,cleveland,6,source_only,restecg,0.088712644421729,6,0.06983505659536254,False
va_long_beach,cleveland,6,source_only,thalach,0.0395193685529285,8,0.03110985313871183,False
va_long_beach,cleveland,6,source_only,exang,0.1922619828874423,4,0.15134963616068783,False
va_long_beach,cleveland,6,source_only,oldpeak,0.2328862732348551,3,0.18332928950154945,True
va_long_beach,cleveland,7,conservative_candidate,age,0.1888454701127515,2,0.1896612312510402,True
va_long_beach,cleveland,7,conservative_candidate,sex,0.0653773300028321,5,0.06565974231121073,False
va_long_beach,cleveland,7,conservative_candidate,cp,0.1689013769252834,4,0.169630984998047,False
va_long_beach,cleveland,7,conservative_candidate,trestbps,0.0325686416371453,8,0.03270932932300068,False
va_long_beach,cleveland,7,conservative_candidate,restecg,0.0421124919832118,6,0.04229440651034284,False
va_long_beach,cleveland,7,conservative_candidate,thalach,0.0367536355178263,7,0.03691240124055383,False
va_long_beach,cleveland,7,conservative_candidate,exang,0.1767848202153401,3,0.177548482621883,True
va_long_beach,cleveland,7,conservative_candidate,oldpeak,0.2843550850107817,1,0.2855834217439217,True
va_long_beach,cleveland,7,entropy_sfda,age,0.1987654510086322,4,0.16673451724753618,False
va_long_beach,cleveland,7,entropy_sfda,sex,0.0858261712534116,5,0.07199533499672674,False
va_long_beach,cleveland,7,entropy_sfda,cp,0.2332939396867076,2,0.19569876058968472,True
va_long_beach,cleveland,7,entropy_sfda,trestbps,0.0424243767777297,7,0.03558771378862591,False
va_long_beach,cleveland,7,entropy_sfda,restecg,0.0482802738085167,6,0.04049993650904801,False
va_long_beach,cleveland,7,entropy_sfda,thalach,0.0313252839658419,8,0.026277233156882004,False
va_long_beach,cleveland,7,entropy_sfda,exang,0.2049801313923825,3,0.171947705597796,True
va_long_beach,cleveland,7,entropy_sfda,oldpeak,0.3472117670833228,1,0.29125879811370037,True
va_long_beach,cleveland,7,pseudo_label_sfda,age,0.1933566256235707,2,0.18997900433902798,True
va_long_beach,cleveland,7,pseudo_label_sfda,sex,0.0674580712870424,5,0.06627969006189166,False
va_long_beach,cleveland,7,pseudo_label_sfda,cp,0.1736248241273768,4,0.17059188486498347,False
va_long_beach,cleveland,7,pseudo_label_sfda,trestbps,0.0336241276227605,8,0.03303676958024938,False
va_long_beach,cleveland,7,pseudo_label_sfda,restecg,0.0429884996105725,6,0.04223756143709661,False
va_long_beach,cleveland,7,pseudo_label_sfda,thalach,0.0359464004659247,7,0.035318476147712954,False
va_long_beach,cleveland,7,pseudo_label_sfda,exang,0.1806014682390656,3,0.17744665851285793,True
va_long_beach,cleveland,7,pseudo_label_sfda,oldpeak,0.2901789017852316,1,0.2851099550561801,True
va_long_beach,cleveland,7,reliability_gated_sfda,age,0.1940137124405221,2,0.18944799821079392,True
va_long_beach,cleveland,7,reliability_gated_sfda,sex,0.0679764229528222,5,0.06637673745813395,False
va_long_beach,cleveland,7,reliability_gated_sfda,cp,0.1740753718506984,4,0.16997886551459288,False
va_long_beach,cleveland,7,reliability_gated_sfda,trestbps,0.033822054585531,8,0.033026121999337424,False
va_long_beach,cleveland,7,reliability_gated_sfda,restecg,0.0420698672070063,6,0.04107983929128004,False
va_long_beach,cleveland,7,reliability_gated_sfda,thalach,0.0375158813629408,7,0.03663302215044013,False
va_long_beach,cleveland,7,reliability_gated_sfda,exang,0.1812532290650328,3,0.17698780660227725,True
va_long_beach,cleveland,7,reliability_gated_sfda,oldpeak,0.2933735527657587,1,0.2864696087731445,True
va_long_beach,cleveland,7,source_only,age,0.1920204720868676,2,0.19003484461086062,True
va_long_beach,cleveland,7,source_only,sex,0.0668860104966315,5,0.06619436184709312,False
va_long_beach,cleveland,7,source_only,cp,0.1720975505646108,4,0.1703179401864007,False
va_long_beach,cleveland,7,source_only,trestbps,0.0331379597153277,8,0.03279528977709424,False
va_long_beach,cleveland,7,source_only,restecg,0.0427725745838368,6,0.04233027591437617,False
va_long_beach,cleveland,7,source_only,thalach,0.0365307987156621,7,0.03615304442278918,False
va_long_beach,cleveland,7,source_only,exang,0.1796387982010693,3,0.17778120598921623,True
va_long_beach,cleveland,7,source_only,oldpeak,0.2873645903371281,1,0.28439303725216974,True
va_long_beach,cleveland,8,conservative_candidate,age,0.2464709274867309,2,0.17982036993597436,True
va_long_beach,cleveland,8,conservative_candidate,sex,0.1291749804394423,5,0.09424354022582762,False
va_long_beach,cleveland,8,conservative_candidate,cp,0.3119284659966045,1,0.22757691027105076,True
va_long_beach,cleveland,8,conservative_candidate,trestbps,0.109482647399856,6,0.07987639904536746,False
va_long_beach,cleveland,8,conservative_candidate,restecg,0.090413452873024,7,0.06596388754081854,False
va_long_beach,cleveland,8,conservative_candidate,thalach,0.0469589559726336,8,0.03426033618208667,False
va_long_beach,cleveland,8,conservative_candidate,exang,0.2068495085130971,4,0.15091335729201605,False
va_long_beach,cleveland,8,conservative_candidate,oldpeak,0.2293718256034793,3,0.1673451995068585,True
va_long_beach,cleveland,8,entropy_sfda,age,0.2454366993048403,3,0.15569848153266597,True
va_long_beach,cleveland,8,entropy_sfda,sex,0.1458235836031031,5,0.09250658358330995,False
va_long_beach,cleveland,8,entropy_sfda,cp,0.3678476887375881,1,0.23335274119135663,True
va_long_beach,cleveland,8,entropy_sfda,trestbps,0.1319498647624478,6,0.0837054671943618,False
va_long_beach,cleveland,8,entropy_sfda,restecg,0.1261512751007223,7,0.08002699690887148,False
va_long_beach,cleveland,8,entropy_sfda,thalach,0.0719393426412178,8,0.04563639603783934,False
va_long_beach,cleveland,8,entropy_sfda,exang,0.2413852172081509,4,0.15312832958636785,False
va_long_beach,cleveland,8,entropy_sfda,oldpeak,0.2458253071548128,2,0.15594500396522704,True
va_long_beach,cleveland,8,pseudo_label_sfda,age,0.2556131953779276,2,0.17914540932935338,True
va_long_beach,cleveland,8,pseudo_label_sfda,sex,0.1337284400856287,5,0.09372300245570403,False
va_long_beach,cleveland,8,pseudo_label_sfda,cp,0.3244396964048316,1,0.22738216675082326,True
va_long_beach,cleveland,8,pseudo_label_sfda,trestbps,0.1166304671310757,6,0.08173996159931596,False
va_long_beach,cleveland,8,pseudo_label_sfda,restecg,0.094540608850594,7,0.06625837936787685,False
va_long_beach,cleveland,8,pseudo_label_sfda,thalach,0.0476318459073004,8,0.03338257447765879,False
va_long_beach,cleveland,8,pseudo_label_sfda,exang,0.2143490791056465,4,0.15022563079725432,False
va_long_beach,cleveland,8,pseudo_label_sfda,oldpeak,0.2399142561142299,3,0.1681428752220135,True
va_long_beach,cleveland,8,reliability_gated_sfda,age,0.2547600532762042,2,0.18016446146677695,True
va_long_beach,cleveland,8,reliability_gated_sfda,sex,0.1347153859655603,5,0.09526974363386659,False
va_long_beach,cleveland,8,reliability_gated_sfda,cp,0.3219736181687496,1,0.2276974069439036,True
va_long_beach,cleveland,8,reliability_gated_sfda,trestbps,0.1144842653169683,6,0.0809624418820836,False
va_long_beach,cleveland,8,reliability_gated_sfda,restecg,0.0902014256115111,7,0.06378979380732987,False
va_long_beach,cleveland,8,reliability_gated_sfda,thalach,0.047578929150062,8,0.033647473523619034,False
va_long_beach,cleveland,8,reliability_gated_sfda,exang,0.213042420559492,4,0.1506620542588205,False
va_long_beach,cleveland,8,reliability_gated_sfda,oldpeak,0.2372855570155008,3,0.16780662448359987,True
va_long_beach,cleveland,8,source_only,age,0.2476036999537532,2,0.17967365932768323,True
va_long_beach,cleveland,8,source_only,sex,0.1304008631748777,5,0.0946254045092821,False
va_long_beach,cleveland,8,source_only,cp,0.3145917901120831,1,0.22828357627305984,True
va_long_beach,cleveland,8,source_only,trestbps,0.1091258224733242,6,0.07918716826358993,False
va_long_beach,cleveland,8,source_only,restecg,0.0917253426202475,7,0.06656050763677433,False
va_long_beach,cleveland,8,source_only,thalach,0.046702720485543,8,0.03388983561943041,False
va_long_beach,cleveland,8,source_only,exang,0.2083164472378815,4,0.15116485892724266,False
va_long_beach,cleveland,8,source_only,oldpeak,0.2296078791303972,3,0.1666149894429375,True
va_long_beach,cleveland,9,conservative_candidate,age,0.1717400009023093,3,0.1444610164310837,True
va_long_beach,cleveland,9,conservative_candidate,sex,0.093936630614984,6,0.07901584411002162,False
va_long_beach,cleveland,9,conservative_candidate,cp,0.2532576924519769,2,0.21303053149169643,True
va_long_beach,cleveland,9,conservative_candidate,trestbps,0.1112482865170418,5,0.09357773647392699,False
va_long_beach,cleveland,9,conservative_candidate,restecg,0.0544137185998467,8,0.045770706040698064,False
va_long_beach,cleveland,9,conservative_candidate,thalach,0.0604112738337699,7,0.05081561649045958,False
va_long_beach,cleveland,9,conservative_candidate,exang,0.1446562798912006,4,0.12167924255519892,False
va_long_beach,cleveland,9,conservative_candidate,oldpeak,0.2991689604372032,1,0.2516493064069147,True
va_long_beach,cleveland,9,entropy_sfda,age,0.2095020764850067,3,0.13670989203833184,True
va_long_beach,cleveland,9,entropy_sfda,sex,0.1324285120325218,6,0.08641579065235966,False
va_long_beach,cleveland,9,entropy_sfda,cp,0.3263071799859606,2,0.21293067875823998,True
va_long_beach,cleveland,9,entropy_sfda,trestbps,0.1512415723801396,5,0.09869219140305827,False
va_long_beach,cleveland,9,entropy_sfda,restecg,0.0976237987690464,7,0.06370408930549812,False
va_long_beach,cleveland,9,entropy_sfda,thalach,0.0331814823911921,8,0.021652467371588664,False
va_long_beach,cleveland,9,entropy_sfda,exang,0.1728461756434452,4,0.11279020431639984,False
va_long_beach,cleveland,9,entropy_sfda,oldpeak,0.4093265348535166,1,0.26710468615452365,True
va_long_beach,cleveland,9,pseudo_label_sfda,age,0.1845126675311998,3,0.14639919945050187,True
va_long_beach,cleveland,9,pseudo_label_sfda,sex,0.1007361668542414,6,0.079927814065554,False
va_long_beach,cleveland,9,pseudo_label_sfda,cp,0.2678455753897765,2,0.2125186218273701,True
va_long_beach,cleveland,9,pseudo_label_sfda,trestbps,0.1211683372244631,5,0.09613945647070715,False
va_long_beach,cleveland,9,pseudo_label_sfda,restecg,0.0595581572404973,7,0.04725565272791663,False
va_long_beach,cleveland,9,pseudo_label_sfda,thalach,0.0557786004472578,8,0.04425681207262988,False
va_long_beach,cleveland,9,pseudo_label_sfda,exang,0.1509494280854467,4,0.11976887942115809,False
va_long_beach,cleveland,9,pseudo_label_sfda,oldpeak,0.3197903875495912,1,0.2537335639641623,True
va_long_beach,cleveland,9,reliability_gated_sfda,age,0.1743265711917563,3,0.1444003479011165,True
va_long_beach,cleveland,9,reliability_gated_sfda,sex,0.0953424840907353,6,0.07897526910751224,False
va_long_beach,cleveland,9,reliability_gated_sfda,cp,0.2564367365518319,2,0.21241485861601442,True
va_long_beach,cleveland,9,reliability_gated_sfda,trestbps,0.114078756397215,5,0.09449513060039785,False
va_long_beach,cleveland,9,reliability_gated_sfda,restecg,0.0551152444866649,8,0.045653742995811646,False
va_long_beach,cleveland,9,reliability_gated_sfda,thalach,0.0603000781673279,7,0.04994850874597154,False
va_long_beach,cleveland,9,reliability_gated_sfda,exang,0.146484221173481,4,0.12133762716073558,False
va_long_beach,cleveland,9,reliability_gated_sfda,oldpeak,0.3051607222757348,1,0.2527745148724402,True
va_long_beach,cleveland,9,source_only,age,0.1741128290708333,3,0.14497325417263185,True
va_long_beach,cleveland,9,source_only,sex,0.0953440092645797,6,0.07938720749479304,False
va_long_beach,cleveland,9,source_only,cp,0.2570413704796328,2,0.214022850207468,True
va_long_beach,cleveland,9,source_only,trestbps,0.1121697917026574,5,0.09339702197581834,False
va_long_beach,cleveland,9,source_only,restecg,0.0555991354895163,8,0.046294047624836895,False
va_long_beach,cleveland,9,source_only,thalach,0.0606949903745597,7,0.05053705871953169,False
va_long_beach,cleveland,9,source_only,exang,0.1465545417064732,4,0.12202712998433062,False
va_long_beach,cleveland,9,source_only,oldpeak,0.2994829926043503,1,0.2493614298205895,True
va_long_beach,hungary,0,conservative_candidate,age,0.1489196598152059,4,0.13683758555417264,False
va_long_beach,hungary,0,conservative_candidate,sex,0.0410777288813739,7,0.03774503142937049,False
va_long_beach,hungary,0,conservative_candidate,cp,0.3241199259949169,1,0.2978235926551107,True
va_long_beach,hungary,0,conservative_candidate,trestbps,0.1557788030817775,3,0.14314023629036493,True
va_long_beach,hungary,0,conservative_candidate,restecg,0.0405448758582165,8,0.03725540956725652,False
va_long_beach,hungary,0,conservative_candidate,thalach,0.0521711731762355,6,0.04793844803180066,False
va_long_beach,hungary,0,conservative_candidate,exang,0.1332015242985113,5,0.1223946858310149,False
va_long_beach,hungary,0,conservative_candidate,oldpeak,0.1924813062959939,2,0.1768650106409092,True
va_long_beach,hungary,0,entropy_sfda,age,0.1693893770190735,4,0.1159420616104328,False
va_long_beach,hungary,0,entropy_sfda,sex,0.0869250385930957,6,0.05949764003745714,False
va_long_beach,hungary,0,entropy_sfda,cp,0.4600447070884033,1,0.314887112234855,True
va_long_beach,hungary,0,entropy_sfda,trestbps,0.2258063396533989,3,0.1545578182342139,True
va_long_beach,hungary,0,entropy_sfda,restecg,0.0510058992383046,7,0.03491204239636081,False
va_long_beach,hungary,0,entropy_sfda,thalach,0.0488396727923579,8,0.03342932391378548,False
va_long_beach,hungary,0,entropy_sfda,exang,0.1678675812555058,5,0.11490043703347841,False
va_long_beach,hungary,0,entropy_sfda,oldpeak,0.2511043500433974,2,0.17187356453941638,True
va_long_beach,hungary,0,pseudo_label_sfda,age,0.150692093580071,4,0.13643907679624,False
va_long_beach,hungary,0,pseudo_label_sfda,sex,0.0424209051895379,7,0.03840857873439767,False
va_long_beach,hungary,0,pseudo_label_sfda,cp,0.3313791503642587,1,0.30003608199389487,True
va_long_beach,hungary,0,pseudo_label_sfda,trestbps,0.1581616789359142,3,0.14320216108148445,True
va_long_beach,hungary,0,pseudo_label_sfda,restecg,0.0413508249455064,8,0.037439710646331885,False
va_long_beach,hungary,0,pseudo_label_sfda,thalach,0.0500251839727758,6,0.04529361664340331,False
va_long_beach,hungary,0,pseudo_label_sfda,exang,0.1348865697046323,5,0.12212849795555306,False
va_long_beach,hungary,0,pseudo_label_sfda,oldpeak,0.1955479236040898,2,0.17705227614869476,True
va_long_beach,hungary,0,reliability_gated_sfda,age,0.1542013038059088,4,0.13498475602483886,False
va_long_beach,hungary,0,reliability_gated_sfda,sex,0.0441643747530376,7,0.038660615726907335,False
va_long_beach,hungary,0,reliability_gated_sfda,cp,0.3399129229762459,1,0.29755301573448967,True
va_long_beach,hungary,0,reliability_gated_sfda,trestbps,0.1646212434941003,3,0.14410616409266203,True
va_long_beach,hungary,0,reliability_gated_sfda,restecg,0.0417009101383634,8,0.036504147773781775,False
va_long_beach,hungary,0,reliability_gated_sfda,thalach,0.0560055580805847,6,0.04902615222409672,False
va_long_beach,hungary,0,reliability_gated_sfda,exang,0.1402112983078473,5,0.12273818331544765,False
va_long_beach,hungary,0,reliability_gated_sfda,oldpeak,0.2015432619749486,2,0.1764269651077759,True
va_long_beach,hungary,0,source_only,age,0.150692093580071,4,0.13643907679624,False
va_long_beach,hungary,0,source_only,sex,0.0424209051895379,7,0.03840857873439767,False
va_long_beach,hungary,0,source_only,cp,0.3313791503642587,1,0.30003608199389487,True
va_long_beach,hungary,0,source_only,trestbps,0.1581616789359142,3,0.14320216108148445,True
va_long_beach,hungary,0,source_only,restecg,0.0413508249455064,8,0.037439710646331885,False
va_long_beach,hungary,0,source_only,thalach,0.0500251839727758,6,0.04529361664340331,False
va_long_beach,hungary,0,source_only,exang,0.1348865697046323,5,0.12212849795555306,False
va_long_beach,hungary,0,source_only,oldpeak,0.1955479236040898,2,0.17705227614869476,True
va_long_beach,hungary,1,conservative_candidate,age,0.1408693976827016,4,0.14225330626250723,False
va_long_beach,hungary,1,conservative_candidate,sex,0.0494715056187499,6,0.04995751636492986,False
va_long_beach,hungary,1,conservative_candidate,cp,0.3475402700584591,1,0.3509545244634166,True
va_long_beach,hungary,1,conservative_candidate,trestbps,0.0698254701664012,5,0.07051143936085962,False
va_long_beach,hungary,1,conservative_candidate,restecg,0.0157311071759692,8,0.015885650423465025,False
va_long_beach,hungary,1,conservative_candidate,thalach,0.0467474307234518,7,0.04720668001056648,False
va_long_beach,hungary,1,conservative_candidate,exang,0.170216215356272,2,0.17188842865971907,True
va_long_beach,hungary,1,conservative_candidate,oldpeak,0.1498701222697082,3,0.15134245445453615,True
va_long_beach,hungary,1,entropy_sfda,age,0.1339673708976233,4,0.09298617678060771,False
va_long_beach,hungary,1,entropy_sfda,sex,0.086292229915219,7,0.05989506617862387,False
va_long_beach,hungary,1,entropy_sfda,cp,0.5412243706279734,1,0.37566151121712205,True
va_long_beach,hungary,1,entropy_sfda,trestbps,0.1136104369038702,5,0.0788565163239519,False
va_long_beach,hungary,1,entropy_sfda,restecg,0.0443333506074948,8,0.03077158825498984,False
va_long_beach,hungary,1,entropy_sfda,thalach,0.0869147386534541,6,0.0603271468202992,False
va_long_beach,hungary,1,entropy_sfda,exang,0.2326784032643661,2,0.16150108040489813,True
va_long_beach,hungary,1,entropy_sfda,oldpeak,0.201702608106037,3,0.1400009140195072,True
va_long_beach,hungary,1,pseudo_label_sfda,age,0.1422710105939926,4,0.13787871771955065,False
va_long_beach,hungary,1,pseudo_label_sfda,sex,0.0532727434934329,6,0.05162806907472135,False
va_long_beach,hungary,1,pseudo_label_sfda,cp,0.3689408498271567,1,0.3575506427918606,True
va_long_beach,hungary,1,pseudo_label_sfda,trestbps,0.0744876581890394,5,0.07218802167889148,False
va_long_beach,hungary,1,pseudo_label_sfda,restecg,0.0172676252089263,8,0.016734526675029306,False
va_long_beach,hungary,1,pseudo_label_sfda,thalach,0.0392748582457804,7,0.03806233659925923,False
va_long_beach,hungary,1,pseudo_label_sfda,exang,0.1782148875787911,2,0.17271290950494692,True
va_long_beach,hungary,1,pseudo_label_sfda,oldpeak,0.1581265731511928,3,0.15324477595574057,True
va_long_beach,hungary,1,reliability_gated_sfda,age,0.1426563023171406,4,0.13746068801471695,False
va_long_beach,hungary,1,reliability_gated_sfda,sex,0.0526958780800155,6,0.05077666768843643,False
va_long_beach,hungary,1,reliability_gated_sfda,cp,0.3680223209397512,1,0.35461876285484506,True
va_long_beach,hungary,1,reliability_gated_sfda,trestbps,0.0737623778258158,5,0.07107591491469534,False
va_long_beach,hungary,1,reliability_gated_sfda,restecg,0.0169370098863224,8,0.01632015546505724,False
va_long_beach,hungary,1,reliability_gated_sfda,thalach,0.0467295895127078,7,0.04502767435245877,False
va_long_beach,hungary,1,reliability_gated_sfda,exang,0.1786596321823157,2,0.17215275849251127,True
va_long_beach,hungary,1,reliability_gated_sfda,oldpeak,0.1583339814825275,3,0.15256737821727898,True
va_long_beach,hungary,1,source_only,age,0.1424594663913507,4,0.14248855321175485,False
va_long_beach,hungary,1,source_only,sex,0.050544061328381,6,0.05055438121846339,False
va_long_beach,hungary,1,source_only,cp,0.355042920782976,1,0.3551154120672281,True
va_long_beach,hungary,1,source_only,trestbps,0.0706896370864428,5,0.07070407022191952,False
va_long_beach,hungary,1,source_only,restecg,0.0164423249882691,8,0.016445682118308085,False
va_long_beach,hungary,1,source_only,thalach,0.0426285283483222,7,0.042637232075631935,False
va_long_beach,hungary,1,source_only,exang,0.1718316850189885,2,0.1718667689448833,True
va_long_beach,hungary,1,source_only,oldpeak,0.1501572416195658,3,0.1501879001418108,True
va_long_beach,hungary,2,conservative_candidate,age,0.1456254983929042,3,0.14521178541745478,True
va_long_beach,hungary,2,conservative_candidate,sex,0.0767090370750678,6,0.07649111147603184,False
va_long_beach,hungary,2,conservative_candidate,cp,0.2721637162194507,1,0.27139051604441866,True
va_long_beach,hungary,2,conservative_candidate,trestbps,0.1229446460576062,5,0.12259536797171197,False
va_long_beach,hungary,2,conservative_candidate,restecg,0.0178170234571629,8,0.017766406402667214,False
va_long_beach,hungary,2,conservative_candidate,thalach,0.0561056558769766,7,0.05594626320132182,False
va_long_beach,hungary,2,conservative_candidate,exang,0.1286002586145891,4,0.1282349132854939,False
va_long_beach,hungary,2,conservative_candidate,oldpeak,0.1828831959758144,2,0.18236363620089974,True
va_long_beach,hungary,2,entropy_sfda,age,0.1448961317556637,5,0.11344078939126521,False
va_long_beach,hungary,2,entropy_sfda,sex,0.1100818188324471,6,0.08618427748669641,False
va_long_beach,hungary,2,entropy_sfda,cp,0.3876045218664213,1,0.3034598812223436,True
va_long_beach,hungary,2,entropy_sfda,trestbps,0.1453251330452007,4,0.11377665926125603,False
va_long_beach,hungary,2,entropy_sfda,restecg,0.0367640634009569,8,0.02878299318899557,False
va_long_beach,hungary,2,entropy_sfda,thalach,0.0946755407450935,7,0.07412253141636055,False
va_long_beach,hungary,2,entropy_sfda,exang,0.1475628330182207,3,0.11552857940076852,True
va_long_beach,hungary,2,entropy_sfda,oldpeak,0.2103741911040353,2,0.1647042886323141,True
va_long_beach,hungary,2,pseudo_label_sfda,age,0.1474664199114919,3,0.14472388113603005,True
va_long_beach,hungary,2,pseudo_label_sfda,sex,0.078690416089514,6,0.07722695398395636,False
va_long_beach,hungary,2,pseudo_label_sfda,cp,0.277381099006753,1,0.27222244376807003,True
va_long_beach,hungary,2,pseudo_label_sfda,trestbps,0.1245701433781876,5,0.1222534230788505,False
va_long_beach,hungary,2,pseudo_label_sfda,restecg,0.0185061175344548,8,0.018161945993896894,False
va_long_beach,hungary,2,pseudo_label_sfda,thalach,0.0580946891861618,7,0.057014260585283846,False
va_long_beach,hungary,2,pseudo_label_sfda,exang,0.1293468732437511,4,0.12694131667318645,False
va_long_beach,hungary,2,pseudo_label_sfda,oldpeak,0.1848943883285471,2,0.18145577478072591,True
va_long_beach,hungary,2,reliability_gated_sfda,age,0.1500241584786004,3,0.14333326656290893,True
va_long_beach,hungary,2,reliability_gated_sfda,sex,0.080445147836169,6,0.0768573937386154,False
va_long_beach,hungary,2,reliability_gated_sfda,cp,0.2859681410855479,1,0.2732143156834375,True
va_long_beach,hungary,2,reliability_gated_sfda,trestbps,0.1288146670227854,5,0.12306969219376022,False
va_long_beach,hungary,2,reliability_gated_sfda,restecg,0.0187976370088584,8,0.017959285647503397,False
va_long_beach,hungary,2,reliability_gated_sfda,thalach,0.0569064556874435,7,0.05436849814666461,False
va_long_beach,hungary,2,reliability_gated_sfda,exang,0.134076089965699,4,0.12809646218083806,False
va_long_beach,hungary,2,reliability_gated_sfda,oldpeak,0.1916483659328905,2,0.18310108584627188,True
va_long_beach,hungary,2,source_only,age,0.1474664199114919,3,0.14472388113603005,True
va_long_beach,hungary,2,source_only,sex,0.078690416089514,6,0.07722695398395636,False
va_long_beach,hungary,2,source_only,cp,0.277381099006753,1,0.27222244376807003,True
va_long_beach,hungary,2,source_only,trestbps,0.1245701433781876,5,0.1222534230788505,False
va_long_beach,hungary,2,source_only,restecg,0.0185061175344548,8,0.018161945993896894,False
va_long_beach,hungary,2,source_only,thalach,0.0580946891861618,7,0.057014260585283846,False
va_long_beach,hungary,2,source_only,exang,0.1293468732437511,4,0.12694131667318645,False
va_long_beach,hungary,2,source_only,oldpeak,0.1848943883285471,2,0.18145577478072591,True
va_long_beach,hungary,3,conservative_candidate,age,0.2673335168273093,1,0.23580136756844775,True
va_long_beach,hungary,3,conservative_candidate,sex,0.0250047547733319,8,0.022055428893617182,False
va_long_beach,hungary,3,conservative_candidate,cp,0.2327596738872745,2,0.2053055302184933,True
va_long_beach,hungary,3,conservative_candidate,trestbps,0.0685503707480375,6,0.0604648132473156,False
va_long_beach,hungary,3,conservative_candidate,restecg,0.0803534995082192,5,0.07087575586411883,False
va_long_beach,hungary,3,conservative_candidate,thalach,0.0675744082738401,7,0.05960396613453141,False
va_long_beach,hungary,3,conservative_candidate,exang,0.1754727257973178,4,0.1547756121455548,False
va_long_beach,hungary,3,conservative_candidate,oldpeak,0.2166744021058944,3,0.19111752592792122,True
va_long_beach,hungary,3,entropy_sfda,age,0.2348372875625698,3,0.17738865525367442,True
va_long_beach,hungary,3,entropy_sfda,sex,0.0247205300652579,8,0.018673106093791664,False
va_long_beach,hungary,3,entropy_sfda,cp,0.3261606996872745,1,0.24637147070908727,True
va_long_beach,hungary,3,entropy_sfda,trestbps,0.0935554538887519,6,0.07066882916773219,False
va_long_beach,hungary,3,entropy_sfda,restecg,0.0873982747420964,7,0.06601789089333154,False
va_long_beach,hungary,3,entropy_sfda,thalach,0.101093264186571,5,0.07636265252162,False
va_long_beach,hungary,3,entropy_sfda,exang,0.1997570662417126,4,0.15089016623305782,False
va_long_beach,hungary,3,entropy_sfda,oldpeak,0.2563348440833541,2,0.19362722912770514,True
va_long_beach,hungary,3,pseudo_label_sfda,age,0.2713130628009054,1,0.23717044983114471,True
va_long_beach,hungary,3,pseudo_label_sfda,sex,0.0249592501653886,8,0.021818325030362427,False
va_long_beach,hungary,3,pseudo_label_sfda,cp,0.2357103623541667,2,0.20604806894396713,True
va_long_beach,hungary,3,pseudo_label_sfda,trestbps,0.0676180724958179,7,0.05910887041335103,False
va_long_beach,hungary,3,pseudo_label_sfda,restecg,0.0818741274960562,5,0.07157091312636696,False
va_long_beach,hungary,3,pseudo_label_sfda,thalach,0.0690820132260254,6,0.0603885857279219,False
va_long_beach,hungary,3,pseudo_label_sfda,exang,0.1758159171080305,4,0.15369086809722046,False
va_long_beach,hungary,3,pseudo_label_sfda,oldpeak,0.2175853181167879,3,0.19020391882966536,True
va_long_beach,hungary,3,reliability_gated_sfda,age,0.2744000818909836,1,0.23371912514048043,True
va_long_beach,hungary,3,reliability_gated_sfda,sex,0.0262345867606669,8,0.022345199840578374,False
va_long_beach,hungary,3,reliability_gated_sfda,cp,0.2420648291683676,2,0.20617770851463332,True
va_long_beach,hungary,3,reliability_gated_sfda,trestbps,0.0735891383110789,6,0.06267924159272022,False
va_long_beach,hungary,3,reliability_gated_sfda,restecg,0.0823737744578332,5,0.07016151878720206,False
va_long_beach,hungary,3,reliability_gated_sfda,thalach,0.0679174547038534,7,0.05784840873866521,False
va_long_beach,hungary,3,reliability_gated_sfda,exang,0.1821683637962556,4,0.15516114398117686,False
va_long_beach,hungary,3,reliability_gated_sfda,oldpeak,0.2253109401212308,3,0.19190765340454352,True
va_long_beach,hungary,3,source_only,age,0.2713130628009054,1,0.23717044983114471,True
va_long_beach,hungary,3,source_only,sex,0.0249592501653886,8,0.021818325030362427,False
va_long_beach,hungary,3,source_only,cp,0.2357103623541667,2,0.20604806894396713,True
va_long_beach,hungary,3,source_only,trestbps,0.0676180724958179,7,0.05910887041335103,False
va_long_beach,hungary,3,source_only,restecg,0.0818741274960562,5,0.07157091312636696,False
va_long_beach,hungary,3,source_only,thalach,0.0690820132260254,6,0.0603885857279219,False
va_long_beach,hungary,3,source_only,exang,0.1758159171080305,4,0.15369086809722046,False
va_long_beach,hungary,3,source_only,oldpeak,0.2175853181167879,3,0.19020391882966536,True
va_long_beach,hungary,4,conservative_candidate,age,0.1185053948082938,3,0.14133560277795998,True
va_long_beach,hungary,4,conservative_candidate,sex,0.0271990790686587,8,0.0324390146237058,False
va_long_beach,hungary,4,conservative_candidate,cp,0.2062860279870341,2,0.2460272813519042,True
va_long_beach,hungary,4,conservative_candidate,trestbps,0.1030607202302562,4,0.12291549291943725,False
va_long_beach,hungary,4,conservative_candidate,restecg,0.0277813849906677,7,0.033133502487498454,False
va_long_beach,hungary,4,conservative_candidate,thalach,0.0381390783411322,6,0.045486618018190844,False
va_long_beach,hungary,4,conservative_candidate,exang,0.0924551079254026,5,0.11026669654724942,False
va_long_beach,hungary,4,conservative_candidate,oldpeak,0.2250413100780019,1,0.2683957912740541,True
va_long_beach,hungary,4,entropy_sfda,age,0.1123477034738008,5,0.09444165821345221,False
va_long_beach,hungary,4,entropy_sfda,sex,0.0695406586308642,6,0.05845722619408918,False
va_long_beach,hungary,4,entropy_sfda,cp,0.3077214921983017,1,0.2586766537502267,True
va_long_beach,hungary,4,entropy_sfda,trestbps,0.1503895510726158,3,0.1264203730215688,True
va_long_beach,hungary,4,entropy_sfda,restecg,0.0392351594456919,8,0.03298183588758833,False
va_long_beach,hungary,4,entropy_sfda,thalach,0.0639483627269668,7,0.05375623381014135,False
va_long_beach,hungary,4,entropy_sfda,exang,0.1416622273161449,4,0.11908401542954222,False
va_long_beach,hungary,4,entropy_sfda,oldpeak,0.304753858950876,2,0.25618200369339117,True
va_long_beach,hungary,4,pseudo_label_sfda,age,0.1202654589552013,3,0.13734267207003129,True
va_long_beach,hungary,4,pseudo_label_sfda,sex,0.0301376140505577,7,0.03441703444594804,False
va_long_beach,hungary,4,pseudo_label_sfda,cp,0.2157057633513945,2,0.24633511713967549,True
va_long_beach,hungary,4,pseudo_label_sfda,trestbps,0.1075575252849177,4,0.1228302627554366,False
va_long_beach,hungary,4,pseudo_label_sfda,restecg,0.0289160805042247,8,0.03302204803227586,False
va_long_beach,hungary,4,pseudo_label_sfda,thalach,0.0410221923674459,6,0.04684717925547147,False
va_long_beach,hungary,4,pseudo_label_sfda,exang,0.0977919376340415,5,0.11167800080127863,False
va_long_beach,hungary,4,pseudo_label_sfda,oldpeak,0.2342632438624784,1,0.26752768549988265,True
va_long_beach,hungary,4,reliability_gated_sfda,age,0.1195400177344139,3,0.1361224853954422,True
va_long_beach,hungary,4,reliability_gated_sfda,sex,0.0293289634256962,7,0.033397446907258176,False
va_long_beach,hungary,4,reliability_gated_sfda,cp,0.2171437459245909,2,0.24726570184222382,True
va_long_beach,hungary,4,reliability_gated_sfda,trestbps,0.1083831579137757,4,0.1234179575161845,False
va_long_beach,hungary,4,reliability_gated_sfda,restecg,0.0288473660246777,8,0.032849042812720795,False
va_long_beach,hungary,4,reliability_gated_sfda,thalach,0.0415218932524229,6,0.047281767352598404,False
va_long_beach,hungary,4,reliability_gated_sfda,exang,0.0980712026270536,5,0.11167553845419385,False
va_long_beach,hungary,4,reliability_gated_sfda,oldpeak,0.2353434584920807,1,0.26799005971937817,True
va_long_beach,hungary,4,source_only,age,0.1201021889664967,3,0.14191849115625815,True
va_long_beach,hungary,4,source_only,sex,0.0278088587988999,8,0.03286027769750504,False
va_long_beach,hungary,4,source_only,cp,0.2092330622673235,2,0.2472397943160329,True
va_long_beach,hungary,4,source_only,trestbps,0.1035191880144672,4,0.12232322404075766,False
va_long_beach,hungary,4,source_only,restecg,0.0282201209381938,7,0.03334624471259888,False
va_long_beach,hungary,4,source_only,thalach,0.0381844032697971,6,0.0451205173226558,False
va_long_beach,hungary,4,source_only,exang,0.0930112714191809,5,0.10990656718186531,False
va_long_beach,hungary,4,source_only,oldpeak,0.2261967368251295,1,0.2672848835723262,True
va_long_beach,hungary,5,conservative_candidate,age,0.1067117414901311,4,0.14218328950911205,False
va_long_beach,hungary,5,conservative_candidate,sex,0.0217914301659523,8,0.029035016960994284,False
va_long_beach,hungary,5,conservative_candidate,cp,0.1827025946122681,1,0.24343390465822803,True
va_long_beach,hungary,5,conservative_candidate,trestbps,0.0782710077877783,5,0.10428870530136425,False
va_long_beach,hungary,5,conservative_candidate,restecg,0.0404942837333546,7,0.05395479810491293,False
va_long_beach,hungary,5,conservative_candidate,thalach,0.0436181416174754,6,0.058117042893733546,False
va_long_beach,hungary,5,conservative_candidate,exang,0.1231847819036702,3,0.1641320557976853,True
va_long_beach,hungary,5,conservative_candidate,oldpeak,0.1537484032716475,2,0.20485518677396958,True
va_long_beach,hungary,5,entropy_sfda,age,0.1130051836933699,4,0.12619455208102084,False
va_long_beach,hungary,5,entropy_sfda,sex,0.0295989931856842,8,0.033053631391386826,False
va_long_beach,hungary,5,entropy_sfda,cp,0.2552282130037928,1,0.2850171024529975,True
va_long_beach,hungary,5,entropy_sfda,trestbps,0.0988910322712708,5,0.11043307142586398,False
va_long_beach,hungary,5,entropy_sfda,restecg,0.0539380902184384,6,0.06023345932245832,False
va_long_beach,hungary,5,entropy_sfda,thalach,0.0310735798430577,7,0.03470032401777841,False
va_long_beach,hungary,5,entropy_sfda,exang,0.139515585086085,3,0.1557991075527362,True
va_long_beach,hungary,5,entropy_sfda,oldpeak,0.1742331754466911,2,0.19456875175575783,True
va_long_beach,hungary,5,pseudo_label_sfda,age,0.1085284530790205,4,0.1420377950276531,False
va_long_beach,hungary,5,pseudo_label_sfda,sex,0.0222519763099836,8,0.029122516357773635,False
va_long_beach,hungary,5,pseudo_label_sfda,cp,0.1882288456971057,1,0.24634655194017016,True
va_long_beach,hungary,5,pseudo_label_sfda,trestbps,0.0796438024227259,5,0.10423469387797653,False
va_long_beach,hungary,5,pseudo_label_sfda,restecg,0.041675418904664,7,0.05454315840807403,False
va_long_beach,hungary,5,pseudo_label_sfda,thalach,0.0432478566749059,6,0.05660110346641498,False
va_long_beach,hungary,5,pseudo_label_sfda,exang,0.12471774157438,3,0.16322570267499728,True
va_long_beach,hungary,5,pseudo_label_sfda,oldpeak,0.1557874165849164,2,0.20388847824694037,True
va_long_beach,hungary,5,reliability_gated_sfda,age,0.1078953015028821,4,0.14168322880439707,False
va_long_beach,hungary,5,reliability_gated_sfda,sex,0.0222990803440242,8,0.029282143508590316,False
va_long_beach,hungary,5,reliability_gated_sfda,cp,0.184739613382202,1,0.24259170276628964,True
va_long_beach,hungary,5,reliability_gated_sfda,trestbps,0.0804533317081667,5,0.10564767553089184,False
va_long_beach,hungary,5,reliability_gated_sfda,restecg,0.0406494655130761,7,0.05337903915039122,False
va_long_beach,hungary,5,reliability_gated_sfda,thalach,0.0445365836090711,6,0.058483426782783725,False
va_long_beach,hungary,5,reliability_gated_sfda,exang,0.1247680820603886,3,0.1638398009164062,True
va_long_beach,hungary,5,reliability_gated_sfda,oldpeak,0.1561834055733974,2,0.20509298254025002,True
va_long_beach,hungary,5,source_only,age,0.1085284530790205,4,0.1420377950276531,False
va_long_beach,hungary,5,source_only,sex,0.0222519763099836,8,0.029122516357773635,False
va_long_beach,hungary,5,source_only,cp,0.1882288456971057,1,0.24634655194017016,True
va_long_beach,hungary,5,source_only,trestbps,0.0796438024227259,5,0.10423469387797653,False
va_long_beach,hungary,5,source_only,restecg,0.041675418904664,7,0.05454315840807403,False
va_long_beach,hungary,5,source_only,thalach,0.0432478566749059,6,0.05660110346641498,False
va_long_beach,hungary,5,source_only,exang,0.12471774157438,3,0.16322570267499728,True
va_long_beach,hungary,5,source_only,oldpeak,0.1557874165849164,2,0.20388847824694037,True
va_long_beach,hungary,6,conservative_candidate,age,0.1367388251277168,4,0.14425750025515702,False
va_long_beach,hungary,6,conservative_candidate,sex,0.0402321497222517,7,0.04244434119864921,False
va_long_beach,hungary,6,conservative_candidate,cp,0.2627669986252757,1,0.2772154165857977,True
va_long_beach,hungary,6,conservative_candidate,trestbps,0.1078820962701974,5,0.11381406499352988,False
va_long_beach,hungary,6,conservative_candidate,restecg,0.0478893665424199,6,0.05052259517192621,False
va_long_beach,hungary,6,conservative_candidate,thalach,0.0310418034304205,8,0.03274865761133947,False
va_long_beach,hungary,6,conservative_candidate,exang,0.160475748603796,3,0.16929961423565112,True
va_long_beach,hungary,6,conservative_candidate,oldpeak,0.1608531904267463,2,0.16969780994794942,True
va_long_beach,hungary,6,entropy_sfda,age,0.1612466385886611,5,0.12238899888716569,False
va_long_beach,hungary,6,entropy_sfda,sex,0.069647855132495,8,0.052863931545571,False
va_long_beach,hungary,6,entropy_sfda,cp,0.3401521477092928,1,0.25818138717086503,True
va_long_beach,hungary,6,entropy_sfda,trestbps,0.1845125430501161,4,0.1400482244075553,False
va_long_beach,hungary,6,entropy_sfda,restecg,0.0761062770077742,7,0.05776598590543148,False
va_long_beach,hungary,6,entropy_sfda,thalach,0.1119642943487546,6,0.08498284377517332,False
va_long_beach,hungary,6,entropy_sfda,exang,0.1870525015429371,2,0.1419760970123562,True
va_long_beach,hungary,6,entropy_sfda,oldpeak,0.186810655012524,3,0.14179253129588196,True
va_long_beach,hungary,6,pseudo_label_sfda,age,0.1373040079128085,4,0.14351060293183907,False
va_long_beach,hungary,6,pseudo_label_sfda,sex,0.0409631401592062,7,0.04281480949894922,False
va_long_beach,hungary,6,pseudo_label_sfda,cp,0.265809341327,1,0.2778248021935146,True
va_long_beach,hungary,6,pseudo_label_sfda,trestbps,0.1084492782358124,5,0.11335154409350891,False
va_long_beach,hungary,6,pseudo_label_sfda,restecg,0.0489370899360474,6,0.051149208163767314,False
va_long_beach,hungary,6,pseudo_label_sfda,thalach,0.0320129709843534,8,0.03346006309241504,False
va_long_beach,hungary,6,pseudo_label_sfda,exang,0.16173396346343,2,0.1690448732270958,True
va_long_beach,hungary,6,pseudo_label_sfda,oldpeak,0.1615418702820125,3,0.16884409679891005,True
va_long_beach,hungary,6,reliability_gated_sfda,age,0.1391829824467905,4,0.14068408831480028,False
va_long_beach,hungary,6,reliability_gated_sfda,sex,0.0433098791608844,7,0.04377698162275363,False
va_long_beach,hungary,6,reliability_gated_sfda,cp,0.2747761534117766,1,0.27773964858212374,True
va_long_beach,hungary,6,reliability_gated_sfda,trestbps,0.1153555052057161,5,0.1165996287524847,False
va_long_beach,hungary,6,reliability_gated_sfda,restecg,0.0498033487380538,6,0.05034048408120404,False
va_long_beach,hungary,6,reliability_gated_sfda,thalach,0.0316329158012609,8,0.03197408075330298,False
va_long_beach,hungary,6,reliability_gated_sfda,exang,0.1668786237801925,3,0.16867843060282336,True
va_long_beach,hungary,6,reliability_gated_sfda,oldpeak,0.1683905442169278,2,0.17020665729050724,True
va_long_beach,hungary,6,source_only,age,0.1373040079128085,4,0.14351060293183907,False
va_long_beach,hungary,6,source_only,sex,0.0409631401592062,7,0.04281480949894922,False
va_long_beach,hungary,6,source_only,cp,0.265809341327,1,0.2778248021935146,True
va_long_beach,hungary,6,source_only,trestbps,0.1084492782358124,5,0.11335154409350891,False
va_long_beach,hungary,6,source_only,restecg,0.0489370899360474,6,0.051149208163767314,False
va_long_beach,hungary,6,source_only,thalach,0.0320129709843534,8,0.03346006309241504,False
va_long_beach,hungary,6,source_only,exang,0.16173396346343,2,0.1690448732270958,True
va_long_beach,hungary,6,source_only,oldpeak,0.1615418702820125,3,0.16884409679891005,True
va_long_beach,hungary,7,conservative_candidate,age,0.1253320077718488,4,0.15108908809434182,False
va_long_beach,hungary,7,conservative_candidate,sex,0.0567311722962232,5,0.0683900405103429,False
va_long_beach,hungary,7,conservative_candidate,cp,0.1807670457195248,2,0.21791662465815706,True
va_long_beach,hungary,7,conservative_candidate,trestbps,0.048288285533888,7,0.058212049393124576,False
va_long_beach,hungary,7,conservative_candidate,restecg,0.0272929199938986,8,0.03290190962883623,False
va_long_beach,hungary,7,conservative_candidate,thalach,0.0549540303336284,6,0.06624767669350036,False
va_long_beach,hungary,7,conservative_candidate,exang,0.1410299728143022,3,0.17001315438328768,True
va_long_beach,hungary,7,conservative_candidate,oldpeak,0.1951284534139495,1,0.23522945663840936,True
va_long_beach,hungary,7,entropy_sfda,age,0.1109928007124365,4,0.11234468018025197,False
va_long_beach,hungary,7,entropy_sfda,sex,0.0760865988235878,5,0.07701332479198654,False
va_long_beach,hungary,7,entropy_sfda,cp,0.2527727962390965,1,0.25585153964465546,True
va_long_beach,hungary,7,entropy_sfda,trestbps,0.0748806296824794,6,0.07579266708630261,False
va_long_beach,hungary,7,entropy_sfda,restecg,0.0335447509716847,8,0.033953322156486984,False
va_long_beach,hungary,7,entropy_sfda,thalach,0.0468610943927425,7,0.047431857099353006,False
va_long_beach,hungary,7,entropy_sfda,exang,0.1735124144905886,3,0.17562577561901566,True
va_long_beach,hungary,7,entropy_sfda,oldpeak,0.2193155948573178,2,0.22198683342194772,True
va_long_beach,hungary,7,pseudo_label_sfda,age,0.127172641940003,4,0.15091632366637478,False
va_long_beach,hungary,7,pseudo_label_sfda,sex,0.0581628997067937,5,0.06902216438710533,False
va_long_beach,hungary,7,pseudo_label_sfda,cp,0.1846990527648417,2,0.2191831639471799,True
va_long_beach,hungary,7,pseudo_label_sfda,trestbps,0.0493799661203812,7,0.058599419151595986,False
va_long_beach,hungary,7,pseudo_label_sfda,restecg,0.028027888777522,8,0.033260816712679546,False
va_long_beach,hungary,7,pseudo_label_sfda,thalach,0.0551320028039515,6,0.06542538593687433,False
va_long_beach,hungary,7,pseudo_label_sfda,exang,0.143633794505149,3,0.17045084453930875,True
va_long_beach,hungary,7,pseudo_label_sfda,oldpeak,0.1964616438906107,1,0.2331418816588813,True
va_long_beach,hungary,7,reliability_gated_sfda,age,0.1276650741717343,4,0.14728586453623815,False
va_long_beach,hungary,7,reliability_gated_sfda,sex,0.0597640364535776,5,0.06894914552275665,False
va_long_beach,hungary,7,reliability_gated_sfda,cp,0.1905915460500392,2,0.21988347882457449,True
va_long_beach,hungary,7,reliability_gated_sfda,trestbps,0.0521343551940627,7,0.06014686183057054,False
va_long_beach,hungary,7,reliability_gated_sfda,restecg,0.0283273631077933,8,0.032680983365511763,False
va_long_beach,hungary,7,reliability_gated_sfda,thalach,0.0590734342421993,6,0.0681524049544109,False
va_long_beach,hungary,7,reliability_gated_sfda,exang,0.1471495994993922,3,0.1697649581848416,True
va_long_beach,hungary,7,reliability_gated_sfda,oldpeak,0.2020788857124137,1,0.2331363027810959,True
va_long_beach,hungary,7,source_only,age,0.127172641940003,4,0.15091632366637478,False
va_long_beach,hungary,7,source_only,sex,0.0581628997067937,5,0.06902216438710533,False
va_long_beach,hungary,7,source_only,cp,0.1846990527648417,2,0.2191831639471799,True
va_long_beach,hungary,7,source_only,trestbps,0.0493799661203812,7,0.058599419151595986,False
va_long_beach,hungary,7,source_only,restecg,0.028027888777522,8,0.033260816712679546,False
va_long_beach,hungary,7,source_only,thalach,0.0551320028039515,6,0.06542538593687433,False
va_long_beach,hungary,7,source_only,exang,0.143633794505149,3,0.17045084453930875,True
va_long_beach,hungary,7,source_only,oldpeak,0.1964616438906107,1,0.2331418816588813,True
va_long_beach,hungary,8,conservative_candidate,age,0.1638313779040385,3,0.14111541409958706,True
va_long_beach,hungary,8,conservative_candidate,sex,0.12107950114474,5,0.10429127900651215,False
va_long_beach,hungary,8,conservative_candidate,cp,0.3275626434036411,1,0.2821445968337958,True
va_long_beach,hungary,8,conservative_candidate,trestbps,0.0974475824001694,6,0.08393603300741427,False
va_long_beach,hungary,8,conservative_candidate,restecg,0.0590884361271843,7,0.050895556390111216,False
va_long_beach,hungary,8,conservative_candidate,thalach,0.0370275750237541,8,0.03189353376275171,False
va_long_beach,hungary,8,conservative_candidate,exang,0.201716608063755,2,0.1737476852227537,True
va_long_beach,hungary,8,conservative_candidate,oldpeak,0.1532206382969913,4,0.1319759016770742,False
va_long_beach,hungary,8,entropy_sfda,age,0.1675410718462258,4,0.11093729862612557,False
va_long_beach,hungary,8,entropy_sfda,sex,0.1783724217770659,3,0.11810927555429358,True
va_long_beach,hungary,8,entropy_sfda,cp,0.4471553622735672,1,0.2960838641544931,True
va_long_beach,hungary,8,entropy_sfda,trestbps,0.1354542702284394,6,0.08969102716680992,False
va_long_beach,hungary,8,entropy_sfda,restecg,0.0909388894110169,7,0.060215173629650225,False
va_long_beach,hungary,8,entropy_sfda,thalach,0.0677790054474318,8,0.044879859517700224,False
va_long_beach,hungary,8,entropy_sfda,exang,0.257759431890231,2,0.17067537383043901,True
va_long_beach,hungary,8,entropy_sfda,oldpeak,0.1652316685233797,5,0.10940812752048831,False
va_long_beach,hungary,8,pseudo_label_sfda,age,0.1654161398519197,3,0.13736737599722337,True
va_long_beach,hungary,8,pseudo_label_sfda,sex,0.126352351215877,5,0.10492743303732203,False
va_long_beach,hungary,8,pseudo_label_sfda,cp,0.3414492242459423,1,0.28355143586920223,True
va_long_beach,hungary,8,pseudo_label_sfda,trestbps,0.1015487254643178,6,0.08432963050270252,False
va_long_beach,hungary,8,pseudo_label_sfda,restecg,0.0622547079968907,7,0.05169849742994706,False
va_long_beach,hungary,8,pseudo_label_sfda,thalach,0.0398945982729719,8,0.03312987648077988,False
va_long_beach,hungary,8,pseudo_label_sfda,exang,0.2096852074713021,2,0.1741299655617122,True
va_long_beach,hungary,8,pseudo_label_sfda,oldpeak,0.1575870024179722,4,0.1308657851211108,False
va_long_beach,hungary,8,reliability_gated_sfda,age,0.1688335667361131,3,0.13996947811291044,True
va_long_beach,hungary,8,reliability_gated_sfda,sex,0.1273135767147248,5,0.10554781986748346,False
va_long_beach,hungary,8,reliability_gated_sfda,cp,0.340880125263226,1,0.28260264919198447,True
va_long_beach,hungary,8,reliability_gated_sfda,trestbps,0.1022140528685191,6,0.0847393555226708,False
va_long_beach,hungary,8,reliability_gated_sfda,restecg,0.0609630828073716,7,0.05054072510378804,False
va_long_beach,hungary,8,reliability_gated_sfda,thalach,0.0374933471467636,8,0.031083417440568476,False
va_long_beach,hungary,8,reliability_gated_sfda,exang,0.2094955702001849,2,0.17367983271785226,True
va_long_beach,hungary,8,reliability_gated_sfda,oldpeak,0.1590236979473356,4,0.13183672204274197,False
va_long_beach,hungary,8,source_only,age,0.16526467615238,3,0.1409652743122996,True
va_long_beach,hungary,8,source_only,sex,0.122546633325365,5,0.10452820399944913,False
va_long_beach,hungary,8,source_only,cp,0.3312288060809385,1,0.28252715944140117,True
va_long_beach,hungary,8,source_only,trestbps,0.0970015492667221,6,0.08273909657798707,False
va_long_beach,hungary,8,source_only,restecg,0.060887655810963,7,0.051935146115019794,False
va_long_beach,hungary,8,source_only,thalach,0.0390855274549257,8,0.03333865546830089,False
va_long_beach,hungary,8,source_only,exang,0.2035291916659089,2,0.1736036338902315,True
va_long_beach,hungary,8,source_only,oldpeak,0.1528345971704035,4,0.13036283019531078,False
va_long_beach,hungary,9,conservative_candidate,age,0.0840173868254954,4,0.10886182087152718,False
va_long_beach,hungary,9,conservative_candidate,sex,0.0524637942563414,6,0.06797764591794442,False
va_long_beach,hungary,9,conservative_candidate,cp,0.2306605022411177,1,0.2988681655770004,True
va_long_beach,hungary,9,conservative_candidate,trestbps,0.0709481836244349,5,0.09192797763307381,False
va_long_beach,hungary,9,conservative_candidate,restecg,0.0156474237850652,8,0.02027445877040461,False
va_long_beach,hungary,9,conservative_candidate,thalach,0.0506722928010177,7,0.0656563869751306,False
va_long_beach,hungary,9,conservative_candidate,exang,0.1013959635985178,3,0.13137934472163523,True
va_long_beach,hungary,9,conservative_candidate,oldpeak,0.1659745512796299,2,0.21505419953328375,True
va_long_beach,hungary,9,entropy_sfda,age,0.0942583409087339,5,0.0872107358239206,False
va_long_beach,hungary,9,entropy_sfda,sex,0.093916310712562,6,0.086894278895074,False
va_long_beach,hungary,9,entropy_sfda,cp,0.3178528175971112,1,0.2940872695095565,True
va_long_beach,hungary,9,entropy_sfda,trestbps,0.122384354944949,4,0.11323379496377177,False
va_long_beach,hungary,9,entropy_sfda,restecg,0.0344809657764561,8,0.0319028572781247,False
va_long_beach,hungary,9,entropy_sfda,thalach,0.0420168590091238,7,0.03887529905436815,False
va_long_beach,hungary,9,entropy_sfda,exang,0.132041019012955,3,0.12216843958891586,True
va_long_beach,hungary,9,entropy_sfda,oldpeak,0.2438605420139371,2,0.22562732488626847,True
va_long_beach,hungary,9,pseudo_label_sfda,age,0.0867072894104493,4,0.10544406785545438,False
va_long_beach,hungary,9,pseudo_label_sfda,sex,0.0580607536056816,6,0.07060723596093077,False
va_long_beach,hungary,9,pseudo_label_sfda,cp,0.2435109362526044,1,0.2961317769284398,True
va_long_beach,hungary,9,pseudo_label_sfda,trestbps,0.0777332521555311,5,0.09453081016190994,False
va_long_beach,hungary,9,pseudo_label_sfda,restecg,0.0169752695963573,8,0.020643494812873493,False
va_long_beach,hungary,9,pseudo_label_sfda,thalach,0.0529806653624099,7,0.06442937971519415,False
va_long_beach,hungary,9,pseudo_label_sfda,exang,0.1075802144062305,3,0.13082747142580892,True
va_long_beach,hungary,9,pseudo_label_sfda,oldpeak,0.1787576168256045,2,0.21738576313938865,True
va_long_beach,hungary,9,reliability_gated_sfda,age,0.0858144812399939,4,0.10667087762900587,False
va_long_beach,hungary,9,reliability_gated_sfda,sex,0.0558343138478931,6,0.06940431467867877,False
va_long_beach,hungary,9,reliability_gated_sfda,cp,0.2387649770363527,1,0.2967945418944886,True
va_long_beach,hungary,9,reliability_gated_sfda,trestbps,0.0754893957015576,5,0.09383637790279585,False
va_long_beach,hungary,9,reliability_gated_sfda,restecg,0.0161099802123087,8,0.02002535822627563,False
va_long_beach,hungary,9,reliability_gated_sfda,thalach,0.0526194286229386,7,0.06540808206773577,False
va_long_beach,hungary,9,reliability_gated_sfda,exang,0.1056886585302599,3,0.131375285359191,True
va_long_beach,hungary,9,reliability_gated_sfda,oldpeak,0.1741577673950517,2,0.2164851622418285,True
va_long_beach,hungary,9,source_only,age,0.0853687933183648,4,0.10879992000220956,False
va_long_beach,hungary,9,source_only,sex,0.0540868385075375,6,0.06893202391706509,False
va_long_beach,hungary,9,source_only,cp,0.2352827782051478,1,0.29986071550938526,True
va_long_beach,hungary,9,source_only,trestbps,0.0720246703835951,5,0.09179324283871416,False
va_long_beach,hungary,9,source_only,restecg,0.0161789581247861,8,0.020619588039991088,False
va_long_beach,hungary,9,source_only,thalach,0.0513102662237598,7,0.06539336733527666,False
va_long_beach,hungary,9,source_only,exang,0.1031639246257389,3,0.13147927140701166,True
va_long_beach,hungary,9,source_only,oldpeak,0.1672239920067391,2,0.2131218709503465,True
va_long_beach,switzerland,0,conservative_candidate,age,0.2708585405555682,1,0.20872489407426092,True
va_long_beach,switzerland,0,conservative_candidate,sex,0.0296481573565936,8,0.02284701265486754,False
va_long_beach,switzerland,0,conservative_candidate,cp,0.2174672123630085,4,0.16758127977796428,False
va_long_beach,switzerland,0,conservative_candidate,trestbps,0.2408508844673633,3,0.18560084996776743,True
va_long_beach,switzerland,0,conservative_candidate,restecg,0.0645752729169174,7,0.04976201589122456,False
va_long_beach,switzerland,0,conservative_candidate,thalach,0.0693688159278495,6,0.05345594319048929,False
va_long_beach,switzerland,0,conservative_candidate,exang,0.1581797425188427,5,0.1218940703668374,False
va_long_beach,switzerland,0,conservative_candidate,oldpeak,0.2467333861755404,2,0.19013393407658852,True
va_long_beach,switzerland,0,entropy_sfda,age,0.27419951627773,1,0.20451533437672292,True
va_long_beach,switzerland,0,entropy_sfda,sex,0.0351810340582188,8,0.02624023937681857,False
va_long_beach,switzerland,0,entropy_sfda,cp,0.2451247833075814,3,0.1828295603971617,True
va_long_beach,switzerland,0,entropy_sfda,trestbps,0.2440479730286189,4,0.18202640721420987,False
va_long_beach,switzerland,0,entropy_sfda,restecg,0.0592259074689011,7,0.0441744261047441,False
va_long_beach,switzerland,0,entropy_sfda,thalach,0.0780341587156223,6,0.05820280895888634,False
va_long_beach,switzerland,0,entropy_sfda,exang,0.1575806619584318,5,0.11753362007791221,False
va_long_beach,switzerland,0,entropy_sfda,oldpeak,0.2473343614852283,2,0.18447760349354433,True
va_long_beach,switzerland,0,pseudo_label_sfda,age,0.2723457691358115,1,0.2079976533486768,True
va_long_beach,switzerland,0,pseudo_label_sfda,sex,0.030115937427485,8,0.023000336422295427,False
va_long_beach,switzerland,0,pseudo_label_sfda,cp,0.2208304094558589,4,0.16865401324424814,False
va_long_beach,switzerland,0,pseudo_label_sfda,trestbps,0.2415298979759701,3,0.1844627590579347,True
va_long_beach,switzerland,0,pseudo_label_sfda,restecg,0.0658293304031092,7,0.05027559740989923,False
va_long_beach,switzerland,0,pseudo_label_sfda,thalach,0.0704644999478193,6,0.05381559875169419,False
va_long_beach,switzerland,0,pseudo_label_sfda,exang,0.1599946012493313,5,0.1221921005562715,False
va_long_beach,switzerland,0,pseudo_label_sfda,oldpeak,0.2482589859878871,2,0.18960194120897994,True
va_long_beach,switzerland,0,reliability_gated_sfda,age,0.2772302584404625,1,0.20842701186586596,True
va_long_beach,switzerland,0,reliability_gated_sfda,sex,0.0302178818449506,8,0.022718381656061003,False
va_long_beach,switzerland,0,reliability_gated_sfda,cp,0.2218103783080898,4,0.16676128576895946,False
va_long_beach,switzerland,0,reliability_gated_sfda,trestbps,0.248990945317366,3,0.18719615602602419,True
va_long_beach,switzerland,0,reliability_gated_sfda,restecg,0.0648231427457937,7,0.04873527881936395,False
va_long_beach,switzerland,0,reliability_gated_sfda,thalach,0.0736870289575762,6,0.05539931804449651,False
va_long_beach,switzerland,0,reliability_gated_sfda,exang,0.1615949680316981,5,0.12149018836859826,False
va_long_beach,switzerland,0,reliability_gated_sfda,oldpeak,0.2517525449364893,2,0.1892723794506306,True
va_long_beach,switzerland,0,source_only,age,0.2723457691358115,1,0.2079976533486768,True
va_long_beach,switzerland,0,source_only,sex,0.030115937427485,8,0.023000336422295427,False
va_long_beach,switzerland,0,source_only,cp,0.2208304094558589,4,0.16865401324424814,False
va_long_beach,switzerland,0,source_only,trestbps,0.2415298979759701,3,0.1844627590579347,True
va_long_beach,switzerland,0,source_only,restecg,0.0658293304031092,7,0.05027559740989923,False
va_long_beach,switzerland,0,source_only,thalach,0.0704644999478193,6,0.05381559875169419,False
va_long_beach,switzerland,0,source_only,exang,0.1599946012493313,5,0.1221921005562715,False
va_long_beach,switzerland,0,source_only,oldpeak,0.2482589859878871,2,0.18960194120897994,True
va_long_beach,switzerland,1,conservative_candidate,age,0.2759348908590713,1,0.22424094100971276,True
va_long_beach,switzerland,1,conservative_candidate,sex,0.0355932633045573,7,0.028925181705624883,False
va_long_beach,switzerland,1,conservative_candidate,cp,0.2227490734713809,4,0.18101901390127162,False
va_long_beach,switzerland,1,conservative_candidate,trestbps,0.1034327832209627,5,0.08405557038659583,False
va_long_beach,switzerland,1,conservative_candidate,restecg,0.0686139129386761,6,0.055759706051763405,False
va_long_beach,switzerland,1,conservative_candidate,thalach,0.0257288435619793,8,0.020908773346740607,False
va_long_beach,switzerland,1,conservative_candidate,exang,0.2587186896158912,2,0.2102500420865497,True
va_long_beach,switzerland,1,conservative_candidate,oldpeak,0.2397571414921099,3,0.19484077151174126,True
va_long_beach,switzerland,1,entropy_sfda,age,0.2674937321751461,2,0.20063083139392263,True
va_long_beach,switzerland,1,entropy_sfda,sex,0.0400193132841306,7,0.030016060678206016,False
va_long_beach,switzerland,1,entropy_sfda,cp,0.2611526023683836,3,0.19587473436405078,True
va_long_beach,switzerland,1,entropy_sfda,trestbps,0.113813739611646,5,0.08536478599575055,False
va_long_beach,switzerland,1,entropy_sfda,restecg,0.0839261217295983,6,0.06294789579313127,False
va_long_beach,switzerland,1,entropy_sfda,thalach,0.0327657794521182,8,0.024575624704522257,False
va_long_beach,switzerland,1,entropy_sfda,exang,0.2775724822034438,1,0.20819029075450637,True
va_long_beach,switzerland,1,entropy_sfda,oldpeak,0.2565195681981561,4,0.19239977631591013,False
va_long_beach,switzerland,1,pseudo_label_sfda,age,0.2759348908590713,1,0.22424094100971276,True
va_long_beach,switzerland,1,pseudo_label_sfda,sex,0.0355932633045573,7,0.028925181705624883,False
va_long_beach,switzerland,1,pseudo_label_sfda,cp,0.2227490734713809,4,0.18101901390127162,False
va_long_beach,switzerland,1,pseudo_label_sfda,trestbps,0.1034327832209627,5,0.08405557038659583,False
va_long_beach,switzerland,1,pseudo_label_sfda,restecg,0.0686139129386761,6,0.055759706051763405,False
va_long_beach,switzerland,1,pseudo_label_sfda,thalach,0.0257288435619793,8,0.020908773346740607,False
va_long_beach,switzerland,1,pseudo_label_sfda,exang,0.2587186896158912,2,0.2102500420865497,True
va_long_beach,switzerland,1,pseudo_label_sfda,oldpeak,0.2397571414921099,3,0.19484077151174126,True
va_long_beach,switzerland,1,reliability_gated_sfda,age,0.2759348908590713,1,0.22424094100971276,True
va_long_beach,switzerland,1,reliability_gated_sfda,sex,0.0355932633045573,7,0.028925181705624883,False
va_long_beach,switzerland,1,reliability_gated_sfda,cp,0.2227490734713809,4,0.18101901390127162,False
va_long_beach,switzerland,1,reliability_gated_sfda,trestbps,0.1034327832209627,5,0.08405557038659583,False
va_long_beach,switzerland,1,reliability_gated_sfda,restecg,0.0686139129386761,6,0.055759706051763405,False
va_long_beach,switzerland,1,reliability_gated_sfda,thalach,0.0257288435619793,8,0.020908773346740607,False
va_long_beach,switzerland,1,reliability_gated_sfda,exang,0.2587186896158912,2,0.2102500420865497,True
va_long_beach,switzerland,1,reliability_gated_sfda,oldpeak,0.2397571414921099,3,0.19484077151174126,True
va_long_beach,switzerland,1,source_only,age,0.2759348908590713,1,0.22424094100971276,True
va_long_beach,switzerland,1,source_only,sex,0.0355932633045573,7,0.028925181705624883,False
va_long_beach,switzerland,1,source_only,cp,0.2227490734713809,4,0.18101901390127162,False
va_long_beach,switzerland,1,source_only,trestbps,0.1034327832209627,5,0.08405557038659583,False
va_long_beach,switzerland,1,source_only,restecg,0.0686139129386761,6,0.055759706051763405,False
va_long_beach,switzerland,1,source_only,thalach,0.0257288435619793,8,0.020908773346740607,False
va_long_beach,switzerland,1,source_only,exang,0.2587186896158912,2,0.2102500420865497,True
va_long_beach,switzerland,1,source_only,oldpeak,0.2397571414921099,3,0.19484077151174126,True
va_long_beach,switzerland,2,conservative_candidate,age,0.2564046140381597,2,0.21206517349596515,True
va_long_beach,switzerland,2,conservative_candidate,sex,0.0332107326041472,8,0.027467679542531258,False
va_long_beach,switzerland,2,conservative_candidate,cp,0.160450575879307,4,0.13270423911446777,False
va_long_beach,switzerland,2,conservative_candidate,trestbps,0.1365359990925687,5,0.11292515325680268,False
va_long_beach,switzerland,2,conservative_candidate,restecg,0.0408094285890777,7,0.033752351089618,False
va_long_beach,switzerland,2,conservative_candidate,thalach,0.0501740926354214,6,0.04149760603820386,False
va_long_beach,switzerland,2,conservative_candidate,exang,0.2127456675336612,3,0.17595606485196227,True
va_long_beach,switzerland,2,conservative_candidate,oldpeak,0.3187529170105794,1,0.26363173261044903,True
va_long_beach,switzerland,2,entropy_sfda,age,0.2624607825863773,2,0.20868538735339348,True
va_long_beach,switzerland,2,entropy_sfda,sex,0.0340424253920833,8,0.027067498082529277,False
va_long_beach,switzerland,2,entropy_sfda,cp,0.1816828276145408,4,0.14445796771074693,False
va_long_beach,switzerland,2,entropy_sfda,trestbps,0.1283330874975649,5,0.10203901630855046,False
va_long_beach,switzerland,2,entropy_sfda,restecg,0.0457923853306366,7,0.03641001743723275,False
va_long_beach,switzerland,2,entropy_sfda,thalach,0.0573848044590615,6,0.045627274401640674,False
va_long_beach,switzerland,2,entropy_sfda,exang,0.2248084936745283,3,0.17874764801237344,True
va_long_beach,switzerland,2,entropy_sfda,oldpeak,0.3231816367318142,1,0.256965190693533,True
va_long_beach,switzerland,2,pseudo_label_sfda,age,0.2577771712776001,2,0.21171141372134145,True
va_long_beach,switzerland,2,pseudo_label_sfda,sex,0.0338136096465083,8,0.02777098943945906,False
va_long_beach,switzerland,2,pseudo_label_sfda,cp,0.1623516977025003,4,0.13333883396385526,False
va_long_beach,switzerland,2,pseudo_label_sfda,trestbps,0.1369459315948945,5,0.11247317455477339,False
va_long_beach,switzerland,2,pseudo_label_sfda,restecg,0.04126191727787,7,0.03388825626588756,False
va_long_beach,switzerland,2,pseudo_label_sfda,thalach,0.0504845016034001,6,0.0414627298162222,False
va_long_beach,switzerland,2,pseudo_label_sfda,exang,0.214289852122708,3,0.17599544332876307,True
va_long_beach,switzerland,2,pseudo_label_sfda,oldpeak,0.3206628203009656,1,0.2633591589096979,True
va_long_beach,switzerland,2,reliability_gated_sfda,age,0.2619182321023408,2,0.21204864830495804,True
va_long_beach,switzerland,2,reliability_gated_sfda,sex,0.0335170694350721,8,0.027135374318170438,False
va_long_beach,switzerland,2,reliability_gated_sfda,cp,0.1634965661665677,4,0.13236659998749653,False
va_long_beach,switzerland,2,reliability_gated_sfda,trestbps,0.1409943350533977,5,0.11414882395452053,False
va_long_beach,switzerland,2,reliability_gated_sfda,restecg,0.0411181636273846,7,0.03328920994916517,False
va_long_beach,switzerland,2,reliability_gated_sfda,thalach,0.0507121934267744,6,0.0410565235661996,False
va_long_beach,switzerland,2,reliability_gated_sfda,exang,0.2173343440744935,3,0.17595359254423262,True
va_long_beach,switzerland,2,reliability_gated_sfda,oldpeak,0.3260890144771495,1,0.26400122737525716,True
va_long_beach,switzerland,2,source_only,age,0.2577771712776001,2,0.21171141372134145,True
va_long_beach,switzerland,2,source_only,sex,0.0338136096465083,8,0.02777098943945906,False
va_long_beach,switzerland,2,source_only,cp,0.1623516977025003,4,0.13333883396385526,False
va_long_beach,switzerland,2,source_only,trestbps,0.1369459315948945,5,0.11247317455477339,False
va_long_beach,switzerland,2,source_only,restecg,0.04126191727787,7,0.03388825626588756,False
va_long_beach,switzerland,2,source_only,thalach,0.0504845016034001,6,0.0414627298162222,False
va_long_beach,switzerland,2,source_only,exang,0.214289852122708,3,0.17599544332876307,True
va_long_beach,switzerland,2,source_only,oldpeak,0.3206628203009656,1,0.2633591589096979,True
va_long_beach,switzerland,3,conservative_candidate,age,0.369981868540853,1,0.2779627736771833,True
va_long_beach,switzerland,3,conservative_candidate,sex,0.0128454854285388,8,0.009650653349657938,False
va_long_beach,switzerland,3,conservative_candidate,cp,0.1243168141958914,5,0.09339767547226556,False
va_long_beach,switzerland,3,conservative_candidate,trestbps,0.1749468992986693,4,0.13143542835508293,False
va_long_beach,switzerland,3,conservative_candidate,restecg,0.0883473069136711,6,0.06637423226571391,False
va_long_beach,switzerland,3,conservative_candidate,thalach,0.0775672879843306,7,0.05827533819366249,False
va_long_beach,switzerland,3,conservative_candidate,exang,0.2322397326247963,3,0.17447882106500534,True
va_long_beach,switzerland,3,conservative_candidate,oldpeak,0.2508028732627873,2,0.1884250776214286,True
va_long_beach,switzerland,3,entropy_sfda,age,0.3550979691913457,1,0.2647718489542942,True
va_long_beach,switzerland,3,entropy_sfda,sex,0.0115817778371605,8,0.00863572590715224,False
va_long_beach,switzerland,3,entropy_sfda,cp,0.1463687532329599,5,0.10913699537871117,False
va_long_beach,switzerland,3,entropy_sfda,trestbps,0.1788875897513414,4,0.13338402920552173,False
va_long_beach,switzerland,3,entropy_sfda,restecg,0.0816052199267005,6,0.0608473346482909,False
va_long_beach,switzerland,3,entropy_sfda,thalach,0.0779780127414278,7,0.05814277862063463,False
va_long_beach,switzerland,3,entropy_sfda,exang,0.2390708274594167,3,0.1782584821918647,True
va_long_beach,switzerland,3,entropy_sfda,oldpeak,0.2505568433704415,2,0.18682280509353053,True
va_long_beach,switzerland,3,pseudo_label_sfda,age,0.3744530761690159,1,0.2788075296598803,True
va_long_beach,switzerland,3,pseudo_label_sfda,sex,0.0130946829324569,8,0.009749943136880013,False
va_long_beach,switzerland,3,pseudo_label_sfda,cp,0.1251271338732982,5,0.0931662451422587,False
va_long_beach,switzerland,3,pseudo_label_sfda,trestbps,0.1759118619602082,4,0.1309791661288368,False
va_long_beach,switzerland,3,pseudo_label_sfda,restecg,0.0897761909638974,6,0.06684489891497127,False
va_long_beach,switzerland,3,pseudo_label_sfda,thalach,0.0784692451134475,7,0.05842605596456897,False
va_long_beach,switzerland,3,pseudo_label_sfda,exang,0.2338573193647028,3,0.1741237705189122,True
va_long_beach,switzerland,3,pseudo_label_sfda,oldpeak,0.2523627257868042,2,0.18790239053369176,True
va_long_beach,switzerland,3,reliability_gated_sfda,age,0.3765242087192894,1,0.277334649850328,True
va_long_beach,switzerland,3,reliability_gated_sfda,sex,0.0130337238453788,8,0.00960018812920174,False
va_long_beach,switzerland,3,reliability_gated_sfda,cp,0.1265820204714212,5,0.09323591820084261,False
va_long_beach,switzerland,3,reliability_gated_sfda,trestbps,0.1814366324134625,4,0.13363991943987974,False
va_long_beach,switzerland,3,reliability_gated_sfda,restecg,0.0892549295629252,6,0.06574207996332064,False
va_long_beach,switzerland,3,reliability_gated_sfda,thalach,0.0779073497183938,7,0.057383846920254875,False
va_long_beach,switzerland,3,reliability_gated_sfda,exang,0.2366564666352621,3,0.17431293072057882,True
va_long_beach,switzerland,3,reliability_gated_sfda,oldpeak,0.2562576302183353,2,0.18875046677559348,True
va_long_beach,switzerland,3,source_only,age,0.3744530761690159,1,0.2788075296598803,True
va_long_beach,switzerland,3,source_only,sex,0.0130946829324569,8,0.009749943136880013,False
va_long_beach,switzerland,3,source_only,cp,0.1251271338732982,5,0.0931662451422587,False
va_long_beach,switzerland,3,source_only,trestbps,0.1759118619602082,4,0.1309791661288368,False
va_long_beach,switzerland,3,source_only,restecg,0.0897761909638974,6,0.06684489891497127,False
va_long_beach,switzerland,3,source_only,thalach,0.0784692451134475,7,0.05842605596456897,False
va_long_beach,switzerland,3,source_only,exang,0.2338573193647028,3,0.1741237705189122,True
va_long_beach,switzerland,3,source_only,oldpeak,0.2523627257868042,2,0.18790239053369176,True
va_long_beach,switzerland,4,conservative_candidate,age,0.226421369375979,2,0.1847115876605512,True
va_long_beach,switzerland,4,conservative_candidate,sex,0.0277169541161453,8,0.022611128154633404,False
va_long_beach,switzerland,4,conservative_candidate,cp,0.1535333535837826,4,0.12525049900311178,False
va_long_beach,switzerland,4,conservative_candidate,trestbps,0.1996631689078166,3,0.16288259817499456,True
va_long_beach,switzerland,4,conservative_candidate,restecg,0.0590855450533201,7,0.04820121380179951,False
va_long_beach,switzerland,4,conservative_candidate,thalach,0.0934767029423273,6,0.07625706998123458,False
va_long_beach,switzerland,4,conservative_candidate,exang,0.1372567386313425,5,0.11197224970230336,False
va_long_beach,switzerland,4,conservative_candidate,oldpeak,0.3286564819651043,1,0.26811365352137156,True
va_long_beach,switzerland,4,entropy_sfda,age,0.2275521625741952,2,0.16711341677370128,True
va_long_beach,switzerland,4,entropy_sfda,sex,0.0348477758220169,8,0.025592070049795346,False
va_long_beach,switzerland,4,entropy_sfda,cp,0.1781124226993013,4,0.1308050654865426,False
va_long_beach,switzerland,4,entropy_sfda,trestbps,0.2161888815803317,3,0.1587682677267217,True
va_long_beach,switzerland,4,entropy_sfda,restecg,0.0641757931481721,7,0.047130451083524524,False
va_long_beach,switzerland,4,entropy_sfda,thalach,0.1235192165453539,6,0.0907120287524158,False
va_long_beach,switzerland,4,entropy_sfda,exang,0.1604618691967997,5,0.11784256813920008,False
va_long_beach,switzerland,4,entropy_sfda,oldpeak,0.3568049152343859,1,0.26203613198809866,True
va_long_beach,switzerland,4,pseudo_label_sfda,age,0.2273639257224958,2,0.18477568306858547,True
va_long_beach,switzerland,4,pseudo_label_sfda,sex,0.0281087048332834,8,0.022843576082875953,False
va_long_beach,switzerland,4,pseudo_label_sfda,cp,0.1546524605339694,4,0.12568402811745735,False
va_long_beach,switzerland,4,pseudo_label_sfda,trestbps,0.2000115423073341,3,0.16254675949141706,True
va_long_beach,switzerland,4,pseudo_label_sfda,restecg,0.0595794041934505,7,0.048419401062333646,False
va_long_beach,switzerland,4,pseudo_label_sfda,thalach,0.0933824288824429,6,0.0758906762738473,False
va_long_beach,switzerland,4,pseudo_label_sfda,exang,0.137731289222261,5,0.11193241392665737,False
va_long_beach,switzerland,4,pseudo_label_sfda,oldpeak,0.3296564313757226,1,0.2679074619768259,True
va_long_beach,switzerland,4,reliability_gated_sfda,age,0.2280874413445713,2,0.1840198214153777,True
va_long_beach,switzerland,4,reliability_gated_sfda,sex,0.0280300402991109,8,0.022614498105206594,False
va_long_beach,switzerland,4,reliability_gated_sfda,cp,0.1549736139399086,4,0.12503194649036045,False
va_long_beach,switzerland,4,reliability_gated_sfda,trestbps,0.2030865537831787,3,0.16384922878146238,True
va_long_beach,switzerland,4,reliability_gated_sfda,restecg,0.0595641098629323,7,0.048056029718813016,False
va_long_beach,switzerland,4,reliability_gated_sfda,thalach,0.0950906901931242,6,0.0767186993043105,False
va_long_beach,switzerland,4,reliability_gated_sfda,exang,0.1388216230230844,5,0.11200059997476443,False
va_long_beach,switzerland,4,reliability_gated_sfda,oldpeak,0.3318180647958827,1,0.26770917620970486,True
va_long_beach,switzerland,4,source_only,age,0.2273639257224958,2,0.18477568306858547,True
va_long_beach,switzerland,4,source_only,sex,0.0281087048332834,8,0.022843576082875953,False
va_long_beach,switzerland,4,source_only,cp,0.1546524605339694,4,0.12568402811745735,False
va_long_beach,switzerland,4,source_only,trestbps,0.2000115423073341,3,0.16254675949141706,True
va_long_beach,switzerland,4,source_only,restecg,0.0595794041934505,7,0.048419401062333646,False
va_long_beach,switzerland,4,source_only,thalach,0.0933824288824429,6,0.0758906762738473,False
va_long_beach,switzerland,4,source_only,exang,0.137731289222261,5,0.11193241392665737,False
va_long_beach,switzerland,4,source_only,oldpeak,0.3296564313757226,1,0.2679074619768259,True
va_long_beach,switzerland,5,conservative_candidate,age,0.2014043424808518,2,0.19526568630356103,True
va_long_beach,switzerland,5,conservative_candidate,sex,0.0311224526274717,8,0.030173863169465194,False
va_long_beach,switzerland,5,conservative_candidate,cp,0.1120152564656201,5,0.10860111386281668,False
va_long_beach,switzerland,5,conservative_candidate,trestbps,0.1726599784106076,3,0.1673974293017574,True
va_long_beach,switzerland,5,conservative_candidate,restecg,0.0598395443918955,7,0.058015679105264464,False
va_long_beach,switzerland,5,conservative_candidate,thalach,0.0707394916444024,6,0.06858340398505809,False
va_long_beach,switzerland,5,conservative_candidate,exang,0.1612508461242295,4,0.15633603897329643,False
va_long_beach,switzerland,5,conservative_candidate,oldpeak,0.2224055426043829,1,0.2156267852987806,True
va_long_beach,switzerland,5,entropy_sfda,age,0.2041404547730112,2,0.1907543349828029,True
va_long_beach,switzerland,5,entropy_sfda,sex,0.0341832645874417,8,0.03194176240652084,False
va_long_beach,switzerland,5,entropy_sfda,cp,0.1229499401809489,5,0.11488773306334862,False
va_long_beach,switzerland,5,entropy_sfda,trestbps,0.1761055557223839,3,0.16455777080516965,True
va_long_beach,switzerland,5,entropy_sfda,restecg,0.0638114539243855,7,0.059627139907994314,False
va_long_beach,switzerland,5,entropy_sfda,thalach,0.0766424419116077,6,0.07161676040431589,False
va_long_beach,switzerland,5,entropy_sfda,exang,0.1676306007079765,4,0.15663854475279299,False
va_long_beach,switzerland,5,entropy_sfda,oldpeak,0.2247109439420869,1,0.20997595367705474,True
va_long_beach,switzerland,5,pseudo_label_sfda,age,0.2014043424808518,2,0.19526568630356103,True
va_long_beach,switzerland,5,pseudo_label_sfda,sex,0.0311224526274717,8,0.030173863169465194,False
va_long_beach,switzerland,5,pseudo_label_sfda,cp,0.1120152564656201,5,0.10860111386281668,False
va_long_beach,switzerland,5,pseudo_label_sfda,trestbps,0.1726599784106076,3,0.1673974293017574,True
va_long_beach,switzerland,5,pseudo_label_sfda,restecg,0.0598395443918955,7,0.058015679105264464,False
va_long_beach,switzerland,5,pseudo_label_sfda,thalach,0.0707394916444024,6,0.06858340398505809,False
va_long_beach,switzerland,5,pseudo_label_sfda,exang,0.1612508461242295,4,0.15633603897329643,False
va_long_beach,switzerland,5,pseudo_label_sfda,oldpeak,0.2224055426043829,1,0.2156267852987806,True
va_long_beach,switzerland,5,reliability_gated_sfda,age,0.2014043424808518,2,0.19526568630356103,True
va_long_beach,switzerland,5,reliability_gated_sfda,sex,0.0311224526274717,8,0.030173863169465194,False
va_long_beach,switzerland,5,reliability_gated_sfda,cp,0.1120152564656201,5,0.10860111386281668,False
va_long_beach,switzerland,5,reliability_gated_sfda,trestbps,0.1726599784106076,3,0.1673974293017574,True
va_long_beach,switzerland,5,reliability_gated_sfda,restecg,0.0598395443918955,7,0.058015679105264464,False
va_long_beach,switzerland,5,reliability_gated_sfda,thalach,0.0707394916444024,6,0.06858340398505809,False
va_long_beach,switzerland,5,reliability_gated_sfda,exang,0.1612508461242295,4,0.15633603897329643,False
va_long_beach,switzerland,5,reliability_gated_sfda,oldpeak,0.2224055426043829,1,0.2156267852987806,True
va_long_beach,switzerland,5,source_only,age,0.2014043424808518,2,0.19526568630356103,True
va_long_beach,switzerland,5,source_only,sex,0.0311224526274717,8,0.030173863169465194,False
va_long_beach,switzerland,5,source_only,cp,0.1120152564656201,5,0.10860111386281668,False
va_long_beach,switzerland,5,source_only,trestbps,0.1726599784106076,3,0.1673974293017574,True
va_long_beach,switzerland,5,source_only,restecg,0.0598395443918955,7,0.058015679105264464,False
va_long_beach,switzerland,5,source_only,thalach,0.0707394916444024,6,0.06858340398505809,False
va_long_beach,switzerland,5,source_only,exang,0.1612508461242295,4,0.15633603897329643,False
va_long_beach,switzerland,5,source_only,oldpeak,0.2224055426043829,1,0.2156267852987806,True
va_long_beach,switzerland,6,conservative_candidate,age,0.2492205836181718,1,0.2130352197253615,True
va_long_beach,switzerland,6,conservative_candidate,sex,0.0320846139920905,8,0.027426116624782778,False
va_long_beach,switzerland,6,conservative_candidate,cp,0.1431550563142141,5,0.12236978356257819,False
va_long_beach,switzerland,6,conservative_candidate,trestbps,0.2139185676010462,3,0.18285884893859386,True
va_long_beach,switzerland,6,conservative_candidate,restecg,0.0737344236378141,6,0.06302861871582292,False
va_long_beach,switzerland,6,conservative_candidate,thalach,0.0482338642355099,7,0.04123059065361194,False
va_long_beach,switzerland,6,conservative_candidate,exang,0.1951327065869075,4,0.16680058452569674,False
va_long_beach,switzerland,6,conservative_candidate,oldpeak,0.2143764356681244,2,0.1832502372535521,True
va_long_beach,switzerland,6,entropy_sfda,age,0.2616588271533449,1,0.2099229175530983,True
va_long_beach,switzerland,6,entropy_sfda,sex,0.0351945824430861,8,0.028235811911615224,False
va_long_beach,switzerland,6,entropy_sfda,cp,0.1533382327450868,5,0.1230197717404741,False
va_long_beach,switzerland,6,entropy_sfda,trestbps,0.2372168835339598,2,0.1903137028704892,True
va_long_beach,switzerland,6,entropy_sfda,restecg,0.0811570622443365,6,0.06511046262691211,False
va_long_beach,switzerland,6,entropy_sfda,thalach,0.0613040920797492,7,0.04918287682984528,False
va_long_beach,switzerland,6,entropy_sfda,exang,0.201035983656056,4,0.16128659094502396,False
va_long_beach,switzerland,6,entropy_sfda,oldpeak,0.2155462728995012,3,0.17292786552254175,True
va_long_beach,switzerland,6,pseudo_label_sfda,age,0.250049213303359,1,0.21291149520520072,True
va_long_beach,switzerland,6,pseudo_label_sfda,sex,0.0324214201872955,8,0.027606137838068673,False
va_long_beach,switzerland,6,pseudo_label_sfda,cp,0.1442483960196942,5,0.12282438833448811,False
va_long_beach,switzerland,6,pseudo_label_sfda,trestbps,0.2135877572236643,3,0.1818653542126737,True
va_long_beach,switzerland,6,pseudo_label_sfda,restecg,0.0743546061126923,6,0.06331133841097518,False
va_long_beach,switzerland,6,pseudo_label_sfda,thalach,0.0484886717011515,7,0.041287054880198605,False
va_long_beach,switzerland,6,pseudo_label_sfda,exang,0.1960957999818208,4,0.16697133106728548,False
va_long_beach,switzerland,6,pseudo_label_sfda,oldpeak,0.2151820970154026,2,0.1832229000511096,True
va_long_beach,switzerland,6,reliability_gated_sfda,age,0.2521941600200849,1,0.2126508083673105,True
va_long_beach,switzerland,6,reliability_gated_sfda,sex,0.0324830752385711,8,0.02738981825426961,False
va_long_beach,switzerland,6,reliability_gated_sfda,cp,0.1448965419579811,5,0.12217716212991883,False
va_long_beach,switzerland,6,reliability_gated_sfda,trestbps,0.2183084168482753,2,0.18407825665937838,True
va_long_beach,switzerland,6,reliability_gated_sfda,restecg,0.0747849426148989,6,0.0630588690059066,False
va_long_beach,switzerland,6,reliability_gated_sfda,thalach,0.0485375601735828,7,0.040927004044294064,False
va_long_beach,switzerland,6,reliability_gated_sfda,exang,0.1972865718984749,4,0.16635257926228364,False
va_long_beach,switzerland,6,reliability_gated_sfda,oldpeak,0.217463122658068,3,0.18336550227663828,True
va_long_beach,switzerland,6,source_only,age,0.250049213303359,1,0.21291149520520072,True
va_long_beach,switzerland,6,source_only,sex,0.0324214201872955,8,0.027606137838068673,False
va_long_beach,switzerland,6,source_only,cp,0.1442483960196942,5,0.12282438833448811,False
va_long_beach,switzerland,6,source_only,trestbps,0.2135877572236643,3,0.1818653542126737,True
va_long_beach,switzerland,6,source_only,restecg,0.0743546061126923,6,0.06331133841097518,False
va_long_beach,switzerland,6,source_only,thalach,0.0484886717011515,7,0.041287054880198605,False
va_long_beach,switzerland,6,source_only,exang,0.1960957999818208,4,0.16697133106728548,False
va_long_beach,switzerland,6,source_only,oldpeak,0.2151820970154026,2,0.1832229000511096,True
va_long_beach,switzerland,7,conservative_candidate,age,0.2227666251194792,2,0.2183514556154504,True
va_long_beach,switzerland,7,conservative_candidate,sex,0.0372645170807036,8,0.03652594522637471,False
va_long_beach,switzerland,7,conservative_candidate,cp,0.1049462382462087,4,0.10286623442867686,False
va_long_beach,switzerland,7,conservative_candidate,trestbps,0.0622865466033751,6,0.06105204542562016,False
va_long_beach,switzerland,7,conservative_candidate,restecg,0.0567480362487986,7,0.055623306730070946,False
va_long_beach,switzerland,7,conservative_candidate,thalach,0.0835469138166844,5,0.08189103836477905,False
va_long_beach,switzerland,7,conservative_candidate,exang,0.2079494706983488,3,0.20382797287113233,True
va_long_beach,switzerland,7,conservative_candidate,oldpeak,0.2447121242303552,1,0.23986200133789554,True
va_long_beach,switzerland,7,entropy_sfda,age,0.22497322975196,2,0.2090173720518118,True
va_long_beach,switzerland,7,entropy_sfda,sex,0.0406760863209832,8,0.03779120154668308,False
va_long_beach,switzerland,7,entropy_sfda,cp,0.1189348972552764,4,0.11049963454300073,False
va_long_beach,switzerland,7,entropy_sfda,trestbps,0.0665139383598556,6,0.061796546265176666,False
va_long_beach,switzerland,7,entropy_sfda,restecg,0.0591077937827846,7,0.05491567035722135,False
va_long_beach,switzerland,7,entropy_sfda,thalach,0.0955178596011203,5,0.08874341191550658,False
va_long_beach,switzerland,7,entropy_sfda,exang,0.2189911763539643,3,0.20345958598943797,True
va_long_beach,switzerland,7,entropy_sfda,oldpeak,0.2516224901608335,1,0.23377657733116172,True
va_long_beach,switzerland,7,pseudo_label_sfda,age,0.2227666251194792,2,0.2183514556154504,True
va_long_beach,switzerland,7,pseudo_label_sfda,sex,0.0372645170807036,8,0.03652594522637471,False
va_long_beach,switzerland,7,pseudo_label_sfda,cp,0.1049462382462087,4,0.10286623442867686,False
va_long_beach,switzerland,7,pseudo_label_sfda,trestbps,0.0622865466033751,6,0.06105204542562016,False
va_long_beach,switzerland,7,pseudo_label_sfda,restecg,0.0567480362487986,7,0.055623306730070946,False
va_long_beach,switzerland,7,pseudo_label_sfda,thalach,0.0835469138166844,5,0.08189103836477905,False
va_long_beach,switzerland,7,pseudo_label_sfda,exang,0.2079494706983488,3,0.20382797287113233,True
va_long_beach,switzerland,7,pseudo_label_sfda,oldpeak,0.2447121242303552,1,0.23986200133789554,True
va_long_beach,switzerland,7,reliability_gated_sfda,age,0.2227666251194792,2,0.2183514556154504,True
va_long_beach,switzerland,7,reliability_gated_sfda,sex,0.0372645170807036,8,0.03652594522637471,False
va_long_beach,switzerland,7,reliability_gated_sfda,cp,0.1049462382462087,4,0.10286623442867686,False
va_long_beach,switzerland,7,reliability_gated_sfda,trestbps,0.0622865466033751,6,0.06105204542562016,False
va_long_beach,switzerland,7,reliability_gated_sfda,restecg,0.0567480362487986,7,0.055623306730070946,False
va_long_beach,switzerland,7,reliability_gated_sfda,thalach,0.0835469138166844,5,0.08189103836477905,False
va_long_beach,switzerland,7,reliability_gated_sfda,exang,0.2079494706983488,3,0.20382797287113233,True
va_long_beach,switzerland,7,reliability_gated_sfda,oldpeak,0.2447121242303552,1,0.23986200133789554,True
va_long_beach,switzerland,7,source_only,age,0.2227666251194792,2,0.2183514556154504,True
va_long_beach,switzerland,7,source_only,sex,0.0372645170807036,8,0.03652594522637471,False
va_long_beach,switzerland,7,source_only,cp,0.1049462382462087,4,0.10286623442867686,False
va_long_beach,switzerland,7,source_only,trestbps,0.0622865466033751,6,0.06105204542562016,False
va_long_beach,switzerland,7,source_only,restecg,0.0567480362487986,7,0.055623306730070946,False
va_long_beach,switzerland,7,source_only,thalach,0.0835469138166844,5,0.08189103836477905,False
va_long_beach,switzerland,7,source_only,exang,0.2079494706983488,3,0.20382797287113233,True
va_long_beach,switzerland,7,source_only,oldpeak,0.2447121242303552,1,0.23986200133789554,True
va_long_beach,switzerland,8,conservative_candidate,age,0.2753096262931945,2,0.19806915639116762,True
va_long_beach,switzerland,8,conservative_candidate,sex,0.0688193216654888,6,0.04951147248000432,False
va_long_beach,switzerland,8,conservative_candidate,cp,0.1981305845984025,5,0.14254335482225938,False
va_long_beach,switzerland,8,conservative_candidate,trestbps,0.2128515587911403,4,0.15313423382227856,False
va_long_beach,switzerland,8,conservative_candidate,restecg,0.0649508827474068,7,0.04672835718043514,False
va_long_beach,switzerland,8,conservative_candidate,thalach,0.0545188419111981,8,0.039223114607966666,False
va_long_beach,switzerland,8,conservative_candidate,exang,0.2778129119092856,1,0.1998701238214066,True
va_long_beach,switzerland,8,conservative_candidate,oldpeak,0.2375734497573438,3,0.17092018687448174,True
va_long_beach,switzerland,8,entropy_sfda,age,0.2734864757403852,2,0.19073258367555523,True
va_long_beach,switzerland,8,entropy_sfda,sex,0.0726258552053988,6,0.05065009875706614,False
va_long_beach,switzerland,8,entropy_sfda,cp,0.2207689579985363,4,0.15396678625671062,False
va_long_beach,switzerland,8,entropy_sfda,trestbps,0.2183762244933201,5,0.15229806665271023,False
va_long_beach,switzerland,8,entropy_sfda,restecg,0.0701426592630871,7,0.048918289618908366,False
va_long_beach,switzerland,8,entropy_sfda,thalach,0.0632113180557697,8,0.04408429330070114,False
va_long_beach,switzerland,8,entropy_sfda,exang,0.2925473507796604,1,0.20402585506499307,True
va_long_beach,switzerland,8,entropy_sfda,oldpeak,0.222715069623134,3,0.15532402667335524,True
va_long_beach,switzerland,8,pseudo_label_sfda,age,0.2766967709744122,2,0.1980854474056139,True
va_long_beach,switzerland,8,pseudo_label_sfda,sex,0.0694087896755388,6,0.04968930829349179,False
va_long_beach,switzerland,8,pseudo_label_sfda,cp,0.1997118731152609,5,0.14297245175263718,False
va_long_beach,switzerland,8,pseudo_label_sfda,trestbps,0.2130884440914856,4,0.1525486533008058,False
va_long_beach,switzerland,8,pseudo_label_sfda,restecg,0.0656395263297197,7,0.04699091678853561,False
va_long_beach,switzerland,8,pseudo_label_sfda,thalach,0.0545385612668923,8,0.03904380694926827,False
va_long_beach,switzerland,8,pseudo_label_sfda,exang,0.2794809468938568,1,0.20007862112685734,True
va_long_beach,switzerland,8,pseudo_label_sfda,oldpeak,0.2382907103065674,3,0.17059079438279015,True
va_long_beach,switzerland,8,reliability_gated_sfda,age,0.2795883554556384,2,0.19855878951235345,True
va_long_beach,switzerland,8,reliability_gated_sfda,sex,0.0695481356886419,6,0.04939187689942525,False
va_long_beach,switzerland,8,reliability_gated_sfda,cp,0.2001172082345578,5,0.14211976233019483,False
va_long_beach,switzerland,8,reliability_gated_sfda,trestbps,0.2180769274586705,4,0.15487444270059164,False
va_long_beach,switzerland,8,reliability_gated_sfda,restecg,0.064540090654457,7,0.04583525037901609,False
va_long_beach,switzerland,8,reliability_gated_sfda,thalach,0.0551519976830397,8,0.03916798995897395,False
va_long_beach,switzerland,8,reliability_gated_sfda,exang,0.2802980191763339,1,0.19906278034957015,True
va_long_beach,switzerland,8,reliability_gated_sfda,oldpeak,0.2407678027629731,3,0.17098910786987462,True
va_long_beach,switzerland,8,source_only,age,0.2766967709744122,2,0.1980854474056139,True
va_long_beach,switzerland,8,source_only,sex,0.0694087896755388,6,0.04968930829349179,False
va_long_beach,switzerland,8,source_only,cp,0.1997118731152609,5,0.14297245175263718,False
va_long_beach,switzerland,8,source_only,trestbps,0.2130884440914856,4,0.1525486533008058,False
va_long_beach,switzerland,8,source_only,restecg,0.0656395263297197,7,0.04699091678853561,False
va_long_beach,switzerland,8,source_only,thalach,0.0545385612668923,8,0.03904380694926827,False
va_long_beach,switzerland,8,source_only,exang,0.2794809468938568,1,0.20007862112685734,True
va_long_beach,switzerland,8,source_only,oldpeak,0.2382907103065674,3,0.17059079438279015,True
va_long_beach,switzerland,9,conservative_candidate,age,0.22599595991092,2,0.1761610667325832,True
va_long_beach,switzerland,9,conservative_candidate,sex,0.0454040415106128,8,0.03539189103040934,False
va_long_beach,switzerland,9,conservative_candidate,cp,0.1695673947304873,4,0.1321756953113757,False
va_long_beach,switzerland,9,conservative_candidate,trestbps,0.1917518856745909,3,0.14946823271413745,True
va_long_beach,switzerland,9,conservative_candidate,restecg,0.0519498658014873,7,0.04049428042789692,False
va_long_beach,switzerland,9,conservative_candidate,thalach,0.1160300181425229,6,0.09044396978178089,False
va_long_beach,switzerland,9,conservative_candidate,exang,0.1653811844610949,5,0.1289125959758224,False
va_long_beach,switzerland,9,conservative_candidate,oldpeak,0.3168135610204644,1,0.24695226802599413,True
va_long_beach,switzerland,9,entropy_sfda,age,0.2381154303022516,2,0.17247949407029586,True
va_long_beach,switzerland,9,entropy_sfda,sex,0.0486742452793087,8,0.035257308564052625,False
va_long_beach,switzerland,9,entropy_sfda,cp,0.1873484240855256,4,0.13570628900496387,False
va_long_beach,switzerland,9,entropy_sfda,trestbps,0.203928653287088,3,0.14771621856150294,True
va_long_beach,switzerland,9,entropy_sfda,restecg,0.0600193969587452,7,0.04347519691902443,False
va_long_beach,switzerland,9,entropy_sfda,thalach,0.1319968547195014,6,0.09561224441436236,False
va_long_beach,switzerland,9,entropy_sfda,exang,0.1725583437610629,5,0.12499305816400462,False
va_long_beach,switzerland,9,entropy_sfda,oldpeak,0.3379020697429655,1,0.24476019030179336,True
va_long_beach,switzerland,9,pseudo_label_sfda,age,0.22599595991092,2,0.1761610667325832,True
va_long_beach,switzerland,9,pseudo_label_sfda,sex,0.0454040415106128,8,0.03539189103040934,False
va_long_beach,switzerland,9,pseudo_label_sfda,cp,0.1695673947304873,4,0.1321756953113757,False
va_long_beach,switzerland,9,pseudo_label_sfda,trestbps,0.1917518856745909,3,0.14946823271413745,True
va_long_beach,switzerland,9,pseudo_label_sfda,restecg,0.0519498658014873,7,0.04049428042789692,False
va_long_beach,switzerland,9,pseudo_label_sfda,thalach,0.1160300181425229,6,0.09044396978178089,False
va_long_beach,switzerland,9,pseudo_label_sfda,exang,0.1653811844610949,5,0.1289125959758224,False
va_long_beach,switzerland,9,pseudo_label_sfda,oldpeak,0.3168135610204644,1,0.24695226802599413,True
va_long_beach,switzerland,9,reliability_gated_sfda,age,0.22599595991092,2,0.1761610667325832,True
va_long_beach,switzerland,9,reliability_gated_sfda,sex,0.0454040415106128,8,0.03539189103040934,False
va_long_beach,switzerland,9,reliability_gated_sfda,cp,0.1695673947304873,4,0.1321756953113757,False
va_long_beach,switzerland,9,reliability_gated_sfda,trestbps,0.1917518856745909,3,0.14946823271413745,True
va_long_beach,switzerland,9,reliability_gated_sfda,restecg,0.0519498658014873,7,0.04049428042789692,False
va_long_beach,switzerland,9,reliability_gated_sfda,thalach,0.1160300181425229,6,0.09044396978178089,False
va_long_beach,switzerland,9,reliability_gated_sfda,exang,0.1653811844610949,5,0.1289125959758224,False
va_long_beach,switzerland,9,reliability_gated_sfda,oldpeak,0.3168135610204644,1,0.24695226802599413,True
va_long_beach,switzerland,9,source_only,age,0.22599595991092,2,0.1761610667325832,True
va_long_beach,switzerland,9,source_only,sex,0.0454040415106128,8,0.03539189103040934,False
va_long_beach,switzerland,9,source_only,cp,0.1695673947304873,4,0.1321756953113757,False
va_long_beach,switzerland,9,source_only,trestbps,0.1917518856745909,3,0.14946823271413745,True
va_long_beach,switzerland,9,source_only,restecg,0.0519498658014873,7,0.04049428042789692,False
va_long_beach,switzerland,9,source_only,thalach,0.1160300181425229,6,0.09044396978178089,False
va_long_beach,switzerland,9,source_only,exang,0.1653811844610949,5,0.1289125959758224,False
va_long_beach,switzerland,9,source_only,oldpeak,0.3168135610204644,1,0.24695226802599413,True
