source,target,seed,model_state,feature,mean_abs_shap,importance_rank
cleveland,hungary,0,conservative_candidate,age,0.14803393435213855,8
cleveland,hungary,0,conservative_candidate,sex,0.6431775163022839,2
cleveland,hungary,0,conservative_candidate,cp,0.7929360238410735,1
cleveland,hungary,0,conservative_candidate,trestbps,0.22961368932797366,6
cleveland,hungary,0,conservative_candidate,restecg,0.14951132619362734,7
cleveland,hungary,0,conservative_candidate,thalach,0.6405321588663726,3
cleveland,hungary,0,conservative_candidate,exang,0.40157847073512015,5
cleveland,hungary,0,conservative_candidate,oldpeak,0.42885157336056434,4
cleveland,hungary,0,entropy_sfda,age,0.24307304980244399,7
cleveland,hungary,0,entropy_sfda,sex,0.6986420180420486,3
cleveland,hungary,0,entropy_sfda,cp,0.9535760990420015,1
cleveland,hungary,0,entropy_sfda,trestbps,0.3148511679641915,6
cleveland,hungary,0,entropy_sfda,restecg,0.18479281066786943,8
cleveland,hungary,0,entropy_sfda,thalach,0.7717678893965726,2
cleveland,hungary,0,entropy_sfda,exang,0.5256486354383076,5
cleveland,hungary,0,entropy_sfda,oldpeak,0.5392084559235646,4
cleveland,hungary,0,pseudo_label_sfda,age,0.21762560006685644,7
cleveland,hungary,0,pseudo_label_sfda,sex,0.7388896485727255,3
cleveland,hungary,0,pseudo_label_sfda,cp,0.9667229786654618,1
cleveland,hungary,0,pseudo_label_sfda,trestbps,0.30636848606007666,6
cleveland,hungary,0,pseudo_label_sfda,restecg,0.18436552784696006,8
cleveland,hungary,0,pseudo_label_sfda,thalach,0.7985241905133538,2
cleveland,hungary,0,pseudo_label_sfda,exang,0.5147383488511958,5
cleveland,hungary,0,pseudo_label_sfda,oldpeak,0.5426397899001025,4
cleveland,hungary,0,reliability_gated_sfda,age,0.1513472894094979,8
cleveland,hungary,0,reliability_gated_sfda,sex,0.6533552775678991,3
cleveland,hungary,0,reliability_gated_sfda,cp,0.8089423950565156,1
cleveland,hungary,0,reliability_gated_sfda,trestbps,0.23638730957236168,6
cleveland,hungary,0,reliability_gated_sfda,restecg,0.15239046850520702,7
cleveland,hungary,0,reliability_gated_sfda,thalach,0.6556642274657378,2
cleveland,hungary,0,reliability_gated_sfda,exang,0.4104598680143656,5
cleveland,hungary,0,reliability_gated_sfda,oldpeak,0.43802923458900783,4
cleveland,hungary,0,source_only,age,0.14207540365683582,8
cleveland,hungary,0,source_only,sex,0.6467096939885697,2
cleveland,hungary,0,source_only,cp,0.7920222000478685,1
cleveland,hungary,0,source_only,trestbps,0.2278211764487609,6
cleveland,hungary,0,source_only,restecg,0.14949587513128915,7
cleveland,hungary,0,source_only,thalach,0.639754607779335,3
cleveland,hungary,0,source_only,exang,0.39835145764154234,5
cleveland,hungary,0,source_only,oldpeak,0.427966174720248,4
cleveland,hungary,1,conservative_candidate,age,0.16637358499958563,6
cleveland,hungary,1,conservative_candidate,sex,0.5717411851193629,2
cleveland,hungary,1,conservative_candidate,cp,0.7377250635264707,1
cleveland,hungary,1,conservative_candidate,trestbps,0.11633161376040348,8
cleveland,hungary,1,conservative_candidate,restecg,0.1266584243372933,7
cleveland,hungary,1,conservative_candidate,thalach,0.5620527678821869,3
cleveland,hungary,1,conservative_candidate,exang,0.442228832402501,5
cleveland,hungary,1,conservative_candidate,oldpeak,0.5068888669314028,4
cleveland,hungary,1,entropy_sfda,age,0.2415465281588868,6
cleveland,hungary,1,entropy_sfda,sex,0.6392824509668917,3
cleveland,hungary,1,entropy_sfda,cp,0.8923135694388782,1
cleveland,hungary,1,entropy_sfda,trestbps,0.16079827188197393,7
cleveland,hungary,1,entropy_sfda,restecg,0.15576883263313399,8
cleveland,hungary,1,entropy_sfda,thalach,0.6874114653684807,2
cleveland,hungary,1,entropy_sfda,exang,0.5693943068182388,5
cleveland,hungary,1,entropy_sfda,oldpeak,0.6327140878151063,4
cleveland,hungary,1,pseudo_label_sfda,age,0.2159819997261836,6
cleveland,hungary,1,pseudo_label_sfda,sex,0.6736893925283637,3
cleveland,hungary,1,pseudo_label_sfda,cp,0.8980771408124897,1
cleveland,hungary,1,pseudo_label_sfda,trestbps,0.161991200096221,7
cleveland,hungary,1,pseudo_label_sfda,restecg,0.15084299180653896,8
cleveland,hungary,1,pseudo_label_sfda,thalach,0.6942804074960247,2
cleveland,hungary,1,pseudo_label_sfda,exang,0.5575069369254063,5
cleveland,hungary,1,pseudo_label_sfda,oldpeak,0.6390969049895093,4
cleveland,hungary,1,reliability_gated_sfda,age,0.1685897324889182,6
cleveland,hungary,1,reliability_gated_sfda,sex,0.5828828765269445,2
cleveland,hungary,1,reliability_gated_sfda,cp,0.7541822396570399,1
cleveland,hungary,1,reliability_gated_sfda,trestbps,0.12040283839550137,8
cleveland,hungary,1,reliability_gated_sfda,restecg,0.12853322353312618,7
cleveland,hungary,1,reliability_gated_sfda,thalach,0.5735996531791427,3
cleveland,hungary,1,reliability_gated_sfda,exang,0.452590996893693,5
cleveland,hungary,1,reliability_gated_sfda,oldpeak,0.5182593061404974,4
cleveland,hungary,1,source_only,age,0.16226830139881324,6
cleveland,hungary,1,source_only,sex,0.5746282670570879,2
cleveland,hungary,1,source_only,cp,0.7381889896996344,1
cleveland,hungary,1,source_only,trestbps,0.11590992070839032,8
cleveland,hungary,1,source_only,restecg,0.1265574964331759,7
cleveland,hungary,1,source_only,thalach,0.5601079038781475,3
cleveland,hungary,1,source_only,exang,0.4400206081898642,5
cleveland,hungary,1,source_only,oldpeak,0.5055608182359917,4
cleveland,hungary,2,conservative_candidate,age,0.18637312201309478,7
cleveland,hungary,2,conservative_candidate,sex,0.7321624882823351,2
cleveland,hungary,2,conservative_candidate,cp,0.7926358353492303,1
cleveland,hungary,2,conservative_candidate,trestbps,0.22698710864207067,6
cleveland,hungary,2,conservative_candidate,restecg,0.16724073768038122,8
cleveland,hungary,2,conservative_candidate,thalach,0.48086892041776863,4
cleveland,hungary,2,conservative_candidate,exang,0.4295632036111387,5
cleveland,hungary,2,conservative_candidate,oldpeak,0.4868604839101535,3
cleveland,hungary,2,entropy_sfda,age,0.2746264075216533,7
cleveland,hungary,2,entropy_sfda,sex,0.8122598485780411,2
cleveland,hungary,2,entropy_sfda,cp,0.9509468625781132,1
cleveland,hungary,2,entropy_sfda,trestbps,0.30971648548745556,6
cleveland,hungary,2,entropy_sfda,restecg,0.20778873777201123,8
cleveland,hungary,2,entropy_sfda,thalach,0.5750976332184561,4
cleveland,hungary,2,entropy_sfda,exang,0.5729757756704376,5
cleveland,hungary,2,entropy_sfda,oldpeak,0.6382759985494979,3
cleveland,hungary,2,pseudo_label_sfda,age,0.2535683410812397,7
cleveland,hungary,2,pseudo_label_sfda,sex,0.8579437579883604,2
cleveland,hungary,2,pseudo_label_sfda,cp,0.9640655204064535,1
cleveland,hungary,2,pseudo_label_sfda,trestbps,0.2910738752433812,6
cleveland,hungary,2,pseudo_label_sfda,restecg,0.20075749880945085,8
cleveland,hungary,2,pseudo_label_sfda,thalach,0.6063590017559172,4
cleveland,hungary,2,pseudo_label_sfda,exang,0.5548642553439757,5
cleveland,hungary,2,pseudo_label_sfda,oldpeak,0.6333961467809823,3
cleveland,hungary,2,reliability_gated_sfda,age,0.18969152737440553,7
cleveland,hungary,2,reliability_gated_sfda,sex,0.7442802393517527,2
cleveland,hungary,2,reliability_gated_sfda,cp,0.8077670458805601,1
cleveland,hungary,2,reliability_gated_sfda,trestbps,0.23220181306602344,6
cleveland,hungary,2,reliability_gated_sfda,restecg,0.16979384211279058,8
cleveland,hungary,2,reliability_gated_sfda,thalach,0.4918644867812087,4
cleveland,hungary,2,reliability_gated_sfda,exang,0.43861610384113126,5
cleveland,hungary,2,reliability_gated_sfda,oldpeak,0.4976599486861505,3
cleveland,hungary,2,source_only,age,0.1819563423482175,7
cleveland,hungary,2,source_only,sex,0.7343021311930248,2
cleveland,hungary,2,source_only,cp,0.7909686219099225,1
cleveland,hungary,2,source_only,trestbps,0.22432667317287047,6
cleveland,hungary,2,source_only,restecg,0.16690412878066424,8
cleveland,hungary,2,source_only,thalach,0.47767369895793343,4
cleveland,hungary,2,source_only,exang,0.4259330728122977,5
cleveland,hungary,2,source_only,oldpeak,0.48342226397524884,3
cleveland,hungary,3,conservative_candidate,age,0.21535426417807574,6
cleveland,hungary,3,conservative_candidate,sex,0.7420299594246206,1
cleveland,hungary,3,conservative_candidate,cp,0.7237832554692061,2
cleveland,hungary,3,conservative_candidate,trestbps,0.186539167246851,7
cleveland,hungary,3,conservative_candidate,restecg,0.11447209851490804,8
cleveland,hungary,3,conservative_candidate,thalach,0.6297255211484422,3
cleveland,hungary,3,conservative_candidate,exang,0.4781519423435334,5
cleveland,hungary,3,conservative_candidate,oldpeak,0.4899309186999794,4
cleveland,hungary,3,entropy_sfda,age,0.31984026734257864,6
cleveland,hungary,3,entropy_sfda,sex,0.8275199750451003,2
cleveland,hungary,3,entropy_sfda,cp,0.860710714823332,1
cleveland,hungary,3,entropy_sfda,trestbps,0.26041847293195475,7
cleveland,hungary,3,entropy_sfda,restecg,0.14503627989285145,8
cleveland,hungary,3,entropy_sfda,thalach,0.7617171936396028,3
cleveland,hungary,3,entropy_sfda,exang,0.6076908115627003,4
cleveland,hungary,3,entropy_sfda,oldpeak,0.6038876268949335,5
cleveland,hungary,3,pseudo_label_sfda,age,0.3027902617559572,6
cleveland,hungary,3,pseudo_label_sfda,sex,0.8622638479027213,2
cleveland,hungary,3,pseudo_label_sfda,cp,0.871947594202396,1
cleveland,hungary,3,pseudo_label_sfda,trestbps,0.24205658590693507,7
cleveland,hungary,3,pseudo_label_sfda,restecg,0.1386125615859708,8
cleveland,hungary,3,pseudo_label_sfda,thalach,0.7741160677099714,3
cleveland,hungary,3,pseudo_label_sfda,exang,0.6013199877703473,5
cleveland,hungary,3,pseudo_label_sfda,oldpeak,0.6030846217355761,4
cleveland,hungary,3,reliability_gated_sfda,age,0.21909931020515805,6
cleveland,hungary,3,reliability_gated_sfda,sex,0.7517028527245635,1
cleveland,hungary,3,reliability_gated_sfda,cp,0.7375148642161975,2
cleveland,hungary,3,reliability_gated_sfda,trestbps,0.19178994441385933,7
cleveland,hungary,3,reliability_gated_sfda,restecg,0.11568493883820011,8
cleveland,hungary,3,reliability_gated_sfda,thalach,0.6406507267439294,3
cleveland,hungary,3,reliability_gated_sfda,exang,0.48717126165370955,5
cleveland,hungary,3,reliability_gated_sfda,oldpeak,0.49944730506589013,4
cleveland,hungary,3,source_only,age,0.21059229605962668,6
cleveland,hungary,3,source_only,sex,0.7421451337939623,1
cleveland,hungary,3,source_only,cp,0.7214175926958571,2
cleveland,hungary,3,source_only,trestbps,0.18419046884047843,7
cleveland,hungary,3,source_only,restecg,0.11349660082606176,8
cleveland,hungary,3,source_only,thalach,0.624786203004876,3
cleveland,hungary,3,source_only,exang,0.4751391976970394,5
cleveland,hungary,3,source_only,oldpeak,0.48952213708362,4
cleveland,hungary,4,conservative_candidate,age,0.12682900309671966,7
cleveland,hungary,4,conservative_candidate,sex,0.5339571834434154,4
cleveland,hungary,4,conservative_candidate,cp,0.810998278133275,1
cleveland,hungary,4,conservative_candidate,trestbps,0.22307061690514032,6
cleveland,hungary,4,conservative_candidate,restecg,0.07767540456881669,8
cleveland,hungary,4,conservative_candidate,thalach,0.7016107416490004,2
cleveland,hungary,4,conservative_candidate,exang,0.36849016767806136,5
cleveland,hungary,4,conservative_candidate,oldpeak,0.5797158914687884,3
cleveland,hungary,4,entropy_sfda,age,0.20276335923660066,7
cleveland,hungary,4,entropy_sfda,sex,0.5650768897909557,4
cleveland,hungary,4,entropy_sfda,cp,0.9876401131904564,1
cleveland,hungary,4,entropy_sfda,trestbps,0.29644076008710785,6
cleveland,hungary,4,entropy_sfda,restecg,0.10905285609377867,8
cleveland,hungary,4,entropy_sfda,thalach,0.8225509522001253,2
cleveland,hungary,4,entropy_sfda,exang,0.49473243660996763,5
cleveland,hungary,4,entropy_sfda,oldpeak,0.7136211100788343,3
cleveland,hungary,4,pseudo_label_sfda,age,0.1800469272385104,7
cleveland,hungary,4,pseudo_label_sfda,sex,0.6113270749591392,4
cleveland,hungary,4,pseudo_label_sfda,cp,1.0007653762095412,1
cleveland,hungary,4,pseudo_label_sfda,trestbps,0.2805885613237058,6
cleveland,hungary,4,pseudo_label_sfda,restecg,0.09639746792592727,8
cleveland,hungary,4,pseudo_label_sfda,thalach,0.8497603300287306,2
cleveland,hungary,4,pseudo_label_sfda,exang,0.4899363468724246,5
cleveland,hungary,4,pseudo_label_sfda,oldpeak,0.7272043671382933,3
cleveland,hungary,4,reliability_gated_sfda,age,0.1284837997443245,7
cleveland,hungary,4,reliability_gated_sfda,sex,0.5440170984928255,4
cleveland,hungary,4,reliability_gated_sfda,cp,0.8260651627039935,1
cleveland,hungary,4,reliability_gated_sfda,trestbps,0.22863185677208564,6
cleveland,hungary,4,reliability_gated_sfda,restecg,0.07854627743496026,8
cleveland,hungary,4,reliability_gated_sfda,thalach,0.716211393253789,2
cleveland,hungary,4,reliability_gated_sfda,exang,0.3779380370729736,5
cleveland,hungary,4,reliability_gated_sfda,oldpeak,0.5925832760019772,3
cleveland,hungary,4,source_only,age,0.12387871409281902,7
cleveland,hungary,4,source_only,sex,0.538223956280131,4
cleveland,hungary,4,source_only,cp,0.8089187584456482,1
cleveland,hungary,4,source_only,trestbps,0.22143794331053385,6
cleveland,hungary,4,source_only,restecg,0.07662692699906459,8
cleveland,hungary,4,source_only,thalach,0.7020070524157664,2
cleveland,hungary,4,source_only,exang,0.36485851120811946,5
cleveland,hungary,4,source_only,oldpeak,0.5791453548713403,3
cleveland,hungary,5,conservative_candidate,age,0.1800650633431236,7
cleveland,hungary,5,conservative_candidate,sex,0.701139861223649,2
cleveland,hungary,5,conservative_candidate,cp,0.8049035947579815,1
cleveland,hungary,5,conservative_candidate,trestbps,0.18012550621622933,6
cleveland,hungary,5,conservative_candidate,restecg,0.0514583789717893,8
cleveland,hungary,5,conservative_candidate,thalach,0.659501985342679,3
cleveland,hungary,5,conservative_candidate,exang,0.36919457438167463,5
cleveland,hungary,5,conservative_candidate,oldpeak,0.47104576015908295,4
cleveland,hungary,5,entropy_sfda,age,0.27364120200247866,6
cleveland,hungary,5,entropy_sfda,sex,0.778546925912909,2
cleveland,hungary,5,entropy_sfda,cp,0.9674249511516216,1
cleveland,hungary,5,entropy_sfda,trestbps,0.26888584621412187,7
cleveland,hungary,5,entropy_sfda,restecg,0.06529242269340209,8
cleveland,hungary,5,entropy_sfda,thalach,0.7579505267334455,3
cleveland,hungary,5,entropy_sfda,exang,0.4589822758622721,5
cleveland,hungary,5,entropy_sfda,oldpeak,0.5843667552812772,4
cleveland,hungary,5,pseudo_label_sfda,age,0.25627659808220277,6
cleveland,hungary,5,pseudo_label_sfda,sex,0.8142066950193879,2
cleveland,hungary,5,pseudo_label_sfda,cp,0.9649250349742645,1
cleveland,hungary,5,pseudo_label_sfda,trestbps,0.25307530331738975,7
cleveland,hungary,5,pseudo_label_sfda,restecg,0.061301583184846346,8
cleveland,hungary,5,pseudo_label_sfda,thalach,0.7854558129661849,3
cleveland,hungary,5,pseudo_label_sfda,exang,0.4647756705225325,5
cleveland,hungary,5,pseudo_label_sfda,oldpeak,0.5846397463536385,4
cleveland,hungary,5,reliability_gated_sfda,age,0.18475745734600288,7
cleveland,hungary,5,reliability_gated_sfda,sex,0.7120596430435473,2
cleveland,hungary,5,reliability_gated_sfda,cp,0.8187550440332441,1
cleveland,hungary,5,reliability_gated_sfda,trestbps,0.1863167202860421,6
cleveland,hungary,5,reliability_gated_sfda,restecg,0.05244582677544269,8
cleveland,hungary,5,reliability_gated_sfda,thalach,0.6722370047394668,3
cleveland,hungary,5,reliability_gated_sfda,exang,0.3768445278714303,5
cleveland,hungary,5,reliability_gated_sfda,oldpeak,0.48058993512523823,4
cleveland,hungary,5,source_only,age,0.17776385518297752,7
cleveland,hungary,5,source_only,sex,0.7021263401423182,2
cleveland,hungary,5,source_only,cp,0.8046647780163049,1
cleveland,hungary,5,source_only,trestbps,0.17802203302651792,6
cleveland,hungary,5,source_only,restecg,0.05185870405691524,8
cleveland,hungary,5,source_only,thalach,0.6599986958000682,3
cleveland,hungary,5,source_only,exang,0.36734544742079517,5
cleveland,hungary,5,source_only,oldpeak,0.4707009251653945,4
cleveland,hungary,6,conservative_candidate,age,0.11701634314851525,7
cleveland,hungary,6,conservative_candidate,sex,0.5737507333788945,2
cleveland,hungary,6,conservative_candidate,cp,0.7199506581393482,1
cleveland,hungary,6,conservative_candidate,trestbps,0.16856949683041217,6
cleveland,hungary,6,conservative_candidate,restecg,0.0475471971594557,8
cleveland,hungary,6,conservative_candidate,thalach,0.5704764909551282,3
cleveland,hungary,6,conservative_candidate,exang,0.3788590776879771,5
cleveland,hungary,6,conservative_candidate,oldpeak,0.4859474744761781,4
cleveland,hungary,6,entropy_sfda,age,0.1851236737803651,7
cleveland,hungary,6,entropy_sfda,sex,0.6278580604184444,3
cleveland,hungary,6,entropy_sfda,cp,0.8766296002665396,1
cleveland,hungary,6,entropy_sfda,trestbps,0.20668843918603522,6
cleveland,hungary,6,entropy_sfda,restecg,0.061444539874835606,8
cleveland,hungary,6,entropy_sfda,thalach,0.6885478867306596,2
cleveland,hungary,6,entropy_sfda,exang,0.48468846092824225,5
cleveland,hungary,6,entropy_sfda,oldpeak,0.5984139545522884,4
cleveland,hungary,6,pseudo_label_sfda,age,0.16856968889866641,7
cleveland,hungary,6,pseudo_label_sfda,sex,0.6488123566140326,3
cleveland,hungary,6,pseudo_label_sfda,cp,0.8596237779525268,1
cleveland,hungary,6,pseudo_label_sfda,trestbps,0.20426105543952056,6
cleveland,hungary,6,pseudo_label_sfda,restecg,0.05608203246529038,8
cleveland,hungary,6,pseudo_label_sfda,thalach,0.6825986188031784,2
cleveland,hungary,6,pseudo_label_sfda,exang,0.4630419088869679,5
cleveland,hungary,6,pseudo_label_sfda,oldpeak,0.583559650553986,4
cleveland,hungary,6,reliability_gated_sfda,age,0.11977127875087756,7
cleveland,hungary,6,reliability_gated_sfda,sex,0.5837519629826756,2
cleveland,hungary,6,reliability_gated_sfda,cp,0.7336725001888615,1
cleveland,hungary,6,reliability_gated_sfda,trestbps,0.1738254514825372,6
cleveland,hungary,6,reliability_gated_sfda,restecg,0.04826550650034969,8
cleveland,hungary,6,reliability_gated_sfda,thalach,0.5827077024704999,3
cleveland,hungary,6,reliability_gated_sfda,exang,0.3875911691967322,5
cleveland,hungary,6,reliability_gated_sfda,oldpeak,0.49594163230690014,4
cleveland,hungary,6,source_only,age,0.11438117449192228,7
cleveland,hungary,6,source_only,sex,0.5763112931658013,2
cleveland,hungary,6,source_only,cp,0.7180624363728526,1
cleveland,hungary,6,source_only,trestbps,0.16821304791279099,6
cleveland,hungary,6,source_only,restecg,0.0477214023231514,8
cleveland,hungary,6,source_only,thalach,0.5701820731343588,3
cleveland,hungary,6,source_only,exang,0.376614173658851,5
cleveland,hungary,6,source_only,oldpeak,0.48496524162818583,4
cleveland,hungary,7,conservative_candidate,age,0.15215964286808287,7
cleveland,hungary,7,conservative_candidate,sex,0.6728183083540323,2
cleveland,hungary,7,conservative_candidate,cp,0.7081179439310105,1
cleveland,hungary,7,conservative_candidate,trestbps,0.17881376243736533,6
cleveland,hungary,7,conservative_candidate,restecg,0.064560917253229,8
cleveland,hungary,7,conservative_candidate,thalach,0.5736158194977056,3
cleveland,hungary,7,conservative_candidate,exang,0.39246520471638763,5
cleveland,hungary,7,conservative_candidate,oldpeak,0.5053111359185609,4
cleveland,hungary,7,entropy_sfda,age,0.24160919603606573,7
cleveland,hungary,7,entropy_sfda,sex,0.7469746644805078,2
cleveland,hungary,7,entropy_sfda,cp,0.8461254990011896,1
cleveland,hungary,7,entropy_sfda,trestbps,0.26121852477397894,6
cleveland,hungary,7,entropy_sfda,restecg,0.08261361131903894,8
cleveland,hungary,7,entropy_sfda,thalach,0.6685349006003061,3
cleveland,hungary,7,entropy_sfda,exang,0.5247576564271637,5
cleveland,hungary,7,entropy_sfda,oldpeak,0.6254552804934633,4
cleveland,hungary,7,pseudo_label_sfda,age,0.2179160362606881,7
cleveland,hungary,7,pseudo_label_sfda,sex,0.7735977256987371,2
cleveland,hungary,7,pseudo_label_sfda,cp,0.8432640163173469,1
cleveland,hungary,7,pseudo_label_sfda,trestbps,0.24633176565062584,6
cleveland,hungary,7,pseudo_label_sfda,restecg,0.07738744973943114,8
cleveland,hungary,7,pseudo_label_sfda,thalach,0.6829503860489345,3
cleveland,hungary,7,pseudo_label_sfda,exang,0.4974430148952267,5
cleveland,hungary,7,pseudo_label_sfda,oldpeak,0.612399791487727,4
cleveland,hungary,7,reliability_gated_sfda,age,0.155234485344334,7
cleveland,hungary,7,reliability_gated_sfda,sex,0.6857705361076764,2
cleveland,hungary,7,reliability_gated_sfda,cp,0.7220793691442875,1
cleveland,hungary,7,reliability_gated_sfda,trestbps,0.18500023310549465,6
cleveland,hungary,7,reliability_gated_sfda,restecg,0.06500612971884491,8
cleveland,hungary,7,reliability_gated_sfda,thalach,0.5858167780034219,3
cleveland,hungary,7,reliability_gated_sfda,exang,0.40223255461449325,5
cleveland,hungary,7,reliability_gated_sfda,oldpeak,0.5163282069383937,4
cleveland,hungary,7,source_only,age,0.15008741931237043,7
cleveland,hungary,7,source_only,sex,0.6746732718786415,2
cleveland,hungary,7,source_only,cp,0.7081199363296254,1
cleveland,hungary,7,source_only,trestbps,0.17763916630461038,6
cleveland,hungary,7,source_only,restecg,0.06477852513994636,8
cleveland,hungary,7,source_only,thalach,0.5716857874724811,3
cleveland,hungary,7,source_only,exang,0.39098407460224566,5
cleveland,hungary,7,source_only,oldpeak,0.5052173922319902,4
cleveland,hungary,8,conservative_candidate,age,0.20813822804484516,7
cleveland,hungary,8,conservative_candidate,sex,0.7083068799455555,2
cleveland,hungary,8,conservative_candidate,cp,0.7769905868236634,1
cleveland,hungary,8,conservative_candidate,trestbps,0.23763809120044949,6
cleveland,hungary,8,conservative_candidate,restecg,0.10279890880674487,8
cleveland,hungary,8,conservative_candidate,thalach,0.6357537309043616,3
cleveland,hungary,8,conservative_candidate,exang,0.4328690957100618,5
cleveland,hungary,8,conservative_candidate,oldpeak,0.4744818346435521,4
cleveland,hungary,8,entropy_sfda,age,0.2981159029042247,7
cleveland,hungary,8,entropy_sfda,sex,0.809359518646383,2
cleveland,hungary,8,entropy_sfda,cp,0.9340717024858851,1
cleveland,hungary,8,entropy_sfda,trestbps,0.3230647541040897,6
cleveland,hungary,8,entropy_sfda,restecg,0.13380311121752317,8
cleveland,hungary,8,entropy_sfda,thalach,0.7597837806299177,3
cleveland,hungary,8,entropy_sfda,exang,0.5540539063513279,5
cleveland,hungary,8,entropy_sfda,oldpeak,0.6153791787888424,4
cleveland,hungary,8,pseudo_label_sfda,age,0.2865789032214144,7
cleveland,hungary,8,pseudo_label_sfda,sex,0.8436505577596677,2
cleveland,hungary,8,pseudo_label_sfda,cp,0.9427861104241009,1
cleveland,hungary,8,pseudo_label_sfda,trestbps,0.31090279910111557,6
cleveland,hungary,8,pseudo_label_sfda,restecg,0.12487706131552072,8
cleveland,hungary,8,pseudo_label_sfda,thalach,0.7759077704707984,3
cleveland,hungary,8,pseudo_label_sfda,exang,0.5489323376392832,5
cleveland,hungary,8,pseudo_label_sfda,oldpeak,0.611942542311387,4
cleveland,hungary,8,reliability_gated_sfda,age,0.21181276790064374,7
cleveland,hungary,8,reliability_gated_sfda,sex,0.7214449379770529,2
cleveland,hungary,8,reliability_gated_sfda,cp,0.7923473005490315,1
cleveland,hungary,8,reliability_gated_sfda,trestbps,0.244493202147942,6
cleveland,hungary,8,reliability_gated_sfda,restecg,0.10442376556072927,8
cleveland,hungary,8,reliability_gated_sfda,thalach,0.6480745004464675,3
cleveland,hungary,8,reliability_gated_sfda,exang,0.44283887079986584,5
cleveland,hungary,8,reliability_gated_sfda,oldpeak,0.48467139577885876,4
cleveland,hungary,8,source_only,age,0.20410410417671487,7
cleveland,hungary,8,source_only,sex,0.7110774329274284,2
cleveland,hungary,8,source_only,cp,0.7761262703907112,1
cleveland,hungary,8,source_only,trestbps,0.23731027133081767,6
cleveland,hungary,8,source_only,restecg,0.10245052291528589,8
cleveland,hungary,8,source_only,thalach,0.6327828298683982,3
cleveland,hungary,8,source_only,exang,0.431101760731972,5
cleveland,hungary,8,source_only,oldpeak,0.4724151979574338,4
cleveland,hungary,9,conservative_candidate,age,0.17231020128210298,6
cleveland,hungary,9,conservative_candidate,sex,0.7038377246813101,2
cleveland,hungary,9,conservative_candidate,cp,0.754844512864884,1
cleveland,hungary,9,conservative_candidate,trestbps,0.14520527191181365,7
cleveland,hungary,9,conservative_candidate,restecg,0.09867515999841228,8
cleveland,hungary,9,conservative_candidate,thalach,0.5296333953991633,3
cleveland,hungary,9,conservative_candidate,exang,0.4168490970849383,5
cleveland,hungary,9,conservative_candidate,oldpeak,0.5077854351324289,4
cleveland,hungary,9,entropy_sfda,age,0.2624763748846112,6
cleveland,hungary,9,entropy_sfda,sex,0.7744051493628292,2
cleveland,hungary,9,entropy_sfda,cp,0.9175271326897755,1
cleveland,hungary,9,entropy_sfda,trestbps,0.21055231713943284,7
cleveland,hungary,9,entropy_sfda,restecg,0.13809106580942365,8
cleveland,hungary,9,entropy_sfda,thalach,0.6104458006792607,4
cleveland,hungary,9,entropy_sfda,exang,0.5595113204627418,5
cleveland,hungary,9,entropy_sfda,oldpeak,0.6362098233432186,3
cleveland,hungary,9,pseudo_label_sfda,age,0.24000561453723174,6
cleveland,hungary,9,pseudo_label_sfda,sex,0.8284543372665335,2
cleveland,hungary,9,pseudo_label_sfda,cp,0.9160740262809761,1
cleveland,hungary,9,pseudo_label_sfda,trestbps,0.19861856791298507,7
cleveland,hungary,9,pseudo_label_sfda,restecg,0.12492130462002625,8
cleveland,hungary,9,pseudo_label_sfda,thalach,0.6499261766177963,3
cleveland,hungary,9,pseudo_label_sfda,exang,0.5439627988479373,5
cleveland,hungary,9,pseudo_label_sfda,oldpeak,0.6381902338645491,4
cleveland,hungary,9,reliability_gated_sfda,age,0.1744821560913602,6
cleveland,hungary,9,reliability_gated_sfda,sex,0.7167808046678499,2
cleveland,hungary,9,reliability_gated_sfda,cp,0.7685324002016133,1
cleveland,hungary,9,reliability_gated_sfda,trestbps,0.14958676004775978,7
cleveland,hungary,9,reliability_gated_sfda,restecg,0.10006951039172324,8
cleveland,hungary,9,reliability_gated_sfda,thalach,0.5412561292411621,3
cleveland,hungary,9,reliability_gated_sfda,exang,0.4260426412152798,5
cleveland,hungary,9,reliability_gated_sfda,oldpeak,0.5181870437195512,4
cleveland,hungary,9,source_only,age,0.1674915222422581,6
cleveland,hungary,9,source_only,sex,0.7051383519076369,2
cleveland,hungary,9,source_only,cp,0.7518387329337016,1
cleveland,hungary,9,source_only,trestbps,0.1433880642938687,7
cleveland,hungary,9,source_only,restecg,0.09823099739804422,8
cleveland,hungary,9,source_only,thalach,0.5281447594871327,3
cleveland,hungary,9,source_only,exang,0.41359232831112785,5
cleveland,hungary,9,source_only,oldpeak,0.5054444920296978,4
cleveland,switzerland,0,conservative_candidate,age,0.058662592016001436,8
cleveland,switzerland,0,conservative_candidate,sex,0.229843089175297,6
cleveland,switzerland,0,conservative_candidate,cp,0.6027291633162224,1
cleveland,switzerland,0,conservative_candidate,trestbps,0.2853818512502755,5
cleveland,switzerland,0,conservative_candidate,restecg,0.1485766497198341,7
cleveland,switzerland,0,conservative_candidate,thalach,0.5666035078806666,2
cleveland,switzerland,0,conservative_candidate,exang,0.44681246118332313,4
cleveland,switzerland,0,conservative_candidate,oldpeak,0.47545037645755744,3
cleveland,switzerland,0,entropy_sfda,age,0.07125574395882069,8
cleveland,switzerland,0,entropy_sfda,sex,0.2380791310887269,6
cleveland,switzerland,0,entropy_sfda,cp,0.6346371146165046,1
cleveland,switzerland,0,entropy_sfda,trestbps,0.30614084948036,5
cleveland,switzerland,0,entropy_sfda,restecg,0.15797981699574662,7
cleveland,switzerland,0,entropy_sfda,thalach,0.6283606309216561,2
cleveland,switzerland,0,entropy_sfda,exang,0.45552550880162695,4
cleveland,switzerland,0,entropy_sfda,oldpeak,0.4852688989745892,3
cleveland,switzerland,0,pseudo_label_sfda,age,0.07037654302908271,8
cleveland,switzerland,0,pseudo_label_sfda,sex,0.2435428926615211,6
cleveland,switzerland,0,pseudo_label_sfda,cp,0.6345948071287173,1
cleveland,switzerland,0,pseudo_label_sfda,trestbps,0.3078273596749376,5
cleveland,switzerland,0,pseudo_label_sfda,restecg,0.1582837155087836,7
cleveland,switzerland,0,pseudo_label_sfda,thalach,0.6227450296661354,2
cleveland,switzerland,0,pseudo_label_sfda,exang,0.4667621170117603,4
cleveland,switzerland,0,pseudo_label_sfda,oldpeak,0.49330780596086166,3
cleveland,switzerland,0,reliability_gated_sfda,age,0.06311381918499318,8
cleveland,switzerland,0,reliability_gated_sfda,sex,0.2332755179651748,6
cleveland,switzerland,0,reliability_gated_sfda,cp,0.6148335195366081,1
cleveland,switzerland,0,reliability_gated_sfda,trestbps,0.29801985756986266,5
cleveland,switzerland,0,reliability_gated_sfda,restecg,0.1519599579740434,7
cleveland,switzerland,0,reliability_gated_sfda,thalach,0.5779956519164569,2
cleveland,switzerland,0,reliability_gated_sfda,exang,0.4595667246153684,4
cleveland,switzerland,0,reliability_gated_sfda,oldpeak,0.48626040273565585,3
cleveland,switzerland,0,source_only,age,0.058426707239567874,8
cleveland,switzerland,0,source_only,sex,0.23166569886441396,6
cleveland,switzerland,0,source_only,cp,0.6049338890338029,1
cleveland,switzerland,0,source_only,trestbps,0.28534230765152147,5
cleveland,switzerland,0,source_only,restecg,0.14879801664529824,7
cleveland,switzerland,0,source_only,thalach,0.5655196395634514,2
cleveland,switzerland,0,source_only,exang,0.4492200924371316,4
cleveland,switzerland,0,source_only,oldpeak,0.4782087735801451,3
cleveland,switzerland,1,conservative_candidate,age,0.08806402678790734,8
cleveland,switzerland,1,conservative_candidate,sex,0.21540981148013738,5
cleveland,switzerland,1,conservative_candidate,cp,0.43814455364202337,3
cleveland,switzerland,1,conservative_candidate,trestbps,0.14009237077041733,6
cleveland,switzerland,1,conservative_candidate,restecg,0.11476633950454612,7
cleveland,switzerland,1,conservative_candidate,thalach,0.36218528984099385,4
cleveland,switzerland,1,conservative_candidate,exang,0.4408859536960358,2
cleveland,switzerland,1,conservative_candidate,oldpeak,0.5397749458689515,1
cleveland,switzerland,1,entropy_sfda,age,0.09256531340751521,8
cleveland,switzerland,1,entropy_sfda,sex,0.2315845214496783,5
cleveland,switzerland,1,entropy_sfda,cp,0.48415159694926163,2
cleveland,switzerland,1,entropy_sfda,trestbps,0.16371361192739833,6
cleveland,switzerland,1,entropy_sfda,restecg,0.11853041208341594,7
cleveland,switzerland,1,entropy_sfda,thalach,0.40208910797094183,4
cleveland,switzerland,1,entropy_sfda,exang,0.46840364797934286,3
cleveland,switzerland,1,entropy_sfda,oldpeak,0.5719832464810309,1
cleveland,switzerland,1,pseudo_label_sfda,age,0.09313212601255956,8
cleveland,switzerland,1,pseudo_label_sfda,sex,0.22705632582973173,5
cleveland,switzerland,1,pseudo_label_sfda,cp,0.4658708198041451,2
cleveland,switzerland,1,pseudo_label_sfda,trestbps,0.14326601989597568,6
cleveland,switzerland,1,pseudo_label_sfda,restecg,0.11727424800690314,7
cleveland,switzerland,1,pseudo_label_sfda,thalach,0.384737957639968,4
cleveland,switzerland,1,pseudo_label_sfda,exang,0.46181688021595885,3
cleveland,switzerland,1,pseudo_label_sfda,oldpeak,0.5774792438085244,1
cleveland,switzerland,1,reliability_gated_sfda,age,0.08895199064153993,8
cleveland,switzerland,1,reliability_gated_sfda,sex,0.22028157296704082,5
cleveland,switzerland,1,reliability_gated_sfda,cp,0.4476457568968275,3
cleveland,switzerland,1,reliability_gated_sfda,trestbps,0.14505807645013177,6
cleveland,switzerland,1,reliability_gated_sfda,restecg,0.11873373668167617,7
cleveland,switzerland,1,reliability_gated_sfda,thalach,0.3745050749976218,4
cleveland,switzerland,1,reliability_gated_sfda,exang,0.45347919872378917,2
cleveland,switzerland,1,reliability_gated_sfda,oldpeak,0.5523957091921229,1
cleveland,switzerland,1,source_only,age,0.08831776796681122,8
cleveland,switzerland,1,source_only,sex,0.2170366941065323,5
cleveland,switzerland,1,source_only,cp,0.4397837056483074,3
cleveland,switzerland,1,source_only,trestbps,0.13925630240738995,6
cleveland,switzerland,1,source_only,restecg,0.11603438477050813,7
cleveland,switzerland,1,source_only,thalach,0.36494024192566066,4
cleveland,switzerland,1,source_only,exang,0.442110617864665,2
cleveland,switzerland,1,source_only,oldpeak,0.5417901299348692,1
cleveland,switzerland,2,conservative_candidate,age,0.07834847624379593,8
cleveland,switzerland,2,conservative_candidate,sex,0.22369062740022574,5
cleveland,switzerland,2,conservative_candidate,cp,0.5085403125134971,2
cleveland,switzerland,2,conservative_candidate,trestbps,0.15659570199725165,7
cleveland,switzerland,2,conservative_candidate,restecg,0.1802574694232364,6
cleveland,switzerland,2,conservative_candidate,thalach,0.4875381115551402,3
cleveland,switzerland,2,conservative_candidate,exang,0.42614818443127767,4
cleveland,switzerland,2,conservative_candidate,oldpeak,0.534123566826972,1
cleveland,switzerland,2,entropy_sfda,age,0.0994700818564894,8
cleveland,switzerland,2,entropy_sfda,sex,0.23220790044321277,5
cleveland,switzerland,2,entropy_sfda,cp,0.5384395532934677,3
cleveland,switzerland,2,entropy_sfda,trestbps,0.16585555586327866,7
cleveland,switzerland,2,entropy_sfda,restecg,0.18352929264594747,6
cleveland,switzerland,2,entropy_sfda,thalach,0.5431782561467915,2
cleveland,switzerland,2,entropy_sfda,exang,0.4431086068715506,4
cleveland,switzerland,2,entropy_sfda,oldpeak,0.5536778795464736,1
cleveland,switzerland,2,pseudo_label_sfda,age,0.09575485824550521,8
cleveland,switzerland,2,pseudo_label_sfda,sex,0.23385189818899807,5
cleveland,switzerland,2,pseudo_label_sfda,cp,0.5386917721972293,2
cleveland,switzerland,2,pseudo_label_sfda,trestbps,0.17010332284707244,7
cleveland,switzerland,2,pseudo_label_sfda,restecg,0.18863722845927122,6
cleveland,switzerland,2,pseudo_label_sfda,thalach,0.5315529078820614,3
cleveland,switzerland,2,pseudo_label_sfda,exang,0.4551013544565294,4
cleveland,switzerland,2,pseudo_label_sfda,oldpeak,0.5693741265411784,1
cleveland,switzerland,2,reliability_gated_sfda,age,0.08398855892691486,8
cleveland,switzerland,2,reliability_gated_sfda,sex,0.22834861766153236,5
cleveland,switzerland,2,reliability_gated_sfda,cp,0.5218015788558386,2
cleveland,switzerland,2,reliability_gated_sfda,trestbps,0.17001830716806698,7
cleveland,switzerland,2,reliability_gated_sfda,restecg,0.18651693850392248,6
cleveland,switzerland,2,reliability_gated_sfda,thalach,0.4973201429607665,3
cleveland,switzerland,2,reliability_gated_sfda,exang,0.44138613028254936,4
cleveland,switzerland,2,reliability_gated_sfda,oldpeak,0.5487840548914865,1
cleveland,switzerland,2,source_only,age,0.0778376369858236,8
cleveland,switzerland,2,source_only,sex,0.22618466300692985,5
cleveland,switzerland,2,source_only,cp,0.5126730278645437,2
cleveland,switzerland,2,source_only,trestbps,0.15870812549151675,7
cleveland,switzerland,2,source_only,restecg,0.18202662112085316,6
cleveland,switzerland,2,source_only,thalach,0.4869691905361123,3
cleveland,switzerland,2,source_only,exang,0.42946215252566144,4
cleveland,switzerland,2,source_only,oldpeak,0.5375091684527877,1
cleveland,switzerland,3,conservative_candidate,age,0.06267554372832047,8
cleveland,switzerland,3,conservative_candidate,sex,0.20132209997381864,6
cleveland,switzerland,3,conservative_candidate,cp,0.42264486069420004,4
cleveland,switzerland,3,conservative_candidate,trestbps,0.2721329431325894,5
cleveland,switzerland,3,conservative_candidate,restecg,0.1306382220435312,7
cleveland,switzerland,3,conservative_candidate,thalach,0.4824927591423436,2
cleveland,switzerland,3,conservative_candidate,exang,0.4766815278103681,3
cleveland,switzerland,3,conservative_candidate,oldpeak,0.4838183198684478,1
cleveland,switzerland,3,entropy_sfda,age,0.07213801680070277,8
cleveland,switzerland,3,entropy_sfda,sex,0.2083697331145527,6
cleveland,switzerland,3,entropy_sfda,cp,0.45548762810393806,4
cleveland,switzerland,3,entropy_sfda,trestbps,0.29326642489598354,5
cleveland,switzerland,3,entropy_sfda,restecg,0.13690719746499952,7
cleveland,switzerland,3,entropy_sfda,thalach,0.5329795283515278,1
cleveland,switzerland,3,entropy_sfda,exang,0.5018525078165822,2
cleveland,switzerland,3,entropy_sfda,oldpeak,0.5012400937001638,3
cleveland,switzerland,3,pseudo_label_sfda,age,0.06699260403009362,8
cleveland,switzerland,3,pseudo_label_sfda,sex,0.20723318550887146,6
cleveland,switzerland,3,pseudo_label_sfda,cp,0.44565467761329763,4
cleveland,switzerland,3,pseudo_label_sfda,trestbps,0.2940331079232378,5
cleveland,switzerland,3,pseudo_label_sfda,restecg,0.13436956393695246,7
cleveland,switzerland,3,pseudo_label_sfda,thalach,0.5156725459860835,1
cleveland,switzerland,3,pseudo_label_sfda,exang,0.49637851209902184,3
cleveland,switzerland,3,pseudo_label_sfda,oldpeak,0.5017410601390814,2
cleveland,switzerland,3,reliability_gated_sfda,age,0.06658838519010674,8
cleveland,switzerland,3,reliability_gated_sfda,sex,0.20594069792518044,6
cleveland,switzerland,3,reliability_gated_sfda,cp,0.43207213128879063,4
cleveland,switzerland,3,reliability_gated_sfda,trestbps,0.2824998263712609,5
cleveland,switzerland,3,reliability_gated_sfda,restecg,0.13481265000574957,7
cleveland,switzerland,3,reliability_gated_sfda,thalach,0.49534622466994255,2
cleveland,switzerland,3,reliability_gated_sfda,exang,0.4908566546997404,3
cleveland,switzerland,3,reliability_gated_sfda,oldpeak,0.4983789083184447,1
cleveland,switzerland,3,source_only,age,0.06323489397612768,8
cleveland,switzerland,3,source_only,sex,0.20405371984603202,6
cleveland,switzerland,3,source_only,cp,0.4264132401534939,4
cleveland,switzerland,3,source_only,trestbps,0.2739536739654869,5
cleveland,switzerland,3,source_only,restecg,0.13242382029397032,7
cleveland,switzerland,3,source_only,thalach,0.4836241825960758,2
cleveland,switzerland,3,source_only,exang,0.48019059147776627,3
cleveland,switzerland,3,source_only,oldpeak,0.49012401438416625,1
cleveland,switzerland,4,conservative_candidate,age,0.06944274776605731,7
cleveland,switzerland,4,conservative_candidate,sex,0.2264779079591901,6
cleveland,switzerland,4,conservative_candidate,cp,0.5269583380635359,3
cleveland,switzerland,4,conservative_candidate,trestbps,0.30041491646486207,5
cleveland,switzerland,4,conservative_candidate,restecg,0.05693141671325402,8
cleveland,switzerland,4,conservative_candidate,thalach,0.6404203115318848,1
cleveland,switzerland,4,conservative_candidate,exang,0.4073952952536141,4
cleveland,switzerland,4,conservative_candidate,oldpeak,0.571985297064047,2
cleveland,switzerland,4,entropy_sfda,age,0.06809160402763964,7
cleveland,switzerland,4,entropy_sfda,sex,0.23314371186391852,6
cleveland,switzerland,4,entropy_sfda,cp,0.5541944823953082,3
cleveland,switzerland,4,entropy_sfda,trestbps,0.3278989531326948,5
cleveland,switzerland,4,entropy_sfda,restecg,0.05756521324437331,8
cleveland,switzerland,4,entropy_sfda,thalach,0.7050390399053572,1
cleveland,switzerland,4,entropy_sfda,exang,0.4376621656422693,4
cleveland,switzerland,4,entropy_sfda,oldpeak,0.598185691528204,2
cleveland,switzerland,4,pseudo_label_sfda,age,0.06537538150522278,7
cleveland,switzerland,4,pseudo_label_sfda,sex,0.23603130626772356,6
cleveland,switzerland,4,pseudo_label_sfda,cp,0.5438067081144905,3
cleveland,switzerland,4,pseudo_label_sfda,trestbps,0.31778803038433556,5
cleveland,switzerland,4,pseudo_label_sfda,restecg,0.05457807696282214,8
cleveland,switzerland,4,pseudo_label_sfda,thalach,0.6880719954587096,1
cleveland,switzerland,4,pseudo_label_sfda,exang,0.4343112544800208,4
cleveland,switzerland,4,pseudo_label_sfda,oldpeak,0.6008835349201671,2
cleveland,switzerland,4,reliability_gated_sfda,age,0.07270998166537106,7
cleveland,switzerland,4,reliability_gated_sfda,sex,0.23011148798589906,6
cleveland,switzerland,4,reliability_gated_sfda,cp,0.5380618252850736,3
cleveland,switzerland,4,reliability_gated_sfda,trestbps,0.31314423847640677,5
cleveland,switzerland,4,reliability_gated_sfda,restecg,0.06104641702102788,8
cleveland,switzerland,4,reliability_gated_sfda,thalach,0.6521242184761337,1
cleveland,switzerland,4,reliability_gated_sfda,exang,0.4169003504623727,4
cleveland,switzerland,4,reliability_gated_sfda,oldpeak,0.5830303151690499,2
cleveland,switzerland,4,source_only,age,0.07077923777316338,7
cleveland,switzerland,4,source_only,sex,0.22914535785851076,6
cleveland,switzerland,4,source_only,cp,0.5304381810422093,3
cleveland,switzerland,4,source_only,trestbps,0.30140439867291874,5
cleveland,switzerland,4,source_only,restecg,0.05791693273754275,8
cleveland,switzerland,4,source_only,thalach,0.6412169711088868,1
cleveland,switzerland,4,source_only,exang,0.4071095348373661,4
cleveland,switzerland,4,source_only,oldpeak,0.5742680667483104,2
cleveland,switzerland,5,conservative_candidate,age,0.05986149851289552,7
cleveland,switzerland,5,conservative_candidate,sex,0.2311644127319862,5
cleveland,switzerland,5,conservative_candidate,cp,0.5054946293774235,2
cleveland,switzerland,5,conservative_candidate,trestbps,0.13825004326929224,6
cleveland,switzerland,5,conservative_candidate,restecg,0.04798030690384676,8
cleveland,switzerland,5,conservative_candidate,thalach,0.5513824917890919,1
cleveland,switzerland,5,conservative_candidate,exang,0.3821116714942746,4
cleveland,switzerland,5,conservative_candidate,oldpeak,0.46095992402908037,3
cleveland,switzerland,5,entropy_sfda,age,0.06502863547643567,7
cleveland,switzerland,5,entropy_sfda,sex,0.24117753870512654,5
cleveland,switzerland,5,entropy_sfda,cp,0.5266403438053965,2
cleveland,switzerland,5,entropy_sfda,trestbps,0.15865580321524322,6
cleveland,switzerland,5,entropy_sfda,restecg,0.05128726944122913,8
cleveland,switzerland,5,entropy_sfda,thalach,0.5966195340071448,1
cleveland,switzerland,5,entropy_sfda,exang,0.4045182775812057,4
cleveland,switzerland,5,entropy_sfda,oldpeak,0.47393158352290227,3
cleveland,switzerland,5,pseudo_label_sfda,age,0.06161389227651767,7
cleveland,switzerland,5,pseudo_label_sfda,sex,0.2393556232374858,5
cleveland,switzerland,5,pseudo_label_sfda,cp,0.5178963194101504,2
cleveland,switzerland,5,pseudo_label_sfda,trestbps,0.1460010189841297,6
cleveland,switzerland,5,pseudo_label_sfda,restecg,0.048164119510494915,8
cleveland,switzerland,5,pseudo_label_sfda,thalach,0.5819127771443104,1
cleveland,switzerland,5,pseudo_label_sfda,exang,0.40013759764956264,4
cleveland,switzerland,5,pseudo_label_sfda,oldpeak,0.47538847506530885,3
cleveland,switzerland,5,reliability_gated_sfda,age,0.06225997232642717,7
cleveland,switzerland,5,reliability_gated_sfda,sex,0.23564254797661935,5
cleveland,switzerland,5,reliability_gated_sfda,cp,0.5171332474063507,2
cleveland,switzerland,5,reliability_gated_sfda,trestbps,0.14597099594681,6
cleveland,switzerland,5,reliability_gated_sfda,restecg,0.04939964426514817,8
cleveland,switzerland,5,reliability_gated_sfda,thalach,0.5611208287007138,1
cleveland,switzerland,5,reliability_gated_sfda,exang,0.39009403379073715,4
cleveland,switzerland,5,reliability_gated_sfda,oldpeak,0.4703649202346559,3
cleveland,switzerland,5,source_only,age,0.0608031144209501,7
cleveland,switzerland,5,source_only,sex,0.23398221156946042,5
cleveland,switzerland,5,source_only,cp,0.5124121182371022,2
cleveland,switzerland,5,source_only,trestbps,0.13855988948560524,6
cleveland,switzerland,5,source_only,restecg,0.04817697760929175,8
cleveland,switzerland,5,source_only,thalach,0.5548486315751282,1
cleveland,switzerland,5,source_only,exang,0.383200960695683,4
cleveland,switzerland,5,source_only,oldpeak,0.46502313902980186,3
cleveland,switzerland,6,conservative_candidate,age,0.045545174910382104,8
cleveland,switzerland,6,conservative_candidate,sex,0.21066493862800725,6
cleveland,switzerland,6,conservative_candidate,cp,0.43950840035392863,2
cleveland,switzerland,6,conservative_candidate,trestbps,0.23750446812151288,5
cleveland,switzerland,6,conservative_candidate,restecg,0.0482750974565496,7
cleveland,switzerland,6,conservative_candidate,thalach,0.42852813713593274,3
cleveland,switzerland,6,conservative_candidate,exang,0.3711911790315213,4
cleveland,switzerland,6,conservative_candidate,oldpeak,0.44072860715214196,1
cleveland,switzerland,6,entropy_sfda,age,0.06091297510017569,7
cleveland,switzerland,6,entropy_sfda,sex,0.2218761136452478,6
cleveland,switzerland,6,entropy_sfda,cp,0.4693281577741046,2
cleveland,switzerland,6,entropy_sfda,trestbps,0.2667010311847477,5
cleveland,switzerland,6,entropy_sfda,restecg,0.05165311868839166,8
cleveland,switzerland,6,entropy_sfda,thalach,0.46955185965067003,1
cleveland,switzerland,6,entropy_sfda,exang,0.398589924280721,4
cleveland,switzerland,6,entropy_sfda,oldpeak,0.46884401460609787,3
cleveland,switzerland,6,pseudo_label_sfda,age,0.05272438560283125,7
cleveland,switzerland,6,pseudo_label_sfda,sex,0.21919943140138212,6
cleveland,switzerland,6,pseudo_label_sfda,cp,0.45617879738622324,2
cleveland,switzerland,6,pseudo_label_sfda,trestbps,0.2509040334602682,5
cleveland,switzerland,6,pseudo_label_sfda,restecg,0.04991946324050172,8
cleveland,switzerland,6,pseudo_label_sfda,thalach,0.4504616288430383,3
cleveland,switzerland,6,pseudo_label_sfda,exang,0.38624809982209674,4
cleveland,switzerland,6,pseudo_label_sfda,oldpeak,0.4631498285561679,1
cleveland,switzerland,6,reliability_gated_sfda,age,0.04982325957891172,7
cleveland,switzerland,6,reliability_gated_sfda,sex,0.21532309318067339,6
cleveland,switzerland,6,reliability_gated_sfda,cp,0.4519552720968074,2
cleveland,switzerland,6,reliability_gated_sfda,trestbps,0.24501193323119627,5
cleveland,switzerland,6,reliability_gated_sfda,restecg,0.049455754570587214,8
cleveland,switzerland,6,reliability_gated_sfda,thalach,0.44153947235895247,3
cleveland,switzerland,6,reliability_gated_sfda,exang,0.3824129820294012,4
cleveland,switzerland,6,reliability_gated_sfda,oldpeak,0.4529772134936922,1
cleveland,switzerland,6,source_only,age,0.04552865849535272,8
cleveland,switzerland,6,source_only,sex,0.21279812158214126,6
cleveland,switzerland,6,source_only,cp,0.44443642038367387,1
cleveland,switzerland,6,source_only,trestbps,0.23784136985678497,5
cleveland,switzerland,6,source_only,restecg,0.04867291831074475,7
cleveland,switzerland,6,source_only,thalach,0.4322480363137187,3
cleveland,switzerland,6,source_only,exang,0.37377667405862147,4
cleveland,switzerland,6,source_only,oldpeak,0.4440064357472508,2
cleveland,switzerland,7,conservative_candidate,age,0.05499995025007308,8
cleveland,switzerland,7,conservative_candidate,sex,0.17022726330451848,5
cleveland,switzerland,7,conservative_candidate,cp,0.4405127049014881,2
cleveland,switzerland,7,conservative_candidate,trestbps,0.13711429894258215,6
cleveland,switzerland,7,conservative_candidate,restecg,0.06081010479900256,7
cleveland,switzerland,7,conservative_candidate,thalach,0.4261404202902705,3
cleveland,switzerland,7,conservative_candidate,exang,0.4222873651339271,4
cleveland,switzerland,7,conservative_candidate,oldpeak,0.4827263532736437,1
cleveland,switzerland,7,entropy_sfda,age,0.06989867302184026,7
cleveland,switzerland,7,entropy_sfda,sex,0.18241962878321244,5
cleveland,switzerland,7,entropy_sfda,cp,0.47702315688602687,3
cleveland,switzerland,7,entropy_sfda,trestbps,0.16477907276750217,6
cleveland,switzerland,7,entropy_sfda,restecg,0.061292739054074515,8
cleveland,switzerland,7,entropy_sfda,thalach,0.48706916861644967,2
cleveland,switzerland,7,entropy_sfda,exang,0.4616377177398379,4
cleveland,switzerland,7,entropy_sfda,oldpeak,0.5100533722150253,1
cleveland,switzerland,7,pseudo_label_sfda,age,0.06502333496734156,7
cleveland,switzerland,7,pseudo_label_sfda,sex,0.17985271838137773,5
cleveland,switzerland,7,pseudo_label_sfda,cp,0.46785364638090254,2
cleveland,switzerland,7,pseudo_label_sfda,trestbps,0.15130687738973192,6
cleveland,switzerland,7,pseudo_label_sfda,restecg,0.06258348581651826,8
cleveland,switzerland,7,pseudo_label_sfda,thalach,0.4591892287362276,3
cleveland,switzerland,7,pseudo_label_sfda,exang,0.4500720316195876,4
cleveland,switzerland,7,pseudo_label_sfda,oldpeak,0.5125297560712428,1
cleveland,switzerland,7,reliability_gated_sfda,age,0.05928817778216231,8
cleveland,switzerland,7,reliability_gated_sfda,sex,0.17434980665765157,5
cleveland,switzerland,7,reliability_gated_sfda,cp,0.45207266805019625,2
cleveland,switzerland,7,reliability_gated_sfda,trestbps,0.14816777222804967,6
cleveland,switzerland,7,reliability_gated_sfda,restecg,0.06298833962423889,7
cleveland,switzerland,7,reliability_gated_sfda,thalach,0.4391338884966766,3
cleveland,switzerland,7,reliability_gated_sfda,exang,0.4360701724644599,4
cleveland,switzerland,7,reliability_gated_sfda,oldpeak,0.4944636753071251,1
cleveland,switzerland,7,source_only,age,0.055556743468226054,8
cleveland,switzerland,7,source_only,sex,0.1726503897064585,5
cleveland,switzerland,7,source_only,cp,0.4462049225727626,2
cleveland,switzerland,7,source_only,trestbps,0.14035282954687206,6
cleveland,switzerland,7,source_only,restecg,0.06238540937382027,7
cleveland,switzerland,7,source_only,thalach,0.42920700707889303,3
cleveland,switzerland,7,source_only,exang,0.4258285948052639,4
cleveland,switzerland,7,source_only,oldpeak,0.4872506616515963,1
cleveland,switzerland,8,conservative_candidate,age,0.07441060664226881,8
cleveland,switzerland,8,conservative_candidate,sex,0.2538621323107461,6
cleveland,switzerland,8,conservative_candidate,cp,0.4705448598123905,2
cleveland,switzerland,8,conservative_candidate,trestbps,0.2873091288819546,5
cleveland,switzerland,8,conservative_candidate,restecg,0.10265785566629551,7
cleveland,switzerland,8,conservative_candidate,thalach,0.48008023294794366,1
cleveland,switzerland,8,conservative_candidate,exang,0.41309917000372237,4
cleveland,switzerland,8,conservative_candidate,oldpeak,0.41869202727164195,3
cleveland,switzerland,8,entropy_sfda,age,0.08920354288870208,8
cleveland,switzerland,8,entropy_sfda,sex,0.26453517148710365,6
cleveland,switzerland,8,entropy_sfda,cp,0.4999917079505276,2
cleveland,switzerland,8,entropy_sfda,trestbps,0.3078963803581712,5
cleveland,switzerland,8,entropy_sfda,restecg,0.10764023729475077,7
cleveland,switzerland,8,entropy_sfda,thalach,0.5321091414633684,1
cleveland,switzerland,8,entropy_sfda,exang,0.43230325825572985,3
cleveland,switzerland,8,entropy_sfda,oldpeak,0.4317823171206727,4
cleveland,switzerland,8,pseudo_label_sfda,age,0.0813291870444214,8
cleveland,switzerland,8,pseudo_label_sfda,sex,0.26481609088860875,6
cleveland,switzerland,8,pseudo_label_sfda,cp,0.49236172885156987,2
cleveland,switzerland,8,pseudo_label_sfda,trestbps,0.2999712103462922,5
cleveland,switzerland,8,pseudo_label_sfda,restecg,0.10557761663718646,7
cleveland,switzerland,8,pseudo_label_sfda,thalach,0.5175785414753405,1
cleveland,switzerland,8,pseudo_label_sfda,exang,0.4314202156251039,4
cleveland,switzerland,8,pseudo_label_sfda,oldpeak,0.4318513898708956,3
cleveland,switzerland,8,reliability_gated_sfda,age,0.08025576621937616,8
cleveland,switzerland,8,reliability_gated_sfda,sex,0.2595362827878415,6
cleveland,switzerland,8,reliability_gated_sfda,cp,0.4806644954090196,2
cleveland,switzerland,8,reliability_gated_sfda,trestbps,0.2975207492482008,5
cleveland,switzerland,8,reliability_gated_sfda,restecg,0.10596007680259188,7
cleveland,switzerland,8,reliability_gated_sfda,thalach,0.4920206484876997,1
cleveland,switzerland,8,reliability_gated_sfda,exang,0.4246234901673426,4
cleveland,switzerland,8,reliability_gated_sfda,oldpeak,0.43176638288802005,3
cleveland,switzerland,8,source_only,age,0.0756193768380709,8
cleveland,switzerland,8,source_only,sex,0.2571550960069507,6
cleveland,switzerland,8,source_only,cp,0.4743740430207756,2
cleveland,switzerland,8,source_only,trestbps,0.2888016096293563,5
cleveland,switzerland,8,source_only,restecg,0.10321997884874858,7
cleveland,switzerland,8,source_only,thalach,0.48126712388820886,1
cleveland,switzerland,8,source_only,exang,0.4164447774732016,4
cleveland,switzerland,8,source_only,oldpeak,0.4236570637127975,3
cleveland,switzerland,9,conservative_candidate,age,0.07879964161921682,7
cleveland,switzerland,9,conservative_candidate,sex,0.25164369785991625,5
cleveland,switzerland,9,conservative_candidate,cp,0.5114325782079704,2
cleveland,switzerland,9,conservative_candidate,trestbps,0.22077093689846314,6
cleveland,switzerland,9,conservative_candidate,restecg,0.07341067116836278,8
cleveland,switzerland,9,conservative_candidate,thalach,0.39776607765437566,4
cleveland,switzerland,9,conservative_candidate,exang,0.4115285640809594,3
cleveland,switzerland,9,conservative_candidate,oldpeak,0.575705299403791,1
cleveland,switzerland,9,entropy_sfda,age,0.08286274346708492,7
cleveland,switzerland,9,entropy_sfda,sex,0.2589106636303591,5
cleveland,switzerland,9,entropy_sfda,cp,0.5388352753957961,2
cleveland,switzerland,9,entropy_sfda,trestbps,0.2199309925526017,6
cleveland,switzerland,9,entropy_sfda,restecg,0.06630810248339923,8
cleveland,switzerland,9,entropy_sfda,thalach,0.4521304934088716,3
cleveland,switzerland,9,entropy_sfda,exang,0.42135371940165034,4
cleveland,switzerland,9,entropy_sfda,oldpeak,0.5864274898710532,1
cleveland,switzerland,9,pseudo_label_sfda,age,0.0807389684903579,7
cleveland,switzerland,9,pseudo_label_sfda,sex,0.26640720651825756,5
cleveland,switzerland,9,pseudo_label_sfda,cp,0.5389439864008407,2
cleveland,switzerland,9,pseudo_label_sfda,trestbps,0.22915535362255646,6
cleveland,switzerland,9,pseudo_label_sfda,restecg,0.07182866742226814,8
cleveland,switzerland,9,pseudo_label_sfda,thalach,0.4315717246693869,4
cleveland,switzerland,9,pseudo_label_sfda,exang,0.43770161822317094,3
cleveland,switzerland,9,pseudo_label_sfda,oldpeak,0.6115695326551189,1
cleveland,switzerland,9,reliability_gated_sfda,age,0.08243539238280455,7
cleveland,switzerland,9,reliability_gated_sfda,sex,0.2565869571323075,5
cleveland,switzerland,9,reliability_gated_sfda,cp,0.5240931465457065,2
cleveland,switzerland,9,reliability_gated_sfda,trestbps,0.23287804165052448,6
cleveland,switzerland,9,reliability_gated_sfda,restecg,0.07826110181905993,8
cleveland,switzerland,9,reliability_gated_sfda,thalach,0.40782269337063093,4
cleveland,switzerland,9,reliability_gated_sfda,exang,0.4266380190970452,3
cleveland,switzerland,9,reliability_gated_sfda,oldpeak,0.5912134562566028,1
cleveland,switzerland,9,source_only,age,0.07986826552134912,7
cleveland,switzerland,9,source_only,sex,0.25428524901106103,5
cleveland,switzerland,9,source_only,cp,0.5153746931790942,2
cleveland,switzerland,9,source_only,trestbps,0.22395456674304315,6
cleveland,switzerland,9,source_only,restecg,0.07590752131896226,8
cleveland,switzerland,9,source_only,thalach,0.3974464378050884,4
cleveland,switzerland,9,source_only,exang,0.41572991171018864,3
cleveland,switzerland,9,source_only,oldpeak,0.5806527273290283,1
cleveland,va_long_beach,0,conservative_candidate,age,0.040425527172919785,8
cleveland,va_long_beach,0,conservative_candidate,sex,0.10277198873460289,7
cleveland,va_long_beach,0,conservative_candidate,cp,0.6916187905857805,1
cleveland,va_long_beach,0,conservative_candidate,trestbps,0.13967016390059142,6
cleveland,va_long_beach,0,conservative_candidate,restecg,0.18158186627537362,5
cleveland,va_long_beach,0,conservative_candidate,thalach,0.5024474449083209,2
cleveland,va_long_beach,0,conservative_candidate,exang,0.43950582068413496,3
cleveland,va_long_beach,0,conservative_candidate,oldpeak,0.4316450059833005,4
cleveland,va_long_beach,0,entropy_sfda,age,0.06909339967271076,8
cleveland,va_long_beach,0,entropy_sfda,sex,0.10290249403566121,7
cleveland,va_long_beach,0,entropy_sfda,cp,0.7438839536160231,1
cleveland,va_long_beach,0,entropy_sfda,trestbps,0.14927012261236083,6
cleveland,va_long_beach,0,entropy_sfda,restecg,0.20129771873063873,5
cleveland,va_long_beach,0,entropy_sfda,thalach,0.5955290122516453,2
cleveland,va_long_beach,0,entropy_sfda,exang,0.4565518893301487,4
cleveland,va_long_beach,0,entropy_sfda,oldpeak,0.45924816894344983,3
cleveland,va_long_beach,0,pseudo_label_sfda,age,0.06077605997430505,8
cleveland,va_long_beach,0,pseudo_label_sfda,sex,0.10731308729387816,7
cleveland,va_long_beach,0,pseudo_label_sfda,cp,0.742296707292553,1
cleveland,va_long_beach,0,pseudo_label_sfda,trestbps,0.1637289631529711,6
cleveland,va_long_beach,0,pseudo_label_sfda,restecg,0.20353647564188576,5
cleveland,va_long_beach,0,pseudo_label_sfda,thalach,0.5803405944630504,2
cleveland,va_long_beach,0,pseudo_label_sfda,exang,0.4702721347659826,4
cleveland,va_long_beach,0,pseudo_label_sfda,oldpeak,0.4737337225303054,3
cleveland,va_long_beach,0,reliability_gated_sfda,age,0.041890062368765885,8
cleveland,va_long_beach,0,reliability_gated_sfda,sex,0.10480517239309844,7
cleveland,va_long_beach,0,reliability_gated_sfda,cp,0.7101626181905157,1
cleveland,va_long_beach,0,reliability_gated_sfda,trestbps,0.1455472449515946,6
cleveland,va_long_beach,0,reliability_gated_sfda,restecg,0.18571095217979747,5
cleveland,va_long_beach,0,reliability_gated_sfda,thalach,0.5160032441280782,2
cleveland,va_long_beach,0,reliability_gated_sfda,exang,0.4542457106336951,3
cleveland,va_long_beach,0,reliability_gated_sfda,oldpeak,0.44258812211919574,4
cleveland,va_long_beach,0,source_only,age,0.03993312700033125,8
cleveland,va_long_beach,0,source_only,sex,0.10433131338097151,7
cleveland,va_long_beach,0,source_only,cp,0.696399950273335,1
cleveland,va_long_beach,0,source_only,trestbps,0.1404235613136552,6
cleveland,va_long_beach,0,source_only,restecg,0.18257576421645352,5
cleveland,va_long_beach,0,source_only,thalach,0.5006066009122878,2
cleveland,va_long_beach,0,source_only,exang,0.4429598341137171,3
cleveland,va_long_beach,0,source_only,oldpeak,0.43463177676312625,4
cleveland,va_long_beach,1,conservative_candidate,age,0.07440370289958079,8
cleveland,va_long_beach,1,conservative_candidate,sex,0.08905892223119732,7
cleveland,va_long_beach,1,conservative_candidate,cp,0.6226383364968933,1
cleveland,va_long_beach,1,conservative_candidate,trestbps,0.09729957230389115,6
cleveland,va_long_beach,1,conservative_candidate,restecg,0.15215815388015472,5
cleveland,va_long_beach,1,conservative_candidate,thalach,0.31064828898292035,4
cleveland,va_long_beach,1,conservative_candidate,exang,0.4398537931963801,3
cleveland,va_long_beach,1,conservative_candidate,oldpeak,0.47805802289396526,2
cleveland,va_long_beach,1,entropy_sfda,age,0.07800308088932066,8
cleveland,va_long_beach,1,entropy_sfda,sex,0.09777799778617915,7
cleveland,va_long_beach,1,entropy_sfda,cp,0.7201024638733361,1
cleveland,va_long_beach,1,entropy_sfda,trestbps,0.113615547013469,6
cleveland,va_long_beach,1,entropy_sfda,restecg,0.16373936671065167,5
cleveland,va_long_beach,1,entropy_sfda,thalach,0.3719064788939431,4
cleveland,va_long_beach,1,entropy_sfda,exang,0.47753366198390723,3
cleveland,va_long_beach,1,entropy_sfda,oldpeak,0.5350093995034695,2
cleveland,va_long_beach,1,pseudo_label_sfda,age,0.07733321730978783,8
cleveland,va_long_beach,1,pseudo_label_sfda,sex,0.09669959294144062,7
cleveland,va_long_beach,1,pseudo_label_sfda,cp,0.688758587151533,1
cleveland,va_long_beach,1,pseudo_label_sfda,trestbps,0.11838106128736396,6
cleveland,va_long_beach,1,pseudo_label_sfda,restecg,0.1616016776545439,5
cleveland,va_long_beach,1,pseudo_label_sfda,thalach,0.3490404403535649,4
cleveland,va_long_beach,1,pseudo_label_sfda,exang,0.4882762826234102,3
cleveland,va_long_beach,1,pseudo_label_sfda,oldpeak,0.5363246398046613,2
cleveland,va_long_beach,1,reliability_gated_sfda,age,0.07448743143409953,8
cleveland,va_long_beach,1,reliability_gated_sfda,sex,0.09089004811830817,7
cleveland,va_long_beach,1,reliability_gated_sfda,cp,0.6385105070192367,1
cleveland,va_long_beach,1,reliability_gated_sfda,trestbps,0.10030398687347766,6
cleveland,va_long_beach,1,reliability_gated_sfda,restecg,0.1553618684358662,5
cleveland,va_long_beach,1,reliability_gated_sfda,thalach,0.3231923942477442,4
cleveland,va_long_beach,1,reliability_gated_sfda,exang,0.4531648227199912,3
cleveland,va_long_beach,1,reliability_gated_sfda,oldpeak,0.490297494395636,2
cleveland,va_long_beach,1,source_only,age,0.07410408277472012,8
cleveland,va_long_beach,1,source_only,sex,0.08965462257619945,7
cleveland,va_long_beach,1,source_only,cp,0.6234857065894175,1
cleveland,va_long_beach,1,source_only,trestbps,0.0972196772054303,6
cleveland,va_long_beach,1,source_only,restecg,0.153514010773506,5
cleveland,va_long_beach,1,source_only,thalach,0.3113241924950853,4
cleveland,va_long_beach,1,source_only,exang,0.4399069918133318,3
cleveland,va_long_beach,1,source_only,oldpeak,0.47870034287218005,2
cleveland,va_long_beach,2,conservative_candidate,age,0.041977629386819856,8
cleveland,va_long_beach,2,conservative_candidate,sex,0.10003211439354344,6
cleveland,va_long_beach,2,conservative_candidate,cp,0.6762539597903379,1
cleveland,va_long_beach,2,conservative_candidate,trestbps,0.0493835566809866,7
cleveland,va_long_beach,2,conservative_candidate,restecg,0.21823605004698038,5
cleveland,va_long_beach,2,conservative_candidate,thalach,0.4767994378414005,3
cleveland,va_long_beach,2,conservative_candidate,exang,0.4130264497920871,4
cleveland,va_long_beach,2,conservative_candidate,oldpeak,0.49837832028977574,2
cleveland,va_long_beach,2,entropy_sfda,age,0.06822098490883942,7
cleveland,va_long_beach,2,entropy_sfda,sex,0.10364505677949636,6
cleveland,va_long_beach,2,entropy_sfda,cp,0.7401044164178893,1
cleveland,va_long_beach,2,entropy_sfda,trestbps,0.04921028868993739,8
cleveland,va_long_beach,2,entropy_sfda,restecg,0.22798988996073605,5
cleveland,va_long_beach,2,entropy_sfda,thalach,0.5563826803490519,2
cleveland,va_long_beach,2,entropy_sfda,exang,0.4403985497355461,4
cleveland,va_long_beach,2,entropy_sfda,oldpeak,0.5445415347535163,3
cleveland,va_long_beach,2,pseudo_label_sfda,age,0.0638191719714086,7
cleveland,va_long_beach,2,pseudo_label_sfda,sex,0.1061231391248293,6
cleveland,va_long_beach,2,pseudo_label_sfda,cp,0.7262772236182354,1
cleveland,va_long_beach,2,pseudo_label_sfda,trestbps,0.056736226280336234,8
cleveland,va_long_beach,2,pseudo_label_sfda,restecg,0.23109853704459965,5
cleveland,va_long_beach,2,pseudo_label_sfda,thalach,0.5438611135445535,3
cleveland,va_long_beach,2,pseudo_label_sfda,exang,0.4469275488331914,4
cleveland,va_long_beach,2,pseudo_label_sfda,oldpeak,0.5539798144204542,2
cleveland,va_long_beach,2,reliability_gated_sfda,age,0.04263254762245193,8
cleveland,va_long_beach,2,reliability_gated_sfda,sex,0.10233970763161776,6
cleveland,va_long_beach,2,reliability_gated_sfda,cp,0.6971978524839506,1
cleveland,va_long_beach,2,reliability_gated_sfda,trestbps,0.05529095401027004,7
cleveland,va_long_beach,2,reliability_gated_sfda,restecg,0.22431828468572348,5
cleveland,va_long_beach,2,reliability_gated_sfda,thalach,0.4897780719213188,3
cleveland,va_long_beach,2,reliability_gated_sfda,exang,0.4281057571619749,4
cleveland,va_long_beach,2,reliability_gated_sfda,oldpeak,0.5127221324760467,2
cleveland,va_long_beach,2,source_only,age,0.0408552051961305,8
cleveland,va_long_beach,2,source_only,sex,0.10151580387493593,6
cleveland,va_long_beach,2,source_only,cp,0.6827050912915729,1
cleveland,va_long_beach,2,source_only,trestbps,0.0517178457570844,7
cleveland,va_long_beach,2,source_only,restecg,0.22118435733951627,5
cleveland,va_long_beach,2,source_only,thalach,0.47676333020441236,3
cleveland,va_long_beach,2,source_only,exang,0.4163117692992091,4
cleveland,va_long_beach,2,source_only,oldpeak,0.5014373732637614,2
cleveland,va_long_beach,3,conservative_candidate,age,0.03687020163109987,8
cleveland,va_long_beach,3,conservative_candidate,sex,0.09995959488674995,7
cleveland,va_long_beach,3,conservative_candidate,cp,0.5975945869926363,1
cleveland,va_long_beach,3,conservative_candidate,trestbps,0.17261800551903433,5
cleveland,va_long_beach,3,conservative_candidate,restecg,0.15671192955691365,6
cleveland,va_long_beach,3,conservative_candidate,thalach,0.43740631320979445,3
cleveland,va_long_beach,3,conservative_candidate,exang,0.47277693085372446,2
cleveland,va_long_beach,3,conservative_candidate,oldpeak,0.42655782638117673,4
cleveland,va_long_beach,3,entropy_sfda,age,0.04279945335412771,8
cleveland,va_long_beach,3,entropy_sfda,sex,0.10379164842888709,7
cleveland,va_long_beach,3,entropy_sfda,cp,0.6680677030794322,1
cleveland,va_long_beach,3,entropy_sfda,trestbps,0.17943551571224817,5
cleveland,va_long_beach,3,entropy_sfda,restecg,0.1674012337368913,6
cleveland,va_long_beach,3,entropy_sfda,thalach,0.5028519693482667,3
cleveland,va_long_beach,3,entropy_sfda,exang,0.5047320106625557,2
cleveland,va_long_beach,3,entropy_sfda,oldpeak,0.4550019270181656,4
cleveland,va_long_beach,3,pseudo_label_sfda,age,0.03822491063503544,8
cleveland,va_long_beach,3,pseudo_label_sfda,sex,0.1030320059182122,7
cleveland,va_long_beach,3,pseudo_label_sfda,cp,0.6445290339458734,1
cleveland,va_long_beach,3,pseudo_label_sfda,trestbps,0.19271609325427563,5
cleveland,va_long_beach,3,pseudo_label_sfda,restecg,0.16365002962760627,6
cleveland,va_long_beach,3,pseudo_label_sfda,thalach,0.48185681603848934,3
cleveland,va_long_beach,3,pseudo_label_sfda,exang,0.5066402693837881,2
cleveland,va_long_beach,3,pseudo_label_sfda,oldpeak,0.4599714394006878,4
cleveland,va_long_beach,3,reliability_gated_sfda,age,0.03811680325525226,8
cleveland,va_long_beach,3,reliability_gated_sfda,sex,0.10243906213436273,7
cleveland,va_long_beach,3,reliability_gated_sfda,cp,0.6145775433816015,1
cleveland,va_long_beach,3,reliability_gated_sfda,trestbps,0.17665690204477869,5
cleveland,va_long_beach,3,reliability_gated_sfda,restecg,0.16145152783486993,6
cleveland,va_long_beach,3,reliability_gated_sfda,thalach,0.44967576357070355,3
cleveland,va_long_beach,3,reliability_gated_sfda,exang,0.48535051092505455,2
cleveland,va_long_beach,3,reliability_gated_sfda,oldpeak,0.4380589240696281,4
cleveland,va_long_beach,3,source_only,age,0.03792952014424368,8
cleveland,va_long_beach,3,source_only,sex,0.10158297949936237,7
cleveland,va_long_beach,3,source_only,cp,0.6016745068226009,1
cleveland,va_long_beach,3,source_only,trestbps,0.1731547740951646,5
cleveland,va_long_beach,3,source_only,restecg,0.15868961749598381,6
cleveland,va_long_beach,3,source_only,thalach,0.4384651540964842,3
cleveland,va_long_beach,3,source_only,exang,0.4755294982343912,2
cleveland,va_long_beach,3,source_only,oldpeak,0.4306033688690513,4
cleveland,va_long_beach,4,conservative_candidate,age,0.05808394177729492,8
cleveland,va_long_beach,4,conservative_candidate,sex,0.0922427556524053,6
cleveland,va_long_beach,4,conservative_candidate,cp,0.7337911775919929,1
cleveland,va_long_beach,4,conservative_candidate,trestbps,0.17968435524380766,5
cleveland,va_long_beach,4,conservative_candidate,restecg,0.07392709195424682,7
cleveland,va_long_beach,4,conservative_candidate,thalach,0.5526836181618273,2
cleveland,va_long_beach,4,conservative_candidate,exang,0.4517327909171581,4
cleveland,va_long_beach,4,conservative_candidate,oldpeak,0.5477034934610129,3
cleveland,va_long_beach,4,entropy_sfda,age,0.06998872990188826,8
cleveland,va_long_beach,4,entropy_sfda,sex,0.09573629020713266,6
cleveland,va_long_beach,4,entropy_sfda,cp,0.7985971930256858,1
cleveland,va_long_beach,4,entropy_sfda,trestbps,0.19469805730506778,5
cleveland,va_long_beach,4,entropy_sfda,restecg,0.07570980149117527,7
cleveland,va_long_beach,4,entropy_sfda,thalach,0.648696728288196,2
cleveland,va_long_beach,4,entropy_sfda,exang,0.4966073049977422,4
cleveland,va_long_beach,4,entropy_sfda,oldpeak,0.6036229994054884,3
cleveland,va_long_beach,4,pseudo_label_sfda,age,0.0652019563750218,8
cleveland,va_long_beach,4,pseudo_label_sfda,sex,0.09651327048894015,6
cleveland,va_long_beach,4,pseudo_label_sfda,cp,0.7723945841383829,1
cleveland,va_long_beach,4,pseudo_label_sfda,trestbps,0.20670163425151258,5
cleveland,va_long_beach,4,pseudo_label_sfda,restecg,0.07533700847998258,7
cleveland,va_long_beach,4,pseudo_label_sfda,thalach,0.6238500629924237,2
cleveland,va_long_beach,4,pseudo_label_sfda,exang,0.4967580321058631,4
cleveland,va_long_beach,4,pseudo_label_sfda,oldpeak,0.6101211711205542,3
cleveland,va_long_beach,4,reliability_gated_sfda,age,0.05925383455411062,8
cleveland,va_long_beach,4,reliability_gated_sfda,sex,0.09374882235657422,6
cleveland,va_long_beach,4,reliability_gated_sfda,cp,0.7561816440051916,1
cleveland,va_long_beach,4,reliability_gated_sfda,trestbps,0.18592512481380255,5
cleveland,va_long_beach,4,reliability_gated_sfda,restecg,0.07727750937330707,7
cleveland,va_long_beach,4,reliability_gated_sfda,thalach,0.5660337815061212,2
cleveland,va_long_beach,4,reliability_gated_sfda,exang,0.463249691426754,4
cleveland,va_long_beach,4,reliability_gated_sfda,oldpeak,0.559805641034618,3
cleveland,va_long_beach,4,source_only,age,0.0590395222298684,8
cleveland,va_long_beach,4,source_only,sex,0.09334112547338007,6
cleveland,va_long_beach,4,source_only,cp,0.7401948759040897,1
cleveland,va_long_beach,4,source_only,trestbps,0.18127849171403795,5
cleveland,va_long_beach,4,source_only,restecg,0.07609675520623566,7
cleveland,va_long_beach,4,source_only,thalach,0.5515820553991944,2
cleveland,va_long_beach,4,source_only,exang,0.45131584741175174,4
cleveland,va_long_beach,4,source_only,oldpeak,0.5490908149629832,3
cleveland,va_long_beach,5,conservative_candidate,age,0.04982513761642617,8
cleveland,va_long_beach,5,conservative_candidate,sex,0.06512213377282022,6
cleveland,va_long_beach,5,conservative_candidate,cp,0.6652987271826715,1
cleveland,va_long_beach,5,conservative_candidate,trestbps,0.0837373866466805,5
cleveland,va_long_beach,5,conservative_candidate,restecg,0.05785715359204909,7
cleveland,va_long_beach,5,conservative_candidate,thalach,0.49469099528621885,2
cleveland,va_long_beach,5,conservative_candidate,exang,0.386050174664706,3
cleveland,va_long_beach,5,conservative_candidate,oldpeak,0.3833996746642515,4
cleveland,va_long_beach,5,entropy_sfda,age,0.05377585090311181,8
cleveland,va_long_beach,5,entropy_sfda,sex,0.06748440496623515,6
cleveland,va_long_beach,5,entropy_sfda,cp,0.7111612122226506,1
cleveland,va_long_beach,5,entropy_sfda,trestbps,0.09454300310986578,5
cleveland,va_long_beach,5,entropy_sfda,restecg,0.06520456448270119,7
cleveland,va_long_beach,5,entropy_sfda,thalach,0.5592101196339354,2
cleveland,va_long_beach,5,entropy_sfda,exang,0.41645384608302266,3
cleveland,va_long_beach,5,entropy_sfda,oldpeak,0.41225901044905183,4
cleveland,va_long_beach,5,pseudo_label_sfda,age,0.052912276583810994,8
cleveland,va_long_beach,5,pseudo_label_sfda,sex,0.06892330532427876,6
cleveland,va_long_beach,5,pseudo_label_sfda,cp,0.7064740914781578,1
cleveland,va_long_beach,5,pseudo_label_sfda,trestbps,0.09999884130316783,5
cleveland,va_long_beach,5,pseudo_label_sfda,restecg,0.06313568183802996,7
cleveland,va_long_beach,5,pseudo_label_sfda,thalach,0.5491251981025562,2
cleveland,va_long_beach,5,pseudo_label_sfda,exang,0.4225890131108463,3
cleveland,va_long_beach,5,pseudo_label_sfda,oldpeak,0.4198994854697958,4
cleveland,va_long_beach,5,reliability_gated_sfda,age,0.050939327589294356,8
cleveland,va_long_beach,5,reliability_gated_sfda,sex,0.06664578173775225,6
cleveland,va_long_beach,5,reliability_gated_sfda,cp,0.6882538181450218,1
cleveland,va_long_beach,5,reliability_gated_sfda,trestbps,0.08768605580087747,5
cleveland,va_long_beach,5,reliability_gated_sfda,restecg,0.05964570378419008,7
cleveland,va_long_beach,5,reliability_gated_sfda,thalach,0.5072535608476028,2
cleveland,va_long_beach,5,reliability_gated_sfda,exang,0.39581988853402433,3
cleveland,va_long_beach,5,reliability_gated_sfda,oldpeak,0.3926912767020985,4
cleveland,va_long_beach,5,source_only,age,0.05111673585954117,8
cleveland,va_long_beach,5,source_only,sex,0.06650420545600354,6
cleveland,va_long_beach,5,source_only,cp,0.6774820892908611,1
cleveland,va_long_beach,5,source_only,trestbps,0.0850681317504495,5
cleveland,va_long_beach,5,source_only,restecg,0.05872684717556691,7
cleveland,va_long_beach,5,source_only,thalach,0.4972023867536336,2
cleveland,va_long_beach,5,source_only,exang,0.38740818665362897,3
cleveland,va_long_beach,5,source_only,oldpeak,0.3865567171759903,4
cleveland,va_long_beach,6,conservative_candidate,age,0.05300528268568081,8
cleveland,va_long_beach,6,conservative_candidate,sex,0.061995440260507156,7
cleveland,va_long_beach,6,conservative_candidate,cp,0.5637311254907399,1
cleveland,va_long_beach,6,conservative_candidate,trestbps,0.1582577455311548,5
cleveland,va_long_beach,6,conservative_candidate,restecg,0.10321366855729135,6
cleveland,va_long_beach,6,conservative_candidate,thalach,0.3949848557426594,3
cleveland,va_long_beach,6,conservative_candidate,exang,0.3962296753935516,2
cleveland,va_long_beach,6,conservative_candidate,oldpeak,0.38744656957685947,4
cleveland,va_long_beach,6,entropy_sfda,age,0.08052312406822235,7
cleveland,va_long_beach,6,entropy_sfda,sex,0.0667551091313362,8
cleveland,va_long_beach,6,entropy_sfda,cp,0.6369839268899523,1
cleveland,va_long_beach,6,entropy_sfda,trestbps,0.17428392879432067,5
cleveland,va_long_beach,6,entropy_sfda,restecg,0.11426516129868101,6
cleveland,va_long_beach,6,entropy_sfda,thalach,0.4621074520028196,2
cleveland,va_long_beach,6,entropy_sfda,exang,0.4361073957942426,3
cleveland,va_long_beach,6,entropy_sfda,oldpeak,0.435757435914129,4
cleveland,va_long_beach,6,pseudo_label_sfda,age,0.06760570014885156,7
cleveland,va_long_beach,6,pseudo_label_sfda,sex,0.06635048707481472,8
cleveland,va_long_beach,6,pseudo_label_sfda,cp,0.6075971319293604,1
cleveland,va_long_beach,6,pseudo_label_sfda,trestbps,0.17743611739075277,5
cleveland,va_long_beach,6,pseudo_label_sfda,restecg,0.11190889712655913,6
cleveland,va_long_beach,6,pseudo_label_sfda,thalach,0.43660881806514223,2
cleveland,va_long_beach,6,pseudo_label_sfda,exang,0.4310306994244456,3
cleveland,va_long_beach,6,pseudo_label_sfda,oldpeak,0.4251028735097498,4
cleveland,va_long_beach,6,reliability_gated_sfda,age,0.05396996175691124,8
cleveland,va_long_beach,6,reliability_gated_sfda,sex,0.06317881648428736,7
cleveland,va_long_beach,6,reliability_gated_sfda,cp,0.5840381865110248,1
cleveland,va_long_beach,6,reliability_gated_sfda,trestbps,0.1626505021430785,5
cleveland,va_long_beach,6,reliability_gated_sfda,restecg,0.10577406621479891,6
cleveland,va_long_beach,6,reliability_gated_sfda,thalach,0.4091181424667593,2
cleveland,va_long_beach,6,reliability_gated_sfda,exang,0.4083558340743184,3
cleveland,va_long_beach,6,reliability_gated_sfda,oldpeak,0.3970213494356722,4
cleveland,va_long_beach,6,source_only,age,0.05263097937247943,8
cleveland,va_long_beach,6,source_only,sex,0.06281131707597523,7
cleveland,va_long_beach,6,source_only,cp,0.5701746047683991,1
cleveland,va_long_beach,6,source_only,trestbps,0.15927615502674597,5
cleveland,va_long_beach,6,source_only,restecg,0.10393697723862712,6
cleveland,va_long_beach,6,source_only,thalach,0.3983643126615789,3
cleveland,va_long_beach,6,source_only,exang,0.39868270872160794,2
cleveland,va_long_beach,6,source_only,oldpeak,0.38925063295755535,4
cleveland,va_long_beach,7,conservative_candidate,age,0.04761321358935669,8
cleveland,va_long_beach,7,conservative_candidate,sex,0.12400925148278473,5
cleveland,va_long_beach,7,conservative_candidate,cp,0.6136685959389433,1
cleveland,va_long_beach,7,conservative_candidate,trestbps,0.06871874737436878,7
cleveland,va_long_beach,7,conservative_candidate,restecg,0.08363375814951719,6
cleveland,va_long_beach,7,conservative_candidate,thalach,0.3995134018734097,4
cleveland,va_long_beach,7,conservative_candidate,exang,0.41461112674325706,3
cleveland,va_long_beach,7,conservative_candidate,oldpeak,0.47151043961872346,2
cleveland,va_long_beach,7,entropy_sfda,age,0.06999375115818107,8
cleveland,va_long_beach,7,entropy_sfda,sex,0.13596894778311253,5
cleveland,va_long_beach,7,entropy_sfda,cp,0.6913263997575269,1
cleveland,va_long_beach,7,entropy_sfda,trestbps,0.0798259332583984,7
cleveland,va_long_beach,7,entropy_sfda,restecg,0.08446121866581958,6
cleveland,va_long_beach,7,entropy_sfda,thalach,0.48083667070604863,3
cleveland,va_long_beach,7,entropy_sfda,exang,0.4643943354859948,4
cleveland,va_long_beach,7,entropy_sfda,oldpeak,0.5155605222738814,2
cleveland,va_long_beach,7,pseudo_label_sfda,age,0.06599616328094267,8
cleveland,va_long_beach,7,pseudo_label_sfda,sex,0.13389488786458967,5
cleveland,va_long_beach,7,pseudo_label_sfda,cp,0.6720796441170387,1
cleveland,va_long_beach,7,pseudo_label_sfda,trestbps,0.08532486816737216,7
cleveland,va_long_beach,7,pseudo_label_sfda,restecg,0.08656330736645028,6
cleveland,va_long_beach,7,pseudo_label_sfda,thalach,0.4511829542508349,4
cleveland,va_long_beach,7,pseudo_label_sfda,exang,0.461494909375906,3
cleveland,va_long_beach,7,pseudo_label_sfda,oldpeak,0.5136487647239119,2
cleveland,va_long_beach,7,reliability_gated_sfda,age,0.04885641779837892,8
cleveland,va_long_beach,7,reliability_gated_sfda,sex,0.12677876380272207,5
cleveland,va_long_beach,7,reliability_gated_sfda,cp,0.6347345118317753,1
cleveland,va_long_beach,7,reliability_gated_sfda,trestbps,0.07461306507444529,7
cleveland,va_long_beach,7,reliability_gated_sfda,restecg,0.08672913690446872,6
cleveland,va_long_beach,7,reliability_gated_sfda,thalach,0.41428675275761634,4
cleveland,va_long_beach,7,reliability_gated_sfda,exang,0.42904850795865057,3
cleveland,va_long_beach,7,reliability_gated_sfda,oldpeak,0.4837856704602018,2
cleveland,va_long_beach,7,source_only,age,0.048164690637422555,8
cleveland,va_long_beach,7,source_only,sex,0.1256438317708671,5
cleveland,va_long_beach,7,source_only,cp,0.6210447980230674,1
cleveland,va_long_beach,7,source_only,trestbps,0.07080325281422116,7
cleveland,va_long_beach,7,source_only,restecg,0.08577362298798104,6
cleveland,va_long_beach,7,source_only,thalach,0.4018619324918836,4
cleveland,va_long_beach,7,source_only,exang,0.4175325954332948,3
cleveland,va_long_beach,7,source_only,oldpeak,0.47555481533985583,2
cleveland,va_long_beach,8,conservative_candidate,age,0.0495054287742823,8
cleveland,va_long_beach,8,conservative_candidate,sex,0.10896272702142593,6
cleveland,va_long_beach,8,conservative_candidate,cp,0.6998983449116349,1
cleveland,va_long_beach,8,conservative_candidate,trestbps,0.1596326978970319,5
cleveland,va_long_beach,8,conservative_candidate,restecg,0.10755917964983379,7
cleveland,va_long_beach,8,conservative_candidate,thalach,0.46067813065834345,2
cleveland,va_long_beach,8,conservative_candidate,exang,0.4143868878670037,3
cleveland,va_long_beach,8,conservative_candidate,oldpeak,0.3568011075630784,4
cleveland,va_long_beach,8,entropy_sfda,age,0.06164972197904714,8
cleveland,va_long_beach,8,entropy_sfda,sex,0.11418617984279987,7
cleveland,va_long_beach,8,entropy_sfda,cp,0.7758226809091866,1
cleveland,va_long_beach,8,entropy_sfda,trestbps,0.17180009781150146,5
cleveland,va_long_beach,8,entropy_sfda,restecg,0.11625689559819871,6
cleveland,va_long_beach,8,entropy_sfda,thalach,0.5369889654964208,2
cleveland,va_long_beach,8,entropy_sfda,exang,0.4493452132306993,3
cleveland,va_long_beach,8,entropy_sfda,oldpeak,0.3919422296108678,4
cleveland,va_long_beach,8,pseudo_label_sfda,age,0.06346816028701138,8
cleveland,va_long_beach,8,pseudo_label_sfda,sex,0.11636191531084475,7
cleveland,va_long_beach,8,pseudo_label_sfda,cp,0.7632702855439857,1
cleveland,va_long_beach,8,pseudo_label_sfda,trestbps,0.1822240439010784,5
cleveland,va_long_beach,8,pseudo_label_sfda,restecg,0.1175355881778523,6
cleveland,va_long_beach,8,pseudo_label_sfda,thalach,0.5232973163854331,2
cleveland,va_long_beach,8,pseudo_label_sfda,exang,0.45387963807210324,3
cleveland,va_long_beach,8,pseudo_label_sfda,oldpeak,0.3969461044995114,4
cleveland,va_long_beach,8,reliability_gated_sfda,age,0.051848854584823086,8
cleveland,va_long_beach,8,reliability_gated_sfda,sex,0.11171242519281802,6
cleveland,va_long_beach,8,reliability_gated_sfda,cp,0.7217232344904915,1
cleveland,va_long_beach,8,reliability_gated_sfda,trestbps,0.1647485572542064,5
cleveland,va_long_beach,8,reliability_gated_sfda,restecg,0.11044723422703097,7
cleveland,va_long_beach,8,reliability_gated_sfda,thalach,0.4736056702490896,2
cleveland,va_long_beach,8,reliability_gated_sfda,exang,0.4271897509880364,3
cleveland,va_long_beach,8,reliability_gated_sfda,oldpeak,0.36893817513249816,4
cleveland,va_long_beach,8,source_only,age,0.05097824073600345,8
cleveland,va_long_beach,8,source_only,sex,0.11120176329277452,6
cleveland,va_long_beach,8,source_only,cp,0.7079514913959428,1
cleveland,va_long_beach,8,source_only,trestbps,0.16032152817817405,5
cleveland,va_long_beach,8,source_only,restecg,0.10842683630762619,7
cleveland,va_long_beach,8,source_only,thalach,0.4619300981517881,2
cleveland,va_long_beach,8,source_only,exang,0.4175083054229617,3
cleveland,va_long_beach,8,source_only,oldpeak,0.36103990326169877,4
cleveland,va_long_beach,9,conservative_candidate,age,0.05579507135349553,8
cleveland,va_long_beach,9,conservative_candidate,sex,0.09867749100551007,6
cleveland,va_long_beach,9,conservative_candidate,cp,0.7105939457472413,1
cleveland,va_long_beach,9,conservative_candidate,trestbps,0.12560745653463523,5
cleveland,va_long_beach,9,conservative_candidate,restecg,0.09087740822928023,7
cleveland,va_long_beach,9,conservative_candidate,thalach,0.36516215255483986,4
cleveland,va_long_beach,9,conservative_candidate,exang,0.3980514755100012,3
cleveland,va_long_beach,9,conservative_candidate,oldpeak,0.5256561486423016,2
cleveland,va_long_beach,9,entropy_sfda,age,0.07121186556782044,8
cleveland,va_long_beach,9,entropy_sfda,sex,0.10178908841218799,6
cleveland,va_long_beach,9,entropy_sfda,cp,0.7736551861814224,1
cleveland,va_long_beach,9,entropy_sfda,trestbps,0.12245533418958071,5
cleveland,va_long_beach,9,entropy_sfda,restecg,0.0844786784489406,7
cleveland,va_long_beach,9,entropy_sfda,thalach,0.44881419370416553,3
cleveland,va_long_beach,9,entropy_sfda,exang,0.42312404558062555,4
cleveland,va_long_beach,9,entropy_sfda,oldpeak,0.5610107799712568,2
cleveland,va_long_beach,9,pseudo_label_sfda,age,0.06394171048945278,8
cleveland,va_long_beach,9,pseudo_label_sfda,sex,0.10456639659125358,6
cleveland,va_long_beach,9,pseudo_label_sfda,cp,0.7524103859579191,1
cleveland,va_long_beach,9,pseudo_label_sfda,trestbps,0.13501533135306087,5
cleveland,va_long_beach,9,pseudo_label_sfda,restecg,0.08930250667617652,7
cleveland,va_long_beach,9,pseudo_label_sfda,thalach,0.41950023017125204,4
cleveland,va_long_beach,9,pseudo_label_sfda,exang,0.4307318194955587,3
cleveland,va_long_beach,9,pseudo_label_sfda,oldpeak,0.5736771384719759,2
cleveland,va_long_beach,9,reliability_gated_sfda,age,0.05692990830531921,8
cleveland,va_long_beach,9,reliability_gated_sfda,sex,0.10026626332197335,6
cleveland,va_long_beach,9,reliability_gated_sfda,cp,0.7327393652172759,1
cleveland,va_long_beach,9,reliability_gated_sfda,trestbps,0.1311362385237589,5
cleveland,va_long_beach,9,reliability_gated_sfda,restecg,0.09417902024288193,7
cleveland,va_long_beach,9,reliability_gated_sfda,thalach,0.3774071383383125,4
cleveland,va_long_beach,9,reliability_gated_sfda,exang,0.41201666433364154,3
cleveland,va_long_beach,9,reliability_gated_sfda,oldpeak,0.5397057265602052,2
cleveland,va_long_beach,9,source_only,age,0.05612402904167534,8
cleveland,va_long_beach,9,source_only,sex,0.09979498627129939,6
cleveland,va_long_beach,9,source_only,cp,0.7168127758288756,1
cleveland,va_long_beach,9,source_only,trestbps,0.12749710207106543,5
cleveland,va_long_beach,9,source_only,restecg,0.09273683117527977,7
cleveland,va_long_beach,9,source_only,thalach,0.3649908596882597,4
cleveland,va_long_beach,9,source_only,exang,0.40130963783711193,3
cleveland,va_long_beach,9,source_only,oldpeak,0.5290903608035297,2
hungary,cleveland,0,conservative_candidate,age,0.046957913250009184,8
hungary,cleveland,0,conservative_candidate,sex,0.5024282313981662,4
hungary,cleveland,0,conservative_candidate,cp,0.6136533581347646,2
hungary,cleveland,0,conservative_candidate,trestbps,0.10469701978425636,7
hungary,cleveland,0,conservative_candidate,restecg,0.12850820617604283,6
hungary,cleveland,0,conservative_candidate,thalach,0.22158401314992912,5
hungary,cleveland,0,conservative_candidate,exang,0.5242581749119775,3
hungary,cleveland,0,conservative_candidate,oldpeak,0.892191132324634,1
hungary,cleveland,0,entropy_sfda,age,0.04512449904255066,8
hungary,cleveland,0,entropy_sfda,sex,0.562796871245473,4
hungary,cleveland,0,entropy_sfda,cp,0.732320520860199,2
hungary,cleveland,0,entropy_sfda,trestbps,0.13789083389757448,6
hungary,cleveland,0,entropy_sfda,restecg,0.12664394109031923,7
hungary,cleveland,0,entropy_sfda,thalach,0.32968248156738456,5
hungary,cleveland,0,entropy_sfda,exang,0.6709164023005924,3
hungary,cleveland,0,entropy_sfda,oldpeak,1.1175008821470214,1
hungary,cleveland,0,pseudo_label_sfda,age,0.04709909917908123,8
hungary,cleveland,0,pseudo_label_sfda,sex,0.5802631891784397,4
hungary,cleveland,0,pseudo_label_sfda,cp,0.7523706091272802,2
hungary,cleveland,0,pseudo_label_sfda,trestbps,0.12470677915942104,7
hungary,cleveland,0,pseudo_label_sfda,restecg,0.1265185828648796,6
hungary,cleveland,0,pseudo_label_sfda,thalach,0.308031357739508,5
hungary,cleveland,0,pseudo_label_sfda,exang,0.6323157694473518,3
hungary,cleveland,0,pseudo_label_sfda,oldpeak,1.0968762103148517,1
hungary,cleveland,0,reliability_gated_sfda,age,0.04560153630197892,8
hungary,cleveland,0,reliability_gated_sfda,sex,0.5146100268124452,4
hungary,cleveland,0,reliability_gated_sfda,cp,0.6295101026521854,2
hungary,cleveland,0,reliability_gated_sfda,trestbps,0.1076863985985099,7
hungary,cleveland,0,reliability_gated_sfda,restecg,0.12789345578299738,6
hungary,cleveland,0,reliability_gated_sfda,thalach,0.22951088653164287,5
hungary,cleveland,0,reliability_gated_sfda,exang,0.534874315481178,3
hungary,cleveland,0,reliability_gated_sfda,oldpeak,0.914662015778028,1
hungary,cleveland,0,source_only,age,0.0475662802463234,8
hungary,cleveland,0,source_only,sex,0.5075942691317191,4
hungary,cleveland,0,source_only,cp,0.612924577109093,2
hungary,cleveland,0,source_only,trestbps,0.10507094083580941,7
hungary,cleveland,0,source_only,restecg,0.1312591505472059,6
hungary,cleveland,0,source_only,thalach,0.21769006814955189,5
hungary,cleveland,0,source_only,exang,0.5232494738284904,3
hungary,cleveland,0,source_only,oldpeak,0.8920537776040165,1
hungary,cleveland,1,conservative_candidate,age,0.11759470526756031,6
hungary,cleveland,1,conservative_candidate,sex,0.5296883005256958,3
hungary,cleveland,1,conservative_candidate,cp,0.7409333272285955,2
hungary,cleveland,1,conservative_candidate,trestbps,0.042712584909792364,8
hungary,cleveland,1,conservative_candidate,restecg,0.06118354640006646,7
hungary,cleveland,1,conservative_candidate,thalach,0.2733002070186924,5
hungary,cleveland,1,conservative_candidate,exang,0.5051999900846591,4
hungary,cleveland,1,conservative_candidate,oldpeak,0.8944684039530876,1
hungary,cleveland,1,entropy_sfda,age,0.1193678466251224,6
hungary,cleveland,1,entropy_sfda,sex,0.5885998443723426,4
hungary,cleveland,1,entropy_sfda,cp,0.8452219839234291,2
hungary,cleveland,1,entropy_sfda,trestbps,0.05986782387846065,8
hungary,cleveland,1,entropy_sfda,restecg,0.06275338499281219,7
hungary,cleveland,1,entropy_sfda,thalach,0.3874688132915019,5
hungary,cleveland,1,entropy_sfda,exang,0.6334680072938649,3
hungary,cleveland,1,entropy_sfda,oldpeak,1.1009642461148819,1
hungary,cleveland,1,pseudo_label_sfda,age,0.11999927388800752,6
hungary,cleveland,1,pseudo_label_sfda,sex,0.6243289798565774,4
hungary,cleveland,1,pseudo_label_sfda,cp,0.8890871327700008,2
hungary,cleveland,1,pseudo_label_sfda,trestbps,0.06079163180438262,8
hungary,cleveland,1,pseudo_label_sfda,restecg,0.0683586817648163,7
hungary,cleveland,1,pseudo_label_sfda,thalach,0.37393989235396335,5
hungary,cleveland,1,pseudo_label_sfda,exang,0.6253271573300015,3
hungary,cleveland,1,pseudo_label_sfda,oldpeak,1.112223099247113,1
hungary,cleveland,1,reliability_gated_sfda,age,0.11758209657782327,6
hungary,cleveland,1,reliability_gated_sfda,sex,0.5429296583012545,3
hungary,cleveland,1,reliability_gated_sfda,cp,0.7601570436479228,2
hungary,cleveland,1,reliability_gated_sfda,trestbps,0.04475300480006873,8
hungary,cleveland,1,reliability_gated_sfda,restecg,0.06212595754138592,7
hungary,cleveland,1,reliability_gated_sfda,thalach,0.2814189734831821,5
hungary,cleveland,1,reliability_gated_sfda,exang,0.517571264441454,4
hungary,cleveland,1,reliability_gated_sfda,oldpeak,0.9149844329558289,1
hungary,cleveland,1,source_only,age,0.11828628036027566,6
hungary,cleveland,1,source_only,sex,0.5348208781374809,3
hungary,cleveland,1,source_only,cp,0.7457649738893986,2
hungary,cleveland,1,source_only,trestbps,0.042737455569571085,8
hungary,cleveland,1,source_only,restecg,0.062089251123042886,7
hungary,cleveland,1,source_only,thalach,0.2712388892470561,5
hungary,cleveland,1,source_only,exang,0.5054876468215052,4
hungary,cleveland,1,source_only,oldpeak,0.8951449026676392,1
hungary,cleveland,2,conservative_candidate,age,0.1009441824647576,6
hungary,cleveland,2,conservative_candidate,sex,0.5705475323148096,3
hungary,cleveland,2,conservative_candidate,cp,0.669408500193457,2
hungary,cleveland,2,conservative_candidate,trestbps,0.09677081710598258,8
hungary,cleveland,2,conservative_candidate,restecg,0.09910712255272171,7
hungary,cleveland,2,conservative_candidate,thalach,0.292918042513379,5
hungary,cleveland,2,conservative_candidate,exang,0.49125658339596423,4
hungary,cleveland,2,conservative_candidate,oldpeak,0.8720508747712614,1
hungary,cleveland,2,entropy_sfda,age,0.1006786664740394,7
hungary,cleveland,2,entropy_sfda,sex,0.6497749659192837,3
hungary,cleveland,2,entropy_sfda,cp,0.7801222167323947,2
hungary,cleveland,2,entropy_sfda,trestbps,0.15047504195348715,6
hungary,cleveland,2,entropy_sfda,restecg,0.09735604969895265,8
hungary,cleveland,2,entropy_sfda,thalach,0.3937938556047433,5
hungary,cleveland,2,entropy_sfda,exang,0.6385020835466511,4
hungary,cleveland,2,entropy_sfda,oldpeak,1.1010303764232117,1
hungary,cleveland,2,pseudo_label_sfda,age,0.08911224918612105,8
hungary,cleveland,2,pseudo_label_sfda,sex,0.6751018092650981,3
hungary,cleveland,2,pseudo_label_sfda,cp,0.8095637333782439,2
hungary,cleveland,2,pseudo_label_sfda,trestbps,0.12657047928466147,6
hungary,cleveland,2,pseudo_label_sfda,restecg,0.10376908368563195,7
hungary,cleveland,2,pseudo_label_sfda,thalach,0.3801241847732575,5
hungary,cleveland,2,pseudo_label_sfda,exang,0.6045033323145149,4
hungary,cleveland,2,pseudo_label_sfda,oldpeak,1.0942071010496948,1
hungary,cleveland,2,reliability_gated_sfda,age,0.09922380627401126,8
hungary,cleveland,2,reliability_gated_sfda,sex,0.5815585677453591,3
hungary,cleveland,2,reliability_gated_sfda,cp,0.6835944949772678,2
hungary,cleveland,2,reliability_gated_sfda,trestbps,0.1000354639037432,6
hungary,cleveland,2,reliability_gated_sfda,restecg,0.0995473279093281,7
hungary,cleveland,2,reliability_gated_sfda,thalach,0.30175761681468083,5
hungary,cleveland,2,reliability_gated_sfda,exang,0.5001960180380164,4
hungary,cleveland,2,reliability_gated_sfda,oldpeak,0.8918572878987581,1
hungary,cleveland,2,source_only,age,0.1052946431805124,6
hungary,cleveland,2,source_only,sex,0.5719156302019904,3
hungary,cleveland,2,source_only,cp,0.6682060076244231,2
hungary,cleveland,2,source_only,trestbps,0.09619476510943355,8
hungary,cleveland,2,source_only,restecg,0.10139441221034942,7
hungary,cleveland,2,source_only,thalach,0.2909274725735237,5
hungary,cleveland,2,source_only,exang,0.48853823645870287,4
hungary,cleveland,2,source_only,oldpeak,0.8676181328928608,1
hungary,cleveland,3,conservative_candidate,age,0.10169576313700092,6
hungary,cleveland,3,conservative_candidate,sex,0.634913704416441,3
hungary,cleveland,3,conservative_candidate,cp,0.6721188468705781,2
hungary,cleveland,3,conservative_candidate,trestbps,0.0712690307234687,8
hungary,cleveland,3,conservative_candidate,restecg,0.07247338426320904,7
hungary,cleveland,3,conservative_candidate,thalach,0.3159945032439462,5
hungary,cleveland,3,conservative_candidate,exang,0.6139917789217663,4
hungary,cleveland,3,conservative_candidate,oldpeak,0.8315343352975232,1
hungary,cleveland,3,entropy_sfda,age,0.10086683792841275,6
hungary,cleveland,3,entropy_sfda,sex,0.7365670781275226,4
hungary,cleveland,3,entropy_sfda,cp,0.7474920453147182,3
hungary,cleveland,3,entropy_sfda,trestbps,0.08271869147625184,8
hungary,cleveland,3,entropy_sfda,restecg,0.09722113719044045,7
hungary,cleveland,3,entropy_sfda,thalach,0.476171546692502,5
hungary,cleveland,3,entropy_sfda,exang,0.7789324477757558,2
hungary,cleveland,3,entropy_sfda,oldpeak,1.0142172149969604,1
hungary,cleveland,3,pseudo_label_sfda,age,0.09925741176566617,6
hungary,cleveland,3,pseudo_label_sfda,sex,0.744361021472971,4
hungary,cleveland,3,pseudo_label_sfda,cp,0.7890339434245719,2
hungary,cleveland,3,pseudo_label_sfda,trestbps,0.08163016567140408,8
hungary,cleveland,3,pseudo_label_sfda,restecg,0.09142934900294315,7
hungary,cleveland,3,pseudo_label_sfda,thalach,0.4443437267531312,5
hungary,cleveland,3,pseudo_label_sfda,exang,0.7595708698231002,3
hungary,cleveland,3,pseudo_label_sfda,oldpeak,1.0190357830400023,1
hungary,cleveland,3,reliability_gated_sfda,age,0.10012216292776581,6
hungary,cleveland,3,reliability_gated_sfda,sex,0.6448494481297806,3
hungary,cleveland,3,reliability_gated_sfda,cp,0.6844164481816712,2
hungary,cleveland,3,reliability_gated_sfda,trestbps,0.07193303102144825,8
hungary,cleveland,3,reliability_gated_sfda,restecg,0.07318498615003355,7
hungary,cleveland,3,reliability_gated_sfda,thalach,0.3266666574963052,5
hungary,cleveland,3,reliability_gated_sfda,exang,0.6255108646237024,4
hungary,cleveland,3,reliability_gated_sfda,oldpeak,0.8460601118912693,1
hungary,cleveland,3,source_only,age,0.10312170406462307,6
hungary,cleveland,3,source_only,sex,0.634336784531181,3
hungary,cleveland,3,source_only,cp,0.6720595769042444,2
hungary,cleveland,3,source_only,trestbps,0.0709028710040998,8
hungary,cleveland,3,source_only,restecg,0.07248305423090998,7
hungary,cleveland,3,source_only,thalach,0.312327179028084,5
hungary,cleveland,3,source_only,exang,0.6107884491532549,4
hungary,cleveland,3,source_only,oldpeak,0.8270221623675068,1
hungary,cleveland,4,conservative_candidate,age,0.06220792353125561,8
hungary,cleveland,4,conservative_candidate,sex,0.440372957702013,4
hungary,cleveland,4,conservative_candidate,cp,0.707518814643384,2
hungary,cleveland,4,conservative_candidate,trestbps,0.1292353228842816,7
hungary,cleveland,4,conservative_candidate,restecg,0.14078117879115273,6
hungary,cleveland,4,conservative_candidate,thalach,0.2193092105805677,5
hungary,cleveland,4,conservative_candidate,exang,0.4911591802530064,3
hungary,cleveland,4,conservative_candidate,oldpeak,0.9194614540404416,1
hungary,cleveland,4,entropy_sfda,age,0.07550485345777795,8
hungary,cleveland,4,entropy_sfda,sex,0.4998998055203815,4
hungary,cleveland,4,entropy_sfda,cp,0.8459212574585289,2
hungary,cleveland,4,entropy_sfda,trestbps,0.17257843347936377,6
hungary,cleveland,4,entropy_sfda,restecg,0.152405947775706,7
hungary,cleveland,4,entropy_sfda,thalach,0.3442926257879476,5
hungary,cleveland,4,entropy_sfda,exang,0.6443732796181546,3
hungary,cleveland,4,entropy_sfda,oldpeak,1.1533304292481183,1
hungary,cleveland,4,pseudo_label_sfda,age,0.06475436298073674,8
hungary,cleveland,4,pseudo_label_sfda,sex,0.5116137749190433,4
hungary,cleveland,4,pseudo_label_sfda,cp,0.854126477371225,2
hungary,cleveland,4,pseudo_label_sfda,trestbps,0.16572598302306565,6
hungary,cleveland,4,pseudo_label_sfda,restecg,0.15388434323199432,7
hungary,cleveland,4,pseudo_label_sfda,thalach,0.30646297634692965,5
hungary,cleveland,4,pseudo_label_sfda,exang,0.6061575327425113,3
hungary,cleveland,4,pseudo_label_sfda,oldpeak,1.1294531014628044,1
hungary,cleveland,4,reliability_gated_sfda,age,0.06077589409699791,8
hungary,cleveland,4,reliability_gated_sfda,sex,0.45020656031594847,4
hungary,cleveland,4,reliability_gated_sfda,cp,0.7227992159206875,2
hungary,cleveland,4,reliability_gated_sfda,trestbps,0.1351485198594955,7
hungary,cleveland,4,reliability_gated_sfda,restecg,0.14167261023762887,6
hungary,cleveland,4,reliability_gated_sfda,thalach,0.22739755966248784,5
hungary,cleveland,4,reliability_gated_sfda,exang,0.5028728237221933,3
hungary,cleveland,4,reliability_gated_sfda,oldpeak,0.9400480545737563,1
hungary,cleveland,4,source_only,age,0.06202454993708005,8
hungary,cleveland,4,source_only,sex,0.4427318277687338,4
hungary,cleveland,4,source_only,cp,0.7068831947660565,2
hungary,cleveland,4,source_only,trestbps,0.128947050214523,7
hungary,cleveland,4,source_only,restecg,0.14289570997527523,6
hungary,cleveland,4,source_only,thalach,0.21618822858462927,5
hungary,cleveland,4,source_only,exang,0.49029338099800124,3
hungary,cleveland,4,source_only,oldpeak,0.9170760896222869,1
hungary,cleveland,5,conservative_candidate,age,0.0638538624176128,7
hungary,cleveland,5,conservative_candidate,sex,0.49096725257144314,3
hungary,cleveland,5,conservative_candidate,cp,0.6046503760556847,2
hungary,cleveland,5,conservative_candidate,trestbps,0.06093966762194092,8
hungary,cleveland,5,conservative_candidate,restecg,0.17416880489480696,6
hungary,cleveland,5,conservative_candidate,thalach,0.264187317389208,5
hungary,cleveland,5,conservative_candidate,exang,0.4614697659000902,4
hungary,cleveland,5,conservative_candidate,oldpeak,0.8470588029967775,1
hungary,cleveland,5,entropy_sfda,age,0.08744035395693718,7
hungary,cleveland,5,entropy_sfda,sex,0.5443430873742112,4
hungary,cleveland,5,entropy_sfda,cp,0.6804204489636195,2
hungary,cleveland,5,entropy_sfda,trestbps,0.073060454957098,8
hungary,cleveland,5,entropy_sfda,restecg,0.18495501424554772,6
hungary,cleveland,5,entropy_sfda,thalach,0.37438414121360175,5
hungary,cleveland,5,entropy_sfda,exang,0.5798384265685239,3
hungary,cleveland,5,entropy_sfda,oldpeak,1.0482469640008294,1
hungary,cleveland,5,pseudo_label_sfda,age,0.07045613235691035,8
hungary,cleveland,5,pseudo_label_sfda,sex,0.5586381088754027,4
hungary,cleveland,5,pseudo_label_sfda,cp,0.7131715735025618,2
hungary,cleveland,5,pseudo_label_sfda,trestbps,0.07642297934212106,7
hungary,cleveland,5,pseudo_label_sfda,restecg,0.19595227681220242,6
hungary,cleveland,5,pseudo_label_sfda,thalach,0.3506968066698746,5
hungary,cleveland,5,pseudo_label_sfda,exang,0.5658670191963514,3
hungary,cleveland,5,pseudo_label_sfda,oldpeak,1.0413607024824363,1
hungary,cleveland,5,reliability_gated_sfda,age,0.06271208263933654,7
hungary,cleveland,5,reliability_gated_sfda,sex,0.4997243259975029,3
hungary,cleveland,5,reliability_gated_sfda,cp,0.6171442628968753,2
hungary,cleveland,5,reliability_gated_sfda,trestbps,0.06264566108061875,8
hungary,cleveland,5,reliability_gated_sfda,restecg,0.1771354862940636,6
hungary,cleveland,5,reliability_gated_sfda,thalach,0.2719311585984878,5
hungary,cleveland,5,reliability_gated_sfda,exang,0.4714147068019157,4
hungary,cleveland,5,reliability_gated_sfda,oldpeak,0.8640183118838977,1
hungary,cleveland,5,source_only,age,0.06504174307827824,7
hungary,cleveland,5,source_only,sex,0.4933445578173614,3
hungary,cleveland,5,source_only,cp,0.6057724193485435,2
hungary,cleveland,5,source_only,trestbps,0.0612399058619924,8
hungary,cleveland,5,source_only,restecg,0.17466815738868052,6
hungary,cleveland,5,source_only,thalach,0.26192124688186413,5
hungary,cleveland,5,source_only,exang,0.46082772283811774,4
hungary,cleveland,5,source_only,oldpeak,0.8454313996699777,1
hungary,cleveland,6,conservative_candidate,age,0.12007226306397967,7
hungary,cleveland,6,conservative_candidate,sex,0.44647121414689733,4
hungary,cleveland,6,conservative_candidate,cp,0.6627549808917117,2
hungary,cleveland,6,conservative_candidate,trestbps,0.11988228615665367,8
hungary,cleveland,6,conservative_candidate,restecg,0.17671228754841306,5
hungary,cleveland,6,conservative_candidate,thalach,0.12243017952323644,6
hungary,cleveland,6,conservative_candidate,exang,0.551526251823792,3
hungary,cleveland,6,conservative_candidate,oldpeak,0.9386275837031921,1
hungary,cleveland,6,entropy_sfda,age,0.10532444781276451,8
hungary,cleveland,6,entropy_sfda,sex,0.5160564539443837,4
hungary,cleveland,6,entropy_sfda,cp,0.80533913311615,2
hungary,cleveland,6,entropy_sfda,trestbps,0.1355549443567712,7
hungary,cleveland,6,entropy_sfda,restecg,0.19145641482639567,6
hungary,cleveland,6,entropy_sfda,thalach,0.2536733340811624,5
hungary,cleveland,6,entropy_sfda,exang,0.7065159120034463,3
hungary,cleveland,6,entropy_sfda,oldpeak,1.206036518841195,1
hungary,cleveland,6,pseudo_label_sfda,age,0.12701175391647912,8
hungary,cleveland,6,pseudo_label_sfda,sex,0.5185147584861655,4
hungary,cleveland,6,pseudo_label_sfda,cp,0.8028771853735607,2
hungary,cleveland,6,pseudo_label_sfda,trestbps,0.14023308057327236,7
hungary,cleveland,6,pseudo_label_sfda,restecg,0.18600155205255306,6
hungary,cleveland,6,pseudo_label_sfda,thalach,0.20895278422168084,5
hungary,cleveland,6,pseudo_label_sfda,exang,0.6695035412268276,3
hungary,cleveland,6,pseudo_label_sfda,oldpeak,1.1552290341020761,1
hungary,cleveland,6,reliability_gated_sfda,age,0.12180231058072577,8
hungary,cleveland,6,reliability_gated_sfda,sex,0.4558435251856401,4
hungary,cleveland,6,reliability_gated_sfda,cp,0.6772595550329684,2
hungary,cleveland,6,reliability_gated_sfda,trestbps,0.12223926877523017,7
hungary,cleveland,6,reliability_gated_sfda,restecg,0.17798807901180833,5
hungary,cleveland,6,reliability_gated_sfda,thalach,0.1312366694345664,6
hungary,cleveland,6,reliability_gated_sfda,exang,0.5650080085882653,3
hungary,cleveland,6,reliability_gated_sfda,oldpeak,0.958339987482519,1
hungary,cleveland,6,source_only,age,0.11918562257327381,7
hungary,cleveland,6,source_only,sex,0.4477534042210272,4
hungary,cleveland,6,source_only,cp,0.6606366515737889,2
hungary,cleveland,6,source_only,trestbps,0.11871485327095367,8
hungary,cleveland,6,source_only,restecg,0.17820375046762715,5
hungary,cleveland,6,source_only,thalach,0.11948787776996121,6
hungary,cleveland,6,source_only,exang,0.5541024628055371,3
hungary,cleveland,6,source_only,oldpeak,0.9338696444585378,1
hungary,cleveland,7,conservative_candidate,age,0.05559140350976985,8
hungary,cleveland,7,conservative_candidate,sex,0.5860161801597269,3
hungary,cleveland,7,conservative_candidate,cp,0.6391949499469318,2
hungary,cleveland,7,conservative_candidate,trestbps,0.10594948810289331,7
hungary,cleveland,7,conservative_candidate,restecg,0.21398708426321908,6
hungary,cleveland,7,conservative_candidate,thalach,0.32668360075206426,5
hungary,cleveland,7,conservative_candidate,exang,0.5090024890777695,4
hungary,cleveland,7,conservative_candidate,oldpeak,0.8438598019971509,1
hungary,cleveland,7,entropy_sfda,age,0.06797012527537237,8
hungary,cleveland,7,entropy_sfda,sex,0.6688242327089947,3
hungary,cleveland,7,entropy_sfda,cp,0.7277324185919911,2
hungary,cleveland,7,entropy_sfda,trestbps,0.1683281868142567,7
hungary,cleveland,7,entropy_sfda,restecg,0.24428844906903635,6
hungary,cleveland,7,entropy_sfda,thalach,0.4646738067456819,5
hungary,cleveland,7,entropy_sfda,exang,0.6478328561723823,4
hungary,cleveland,7,entropy_sfda,oldpeak,1.0750013554096836,1
hungary,cleveland,7,pseudo_label_sfda,age,0.059988526812802166,8
hungary,cleveland,7,pseudo_label_sfda,sex,0.6920430616109875,3
hungary,cleveland,7,pseudo_label_sfda,cp,0.7633522765328854,2
hungary,cleveland,7,pseudo_label_sfda,trestbps,0.1450899043564445,7
hungary,cleveland,7,pseudo_label_sfda,restecg,0.2471815631175235,6
hungary,cleveland,7,pseudo_label_sfda,thalach,0.43786365142946587,5
hungary,cleveland,7,pseudo_label_sfda,exang,0.6274919479888658,4
hungary,cleveland,7,pseudo_label_sfda,oldpeak,1.061403009803849,1
hungary,cleveland,7,reliability_gated_sfda,age,0.054831011090661956,8
hungary,cleveland,7,reliability_gated_sfda,sex,0.5985981896273768,3
hungary,cleveland,7,reliability_gated_sfda,cp,0.6525291325847185,2
hungary,cleveland,7,reliability_gated_sfda,trestbps,0.11026114355730467,7
hungary,cleveland,7,reliability_gated_sfda,restecg,0.21628118125092574,6
hungary,cleveland,7,reliability_gated_sfda,thalach,0.3367598352833918,5
hungary,cleveland,7,reliability_gated_sfda,exang,0.5199430708346193,4
hungary,cleveland,7,reliability_gated_sfda,oldpeak,0.8626978365587618,1
hungary,cleveland,7,source_only,age,0.056113433240801,8
hungary,cleveland,7,source_only,sex,0.5884293838474813,3
hungary,cleveland,7,source_only,cp,0.6398453589026638,2
hungary,cleveland,7,source_only,trestbps,0.10699513462766318,7
hungary,cleveland,7,source_only,restecg,0.21582194138848387,6
hungary,cleveland,7,source_only,thalach,0.3247078807714085,5
hungary,cleveland,7,source_only,exang,0.5093531467684425,4
hungary,cleveland,7,source_only,oldpeak,0.8400061876749737,1
hungary,cleveland,8,conservative_candidate,age,0.10439566116996732,6
hungary,cleveland,8,conservative_candidate,sex,0.4784526176590829,3
hungary,cleveland,8,conservative_candidate,cp,0.6831059138101697,2
hungary,cleveland,8,conservative_candidate,trestbps,0.07142147080832166,7
hungary,cleveland,8,conservative_candidate,restecg,0.029288371385569965,8
hungary,cleveland,8,conservative_candidate,thalach,0.2095094944224401,5
hungary,cleveland,8,conservative_candidate,exang,0.4283983124168006,4
hungary,cleveland,8,conservative_candidate,oldpeak,0.8170166380408377,1
hungary,cleveland,8,entropy_sfda,age,0.14221062228658382,6
hungary,cleveland,8,entropy_sfda,sex,0.5526590570346406,4
hungary,cleveland,8,entropy_sfda,cp,0.7905593021201676,2
hungary,cleveland,8,entropy_sfda,trestbps,0.07871099750791048,7
hungary,cleveland,8,entropy_sfda,restecg,0.04162526233682693,8
hungary,cleveland,8,entropy_sfda,thalach,0.31776748159623674,5
hungary,cleveland,8,entropy_sfda,exang,0.5562697347290445,3
hungary,cleveland,8,entropy_sfda,oldpeak,1.0663029796170322,1
hungary,cleveland,8,pseudo_label_sfda,age,0.11534046109538312,6
hungary,cleveland,8,pseudo_label_sfda,sex,0.5625657868746778,3
hungary,cleveland,8,pseudo_label_sfda,cp,0.8183706536159655,2
hungary,cleveland,8,pseudo_label_sfda,trestbps,0.07743512853736471,7
hungary,cleveland,8,pseudo_label_sfda,restecg,0.034901018460394874,8
hungary,cleveland,8,pseudo_label_sfda,thalach,0.2890742813727262,5
hungary,cleveland,8,pseudo_label_sfda,exang,0.5333657874280077,4
hungary,cleveland,8,pseudo_label_sfda,oldpeak,1.0197243620411005,1
hungary,cleveland,8,reliability_gated_sfda,age,0.10314486335414355,6
hungary,cleveland,8,reliability_gated_sfda,sex,0.4885215714217314,3
hungary,cleveland,8,reliability_gated_sfda,cp,0.6989084581282892,2
hungary,cleveland,8,reliability_gated_sfda,trestbps,0.07214460020937503,7
hungary,cleveland,8,reliability_gated_sfda,restecg,0.029096746618210878,8
hungary,cleveland,8,reliability_gated_sfda,thalach,0.21644978132252596,5
hungary,cleveland,8,reliability_gated_sfda,exang,0.4381050985835173,4
hungary,cleveland,8,reliability_gated_sfda,oldpeak,0.8346786715655831,1
hungary,cleveland,8,source_only,age,0.1077861641735382,6
hungary,cleveland,8,source_only,sex,0.4808408122866264,3
hungary,cleveland,8,source_only,cp,0.68349803993367,2
hungary,cleveland,8,source_only,trestbps,0.07136203091547984,7
hungary,cleveland,8,source_only,restecg,0.02994351531282868,8
hungary,cleveland,8,source_only,thalach,0.20496455631941163,5
hungary,cleveland,8,source_only,exang,0.4270494545351948,4
hungary,cleveland,8,source_only,oldpeak,0.812843795718238,1
hungary,cleveland,9,conservative_candidate,age,0.10135324199786927,6
hungary,cleveland,9,conservative_candidate,sex,0.5830867602259363,3
hungary,cleveland,9,conservative_candidate,cp,0.6436873011136575,2
hungary,cleveland,9,conservative_candidate,trestbps,0.08189054683460573,7
hungary,cleveland,9,conservative_candidate,restecg,0.07777984307006171,8
hungary,cleveland,9,conservative_candidate,thalach,0.1992887094503164,5
hungary,cleveland,9,conservative_candidate,exang,0.5024291118330294,4
hungary,cleveland,9,conservative_candidate,oldpeak,0.9539730414124237,1
hungary,cleveland,9,entropy_sfda,age,0.14212522988997953,6
hungary,cleveland,9,entropy_sfda,sex,0.6639628988366402,3
hungary,cleveland,9,entropy_sfda,cp,0.7439874065328173,2
hungary,cleveland,9,entropy_sfda,trestbps,0.09995833433520585,8
hungary,cleveland,9,entropy_sfda,restecg,0.10056920063780062,7
hungary,cleveland,9,entropy_sfda,thalach,0.2937865200738358,5
hungary,cleveland,9,entropy_sfda,exang,0.6387559482612626,4
hungary,cleveland,9,entropy_sfda,oldpeak,1.1677950615610424,1
hungary,cleveland,9,pseudo_label_sfda,age,0.1200135668936391,6
hungary,cleveland,9,pseudo_label_sfda,sex,0.6903442348624048,3
hungary,cleveland,9,pseudo_label_sfda,cp,0.7821530727025086,2
hungary,cleveland,9,pseudo_label_sfda,trestbps,0.10784977969297406,7
hungary,cleveland,9,pseudo_label_sfda,restecg,0.09796450454061663,8
hungary,cleveland,9,pseudo_label_sfda,thalach,0.28218282209002343,5
hungary,cleveland,9,pseudo_label_sfda,exang,0.628451782312527,4
hungary,cleveland,9,pseudo_label_sfda,oldpeak,1.1740797587667313,1
hungary,cleveland,9,reliability_gated_sfda,age,0.10039108140801734,6
hungary,cleveland,9,reliability_gated_sfda,sex,0.5959223519950004,3
hungary,cleveland,9,reliability_gated_sfda,cp,0.658925421361658,2
hungary,cleveland,9,reliability_gated_sfda,trestbps,0.08433676471206795,7
hungary,cleveland,9,reliability_gated_sfda,restecg,0.07883787822892167,8
hungary,cleveland,9,reliability_gated_sfda,thalach,0.20597378752676912,5
hungary,cleveland,9,reliability_gated_sfda,exang,0.5143734816670811,4
hungary,cleveland,9,reliability_gated_sfda,oldpeak,0.9725400420173191,1
hungary,cleveland,9,source_only,age,0.10387780931324882,6
hungary,cleveland,9,source_only,sex,0.5862380352160177,3
hungary,cleveland,9,source_only,cp,0.645244270938882,2
hungary,cleveland,9,source_only,trestbps,0.08179745844113114,7
hungary,cleveland,9,source_only,restecg,0.07703741161032074,8
hungary,cleveland,9,source_only,thalach,0.19752846391742476,5
hungary,cleveland,9,source_only,exang,0.5028250312106838,4
hungary,cleveland,9,source_only,oldpeak,0.9521833345610587,1
hungary,switzerland,0,conservative_candidate,age,0.05162235736426689,8
hungary,switzerland,0,conservative_candidate,sex,0.2159080612359614,5
hungary,switzerland,0,conservative_candidate,cp,0.38641028193405796,3
hungary,switzerland,0,conservative_candidate,trestbps,0.10096585375779282,7
hungary,switzerland,0,conservative_candidate,restecg,0.12129943527478147,6
hungary,switzerland,0,conservative_candidate,thalach,0.26831606400532393,4
hungary,switzerland,0,conservative_candidate,exang,0.7079647669220358,2
hungary,switzerland,0,conservative_candidate,oldpeak,0.9701612411082033,1
hungary,switzerland,0,entropy_sfda,age,0.050170237063127336,8
hungary,switzerland,0,entropy_sfda,sex,0.23352569345066823,5
hungary,switzerland,0,entropy_sfda,cp,0.4275710811714639,3
hungary,switzerland,0,entropy_sfda,trestbps,0.10558112050459634,7
hungary,switzerland,0,entropy_sfda,restecg,0.12876557741916123,6
hungary,switzerland,0,entropy_sfda,thalach,0.3057141976006995,4
hungary,switzerland,0,entropy_sfda,exang,0.7828153598357023,2
hungary,switzerland,0,entropy_sfda,oldpeak,1.068201234427894,1
hungary,switzerland,0,pseudo_label_sfda,age,0.049983286014871585,8
hungary,switzerland,0,pseudo_label_sfda,sex,0.2289712726426258,5
hungary,switzerland,0,pseudo_label_sfda,cp,0.4156599586941463,3
hungary,switzerland,0,pseudo_label_sfda,trestbps,0.09955584613144455,7
hungary,switzerland,0,pseudo_label_sfda,restecg,0.12675697197645477,6
hungary,switzerland,0,pseudo_label_sfda,thalach,0.29764893078018073,4
hungary,switzerland,0,pseudo_label_sfda,exang,0.7386468452651326,2
hungary,switzerland,0,pseudo_label_sfda,oldpeak,1.033903561911084,1
hungary,switzerland,0,reliability_gated_sfda,age,0.051818128226597454,8
hungary,switzerland,0,reliability_gated_sfda,sex,0.2196955872146882,5
hungary,switzerland,0,reliability_gated_sfda,cp,0.39512266021400994,3
hungary,switzerland,0,reliability_gated_sfda,trestbps,0.10137661381972936,7
hungary,switzerland,0,reliability_gated_sfda,restecg,0.1237552500485132,6
hungary,switzerland,0,reliability_gated_sfda,thalach,0.2715559575415209,4
hungary,switzerland,0,reliability_gated_sfda,exang,0.7277742775717402,2
hungary,switzerland,0,reliability_gated_sfda,oldpeak,0.9922806956479705,1
hungary,switzerland,0,source_only,age,0.052245994789404684,8
hungary,switzerland,0,source_only,sex,0.21770134651503428,5
hungary,switzerland,0,source_only,cp,0.38750306417577807,3
hungary,switzerland,0,source_only,trestbps,0.101230485997034,7
hungary,switzerland,0,source_only,restecg,0.12202797563296053,6
hungary,switzerland,0,source_only,thalach,0.2698480325894869,4
hungary,switzerland,0,source_only,exang,0.7074839214726192,2
hungary,switzerland,0,source_only,oldpeak,0.9710962877162104,1
hungary,switzerland,1,conservative_candidate,age,0.1715128885400368,6
hungary,switzerland,1,conservative_candidate,sex,0.22128620315286354,5
hungary,switzerland,1,conservative_candidate,cp,0.4225265713866679,3
hungary,switzerland,1,conservative_candidate,trestbps,0.06617177255277526,8
hungary,switzerland,1,conservative_candidate,restecg,0.11060207460844144,7
hungary,switzerland,1,conservative_candidate,thalach,0.23931371825709333,4
hungary,switzerland,1,conservative_candidate,exang,0.6001919243272728,2
hungary,switzerland,1,conservative_candidate,oldpeak,0.9166782318303982,1
hungary,switzerland,1,entropy_sfda,age,0.1783130984730655,6
hungary,switzerland,1,entropy_sfda,sex,0.24133946822636299,5
hungary,switzerland,1,entropy_sfda,cp,0.46967200622292865,3
hungary,switzerland,1,entropy_sfda,trestbps,0.06655971045374896,8
hungary,switzerland,1,entropy_sfda,restecg,0.12896755739584626,7
hungary,switzerland,1,entropy_sfda,thalach,0.2737708611913571,4
hungary,switzerland,1,entropy_sfda,exang,0.6582484703238417,2
hungary,switzerland,1,entropy_sfda,oldpeak,1.0088264201502732,1
hungary,switzerland,1,pseudo_label_sfda,age,0.17176343033438532,6
hungary,switzerland,1,pseudo_label_sfda,sex,0.23139372320700913,5
hungary,switzerland,1,pseudo_label_sfda,cp,0.44506781508036836,3
hungary,switzerland,1,pseudo_label_sfda,trestbps,0.06542530061480228,8
hungary,switzerland,1,pseudo_label_sfda,restecg,0.12070634136377734,7
hungary,switzerland,1,pseudo_label_sfda,thalach,0.2551726533811751,4
hungary,switzerland,1,pseudo_label_sfda,exang,0.6237659769935336,2
hungary,switzerland,1,pseudo_label_sfda,oldpeak,0.959732185882645,1
hungary,switzerland,1,reliability_gated_sfda,age,0.17297759680531738,6
hungary,switzerland,1,reliability_gated_sfda,sex,0.2256276763067486,5
hungary,switzerland,1,reliability_gated_sfda,cp,0.43096936095081934,3
hungary,switzerland,1,reliability_gated_sfda,trestbps,0.0669336768370727,8
hungary,switzerland,1,reliability_gated_sfda,restecg,0.11322113538418356,7
hungary,switzerland,1,reliability_gated_sfda,thalach,0.24582997745099833,4
hungary,switzerland,1,reliability_gated_sfda,exang,0.6179657655397082,2
hungary,switzerland,1,reliability_gated_sfda,oldpeak,0.9400718768195409,1
hungary,switzerland,1,source_only,age,0.17069497995260285,6
hungary,switzerland,1,source_only,sex,0.22236739762356444,5
hungary,switzerland,1,source_only,cp,0.4243756662675641,3
hungary,switzerland,1,source_only,trestbps,0.06657608145870628,8
hungary,switzerland,1,source_only,restecg,0.10992110721157422,7
hungary,switzerland,1,source_only,thalach,0.2403942714331717,4
hungary,switzerland,1,source_only,exang,0.6029126183167706,2
hungary,switzerland,1,source_only,oldpeak,0.9180655520772789,1
hungary,switzerland,2,conservative_candidate,age,0.09885413082490664,6
hungary,switzerland,2,conservative_candidate,sex,0.21151166773454202,5
hungary,switzerland,2,conservative_candidate,cp,0.43069827353816453,3
hungary,switzerland,2,conservative_candidate,trestbps,0.07952897832350332,8
hungary,switzerland,2,conservative_candidate,restecg,0.08058079920247255,7
hungary,switzerland,2,conservative_candidate,thalach,0.3784715956705433,4
hungary,switzerland,2,conservative_candidate,exang,0.6112434866467142,2
hungary,switzerland,2,conservative_candidate,oldpeak,0.860122109574031,1
hungary,switzerland,2,entropy_sfda,age,0.08360908622285576,8
hungary,switzerland,2,entropy_sfda,sex,0.22477508520298614,5
hungary,switzerland,2,entropy_sfda,cp,0.47431624996569577,3
hungary,switzerland,2,entropy_sfda,trestbps,0.0861863933155328,7
hungary,switzerland,2,entropy_sfda,restecg,0.08897419648014983,6
hungary,switzerland,2,entropy_sfda,thalach,0.4246566042198035,4
hungary,switzerland,2,entropy_sfda,exang,0.6669291400812506,2
hungary,switzerland,2,entropy_sfda,oldpeak,0.9474348549738647,1
hungary,switzerland,2,pseudo_label_sfda,age,0.08949293284790542,6
hungary,switzerland,2,pseudo_label_sfda,sex,0.22404010969448865,5
hungary,switzerland,2,pseudo_label_sfda,cp,0.46250122738803945,3
hungary,switzerland,2,pseudo_label_sfda,trestbps,0.07722448148552657,8
hungary,switzerland,2,pseudo_label_sfda,restecg,0.08502142900142937,7
hungary,switzerland,2,pseudo_label_sfda,thalach,0.40700062352225064,4
hungary,switzerland,2,pseudo_label_sfda,exang,0.6545352002954096,2
hungary,switzerland,2,pseudo_label_sfda,oldpeak,0.9308250501933621,1
hungary,switzerland,2,reliability_gated_sfda,age,0.10137970220274857,6
hungary,switzerland,2,reliability_gated_sfda,sex,0.21538412163972975,5
hungary,switzerland,2,reliability_gated_sfda,cp,0.4399669309543124,3
hungary,switzerland,2,reliability_gated_sfda,trestbps,0.08296510085134151,7
hungary,switzerland,2,reliability_gated_sfda,restecg,0.08229708122903463,8
hungary,switzerland,2,reliability_gated_sfda,thalach,0.3823273393090784,4
hungary,switzerland,2,reliability_gated_sfda,exang,0.6330591833930674,2
hungary,switzerland,2,reliability_gated_sfda,oldpeak,0.8862049188919183,1
hungary,switzerland,2,source_only,age,0.10124284337744174,6
hungary,switzerland,2,source_only,sex,0.21245299043073282,5
hungary,switzerland,2,source_only,cp,0.43216575508389116,3
hungary,switzerland,2,source_only,trestbps,0.08035955160507945,8
hungary,switzerland,2,source_only,restecg,0.08040878620629037,7
hungary,switzerland,2,source_only,thalach,0.37878810573460125,4
hungary,switzerland,2,source_only,exang,0.6147301445404688,2
hungary,switzerland,2,source_only,oldpeak,0.8635993051698537,1
hungary,switzerland,3,conservative_candidate,age,0.1366903986919073,6
hungary,switzerland,3,conservative_candidate,sex,0.22016472043848134,5
hungary,switzerland,3,conservative_candidate,cp,0.33226584834395967,3
hungary,switzerland,3,conservative_candidate,trestbps,0.09193264723497978,7
hungary,switzerland,3,conservative_candidate,restecg,0.07417635259510022,8
hungary,switzerland,3,conservative_candidate,thalach,0.3312989150597979,4
hungary,switzerland,3,conservative_candidate,exang,0.6993689798727268,2
hungary,switzerland,3,conservative_candidate,oldpeak,0.8119216052875892,1
hungary,switzerland,3,entropy_sfda,age,0.13536054840239475,6
hungary,switzerland,3,entropy_sfda,sex,0.23400478853230797,5
hungary,switzerland,3,entropy_sfda,cp,0.36193648846972615,4
hungary,switzerland,3,entropy_sfda,trestbps,0.10751235108004835,7
hungary,switzerland,3,entropy_sfda,restecg,0.08588973022107699,8
hungary,switzerland,3,entropy_sfda,thalach,0.3644237181671509,3
hungary,switzerland,3,entropy_sfda,exang,0.7697712118790402,2
hungary,switzerland,3,entropy_sfda,oldpeak,0.8893892171118802,1
hungary,switzerland,3,pseudo_label_sfda,age,0.12957905402134468,6
hungary,switzerland,3,pseudo_label_sfda,sex,0.2257730283176269,5
hungary,switzerland,3,pseudo_label_sfda,cp,0.35044378434380397,3
hungary,switzerland,3,pseudo_label_sfda,trestbps,0.10071989167595234,7
hungary,switzerland,3,pseudo_label_sfda,restecg,0.07841330961034652,8
hungary,switzerland,3,pseudo_label_sfda,thalach,0.3501805399726259,4
hungary,switzerland,3,pseudo_label_sfda,exang,0.7263932912572613,2
hungary,switzerland,3,pseudo_label_sfda,oldpeak,0.8546187540940274,1
hungary,switzerland,3,reliability_gated_sfda,age,0.14056017900991244,6
hungary,switzerland,3,reliability_gated_sfda,sex,0.22484960118535816,5
hungary,switzerland,3,reliability_gated_sfda,cp,0.33908166529710904,3
hungary,switzerland,3,reliability_gated_sfda,trestbps,0.09435420303711498,7
hungary,switzerland,3,reliability_gated_sfda,restecg,0.07678402985026868,8
hungary,switzerland,3,reliability_gated_sfda,thalach,0.33625731996177294,4
hungary,switzerland,3,reliability_gated_sfda,exang,0.7202918455610431,2
hungary,switzerland,3,reliability_gated_sfda,oldpeak,0.8359562527327761,1
hungary,switzerland,3,source_only,age,0.13821639093651808,6
hungary,switzerland,3,source_only,sex,0.2211242213814966,5
hungary,switzerland,3,source_only,cp,0.33279502589173315,3
hungary,switzerland,3,source_only,trestbps,0.09128411406673852,7
hungary,switzerland,3,source_only,restecg,0.07355015790605786,8
hungary,switzerland,3,source_only,thalach,0.3309002701813976,4
hungary,switzerland,3,source_only,exang,0.7020718044624096,2
hungary,switzerland,3,source_only,oldpeak,0.8158160756243681,1
hungary,switzerland,4,conservative_candidate,age,0.08083900865697398,8
hungary,switzerland,4,conservative_candidate,sex,0.20864962307902857,5
hungary,switzerland,4,conservative_candidate,cp,0.4003885303826518,3
hungary,switzerland,4,conservative_candidate,trestbps,0.1406680136290568,7
hungary,switzerland,4,conservative_candidate,restecg,0.1772363359171034,6
hungary,switzerland,4,conservative_candidate,thalach,0.2607010736024174,4
hungary,switzerland,4,conservative_candidate,exang,0.5923022251061307,2
hungary,switzerland,4,conservative_candidate,oldpeak,0.9443510165816642,1
hungary,switzerland,4,entropy_sfda,age,0.08240495163405963,8
hungary,switzerland,4,entropy_sfda,sex,0.22103161040155928,5
hungary,switzerland,4,entropy_sfda,cp,0.4373087819544523,3
hungary,switzerland,4,entropy_sfda,trestbps,0.17990702232989536,7
hungary,switzerland,4,entropy_sfda,restecg,0.19618219943959417,6
hungary,switzerland,4,entropy_sfda,thalach,0.29614984212306944,4
hungary,switzerland,4,entropy_sfda,exang,0.662081218286743,2
hungary,switzerland,4,entropy_sfda,oldpeak,1.043998725106561,1
hungary,switzerland,4,pseudo_label_sfda,age,0.07679593929172891,8
hungary,switzerland,4,pseudo_label_sfda,sex,0.2165755080021312,5
hungary,switzerland,4,pseudo_label_sfda,cp,0.422158387430936,3
hungary,switzerland,4,pseudo_label_sfda,trestbps,0.161837989358398,7
hungary,switzerland,4,pseudo_label_sfda,restecg,0.18938373988664642,6
hungary,switzerland,4,pseudo_label_sfda,thalach,0.28094066994461586,4
hungary,switzerland,4,pseudo_label_sfda,exang,0.6225222740473786,2
hungary,switzerland,4,pseudo_label_sfda,oldpeak,0.9964914543145313,1
hungary,switzerland,4,reliability_gated_sfda,age,0.08317411839166972,8
hungary,switzerland,4,reliability_gated_sfda,sex,0.21245042803012046,5
hungary,switzerland,4,reliability_gated_sfda,cp,0.40953864887493047,3
hungary,switzerland,4,reliability_gated_sfda,trestbps,0.14650984057054922,7
hungary,switzerland,4,reliability_gated_sfda,restecg,0.18164606435258487,6
hungary,switzerland,4,reliability_gated_sfda,thalach,0.2654160233063063,4
hungary,switzerland,4,reliability_gated_sfda,exang,0.6108009173739247,2
hungary,switzerland,4,reliability_gated_sfda,oldpeak,0.967388364660546,1
hungary,switzerland,4,source_only,age,0.08141662537998601,8
hungary,switzerland,4,source_only,sex,0.20960650639040623,5
hungary,switzerland,4,source_only,cp,0.4010896060447307,3
hungary,switzerland,4,source_only,trestbps,0.14036348112858832,7
hungary,switzerland,4,source_only,restecg,0.17701045698221257,6
hungary,switzerland,4,source_only,thalach,0.2618617276941252,4
hungary,switzerland,4,source_only,exang,0.5933984892397393,2
hungary,switzerland,4,source_only,oldpeak,0.9459420926566047,1
hungary,switzerland,5,conservative_candidate,age,0.0940653952150946,7
hungary,switzerland,5,conservative_candidate,sex,0.20324295856213817,5
hungary,switzerland,5,conservative_candidate,cp,0.32007339056126954,3
hungary,switzerland,5,conservative_candidate,trestbps,0.06197015216433992,8
hungary,switzerland,5,conservative_candidate,restecg,0.12079375997498984,6
hungary,switzerland,5,conservative_candidate,thalach,0.3074406120032678,4
hungary,switzerland,5,conservative_candidate,exang,0.5957177929519638,2
hungary,switzerland,5,conservative_candidate,oldpeak,0.8129729200078826,1
hungary,switzerland,5,entropy_sfda,age,0.08684134343828306,7
hungary,switzerland,5,entropy_sfda,sex,0.21504760731358982,5
hungary,switzerland,5,entropy_sfda,cp,0.34716557357005956,3
hungary,switzerland,5,entropy_sfda,trestbps,0.060409125997836294,8
hungary,switzerland,5,entropy_sfda,restecg,0.1348206072305594,6
hungary,switzerland,5,entropy_sfda,thalach,0.34512899021004756,4
hungary,switzerland,5,entropy_sfda,exang,0.6641271396017656,2
hungary,switzerland,5,entropy_sfda,oldpeak,0.8888300805072474,1
hungary,switzerland,5,pseudo_label_sfda,age,0.09088903823413133,7
hungary,switzerland,5,pseudo_label_sfda,sex,0.2080570940852044,5
hungary,switzerland,5,pseudo_label_sfda,cp,0.3323350978666932,3
hungary,switzerland,5,pseudo_label_sfda,trestbps,0.06147048257223167,8
hungary,switzerland,5,pseudo_label_sfda,restecg,0.1271468581687621,6
hungary,switzerland,5,pseudo_label_sfda,thalach,0.3200839996580186,4
hungary,switzerland,5,pseudo_label_sfda,exang,0.6195589317296578,2
hungary,switzerland,5,pseudo_label_sfda,oldpeak,0.8476907680628867,1
hungary,switzerland,5,reliability_gated_sfda,age,0.09551882926692684,7
hungary,switzerland,5,reliability_gated_sfda,sex,0.20638071493211588,5
hungary,switzerland,5,reliability_gated_sfda,cp,0.3266000960294793,3
hungary,switzerland,5,reliability_gated_sfda,trestbps,0.0612421562639396,8
hungary,switzerland,5,reliability_gated_sfda,restecg,0.12355615244255536,6
hungary,switzerland,5,reliability_gated_sfda,thalach,0.31360612950492195,4
hungary,switzerland,5,reliability_gated_sfda,exang,0.613324604746772,2
hungary,switzerland,5,reliability_gated_sfda,oldpeak,0.8346237731885499,1
hungary,switzerland,5,source_only,age,0.09582784961212454,7
hungary,switzerland,5,source_only,sex,0.20437871763762844,5
hungary,switzerland,5,source_only,cp,0.3212485046057803,3
hungary,switzerland,5,source_only,trestbps,0.062378148034373936,8
hungary,switzerland,5,source_only,restecg,0.12051619375900674,6
hungary,switzerland,5,source_only,thalach,0.3075469735843258,4
hungary,switzerland,5,source_only,exang,0.5970079866124363,2
hungary,switzerland,5,source_only,oldpeak,0.8187801425791974,1
hungary,switzerland,6,conservative_candidate,age,0.07107956534842161,8
hungary,switzerland,6,conservative_candidate,sex,0.15511808855973971,5
hungary,switzerland,6,conservative_candidate,cp,0.3148568508006538,3
hungary,switzerland,6,conservative_candidate,trestbps,0.11601184464506499,7
hungary,switzerland,6,conservative_candidate,restecg,0.1460527494560162,6
hungary,switzerland,6,conservative_candidate,thalach,0.16940281529933576,4
hungary,switzerland,6,conservative_candidate,exang,0.609510685491368,2
hungary,switzerland,6,conservative_candidate,oldpeak,0.7390369715063068,1
hungary,switzerland,6,entropy_sfda,age,0.07019216359812551,8
hungary,switzerland,6,entropy_sfda,sex,0.16665914509354565,5
hungary,switzerland,6,entropy_sfda,cp,0.3521911177151965,3
hungary,switzerland,6,entropy_sfda,trestbps,0.1327733920964723,7
hungary,switzerland,6,entropy_sfda,restecg,0.16101151119304322,6
hungary,switzerland,6,entropy_sfda,thalach,0.20007126195293784,4
hungary,switzerland,6,entropy_sfda,exang,0.6826693940816856,2
hungary,switzerland,6,entropy_sfda,oldpeak,0.8274091505937702,1
hungary,switzerland,6,pseudo_label_sfda,age,0.07241138433128956,8
hungary,switzerland,6,pseudo_label_sfda,sex,0.1600865564399921,5
hungary,switzerland,6,pseudo_label_sfda,cp,0.3309447100123734,3
hungary,switzerland,6,pseudo_label_sfda,trestbps,0.12155491802784633,7
hungary,switzerland,6,pseudo_label_sfda,restecg,0.1517613270164778,6
hungary,switzerland,6,pseudo_label_sfda,thalach,0.1786930218596405,4
hungary,switzerland,6,pseudo_label_sfda,exang,0.6410863524287697,2
hungary,switzerland,6,pseudo_label_sfda,oldpeak,0.7777531736840805,1
hungary,switzerland,6,reliability_gated_sfda,age,0.07198212168092374,8
hungary,switzerland,6,reliability_gated_sfda,sex,0.15882469936296706,5
hungary,switzerland,6,reliability_gated_sfda,cp,0.3247010066887207,3
hungary,switzerland,6,reliability_gated_sfda,trestbps,0.11708279529291134,7
hungary,switzerland,6,reliability_gated_sfda,restecg,0.1484002871065007,6
hungary,switzerland,6,reliability_gated_sfda,thalach,0.17547066679708961,4
hungary,switzerland,6,reliability_gated_sfda,exang,0.6312692444620094,2
hungary,switzerland,6,reliability_gated_sfda,oldpeak,0.761978729363016,1
hungary,switzerland,6,source_only,age,0.07192293225836793,8
hungary,switzerland,6,source_only,sex,0.15616096115133501,5
hungary,switzerland,6,source_only,cp,0.3152744402961424,3
hungary,switzerland,6,source_only,trestbps,0.11402107769532535,7
hungary,switzerland,6,source_only,restecg,0.14505185120657646,6
hungary,switzerland,6,source_only,thalach,0.17046758731849854,4
hungary,switzerland,6,source_only,exang,0.6145612161939706,2
hungary,switzerland,6,source_only,oldpeak,0.7423427299240498,1
hungary,switzerland,7,conservative_candidate,age,0.0653125354130487,8
hungary,switzerland,7,conservative_candidate,sex,0.1979330151940022,5
hungary,switzerland,7,conservative_candidate,cp,0.3560741066384201,3
hungary,switzerland,7,conservative_candidate,trestbps,0.08639984037083517,7
hungary,switzerland,7,conservative_candidate,restecg,0.16092023568046165,6
hungary,switzerland,7,conservative_candidate,thalach,0.31277674018893753,4
hungary,switzerland,7,conservative_candidate,exang,0.6083194579535384,2
hungary,switzerland,7,conservative_candidate,oldpeak,0.798956673062308,1
hungary,switzerland,7,entropy_sfda,age,0.061707516234913225,8
hungary,switzerland,7,entropy_sfda,sex,0.21217097100854768,5
hungary,switzerland,7,entropy_sfda,cp,0.38407177251126523,3
hungary,switzerland,7,entropy_sfda,trestbps,0.09159475460466812,7
hungary,switzerland,7,entropy_sfda,restecg,0.18133901302632685,6
hungary,switzerland,7,entropy_sfda,thalach,0.3560087471988385,4
hungary,switzerland,7,entropy_sfda,exang,0.6768437459216854,2
hungary,switzerland,7,entropy_sfda,oldpeak,0.8884313133795086,1
hungary,switzerland,7,pseudo_label_sfda,age,0.06333038827018218,8
hungary,switzerland,7,pseudo_label_sfda,sex,0.20641083201030042,5
hungary,switzerland,7,pseudo_label_sfda,cp,0.37264289138694606,3
hungary,switzerland,7,pseudo_label_sfda,trestbps,0.09034316571300649,7
hungary,switzerland,7,pseudo_label_sfda,restecg,0.16861057719057218,6
hungary,switzerland,7,pseudo_label_sfda,thalach,0.32887545181816913,4
hungary,switzerland,7,pseudo_label_sfda,exang,0.6420143056448883,2
hungary,switzerland,7,pseudo_label_sfda,oldpeak,0.8486251259843508,1
hungary,switzerland,7,reliability_gated_sfda,age,0.0673424112459084,8
hungary,switzerland,7,reliability_gated_sfda,sex,0.20149441148586025,5
hungary,switzerland,7,reliability_gated_sfda,cp,0.36407893056225216,3
hungary,switzerland,7,reliability_gated_sfda,trestbps,0.08864724208275232,7
hungary,switzerland,7,reliability_gated_sfda,restecg,0.16440896183059256,6
hungary,switzerland,7,reliability_gated_sfda,thalach,0.3187272889725107,4
hungary,switzerland,7,reliability_gated_sfda,exang,0.6316317748126945,2
hungary,switzerland,7,reliability_gated_sfda,oldpeak,0.8245676099890615,1
hungary,switzerland,7,source_only,age,0.0662477866602622,8
hungary,switzerland,7,source_only,sex,0.19897947903737667,5
hungary,switzerland,7,source_only,cp,0.3583081370221126,3
hungary,switzerland,7,source_only,trestbps,0.08749449320659947,7
hungary,switzerland,7,source_only,restecg,0.16109160659964883,6
hungary,switzerland,7,source_only,thalach,0.3126815161298642,4
hungary,switzerland,7,source_only,exang,0.614260359629383,2
hungary,switzerland,7,source_only,oldpeak,0.8039673396908655,1
hungary,switzerland,8,conservative_candidate,age,0.14076002228747658,6
hungary,switzerland,8,conservative_candidate,sex,0.19273306315810215,5
hungary,switzerland,8,conservative_candidate,cp,0.4260766604449482,3
hungary,switzerland,8,conservative_candidate,trestbps,0.08118371817243578,8
hungary,switzerland,8,conservative_candidate,restecg,0.10257139595306373,7
hungary,switzerland,8,conservative_candidate,thalach,0.2808153565397592,4
hungary,switzerland,8,conservative_candidate,exang,0.548681900208074,2
hungary,switzerland,8,conservative_candidate,oldpeak,0.8241590191042278,1
hungary,switzerland,8,entropy_sfda,age,0.14507527823552369,6
hungary,switzerland,8,entropy_sfda,sex,0.2071761217770901,5
hungary,switzerland,8,entropy_sfda,cp,0.4680403156831389,3
hungary,switzerland,8,entropy_sfda,trestbps,0.08729162041620325,8
hungary,switzerland,8,entropy_sfda,restecg,0.1122076395175957,7
hungary,switzerland,8,entropy_sfda,thalach,0.31760946185540073,4
hungary,switzerland,8,entropy_sfda,exang,0.6146091311200848,2
hungary,switzerland,8,entropy_sfda,oldpeak,0.9169288094995952,1
hungary,switzerland,8,pseudo_label_sfda,age,0.13964101539288712,6
hungary,switzerland,8,pseudo_label_sfda,sex,0.19974665252900706,5
hungary,switzerland,8,pseudo_label_sfda,cp,0.444195005859696,3
hungary,switzerland,8,pseudo_label_sfda,trestbps,0.08511723752173297,8
hungary,switzerland,8,pseudo_label_sfda,restecg,0.10720281632606701,7
hungary,switzerland,8,pseudo_label_sfda,thalach,0.2956016011350614,4
hungary,switzerland,8,pseudo_label_sfda,exang,0.5747510935596334,2
hungary,switzerland,8,pseudo_label_sfda,oldpeak,0.8715150539074245,1
hungary,switzerland,8,reliability_gated_sfda,age,0.14345554910539612,6
hungary,switzerland,8,reliability_gated_sfda,sex,0.19628529386912905,5
hungary,switzerland,8,reliability_gated_sfda,cp,0.4350040802424642,3
hungary,switzerland,8,reliability_gated_sfda,trestbps,0.08268122959596186,8
hungary,switzerland,8,reliability_gated_sfda,restecg,0.10553374873688139,7
hungary,switzerland,8,reliability_gated_sfda,thalach,0.28567426992254713,4
hungary,switzerland,8,reliability_gated_sfda,exang,0.5667016703665742,2
hungary,switzerland,8,reliability_gated_sfda,oldpeak,0.8499321964213519,1
hungary,switzerland,8,source_only,age,0.1425355708688437,6
hungary,switzerland,8,source_only,sex,0.19358127797401048,5
hungary,switzerland,8,source_only,cp,0.42658887462269235,3
hungary,switzerland,8,source_only,trestbps,0.08145138111398022,8
hungary,switzerland,8,source_only,restecg,0.10266691087238768,7
hungary,switzerland,8,source_only,thalach,0.279092742779436,4
hungary,switzerland,8,source_only,exang,0.5511087812180442,2
hungary,switzerland,8,source_only,oldpeak,0.8270056223027348,1
hungary,switzerland,9,conservative_candidate,age,0.1685942379810764,6
hungary,switzerland,9,conservative_candidate,sex,0.2634740337101001,4
hungary,switzerland,9,conservative_candidate,cp,0.4319804392938291,3
hungary,switzerland,9,conservative_candidate,trestbps,0.10968483784955325,7
hungary,switzerland,9,conservative_candidate,restecg,0.09480340787700783,8
hungary,switzerland,9,conservative_candidate,thalach,0.24289802338443395,5
hungary,switzerland,9,conservative_candidate,exang,0.5751004067620611,2
hungary,switzerland,9,conservative_candidate,oldpeak,0.9796469193709091,1
hungary,switzerland,9,entropy_sfda,age,0.17069896731650594,6
hungary,switzerland,9,entropy_sfda,sex,0.27951946304860237,4
hungary,switzerland,9,entropy_sfda,cp,0.4663110791097563,3
hungary,switzerland,9,entropy_sfda,trestbps,0.12219891296907863,7
hungary,switzerland,9,entropy_sfda,restecg,0.10797441177253753,8
hungary,switzerland,9,entropy_sfda,thalach,0.27006698154458186,5
hungary,switzerland,9,entropy_sfda,exang,0.6367419662514353,2
hungary,switzerland,9,entropy_sfda,oldpeak,1.0712220590501054,1
hungary,switzerland,9,pseudo_label_sfda,age,0.1647038586187835,6
hungary,switzerland,9,pseudo_label_sfda,sex,0.2770882698963302,4
hungary,switzerland,9,pseudo_label_sfda,cp,0.46149626247181624,3
hungary,switzerland,9,pseudo_label_sfda,trestbps,0.12066509745772774,7
hungary,switzerland,9,pseudo_label_sfda,restecg,0.10197883360376542,8
hungary,switzerland,9,pseudo_label_sfda,thalach,0.2624649229171739,5
hungary,switzerland,9,pseudo_label_sfda,exang,0.6116620489979178,2
hungary,switzerland,9,pseudo_label_sfda,oldpeak,1.0391915046980953,1
hungary,switzerland,9,reliability_gated_sfda,age,0.17451189376216958,6
hungary,switzerland,9,reliability_gated_sfda,sex,0.26747286033000783,4
hungary,switzerland,9,reliability_gated_sfda,cp,0.44010698986834895,3
hungary,switzerland,9,reliability_gated_sfda,trestbps,0.10999221386902819,7
hungary,switzerland,9,reliability_gated_sfda,restecg,0.09688335316332823,8
hungary,switzerland,9,reliability_gated_sfda,thalach,0.24497833701486632,5
hungary,switzerland,9,reliability_gated_sfda,exang,0.5953311698465813,2
hungary,switzerland,9,reliability_gated_sfda,oldpeak,1.0030134083415434,1
hungary,switzerland,9,source_only,age,0.17078530068350276,6
hungary,switzerland,9,source_only,sex,0.2645822018702,4
hungary,switzerland,9,source_only,cp,0.4335433754804842,3
hungary,switzerland,9,source_only,trestbps,0.10933430511050105,7
hungary,switzerland,9,source_only,restecg,0.09355669580631872,8
hungary,switzerland,9,source_only,thalach,0.24368923765841902,5
hungary,switzerland,9,source_only,exang,0.5773934354869331,2
hungary,switzerland,9,source_only,oldpeak,0.9809127145000105,1
hungary,va_long_beach,0,conservative_candidate,age,0.032750748172984415,8
hungary,va_long_beach,0,conservative_candidate,sex,0.07257524683547668,7
hungary,va_long_beach,0,conservative_candidate,cp,0.49786967140011257,3
hungary,va_long_beach,0,conservative_candidate,trestbps,0.0881504430697532,6
hungary,va_long_beach,0,conservative_candidate,restecg,0.13023395982163488,5
hungary,va_long_beach,0,conservative_candidate,thalach,0.2316546219214797,4
hungary,va_long_beach,0,conservative_candidate,exang,0.6734708507359027,2
hungary,va_long_beach,0,conservative_candidate,oldpeak,1.0111475729988888,1
hungary,va_long_beach,0,entropy_sfda,age,0.029301826749870044,8
hungary,va_long_beach,0,entropy_sfda,sex,0.07817754077987045,7
hungary,va_long_beach,0,entropy_sfda,cp,0.5719427627435653,3
hungary,va_long_beach,0,entropy_sfda,trestbps,0.11139577288297002,6
hungary,va_long_beach,0,entropy_sfda,restecg,0.13729814493213777,5
hungary,va_long_beach,0,entropy_sfda,thalach,0.29009761919733135,4
hungary,va_long_beach,0,entropy_sfda,exang,0.8004674649238587,2
hungary,va_long_beach,0,entropy_sfda,oldpeak,1.1895241894200443,1
hungary,va_long_beach,0,pseudo_label_sfda,age,0.027727917504671448,8
hungary,va_long_beach,0,pseudo_label_sfda,sex,0.07777394775592254,7
hungary,va_long_beach,0,pseudo_label_sfda,cp,0.5542362931201933,3
hungary,va_long_beach,0,pseudo_label_sfda,trestbps,0.09809636192512695,6
hungary,va_long_beach,0,pseudo_label_sfda,restecg,0.13231402944773432,5
hungary,va_long_beach,0,pseudo_label_sfda,thalach,0.27864575904328376,4
hungary,va_long_beach,0,pseudo_label_sfda,exang,0.7285473517328501,2
hungary,va_long_beach,0,pseudo_label_sfda,oldpeak,1.111836660914123,1
hungary,va_long_beach,0,reliability_gated_sfda,age,0.033091199538612226,8
hungary,va_long_beach,0,reliability_gated_sfda,sex,0.07363959946786051,7
hungary,va_long_beach,0,reliability_gated_sfda,cp,0.511677192557836,3
hungary,va_long_beach,0,reliability_gated_sfda,trestbps,0.09054502309649248,6
hungary,va_long_beach,0,reliability_gated_sfda,restecg,0.13440228353807465,5
hungary,va_long_beach,0,reliability_gated_sfda,thalach,0.23755062891636045,4
hungary,va_long_beach,0,reliability_gated_sfda,exang,0.6900881511718034,2
hungary,va_long_beach,0,reliability_gated_sfda,oldpeak,1.0307387552782894,1
hungary,va_long_beach,0,source_only,age,0.03390449865546538,8
hungary,va_long_beach,0,source_only,sex,0.07319214781979097,7
hungary,va_long_beach,0,source_only,cp,0.49871222849731567,3
hungary,va_long_beach,0,source_only,trestbps,0.08882334483088922,6
hungary,va_long_beach,0,source_only,restecg,0.1328518474474549,5
hungary,va_long_beach,0,source_only,thalach,0.2301514525001403,4
hungary,va_long_beach,0,source_only,exang,0.6723279658704996,2
hungary,va_long_beach,0,source_only,oldpeak,1.0066861615981906,1
hungary,va_long_beach,1,conservative_candidate,age,0.09496935779636256,6
hungary,va_long_beach,1,conservative_candidate,sex,0.059014360947403456,7
hungary,va_long_beach,1,conservative_candidate,cp,0.5796186502402406,2
hungary,va_long_beach,1,conservative_candidate,trestbps,0.038910917830653445,8
hungary,va_long_beach,1,conservative_candidate,restecg,0.1155725666058424,5
hungary,va_long_beach,1,conservative_candidate,thalach,0.18111102026305162,4
hungary,va_long_beach,1,conservative_candidate,exang,0.5355965500324964,3
hungary,va_long_beach,1,conservative_candidate,oldpeak,0.9234265082515776,1
hungary,va_long_beach,1,entropy_sfda,age,0.09459338040847794,6
hungary,va_long_beach,1,entropy_sfda,sex,0.06532154429820364,7
hungary,va_long_beach,1,entropy_sfda,cp,0.6659494867234025,2
hungary,va_long_beach,1,entropy_sfda,trestbps,0.047501479336642616,8
hungary,va_long_beach,1,entropy_sfda,restecg,0.12826551129936883,5
hungary,va_long_beach,1,entropy_sfda,thalach,0.23441546082438436,4
hungary,va_long_beach,1,entropy_sfda,exang,0.649754134491086,3
hungary,va_long_beach,1,entropy_sfda,oldpeak,1.1046625763736666,1
hungary,va_long_beach,1,pseudo_label_sfda,age,0.09562437967077127,6
hungary,va_long_beach,1,pseudo_label_sfda,sex,0.06457089447481847,7
hungary,va_long_beach,1,pseudo_label_sfda,cp,0.6477473916754388,2
hungary,va_long_beach,1,pseudo_label_sfda,trestbps,0.046813180062454156,8
hungary,va_long_beach,1,pseudo_label_sfda,restecg,0.13137411680327202,5
hungary,va_long_beach,1,pseudo_label_sfda,thalach,0.21045057880575768,4
hungary,va_long_beach,1,pseudo_label_sfda,exang,0.5877450486272573,3
hungary,va_long_beach,1,pseudo_label_sfda,oldpeak,1.0174765103682875,1
hungary,va_long_beach,1,reliability_gated_sfda,age,0.09492013109556861,6
hungary,va_long_beach,1,reliability_gated_sfda,sex,0.060025673174150126,7
hungary,va_long_beach,1,reliability_gated_sfda,cp,0.5959624579552292,2
hungary,va_long_beach,1,reliability_gated_sfda,trestbps,0.03938726519540064,8
hungary,va_long_beach,1,reliability_gated_sfda,restecg,0.11701212284664503,5
hungary,va_long_beach,1,reliability_gated_sfda,thalach,0.18765860514133237,4
hungary,va_long_beach,1,reliability_gated_sfda,exang,0.5525112032145262,3
hungary,va_long_beach,1,reliability_gated_sfda,oldpeak,0.9470833809673787,1
hungary,va_long_beach,1,source_only,age,0.0941039715283841,6
hungary,va_long_beach,1,source_only,sex,0.05938652140532213,7
hungary,va_long_beach,1,source_only,cp,0.5816720180123229,2
hungary,va_long_beach,1,source_only,trestbps,0.03822573963014287,8
hungary,va_long_beach,1,source_only,restecg,0.11475398370621402,5
hungary,va_long_beach,1,source_only,thalach,0.18060779374674893,4
hungary,va_long_beach,1,source_only,exang,0.5363764716684818,3
hungary,va_long_beach,1,source_only,oldpeak,0.9234751201234758,1
hungary,va_long_beach,2,conservative_candidate,age,0.04581573089730223,8
hungary,va_long_beach,2,conservative_candidate,sex,0.07524054041132328,7
hungary,va_long_beach,2,conservative_candidate,cp,0.5260491654216457,3
hungary,va_long_beach,2,conservative_candidate,trestbps,0.08979019165621135,5
hungary,va_long_beach,2,conservative_candidate,restecg,0.07566111947206078,6
hungary,va_long_beach,2,conservative_candidate,thalach,0.35899947594385595,4
hungary,va_long_beach,2,conservative_candidate,exang,0.5648471149802208,2
hungary,va_long_beach,2,conservative_candidate,oldpeak,0.9304669302981347,1
hungary,va_long_beach,2,entropy_sfda,age,0.03625923594983755,8
hungary,va_long_beach,2,entropy_sfda,sex,0.08126982818357645,7
hungary,va_long_beach,2,entropy_sfda,cp,0.5961606066970672,3
hungary,va_long_beach,2,entropy_sfda,trestbps,0.1121747240691911,5
hungary,va_long_beach,2,entropy_sfda,restecg,0.08194387897936391,6
hungary,va_long_beach,2,entropy_sfda,thalach,0.4279544893885031,4
hungary,va_long_beach,2,entropy_sfda,exang,0.6778558971732855,2
hungary,va_long_beach,2,entropy_sfda,oldpeak,1.1098212953098119,1
hungary,va_long_beach,2,pseudo_label_sfda,age,0.03701863041089377,8
hungary,va_long_beach,2,pseudo_label_sfda,sex,0.08072351172566411,7
hungary,va_long_beach,2,pseudo_label_sfda,cp,0.574274019459167,3
hungary,va_long_beach,2,pseudo_label_sfda,trestbps,0.09647488728398454,5
hungary,va_long_beach,2,pseudo_label_sfda,restecg,0.08563365047026306,6
hungary,va_long_beach,2,pseudo_label_sfda,thalach,0.402348944270052,4
hungary,va_long_beach,2,pseudo_label_sfda,exang,0.6124946168065071,2
hungary,va_long_beach,2,pseudo_label_sfda,oldpeak,1.0287519261427223,1
hungary,va_long_beach,2,reliability_gated_sfda,age,0.04945788467623057,8
hungary,va_long_beach,2,reliability_gated_sfda,sex,0.07646767817903309,7
hungary,va_long_beach,2,reliability_gated_sfda,cp,0.5409353534231923,3
hungary,va_long_beach,2,reliability_gated_sfda,trestbps,0.0924866457493044,5
hungary,va_long_beach,2,reliability_gated_sfda,restecg,0.07754068895039377,6
hungary,va_long_beach,2,reliability_gated_sfda,thalach,0.3667192144459113,4
hungary,va_long_beach,2,reliability_gated_sfda,exang,0.5817422240972518,2
hungary,va_long_beach,2,reliability_gated_sfda,oldpeak,0.9518354598805309,1
hungary,va_long_beach,2,source_only,age,0.04831026025174646,8
hungary,va_long_beach,2,source_only,sex,0.07567083335015921,7
hungary,va_long_beach,2,source_only,cp,0.5276236402174982,3
hungary,va_long_beach,2,source_only,trestbps,0.09011524496017952,5
hungary,va_long_beach,2,source_only,restecg,0.07666857648786386,6
hungary,va_long_beach,2,source_only,thalach,0.3584396401839331,4
hungary,va_long_beach,2,source_only,exang,0.5654590677469968,2
hungary,va_long_beach,2,source_only,oldpeak,0.9273659629933536,1
hungary,va_long_beach,3,conservative_candidate,age,0.1007495458470657,5
hungary,va_long_beach,3,conservative_candidate,sex,0.08022567944601175,8
hungary,va_long_beach,3,conservative_candidate,cp,0.4124000778732443,3
hungary,va_long_beach,3,conservative_candidate,trestbps,0.08652349612122631,6
hungary,va_long_beach,3,conservative_candidate,restecg,0.08257438915199597,7
hungary,va_long_beach,3,conservative_candidate,thalach,0.30849437969271093,4
hungary,va_long_beach,3,conservative_candidate,exang,0.6518261872231961,2
hungary,va_long_beach,3,conservative_candidate,oldpeak,0.8831990578770638,1
hungary,va_long_beach,3,entropy_sfda,age,0.09688428778783414,6
hungary,va_long_beach,3,entropy_sfda,sex,0.08854431591753378,8
hungary,va_long_beach,3,entropy_sfda,cp,0.46617930180127587,3
hungary,va_long_beach,3,entropy_sfda,trestbps,0.11204087682301175,5
hungary,va_long_beach,3,entropy_sfda,restecg,0.09279424817592367,7
hungary,va_long_beach,3,entropy_sfda,thalach,0.36554232611320914,4
hungary,va_long_beach,3,entropy_sfda,exang,0.7783577203005553,2
hungary,va_long_beach,3,entropy_sfda,oldpeak,1.0419482342991977,1
hungary,va_long_beach,3,pseudo_label_sfda,age,0.09499413767363872,7
hungary,va_long_beach,3,pseudo_label_sfda,sex,0.0860756974550895,8
hungary,va_long_beach,3,pseudo_label_sfda,cp,0.4702364658652732,3
hungary,va_long_beach,3,pseudo_label_sfda,trestbps,0.10732425139169205,5
hungary,va_long_beach,3,pseudo_label_sfda,restecg,0.09509181644418273,6
hungary,va_long_beach,3,pseudo_label_sfda,thalach,0.35163409788161515,4
hungary,va_long_beach,3,pseudo_label_sfda,exang,0.7214064222574234,2
hungary,va_long_beach,3,pseudo_label_sfda,oldpeak,0.9886576480604709,1
hungary,va_long_beach,3,reliability_gated_sfda,age,0.10414704662165601,5
hungary,va_long_beach,3,reliability_gated_sfda,sex,0.08152826183533758,8
hungary,va_long_beach,3,reliability_gated_sfda,cp,0.423626913732096,3
hungary,va_long_beach,3,reliability_gated_sfda,trestbps,0.08728401400760046,6
hungary,va_long_beach,3,reliability_gated_sfda,restecg,0.0846685623709345,7
hungary,va_long_beach,3,reliability_gated_sfda,thalach,0.31658670767908914,4
hungary,va_long_beach,3,reliability_gated_sfda,exang,0.6694479870051145,2
hungary,va_long_beach,3,reliability_gated_sfda,oldpeak,0.9046678367536515,1
hungary,va_long_beach,3,source_only,age,0.10326525993645187,5
hungary,va_long_beach,3,source_only,sex,0.08056667014490809,8
hungary,va_long_beach,3,source_only,cp,0.4133228312488791,3
hungary,va_long_beach,3,source_only,trestbps,0.08437846617074679,6
hungary,va_long_beach,3,source_only,restecg,0.08233011929958589,7
hungary,va_long_beach,3,source_only,thalach,0.3082398905791342,4
hungary,va_long_beach,3,source_only,exang,0.6527356142550707,2
hungary,va_long_beach,3,source_only,oldpeak,0.8824409101903439,1
hungary,va_long_beach,4,conservative_candidate,age,0.06385597804342974,7
hungary,va_long_beach,4,conservative_candidate,sex,0.048913228487290315,8
hungary,va_long_beach,4,conservative_candidate,cp,0.5817107468564063,2
hungary,va_long_beach,4,conservative_candidate,trestbps,0.12834953152225348,6
hungary,va_long_beach,4,conservative_candidate,restecg,0.19859274060232565,5
hungary,va_long_beach,4,conservative_candidate,thalach,0.23758769802050664,4
hungary,va_long_beach,4,conservative_candidate,exang,0.5614087777584791,3
hungary,va_long_beach,4,conservative_candidate,oldpeak,0.9909924104064703,1
hungary,va_long_beach,4,entropy_sfda,age,0.06937358045950527,7
hungary,va_long_beach,4,entropy_sfda,sex,0.05247990504707557,8
hungary,va_long_beach,4,entropy_sfda,cp,0.6656337690213695,3
hungary,va_long_beach,4,entropy_sfda,trestbps,0.16418103903182782,6
hungary,va_long_beach,4,entropy_sfda,restecg,0.22476189319393597,5
hungary,va_long_beach,4,entropy_sfda,thalach,0.2928076432691887,4
hungary,va_long_beach,4,entropy_sfda,exang,0.6846358455345034,2
hungary,va_long_beach,4,entropy_sfda,oldpeak,1.175290323384106,1
hungary,va_long_beach,4,pseudo_label_sfda,age,0.05854059700213833,7
hungary,va_long_beach,4,pseudo_label_sfda,sex,0.052756534489308234,8
hungary,va_long_beach,4,pseudo_label_sfda,cp,0.6363893928378821,2
hungary,va_long_beach,4,pseudo_label_sfda,trestbps,0.14524102448311166,6
hungary,va_long_beach,4,pseudo_label_sfda,restecg,0.22198488629306667,5
hungary,va_long_beach,4,pseudo_label_sfda,thalach,0.2752501513902098,4
hungary,va_long_beach,4,pseudo_label_sfda,exang,0.618175082616508,3
hungary,va_long_beach,4,pseudo_label_sfda,oldpeak,1.090481049902737,1
hungary,va_long_beach,4,reliability_gated_sfda,age,0.06668298757271256,7
hungary,va_long_beach,4,reliability_gated_sfda,sex,0.049506120318467295,8
hungary,va_long_beach,4,reliability_gated_sfda,cp,0.5983390106260776,2
hungary,va_long_beach,4,reliability_gated_sfda,trestbps,0.1313965308642946,6
hungary,va_long_beach,4,reliability_gated_sfda,restecg,0.2038379819021793,5
hungary,va_long_beach,4,reliability_gated_sfda,thalach,0.24469234796473757,4
hungary,va_long_beach,4,reliability_gated_sfda,exang,0.5770217555202544,3
hungary,va_long_beach,4,reliability_gated_sfda,oldpeak,1.01183357745409,1
hungary,va_long_beach,4,source_only,age,0.06447790137506668,7
hungary,va_long_beach,4,source_only,sex,0.04922126809025938,8
hungary,va_long_beach,4,source_only,cp,0.5820111718541011,2
hungary,va_long_beach,4,source_only,trestbps,0.12575329646409952,6
hungary,va_long_beach,4,source_only,restecg,0.19935145881259814,5
hungary,va_long_beach,4,source_only,thalach,0.23582204003818333,4
hungary,va_long_beach,4,source_only,exang,0.559474957883358,3
hungary,va_long_beach,4,source_only,oldpeak,0.9873186044860631,1
hungary,va_long_beach,5,conservative_candidate,age,0.04661795972711839,7
hungary,va_long_beach,5,conservative_candidate,sex,0.07238413359329568,6
hungary,va_long_beach,5,conservative_candidate,cp,0.4191526933608111,3
hungary,va_long_beach,5,conservative_candidate,trestbps,0.041954835433898496,8
hungary,va_long_beach,5,conservative_candidate,restecg,0.10994199438719075,5
hungary,va_long_beach,5,conservative_candidate,thalach,0.2751248026289977,4
hungary,va_long_beach,5,conservative_candidate,exang,0.5451894039288163,2
hungary,va_long_beach,5,conservative_candidate,oldpeak,0.8943092047329992,1
hungary,va_long_beach,5,entropy_sfda,age,0.04578680578997587,8
hungary,va_long_beach,5,entropy_sfda,sex,0.07727598165394736,6
hungary,va_long_beach,5,entropy_sfda,cp,0.47999525354243816,3
hungary,va_long_beach,5,entropy_sfda,trestbps,0.05355391182340094,7
hungary,va_long_beach,5,entropy_sfda,restecg,0.12705445423722264,5
hungary,va_long_beach,5,entropy_sfda,thalach,0.3249491989752278,4
hungary,va_long_beach,5,entropy_sfda,exang,0.6640179499611258,2
hungary,va_long_beach,5,entropy_sfda,oldpeak,1.0568322388734668,1
hungary,va_long_beach,5,pseudo_label_sfda,age,0.046034052967443076,7
hungary,va_long_beach,5,pseudo_label_sfda,sex,0.0764776500809239,6
hungary,va_long_beach,5,pseudo_label_sfda,cp,0.46155808001873083,3
hungary,va_long_beach,5,pseudo_label_sfda,trestbps,0.04439323287111614,8
hungary,va_long_beach,5,pseudo_label_sfda,restecg,0.11822030783398073,5
hungary,va_long_beach,5,pseudo_label_sfda,thalach,0.30306991305202247,4
hungary,va_long_beach,5,pseudo_label_sfda,exang,0.5923165699839592,2
hungary,va_long_beach,5,pseudo_label_sfda,oldpeak,0.9688973869197071,1
hungary,va_long_beach,5,reliability_gated_sfda,age,0.04710680798496464,7
hungary,va_long_beach,5,reliability_gated_sfda,sex,0.07330264583695678,6
hungary,va_long_beach,5,reliability_gated_sfda,cp,0.43206252906355075,3
hungary,va_long_beach,5,reliability_gated_sfda,trestbps,0.04295876942000173,8
hungary,va_long_beach,5,reliability_gated_sfda,restecg,0.11327056821319272,5
hungary,va_long_beach,5,reliability_gated_sfda,thalach,0.2821205267892219,4
hungary,va_long_beach,5,reliability_gated_sfda,exang,0.5598757468536496,2
hungary,va_long_beach,5,reliability_gated_sfda,oldpeak,0.9155403554346413,1
hungary,va_long_beach,5,source_only,age,0.048123363649428895,7
hungary,va_long_beach,5,source_only,sex,0.07293428891047368,6
hungary,va_long_beach,5,source_only,cp,0.4208869575499557,3
hungary,va_long_beach,5,source_only,trestbps,0.041326531416852906,8
hungary,va_long_beach,5,source_only,restecg,0.10914115226187274,5
hungary,va_long_beach,5,source_only,thalach,0.27443469897611067,4
hungary,va_long_beach,5,source_only,exang,0.5454603083059192,2
hungary,va_long_beach,5,source_only,oldpeak,0.8961717195156962,1
hungary,va_long_beach,6,conservative_candidate,age,0.06241513880551789,8
hungary,va_long_beach,6,conservative_candidate,sex,0.07476251875283194,7
hungary,va_long_beach,6,conservative_candidate,cp,0.3864403850548911,3
hungary,va_long_beach,6,conservative_candidate,trestbps,0.11645085622789335,6
hungary,va_long_beach,6,conservative_candidate,restecg,0.1693986461537861,4
hungary,va_long_beach,6,conservative_candidate,thalach,0.13426782840106166,5
hungary,va_long_beach,6,conservative_candidate,exang,0.5805140084773303,2
hungary,va_long_beach,6,conservative_candidate,oldpeak,0.8186513232532888,1
hungary,va_long_beach,6,entropy_sfda,age,0.06200109056881043,8
hungary,va_long_beach,6,entropy_sfda,sex,0.08102126738056539,7
hungary,va_long_beach,6,entropy_sfda,cp,0.46019886238370644,3
hungary,va_long_beach,6,entropy_sfda,trestbps,0.1413311946658359,6
hungary,va_long_beach,6,entropy_sfda,restecg,0.18774166563147446,4
hungary,va_long_beach,6,entropy_sfda,thalach,0.18301372276619077,5
hungary,va_long_beach,6,entropy_sfda,exang,0.7041241535544396,2
hungary,va_long_beach,6,entropy_sfda,oldpeak,0.9989565846137702,1
hungary,va_long_beach,6,pseudo_label_sfda,age,0.06514840845979047,8
hungary,va_long_beach,6,pseudo_label_sfda,sex,0.07891802420606833,7
hungary,va_long_beach,6,pseudo_label_sfda,cp,0.43115652328600845,3
hungary,va_long_beach,6,pseudo_label_sfda,trestbps,0.12490119861788113,6
hungary,va_long_beach,6,pseudo_label_sfda,restecg,0.18601785455110076,4
hungary,va_long_beach,6,pseudo_label_sfda,thalach,0.15670466950163242,5
hungary,va_long_beach,6,pseudo_label_sfda,exang,0.6374053347483277,2
hungary,va_long_beach,6,pseudo_label_sfda,oldpeak,0.9010008615255356,1
hungary,va_long_beach,6,reliability_gated_sfda,age,0.06128609114151909,8
hungary,va_long_beach,6,reliability_gated_sfda,sex,0.07585409644991156,7
hungary,va_long_beach,6,reliability_gated_sfda,cp,0.3996737995319927,3
hungary,va_long_beach,6,reliability_gated_sfda,trestbps,0.11820059909019616,6
hungary,va_long_beach,6,reliability_gated_sfda,restecg,0.17225101755000652,4
hungary,va_long_beach,6,reliability_gated_sfda,thalach,0.1401538203874952,5
hungary,va_long_beach,6,reliability_gated_sfda,exang,0.6004386531189084,2
hungary,va_long_beach,6,reliability_gated_sfda,oldpeak,0.8415085828676819,1
hungary,va_long_beach,6,source_only,age,0.06213505089923269,8
hungary,va_long_beach,6,source_only,sex,0.07531316003529351,7
hungary,va_long_beach,6,source_only,cp,0.3860458259574443,3
hungary,va_long_beach,6,source_only,trestbps,0.11433804608182978,6
hungary,va_long_beach,6,source_only,restecg,0.1681749323232361,4
hungary,va_long_beach,6,source_only,thalach,0.132439066148363,5
hungary,va_long_beach,6,source_only,exang,0.5849081575497985,2
hungary,va_long_beach,6,source_only,oldpeak,0.8173970403335988,1
hungary,va_long_beach,7,conservative_candidate,age,0.036369391547923395,8
hungary,va_long_beach,7,conservative_candidate,sex,0.11909910383168604,6
hungary,va_long_beach,7,conservative_candidate,cp,0.45308429620068635,3
hungary,va_long_beach,7,conservative_candidate,trestbps,0.076661549450946,7
hungary,va_long_beach,7,conservative_candidate,restecg,0.14924662467092273,5
hungary,va_long_beach,7,conservative_candidate,thalach,0.2758141371607781,4
hungary,va_long_beach,7,conservative_candidate,exang,0.599186651520431,2
hungary,va_long_beach,7,conservative_candidate,oldpeak,0.8960582567751407,1
hungary,va_long_beach,7,entropy_sfda,age,0.03466103648068379,8
hungary,va_long_beach,7,entropy_sfda,sex,0.1302737043541856,6
hungary,va_long_beach,7,entropy_sfda,cp,0.5049208463095419,3
hungary,va_long_beach,7,entropy_sfda,trestbps,0.10232947198965117,7
hungary,va_long_beach,7,entropy_sfda,restecg,0.17143579028415842,5
hungary,va_long_beach,7,entropy_sfda,thalach,0.34617653949651866,4
hungary,va_long_beach,7,entropy_sfda,exang,0.7365815403684973,2
hungary,va_long_beach,7,entropy_sfda,oldpeak,1.0811501430720092,1
hungary,va_long_beach,7,pseudo_label_sfda,age,0.03214182919400623,8
hungary,va_long_beach,7,pseudo_label_sfda,sex,0.13015151673462239,6
hungary,va_long_beach,7,pseudo_label_sfda,cp,0.4966682637433405,3
hungary,va_long_beach,7,pseudo_label_sfda,trestbps,0.08837800460722062,7
hungary,va_long_beach,7,pseudo_label_sfda,restecg,0.17153243709894014,5
hungary,va_long_beach,7,pseudo_label_sfda,thalach,0.3166966621018946,4
hungary,va_long_beach,7,pseudo_label_sfda,exang,0.6605714474990964,2
hungary,va_long_beach,7,pseudo_label_sfda,oldpeak,0.9851587981078773,1
hungary,va_long_beach,7,reliability_gated_sfda,age,0.03895092061793544,8
hungary,va_long_beach,7,reliability_gated_sfda,sex,0.12108636765507978,6
hungary,va_long_beach,7,reliability_gated_sfda,cp,0.46779170250079916,3
hungary,va_long_beach,7,reliability_gated_sfda,trestbps,0.08080051538650874,7
hungary,va_long_beach,7,reliability_gated_sfda,restecg,0.15225926389946834,5
hungary,va_long_beach,7,reliability_gated_sfda,thalach,0.28521202739095314,4
hungary,va_long_beach,7,reliability_gated_sfda,exang,0.6225889856740833,2
hungary,va_long_beach,7,reliability_gated_sfda,oldpeak,0.9197842148318887,1
hungary,va_long_beach,7,source_only,age,0.037996601057820906,8
hungary,va_long_beach,7,source_only,sex,0.11999337577261027,6
hungary,va_long_beach,7,source_only,cp,0.45713603654890905,3
hungary,va_long_beach,7,source_only,trestbps,0.07766920172260139,7
hungary,va_long_beach,7,source_only,restecg,0.1489063490873377,5
hungary,va_long_beach,7,source_only,thalach,0.2756814023805782,4
hungary,va_long_beach,7,source_only,exang,0.6037300602346659,2
hungary,va_long_beach,7,source_only,oldpeak,0.8961392432544381,1
hungary,va_long_beach,8,conservative_candidate,age,0.1111682250880403,6
hungary,va_long_beach,8,conservative_candidate,sex,0.08292513588676226,7
hungary,va_long_beach,8,conservative_candidate,cp,0.5473919685960118,2
hungary,va_long_beach,8,conservative_candidate,trestbps,0.06952226391200379,8
hungary,va_long_beach,8,conservative_candidate,restecg,0.12487642690626669,5
hungary,va_long_beach,8,conservative_candidate,thalach,0.23546132508432494,4
hungary,va_long_beach,8,conservative_candidate,exang,0.49586414512246846,3
hungary,va_long_beach,8,conservative_candidate,oldpeak,0.9232353293150664,1
hungary,va_long_beach,8,entropy_sfda,age,0.13099082414933944,6
hungary,va_long_beach,8,entropy_sfda,sex,0.08976747282897118,7
hungary,va_long_beach,8,entropy_sfda,cp,0.6205723926570681,2
hungary,va_long_beach,8,entropy_sfda,trestbps,0.08258299911249192,8
hungary,va_long_beach,8,entropy_sfda,restecg,0.13922288102970923,5
hungary,va_long_beach,8,entropy_sfda,thalach,0.28333252979442475,4
hungary,va_long_beach,8,entropy_sfda,exang,0.6132344039529563,3
hungary,va_long_beach,8,entropy_sfda,oldpeak,1.1252822812460364,1
hungary,va_long_beach,8,pseudo_label_sfda,age,0.1105993036512518,6
hungary,va_long_beach,8,pseudo_label_sfda,sex,0.08856473740888755,7
hungary,va_long_beach,8,pseudo_label_sfda,cp,0.597898145086092,2
hungary,va_long_beach,8,pseudo_label_sfda,trestbps,0.07709902260743544,8
hungary,va_long_beach,8,pseudo_label_sfda,restecg,0.1373416698152141,5
hungary,va_long_beach,8,pseudo_label_sfda,thalach,0.26801531774923204,4
hungary,va_long_beach,8,pseudo_label_sfda,exang,0.5412525726109743,3
hungary,va_long_beach,8,pseudo_label_sfda,oldpeak,1.0026769326254725,1
hungary,va_long_beach,8,reliability_gated_sfda,age,0.11587640148025453,6
hungary,va_long_beach,8,reliability_gated_sfda,sex,0.08427942290203642,7
hungary,va_long_beach,8,reliability_gated_sfda,cp,0.5621527011007492,2
hungary,va_long_beach,8,reliability_gated_sfda,trestbps,0.0708182194538676,8
hungary,va_long_beach,8,reliability_gated_sfda,restecg,0.12843087022498362,5
hungary,va_long_beach,8,reliability_gated_sfda,thalach,0.2409463081555441,4
hungary,va_long_beach,8,reliability_gated_sfda,exang,0.5109825680404901,3
hungary,va_long_beach,8,reliability_gated_sfda,oldpeak,0.9474829021841288,1
hungary,va_long_beach,8,source_only,age,0.11443470714031716,6
hungary,va_long_beach,8,source_only,sex,0.08332386086694893,7
hungary,va_long_beach,8,source_only,cp,0.5479124231910555,2
hungary,va_long_beach,8,source_only,trestbps,0.0689967720219283,8
hungary,va_long_beach,8,source_only,restecg,0.12560518360638523,5
hungary,va_long_beach,8,source_only,thalach,0.2332107807067223,4
hungary,va_long_beach,8,source_only,exang,0.4958237724751234,3
hungary,va_long_beach,8,source_only,oldpeak,0.9217370071168989,1
hungary,va_long_beach,9,conservative_candidate,age,0.09434590460339674,6
hungary,va_long_beach,9,conservative_candidate,sex,0.07575843475555301,8
hungary,va_long_beach,9,conservative_candidate,cp,0.5802602342639329,2
hungary,va_long_beach,9,conservative_candidate,trestbps,0.09174231089855307,7
hungary,va_long_beach,9,conservative_candidate,restecg,0.10627940636157288,5
hungary,va_long_beach,9,conservative_candidate,thalach,0.18363187446258963,4
hungary,va_long_beach,9,conservative_candidate,exang,0.5230255389213562,3
hungary,va_long_beach,9,conservative_candidate,oldpeak,1.0484631527028978,1
hungary,va_long_beach,9,entropy_sfda,age,0.10778376874251987,6
hungary,va_long_beach,9,entropy_sfda,sex,0.08348328585030684,8
hungary,va_long_beach,9,entropy_sfda,cp,0.6443184438427397,2
hungary,va_long_beach,9,entropy_sfda,trestbps,0.10771732402965423,7
hungary,va_long_beach,9,entropy_sfda,restecg,0.12870905084011608,5
hungary,va_long_beach,9,entropy_sfda,thalach,0.23208853377960623,4
hungary,va_long_beach,9,entropy_sfda,exang,0.643656594529748,3
hungary,va_long_beach,9,entropy_sfda,oldpeak,1.2239230783656239,1
hungary,va_long_beach,9,pseudo_label_sfda,age,0.08157245613809205,8
hungary,va_long_beach,9,pseudo_label_sfda,sex,0.08376168039394541,7
hungary,va_long_beach,9,pseudo_label_sfda,cp,0.6361942082054293,2
hungary,va_long_beach,9,pseudo_label_sfda,trestbps,0.10181722100824114,6
hungary,va_long_beach,9,pseudo_label_sfda,restecg,0.12084007965488124,5
hungary,va_long_beach,9,pseudo_label_sfda,thalach,0.2164844721229747,4
hungary,va_long_beach,9,pseudo_label_sfda,exang,0.5763867491483688,3
hungary,va_long_beach,9,pseudo_label_sfda,oldpeak,1.1371630996000022,1
hungary,va_long_beach,9,reliability_gated_sfda,age,0.1006141628292971,6
hungary,va_long_beach,9,reliability_gated_sfda,sex,0.07673871202743611,8
hungary,va_long_beach,9,reliability_gated_sfda,cp,0.5941207102914086,2
hungary,va_long_beach,9,reliability_gated_sfda,trestbps,0.09373660939396355,7
hungary,va_long_beach,9,reliability_gated_sfda,restecg,0.10943529749725708,5
hungary,va_long_beach,9,reliability_gated_sfda,thalach,0.1882235974352807,4
hungary,va_long_beach,9,reliability_gated_sfda,exang,0.5406273642927408,3
hungary,va_long_beach,9,reliability_gated_sfda,oldpeak,1.0704790892638265,1
hungary,va_long_beach,9,source_only,age,0.09651896915253015,6
hungary,va_long_beach,9,source_only,sex,0.07624412978359031,8
hungary,va_long_beach,9,source_only,cp,0.5834296829999402,2
hungary,va_long_beach,9,source_only,trestbps,0.09077023336118142,7
hungary,va_long_beach,9,source_only,restecg,0.10586373791098591,5
hungary,va_long_beach,9,source_only,thalach,0.18304386318195612,4
hungary,va_long_beach,9,source_only,exang,0.5236925576627255,3
hungary,va_long_beach,9,source_only,oldpeak,1.0450563118699938,1
switzerland,cleveland,0,conservative_candidate,age,0.06868183088781639,8
switzerland,cleveland,0,conservative_candidate,sex,0.08230012946181216,6
switzerland,cleveland,0,conservative_candidate,cp,0.4807959499287883,1
switzerland,cleveland,0,conservative_candidate,trestbps,0.07041195872095302,7
switzerland,cleveland,0,conservative_candidate,restecg,0.19094134337367127,2
switzerland,cleveland,0,conservative_candidate,thalach,0.16370812691471506,3
switzerland,cleveland,0,conservative_candidate,exang,0.08380428134700396,5
switzerland,cleveland,0,conservative_candidate,oldpeak,0.10461445086867707,4
switzerland,cleveland,0,entropy_sfda,age,0.09431332401799113,6
switzerland,cleveland,0,entropy_sfda,sex,0.0926946073204967,7
switzerland,cleveland,0,entropy_sfda,cp,0.5644459628681391,1
switzerland,cleveland,0,entropy_sfda,trestbps,0.0871899937336769,8
switzerland,cleveland,0,entropy_sfda,restecg,0.22600911669652116,2
switzerland,cleveland,0,entropy_sfda,thalach,0.1560793891672057,3
switzerland,cleveland,0,entropy_sfda,exang,0.09628633840052597,5
switzerland,cleveland,0,entropy_sfda,oldpeak,0.13725076651426563,4
switzerland,cleveland,0,pseudo_label_sfda,age,0.0808030661351505,8
switzerland,cleveland,0,pseudo_label_sfda,sex,0.09355919463898084,7
switzerland,cleveland,0,pseudo_label_sfda,cp,0.6114542676920068,1
switzerland,cleveland,0,pseudo_label_sfda,trestbps,0.09852676234198822,6
switzerland,cleveland,0,pseudo_label_sfda,restecg,0.23666028276457768,2
switzerland,cleveland,0,pseudo_label_sfda,thalach,0.16861752246962952,3
switzerland,cleveland,0,pseudo_label_sfda,exang,0.10418293253202048,5
switzerland,cleveland,0,pseudo_label_sfda,oldpeak,0.15044509747185472,4
switzerland,cleveland,0,reliability_gated_sfda,age,0.06868183088781639,8
switzerland,cleveland,0,reliability_gated_sfda,sex,0.08230012946181216,6
switzerland,cleveland,0,reliability_gated_sfda,cp,0.4807959499287883,1
switzerland,cleveland,0,reliability_gated_sfda,trestbps,0.07041195872095302,7
switzerland,cleveland,0,reliability_gated_sfda,restecg,0.19094134337367127,2
switzerland,cleveland,0,reliability_gated_sfda,thalach,0.16370812691471506,3
switzerland,cleveland,0,reliability_gated_sfda,exang,0.08380428134700396,5
switzerland,cleveland,0,reliability_gated_sfda,oldpeak,0.10461445086867707,4
switzerland,cleveland,0,source_only,age,0.06868183088781639,8
switzerland,cleveland,0,source_only,sex,0.08230012946181216,6
switzerland,cleveland,0,source_only,cp,0.4807959499287883,1
switzerland,cleveland,0,source_only,trestbps,0.07041195872095302,7
switzerland,cleveland,0,source_only,restecg,0.19094134337367127,2
switzerland,cleveland,0,source_only,thalach,0.16370812691471506,3
switzerland,cleveland,0,source_only,exang,0.08380428134700396,5
switzerland,cleveland,0,source_only,oldpeak,0.10461445086867707,4
switzerland,cleveland,1,conservative_candidate,age,0.14548493673826682,4
switzerland,cleveland,1,conservative_candidate,sex,0.1482804803586512,3
switzerland,cleveland,1,conservative_candidate,cp,0.6450210076129747,1
switzerland,cleveland,1,conservative_candidate,trestbps,0.14234729117649317,5
switzerland,cleveland,1,conservative_candidate,restecg,0.086834839960136,8
switzerland,cleveland,1,conservative_candidate,thalach,0.09317459446253563,7
switzerland,cleveland,1,conservative_candidate,exang,0.27778938019851057,2
switzerland,cleveland,1,conservative_candidate,oldpeak,0.11557153520472466,6
switzerland,cleveland,1,entropy_sfda,age,0.19151402838073253,3
switzerland,cleveland,1,entropy_sfda,sex,0.17410836448714673,5
switzerland,cleveland,1,entropy_sfda,cp,0.782146727017714,1
switzerland,cleveland,1,entropy_sfda,trestbps,0.17546943287294445,4
switzerland,cleveland,1,entropy_sfda,restecg,0.10167385475470284,7
switzerland,cleveland,1,entropy_sfda,thalach,0.06873834240841967,8
switzerland,cleveland,1,entropy_sfda,exang,0.3258099402531539,2
switzerland,cleveland,1,entropy_sfda,oldpeak,0.15918009737567979,6
switzerland,cleveland,1,pseudo_label_sfda,age,0.17779603297284285,5
switzerland,cleveland,1,pseudo_label_sfda,sex,0.18067975320143273,4
switzerland,cleveland,1,pseudo_label_sfda,cp,0.8444445259045354,1
switzerland,cleveland,1,pseudo_label_sfda,trestbps,0.19785143890903753,3
switzerland,cleveland,1,pseudo_label_sfda,restecg,0.1041561111365214,7
switzerland,cleveland,1,pseudo_label_sfda,thalach,0.07596613669102521,8
switzerland,cleveland,1,pseudo_label_sfda,exang,0.3505165571156311,2
switzerland,cleveland,1,pseudo_label_sfda,oldpeak,0.17467400334620228,6
switzerland,cleveland,1,reliability_gated_sfda,age,0.14548493673826682,4
switzerland,cleveland,1,reliability_gated_sfda,sex,0.1482804803586512,3
switzerland,cleveland,1,reliability_gated_sfda,cp,0.6450210076129747,1
switzerland,cleveland,1,reliability_gated_sfda,trestbps,0.14234729117649317,5
switzerland,cleveland,1,reliability_gated_sfda,restecg,0.086834839960136,8
switzerland,cleveland,1,reliability_gated_sfda,thalach,0.09317459446253563,7
switzerland,cleveland,1,reliability_gated_sfda,exang,0.27778938019851057,2
switzerland,cleveland,1,reliability_gated_sfda,oldpeak,0.11557153520472466,6
switzerland,cleveland,1,source_only,age,0.14548493673826682,4
switzerland,cleveland,1,source_only,sex,0.1482804803586512,3
switzerland,cleveland,1,source_only,cp,0.6450210076129747,1
switzerland,cleveland,1,source_only,trestbps,0.14234729117649317,5
switzerland,cleveland,1,source_only,restecg,0.086834839960136,8
switzerland,cleveland,1,source_only,thalach,0.09317459446253563,7
switzerland,cleveland,1,source_only,exang,0.27778938019851057,2
switzerland,cleveland,1,source_only,oldpeak,0.11557153520472466,6
switzerland,cleveland,2,conservative_candidate,age,0.07702085280136997,7
switzerland,cleveland,2,conservative_candidate,sex,0.1089158386926446,5
switzerland,cleveland,2,conservative_candidate,cp,0.47949161233142035,1
switzerland,cleveland,2,conservative_candidate,trestbps,0.07280006849286895,8
switzerland,cleveland,2,conservative_candidate,restecg,0.12585631908277173,4
switzerland,cleveland,2,conservative_candidate,thalach,0.24177175289075267,2
switzerland,cleveland,2,conservative_candidate,exang,0.10414326243815637,6
switzerland,cleveland,2,conservative_candidate,oldpeak,0.13835602596735658,3
switzerland,cleveland,2,entropy_sfda,age,0.08809079671287812,7
switzerland,cleveland,2,entropy_sfda,sex,0.14550915865762395,5
switzerland,cleveland,2,entropy_sfda,cp,0.5825725844851608,1
switzerland,cleveland,2,entropy_sfda,trestbps,0.07238793608320644,8
switzerland,cleveland,2,entropy_sfda,restecg,0.1554084857956509,4
switzerland,cleveland,2,entropy_sfda,thalach,0.2511388282368433,2
switzerland,cleveland,2,entropy_sfda,exang,0.12655878440775095,6
switzerland,cleveland,2,entropy_sfda,oldpeak,0.2018360143923892,3
switzerland,cleveland,2,pseudo_label_sfda,age,0.09276001406188053,7
switzerland,cleveland,2,pseudo_label_sfda,sex,0.14512718100063868,5
switzerland,cleveland,2,pseudo_label_sfda,cp,0.6219433481845753,1
switzerland,cleveland,2,pseudo_label_sfda,trestbps,0.0803411303851876,8
switzerland,cleveland,2,pseudo_label_sfda,restecg,0.15813450159031664,4
switzerland,cleveland,2,pseudo_label_sfda,thalach,0.26963635477031467,2
switzerland,cleveland,2,pseudo_label_sfda,exang,0.1350951333939045,6
switzerland,cleveland,2,pseudo_label_sfda,oldpeak,0.21095432687463184,3
switzerland,cleveland,2,reliability_gated_sfda,age,0.07702085280136997,7
switzerland,cleveland,2,reliability_gated_sfda,sex,0.1089158386926446,5
switzerland,cleveland,2,reliability_gated_sfda,cp,0.47949161233142035,1
switzerland,cleveland,2,reliability_gated_sfda,trestbps,0.07280006849286895,8
switzerland,cleveland,2,reliability_gated_sfda,restecg,0.12585631908277173,4
switzerland,cleveland,2,reliability_gated_sfda,thalach,0.24177175289075267,2
switzerland,cleveland,2,reliability_gated_sfda,exang,0.10414326243815637,6
switzerland,cleveland,2,reliability_gated_sfda,oldpeak,0.13835602596735658,3
switzerland,cleveland,2,source_only,age,0.07702085280136997,7
switzerland,cleveland,2,source_only,sex,0.1089158386926446,5
switzerland,cleveland,2,source_only,cp,0.47949161233142035,1
switzerland,cleveland,2,source_only,trestbps,0.07280006849286895,8
switzerland,cleveland,2,source_only,restecg,0.12585631908277173,4
switzerland,cleveland,2,source_only,thalach,0.24177175289075267,2
switzerland,cleveland,2,source_only,exang,0.10414326243815637,6
switzerland,cleveland,2,source_only,oldpeak,0.13835602596735658,3
switzerland,cleveland,3,conservative_candidate,age,0.06486791239362881,8
switzerland,cleveland,3,conservative_candidate,sex,0.25170781029689526,2
switzerland,cleveland,3,conservative_candidate,cp,0.4810333487734494,1
switzerland,cleveland,3,conservative_candidate,trestbps,0.08002318064516971,7
switzerland,cleveland,3,conservative_candidate,restecg,0.10928605429992604,6
switzerland,cleveland,3,conservative_candidate,thalach,0.1247320314865442,5
switzerland,cleveland,3,conservative_candidate,exang,0.19337014091376326,3
switzerland,cleveland,3,conservative_candidate,oldpeak,0.18322223376424326,4
switzerland,cleveland,3,entropy_sfda,age,0.09126158047001805,8
switzerland,cleveland,3,entropy_sfda,sex,0.28668744567621857,2
switzerland,cleveland,3,entropy_sfda,cp,0.5635441433109663,1
switzerland,cleveland,3,entropy_sfda,trestbps,0.0965695635514739,7
switzerland,cleveland,3,entropy_sfda,restecg,0.1350564034532743,5
switzerland,cleveland,3,entropy_sfda,thalach,0.11799807867293453,6
switzerland,cleveland,3,entropy_sfda,exang,0.2231397914635663,4
switzerland,cleveland,3,entropy_sfda,oldpeak,0.23716368878924168,3
switzerland,cleveland,3,pseudo_label_sfda,age,0.0859310351021698,8
switzerland,cleveland,3,pseudo_label_sfda,sex,0.30672684456329335,2
switzerland,cleveland,3,pseudo_label_sfda,cp,0.6212977382228417,1
switzerland,cleveland,3,pseudo_label_sfda,trestbps,0.10529989212184292,7
switzerland,cleveland,3,pseudo_label_sfda,restecg,0.14436455729045583,5
switzerland,cleveland,3,pseudo_label_sfda,thalach,0.12857162667263183,6
switzerland,cleveland,3,pseudo_label_sfda,exang,0.2423578794344817,4
switzerland,cleveland,3,pseudo_label_sfda,oldpeak,0.265931472368231,3
switzerland,cleveland,3,reliability_gated_sfda,age,0.06486791239362881,8
switzerland,cleveland,3,reliability_gated_sfda,sex,0.25170781029689526,2
switzerland,cleveland,3,reliability_gated_sfda,cp,0.4810333487734494,1
switzerland,cleveland,3,reliability_gated_sfda,trestbps,0.08002318064516971,7
switzerland,cleveland,3,reliability_gated_sfda,restecg,0.10928605429992604,6
switzerland,cleveland,3,reliability_gated_sfda,thalach,0.1247320314865442,5
switzerland,cleveland,3,reliability_gated_sfda,exang,0.19337014091376326,3
switzerland,cleveland,3,reliability_gated_sfda,oldpeak,0.18322223376424326,4
switzerland,cleveland,3,source_only,age,0.06486791239362881,8
switzerland,cleveland,3,source_only,sex,0.25170781029689526,2
switzerland,cleveland,3,source_only,cp,0.4810333487734494,1
switzerland,cleveland,3,source_only,trestbps,0.08002318064516971,7
switzerland,cleveland,3,source_only,restecg,0.10928605429992604,6
switzerland,cleveland,3,source_only,thalach,0.1247320314865442,5
switzerland,cleveland,3,source_only,exang,0.19337014091376326,3
switzerland,cleveland,3,source_only,oldpeak,0.18322223376424326,4
switzerland,cleveland,4,conservative_candidate,age,0.09622605619840657,8
switzerland,cleveland,4,conservative_candidate,sex,0.0998503388990663,7
switzerland,cleveland,4,conservative_candidate,cp,0.5142702715219346,1
switzerland,cleveland,4,conservative_candidate,trestbps,0.13347518400357503,6
switzerland,cleveland,4,conservative_candidate,restecg,0.22422759195062772,5
switzerland,cleveland,4,conservative_candidate,thalach,0.26087506124657567,3
switzerland,cleveland,4,conservative_candidate,exang,0.2615319764911877,2
switzerland,cleveland,4,conservative_candidate,oldpeak,0.22860902330066651,4
switzerland,cleveland,4,entropy_sfda,age,0.12241704051810078,7
switzerland,cleveland,4,entropy_sfda,sex,0.10684121569784556,8
switzerland,cleveland,4,entropy_sfda,cp,0.5992583555421349,1
switzerland,cleveland,4,entropy_sfda,trestbps,0.16107869592323132,6
switzerland,cleveland,4,entropy_sfda,restecg,0.25921018295936754,4
switzerland,cleveland,4,entropy_sfda,thalach,0.2578049943653295,5
switzerland,cleveland,4,entropy_sfda,exang,0.3156290381260081,2
switzerland,cleveland,4,entropy_sfda,oldpeak,0.28128469318286714,3
switzerland,cleveland,4,pseudo_label_sfda,age,0.09310261420552113,8
switzerland,cleveland,4,pseudo_label_sfda,sex,0.10906418845696807,7
switzerland,cleveland,4,pseudo_label_sfda,cp,0.637325421795587,1
switzerland,cleveland,4,pseudo_label_sfda,trestbps,0.17714964392404423,6
switzerland,cleveland,4,pseudo_label_sfda,restecg,0.26861028973375856,5
switzerland,cleveland,4,pseudo_label_sfda,thalach,0.276960069972948,4
switzerland,cleveland,4,pseudo_label_sfda,exang,0.32767421547546305,2
switzerland,cleveland,4,pseudo_label_sfda,oldpeak,0.31097165261865545,3
switzerland,cleveland,4,reliability_gated_sfda,age,0.09622605619840657,8
switzerland,cleveland,4,reliability_gated_sfda,sex,0.0998503388990663,7
switzerland,cleveland,4,reliability_gated_sfda,cp,0.5142702715219346,1
switzerland,cleveland,4,reliability_gated_sfda,trestbps,0.13347518400357503,6
switzerland,cleveland,4,reliability_gated_sfda,restecg,0.22422759195062772,5
switzerland,cleveland,4,reliability_gated_sfda,thalach,0.26087506124657567,3
switzerland,cleveland,4,reliability_gated_sfda,exang,0.2615319764911877,2
switzerland,cleveland,4,reliability_gated_sfda,oldpeak,0.22860902330066651,4
switzerland,cleveland,4,source_only,age,0.09622605619840657,8
switzerland,cleveland,4,source_only,sex,0.0998503388990663,7
switzerland,cleveland,4,source_only,cp,0.5142702715219346,1
switzerland,cleveland,4,source_only,trestbps,0.13347518400357503,6
switzerland,cleveland,4,source_only,restecg,0.22422759195062772,5
switzerland,cleveland,4,source_only,thalach,0.26087506124657567,3
switzerland,cleveland,4,source_only,exang,0.2615319764911877,2
switzerland,cleveland,4,source_only,oldpeak,0.22860902330066651,4
switzerland,cleveland,5,conservative_candidate,age,0.09218457994983364,6
switzerland,cleveland,5,conservative_candidate,sex,0.055108279032823226,8
switzerland,cleveland,5,conservative_candidate,cp,0.33676926962256726,1
switzerland,cleveland,5,conservative_candidate,trestbps,0.0769426690283148,7
switzerland,cleveland,5,conservative_candidate,restecg,0.15563625662215663,2
switzerland,cleveland,5,conservative_candidate,thalach,0.15494746116002273,3
switzerland,cleveland,5,conservative_candidate,exang,0.09412288611674857,5
switzerland,cleveland,5,conservative_candidate,oldpeak,0.1091689979388584,4
switzerland,cleveland,5,entropy_sfda,age,0.07783004770915268,6
switzerland,cleveland,5,entropy_sfda,sex,0.06088139618387312,8
switzerland,cleveland,5,entropy_sfda,cp,0.3996303580123501,1
switzerland,cleveland,5,entropy_sfda,trestbps,0.07697477523643187,7
switzerland,cleveland,5,entropy_sfda,restecg,0.18686649751643533,2
switzerland,cleveland,5,entropy_sfda,thalach,0.14054439984674624,3
switzerland,cleveland,5,entropy_sfda,exang,0.10532108541860828,5
switzerland,cleveland,5,entropy_sfda,oldpeak,0.13004978507966192,4
switzerland,cleveland,5,pseudo_label_sfda,age,0.11179248195582621,6
switzerland,cleveland,5,pseudo_label_sfda,sex,0.06186253808610899,8
switzerland,cleveland,5,pseudo_label_sfda,cp,0.4340123005838382,1
switzerland,cleveland,5,pseudo_label_sfda,trestbps,0.09603859603338911,7
switzerland,cleveland,5,pseudo_label_sfda,restecg,0.19710770280718212,2
switzerland,cleveland,5,pseudo_label_sfda,thalach,0.15467515363505493,3
switzerland,cleveland,5,pseudo_label_sfda,exang,0.11309887990109593,5
switzerland,cleveland,5,pseudo_label_sfda,oldpeak,0.1463957496952548,4
switzerland,cleveland,5,reliability_gated_sfda,age,0.09218457994983364,6
switzerland,cleveland,5,reliability_gated_sfda,sex,0.055108279032823226,8
switzerland,cleveland,5,reliability_gated_sfda,cp,0.33676926962256726,1
switzerland,cleveland,5,reliability_gated_sfda,trestbps,0.0769426690283148,7
switzerland,cleveland,5,reliability_gated_sfda,restecg,0.15563625662215663,2
switzerland,cleveland,5,reliability_gated_sfda,thalach,0.15494746116002273,3
switzerland,cleveland,5,reliability_gated_sfda,exang,0.09412288611674857,5
switzerland,cleveland,5,reliability_gated_sfda,oldpeak,0.1091689979388584,4
switzerland,cleveland,5,source_only,age,0.09218457994983364,6
switzerland,cleveland,5,source_only,sex,0.055108279032823226,8
switzerland,cleveland,5,source_only,cp,0.33676926962256726,1
switzerland,cleveland,5,source_only,trestbps,0.0769426690283148,7
switzerland,cleveland,5,source_only,restecg,0.15563625662215663,2
switzerland,cleveland,5,source_only,thalach,0.15494746116002273,3
switzerland,cleveland,5,source_only,exang,0.09412288611674857,5
switzerland,cleveland,5,source_only,oldpeak,0.1091689979388584,4
switzerland,cleveland,6,conservative_candidate,age,0.15208253428349944,4
switzerland,cleveland,6,conservative_candidate,sex,0.08599043729724265,6
switzerland,cleveland,6,conservative_candidate,cp,0.36373489565544886,1
switzerland,cleveland,6,conservative_candidate,trestbps,0.15088431836296448,5
switzerland,cleveland,6,conservative_candidate,restecg,0.24572427856517653,2
switzerland,cleveland,6,conservative_candidate,thalach,0.05851872444298634,7
switzerland,cleveland,6,conservative_candidate,exang,0.17810709113039985,3
switzerland,cleveland,6,conservative_candidate,oldpeak,0.052507592545915964,8
switzerland,cleveland,6,entropy_sfda,age,0.1193618180876499,5
switzerland,cleveland,6,entropy_sfda,sex,0.09593796860365186,7
switzerland,cleveland,6,entropy_sfda,cp,0.4013667990153474,1
switzerland,cleveland,6,entropy_sfda,trestbps,0.1842566037853325,4
switzerland,cleveland,6,entropy_sfda,restecg,0.25910982814165623,2
switzerland,cleveland,6,entropy_sfda,thalach,0.10995654732821868,6
switzerland,cleveland,6,entropy_sfda,exang,0.1886338917507787,3
switzerland,cleveland,6,entropy_sfda,oldpeak,0.0647359318633966,8
switzerland,cleveland,6,pseudo_label_sfda,age,0.19461327139365026,5
switzerland,cleveland,6,pseudo_label_sfda,sex,0.09943399135724149,7
switzerland,cleveland,6,pseudo_label_sfda,cp,0.45138058378576323,1
switzerland,cleveland,6,pseudo_label_sfda,trestbps,0.23162087354280375,3
switzerland,cleveland,6,pseudo_label_sfda,restecg,0.28035892854773564,2
switzerland,cleveland,6,pseudo_label_sfda,thalach,0.11816959493799689,6
switzerland,cleveland,6,pseudo_label_sfda,exang,0.20879513573626873,4
switzerland,cleveland,6,pseudo_label_sfda,oldpeak,0.07362508930445709,8
switzerland,cleveland,6,reliability_gated_sfda,age,0.15208253428349944,4
switzerland,cleveland,6,reliability_gated_sfda,sex,0.08599043729724265,6
switzerland,cleveland,6,reliability_gated_sfda,cp,0.36373489565544886,1
switzerland,cleveland,6,reliability_gated_sfda,trestbps,0.15088431836296448,5
switzerland,cleveland,6,reliability_gated_sfda,restecg,0.24572427856517653,2
switzerland,cleveland,6,reliability_gated_sfda,thalach,0.05851872444298634,7
switzerland,cleveland,6,reliability_gated_sfda,exang,0.17810709113039985,3
switzerland,cleveland,6,reliability_gated_sfda,oldpeak,0.052507592545915964,8
switzerland,cleveland,6,source_only,age,0.15208253428349944,4
switzerland,cleveland,6,source_only,sex,0.08599043729724265,6
switzerland,cleveland,6,source_only,cp,0.36373489565544886,1
switzerland,cleveland,6,source_only,trestbps,0.15088431836296448,5
switzerland,cleveland,6,source_only,restecg,0.24572427856517653,2
switzerland,cleveland,6,source_only,thalach,0.05851872444298634,7
switzerland,cleveland,6,source_only,exang,0.17810709113039985,3
switzerland,cleveland,6,source_only,oldpeak,0.052507592545915964,8
switzerland,cleveland,7,conservative_candidate,age,0.0649328360510006,6
switzerland,cleveland,7,conservative_candidate,sex,0.015626773164413892,8
switzerland,cleveland,7,conservative_candidate,cp,0.3622003158295766,1
switzerland,cleveland,7,conservative_candidate,trestbps,0.04648735467113992,7
switzerland,cleveland,7,conservative_candidate,restecg,0.12055606815484486,5
switzerland,cleveland,7,conservative_candidate,thalach,0.2202368248446165,3
switzerland,cleveland,7,conservative_candidate,exang,0.2291089599527935,2
switzerland,cleveland,7,conservative_candidate,oldpeak,0.1800587339105435,4
switzerland,cleveland,7,entropy_sfda,age,0.06600479737702958,6
switzerland,cleveland,7,entropy_sfda,sex,0.01452910799299525,8
switzerland,cleveland,7,entropy_sfda,cp,0.4240534130791041,1
switzerland,cleveland,7,entropy_sfda,trestbps,0.045630738604813766,7
switzerland,cleveland,7,entropy_sfda,restecg,0.13762849741446298,5
switzerland,cleveland,7,entropy_sfda,thalach,0.20205343086076533,4
switzerland,cleveland,7,entropy_sfda,exang,0.2654752188635738,2
switzerland,cleveland,7,entropy_sfda,oldpeak,0.21623022655961058,3
switzerland,cleveland,7,pseudo_label_sfda,age,0.08277163564046171,6
switzerland,cleveland,7,pseudo_label_sfda,sex,0.015041809000394478,8
switzerland,cleveland,7,pseudo_label_sfda,cp,0.4536130719201231,1
switzerland,cleveland,7,pseudo_label_sfda,trestbps,0.04849103092878327,7
switzerland,cleveland,7,pseudo_label_sfda,restecg,0.1435207338579515,5
switzerland,cleveland,7,pseudo_label_sfda,thalach,0.21890818594844255,4
switzerland,cleveland,7,pseudo_label_sfda,exang,0.2797277372072239,2
switzerland,cleveland,7,pseudo_label_sfda,oldpeak,0.2391761049454211,3
switzerland,cleveland,7,reliability_gated_sfda,age,0.0649328360510006,6
switzerland,cleveland,7,reliability_gated_sfda,sex,0.015626773164413892,8
switzerland,cleveland,7,reliability_gated_sfda,cp,0.3622003158295766,1
switzerland,cleveland,7,reliability_gated_sfda,trestbps,0.04648735467113992,7
switzerland,cleveland,7,reliability_gated_sfda,restecg,0.12055606815484486,5
switzerland,cleveland,7,reliability_gated_sfda,thalach,0.2202368248446165,3
switzerland,cleveland,7,reliability_gated_sfda,exang,0.2291089599527935,2
switzerland,cleveland,7,reliability_gated_sfda,oldpeak,0.1800587339105435,4
switzerland,cleveland,7,source_only,age,0.0649328360510006,6
switzerland,cleveland,7,source_only,sex,0.015626773164413892,8
switzerland,cleveland,7,source_only,cp,0.3622003158295766,1
switzerland,cleveland,7,source_only,trestbps,0.04648735467113992,7
switzerland,cleveland,7,source_only,restecg,0.12055606815484486,5
switzerland,cleveland,7,source_only,thalach,0.2202368248446165,3
switzerland,cleveland,7,source_only,exang,0.2291089599527935,2
switzerland,cleveland,7,source_only,oldpeak,0.1800587339105435,4
switzerland,cleveland,8,conservative_candidate,age,0.07179870888154347,6
switzerland,cleveland,8,conservative_candidate,sex,0.045772179420238236,8
switzerland,cleveland,8,conservative_candidate,cp,0.4724964071034451,1
switzerland,cleveland,8,conservative_candidate,trestbps,0.10364141041953143,5
switzerland,cleveland,8,conservative_candidate,restecg,0.2416932551784244,2
switzerland,cleveland,8,conservative_candidate,thalach,0.21813503158718298,3
switzerland,cleveland,8,conservative_candidate,exang,0.20720436907812903,4
switzerland,cleveland,8,conservative_candidate,oldpeak,0.0589984873146058,7
switzerland,cleveland,8,entropy_sfda,age,0.09129522965295794,6
switzerland,cleveland,8,entropy_sfda,sex,0.048602331122352696,8
switzerland,cleveland,8,entropy_sfda,cp,0.5692606646223332,1
switzerland,cleveland,8,entropy_sfda,trestbps,0.13225134020239393,5
switzerland,cleveland,8,entropy_sfda,restecg,0.2844262539651921,2
switzerland,cleveland,8,entropy_sfda,thalach,0.20456620357491123,4
switzerland,cleveland,8,entropy_sfda,exang,0.23932035813237182,3
switzerland,cleveland,8,entropy_sfda,oldpeak,0.06237772893600112,7
switzerland,cleveland,8,pseudo_label_sfda,age,0.07998195323818774,6
switzerland,cleveland,8,pseudo_label_sfda,sex,0.048758955580173104,8
switzerland,cleveland,8,pseudo_label_sfda,cp,0.5950102744679345,1
switzerland,cleveland,8,pseudo_label_sfda,trestbps,0.14352069173212598,5
switzerland,cleveland,8,pseudo_label_sfda,restecg,0.2903772937717906,2
switzerland,cleveland,8,pseudo_label_sfda,thalach,0.22379266186356053,4
switzerland,cleveland,8,pseudo_label_sfda,exang,0.24800459209448433,3
switzerland,cleveland,8,pseudo_label_sfda,oldpeak,0.06092414238356455,7
switzerland,cleveland,8,reliability_gated_sfda,age,0.07179870888154347,6
switzerland,cleveland,8,reliability_gated_sfda,sex,0.045772179420238236,8
switzerland,cleveland,8,reliability_gated_sfda,cp,0.4724964071034451,1
switzerland,cleveland,8,reliability_gated_sfda,trestbps,0.10364141041953143,5
switzerland,cleveland,8,reliability_gated_sfda,restecg,0.2416932551784244,2
switzerland,cleveland,8,reliability_gated_sfda,thalach,0.21813503158718298,3
switzerland,cleveland,8,reliability_gated_sfda,exang,0.20720436907812903,4
switzerland,cleveland,8,reliability_gated_sfda,oldpeak,0.0589984873146058,7
switzerland,cleveland,8,source_only,age,0.07179870888154347,6
switzerland,cleveland,8,source_only,sex,0.045772179420238236,8
switzerland,cleveland,8,source_only,cp,0.4724964071034451,1
switzerland,cleveland,8,source_only,trestbps,0.10364141041953143,5
switzerland,cleveland,8,source_only,restecg,0.2416932551784244,2
switzerland,cleveland,8,source_only,thalach,0.21813503158718298,3
switzerland,cleveland,8,source_only,exang,0.20720436907812903,4
switzerland,cleveland,8,source_only,oldpeak,0.0589984873146058,7
switzerland,cleveland,9,conservative_candidate,age,0.06373294805277982,8
switzerland,cleveland,9,conservative_candidate,sex,0.07358528594962829,7
switzerland,cleveland,9,conservative_candidate,cp,0.38896979332867726,1
switzerland,cleveland,9,conservative_candidate,trestbps,0.11004520471210869,6
switzerland,cleveland,9,conservative_candidate,restecg,0.29553723944775245,2
switzerland,cleveland,9,conservative_candidate,thalach,0.1884533708489411,4
switzerland,cleveland,9,conservative_candidate,exang,0.16626039342401494,5
switzerland,cleveland,9,conservative_candidate,oldpeak,0.29052512296214206,3
switzerland,cleveland,9,entropy_sfda,age,0.08653999913695937,8
switzerland,cleveland,9,entropy_sfda,sex,0.11245546780108615,7
switzerland,cleveland,9,entropy_sfda,cp,0.47066378662756125,1
switzerland,cleveland,9,entropy_sfda,trestbps,0.1316030458608648,6
switzerland,cleveland,9,entropy_sfda,restecg,0.3728122593183378,2
switzerland,cleveland,9,entropy_sfda,thalach,0.1797463337186933,5
switzerland,cleveland,9,entropy_sfda,exang,0.1815871672194586,4
switzerland,cleveland,9,entropy_sfda,oldpeak,0.37278511560684924,3
switzerland,cleveland,9,pseudo_label_sfda,age,0.07772956543645076,8
switzerland,cleveland,9,pseudo_label_sfda,sex,0.10768211792797927,7
switzerland,cleveland,9,pseudo_label_sfda,cp,0.5044572399437378,1
switzerland,cleveland,9,pseudo_label_sfda,trestbps,0.14649496789677402,6
switzerland,cleveland,9,pseudo_label_sfda,restecg,0.3827998472359216,3
switzerland,cleveland,9,pseudo_label_sfda,thalach,0.19725328918066942,4
switzerland,cleveland,9,pseudo_label_sfda,exang,0.1956875744911999,5
switzerland,cleveland,9,pseudo_label_sfda,oldpeak,0.40601581249004937,2
switzerland,cleveland,9,reliability_gated_sfda,age,0.06373294805277982,8
switzerland,cleveland,9,reliability_gated_sfda,sex,0.07358528594962829,7
switzerland,cleveland,9,reliability_gated_sfda,cp,0.38896979332867726,1
switzerland,cleveland,9,reliability_gated_sfda,trestbps,0.11004520471210869,6
switzerland,cleveland,9,reliability_gated_sfda,restecg,0.29553723944775245,2
switzerland,cleveland,9,reliability_gated_sfda,thalach,0.1884533708489411,4
switzerland,cleveland,9,reliability_gated_sfda,exang,0.16626039342401494,5
switzerland,cleveland,9,reliability_gated_sfda,oldpeak,0.29052512296214206,3
switzerland,cleveland,9,source_only,age,0.06373294805277982,8
switzerland,cleveland,9,source_only,sex,0.07358528594962829,7
switzerland,cleveland,9,source_only,cp,0.38896979332867726,1
switzerland,cleveland,9,source_only,trestbps,0.11004520471210869,6
switzerland,cleveland,9,source_only,restecg,0.29553723944775245,2
switzerland,cleveland,9,source_only,thalach,0.1884533708489411,4
switzerland,cleveland,9,source_only,exang,0.16626039342401494,5
switzerland,cleveland,9,source_only,oldpeak,0.29052512296214206,3
switzerland,hungary,0,conservative_candidate,age,0.08243609843284622,5
switzerland,hungary,0,conservative_candidate,sex,0.0728701341479104,6
switzerland,hungary,0,conservative_candidate,cp,0.5595305739978382,1
switzerland,hungary,0,conservative_candidate,trestbps,0.14211374825756792,3
switzerland,hungary,0,conservative_candidate,restecg,0.02373712598912685,8
switzerland,hungary,0,conservative_candidate,thalach,0.23826344161085328,2
switzerland,hungary,0,conservative_candidate,exang,0.13750537664437074,4
switzerland,hungary,0,conservative_candidate,oldpeak,0.05955544319938306,7
switzerland,hungary,0,entropy_sfda,age,0.14227801452354813,5
switzerland,hungary,0,entropy_sfda,sex,0.0800183747901397,6
switzerland,hungary,0,entropy_sfda,cp,0.6369737852715213,1
switzerland,hungary,0,entropy_sfda,trestbps,0.15676764146580047,3
switzerland,hungary,0,entropy_sfda,restecg,0.028170047922172054,8
switzerland,hungary,0,entropy_sfda,thalach,0.2391319583854353,2
switzerland,hungary,0,entropy_sfda,exang,0.14549394096976434,4
switzerland,hungary,0,entropy_sfda,oldpeak,0.06396158373610548,7
switzerland,hungary,0,pseudo_label_sfda,age,0.1345783354600473,5
switzerland,hungary,0,pseudo_label_sfda,sex,0.0779972525288154,6
switzerland,hungary,0,pseudo_label_sfda,cp,0.6743710801515373,1
switzerland,hungary,0,pseudo_label_sfda,trestbps,0.17347323024157607,3
switzerland,hungary,0,pseudo_label_sfda,restecg,0.02909110574043337,8
switzerland,hungary,0,pseudo_label_sfda,thalach,0.2607783199490688,2
switzerland,hungary,0,pseudo_label_sfda,exang,0.1545406625111948,4
switzerland,hungary,0,pseudo_label_sfda,oldpeak,0.05992884385489797,7
switzerland,hungary,0,reliability_gated_sfda,age,0.08243609843284622,5
switzerland,hungary,0,reliability_gated_sfda,sex,0.0728701341479104,6
switzerland,hungary,0,reliability_gated_sfda,cp,0.5595305739978382,1
switzerland,hungary,0,reliability_gated_sfda,trestbps,0.14211374825756792,3
switzerland,hungary,0,reliability_gated_sfda,restecg,0.02373712598912685,8
switzerland,hungary,0,reliability_gated_sfda,thalach,0.23826344161085328,2
switzerland,hungary,0,reliability_gated_sfda,exang,0.13750537664437074,4
switzerland,hungary,0,reliability_gated_sfda,oldpeak,0.05955544319938306,7
switzerland,hungary,0,source_only,age,0.08243609843284622,5
switzerland,hungary,0,source_only,sex,0.0728701341479104,6
switzerland,hungary,0,source_only,cp,0.5595305739978382,1
switzerland,hungary,0,source_only,trestbps,0.14211374825756792,3
switzerland,hungary,0,source_only,restecg,0.02373712598912685,8
switzerland,hungary,0,source_only,thalach,0.23826344161085328,2
switzerland,hungary,0,source_only,exang,0.13750537664437074,4
switzerland,hungary,0,source_only,oldpeak,0.05955544319938306,7
switzerland,hungary,1,conservative_candidate,age,0.15240692794417995,3
switzerland,hungary,1,conservative_candidate,sex,0.1302944151098605,5
switzerland,hungary,1,conservative_candidate,cp,0.6941230640901873,1
switzerland,hungary,1,conservative_candidate,trestbps,0.14769026448436995,4
switzerland,hungary,1,conservative_candidate,restecg,0.04111513374436667,8
switzerland,hungary,1,conservative_candidate,thalach,0.1269832287008674,6
switzerland,hungary,1,conservative_candidate,exang,0.31689039729301954,2
switzerland,hungary,1,conservative_candidate,oldpeak,0.06460608575424985,7
switzerland,hungary,1,entropy_sfda,age,0.24358236130808486,3
switzerland,hungary,1,entropy_sfda,sex,0.14931540606784166,5
switzerland,hungary,1,entropy_sfda,cp,0.8343415648270981,1
switzerland,hungary,1,entropy_sfda,trestbps,0.1876864830866697,4
switzerland,hungary,1,entropy_sfda,restecg,0.06870021092939839,7
switzerland,hungary,1,entropy_sfda,thalach,0.08553165646402959,6
switzerland,hungary,1,entropy_sfda,exang,0.361355234419002,2
switzerland,hungary,1,entropy_sfda,oldpeak,0.059725625473640805,8
switzerland,hungary,1,pseudo_label_sfda,age,0.23602467758238924,3
switzerland,hungary,1,pseudo_label_sfda,sex,0.14959879104225404,5
switzerland,hungary,1,pseudo_label_sfda,cp,0.8733270787760666,1
switzerland,hungary,1,pseudo_label_sfda,trestbps,0.20554633301264624,4
switzerland,hungary,1,pseudo_label_sfda,restecg,0.06690800149741317,8
switzerland,hungary,1,pseudo_label_sfda,thalach,0.1097334573872159,6
switzerland,hungary,1,pseudo_label_sfda,exang,0.3806534631044737,2
switzerland,hungary,1,pseudo_label_sfda,oldpeak,0.07566126351811772,7
switzerland,hungary,1,reliability_gated_sfda,age,0.15240692794417995,3
switzerland,hungary,1,reliability_gated_sfda,sex,0.1302944151098605,5
switzerland,hungary,1,reliability_gated_sfda,cp,0.6941230640901873,1
switzerland,hungary,1,reliability_gated_sfda,trestbps,0.14769026448436995,4
switzerland,hungary,1,reliability_gated_sfda,restecg,0.04111513374436667,8
switzerland,hungary,1,reliability_gated_sfda,thalach,0.1269832287008674,6
switzerland,hungary,1,reliability_gated_sfda,exang,0.31689039729301954,2
switzerland,hungary,1,reliability_gated_sfda,oldpeak,0.06460608575424985,7
switzerland,hungary,1,source_only,age,0.15240692794417995,3
switzerland,hungary,1,source_only,sex,0.1302944151098605,5
switzerland,hungary,1,source_only,cp,0.6941230640901873,1
switzerland,hungary,1,source_only,trestbps,0.14769026448436995,4
switzerland,hungary,1,source_only,restecg,0.04111513374436667,8
switzerland,hungary,1,source_only,thalach,0.1269832287008674,6
switzerland,hungary,1,source_only,exang,0.31689039729301954,2
switzerland,hungary,1,source_only,oldpeak,0.06460608575424985,7
switzerland,hungary,2,conservative_candidate,age,0.08968205965436091,6
switzerland,hungary,2,conservative_candidate,sex,0.12841283246165225,3
switzerland,hungary,2,conservative_candidate,cp,0.5870180002478753,1
switzerland,hungary,2,conservative_candidate,trestbps,0.04802901156624413,7
switzerland,hungary,2,conservative_candidate,restecg,0.023538348710434233,8
switzerland,hungary,2,conservative_candidate,thalach,0.3122886293567717,2
switzerland,hungary,2,conservative_candidate,exang,0.11676292350122916,4
switzerland,hungary,2,conservative_candidate,oldpeak,0.09111756951149017,5
switzerland,hungary,2,entropy_sfda,age,0.11530864311597577,5
switzerland,hungary,2,entropy_sfda,sex,0.1678796389146524,3
switzerland,hungary,2,entropy_sfda,cp,0.7002199063416916,1
switzerland,hungary,2,entropy_sfda,trestbps,0.05604560288076354,7
switzerland,hungary,2,entropy_sfda,restecg,0.027843006582436464,8
switzerland,hungary,2,entropy_sfda,thalach,0.3226513555843611,2
switzerland,hungary,2,entropy_sfda,exang,0.1389337642511137,4
switzerland,hungary,2,entropy_sfda,oldpeak,0.07999829128368746,6
switzerland,hungary,2,pseudo_label_sfda,age,0.11627527613899204,6
switzerland,hungary,2,pseudo_label_sfda,sex,0.16378106672291448,3
switzerland,hungary,2,pseudo_label_sfda,cp,0.7332048617477301,1
switzerland,hungary,2,pseudo_label_sfda,trestbps,0.06085553491582335,7
switzerland,hungary,2,pseudo_label_sfda,restecg,0.02860649006138709,8
switzerland,hungary,2,pseudo_label_sfda,thalach,0.34851607339152574,2
switzerland,hungary,2,pseudo_label_sfda,exang,0.14571566474275519,4
switzerland,hungary,2,pseudo_label_sfda,oldpeak,0.11900879749964895,5
switzerland,hungary,2,reliability_gated_sfda,age,0.08968205965436091,6
switzerland,hungary,2,reliability_gated_sfda,sex,0.12841283246165225,3
switzerland,hungary,2,reliability_gated_sfda,cp,0.5870180002478753,1
switzerland,hungary,2,reliability_gated_sfda,trestbps,0.04802901156624413,7
switzerland,hungary,2,reliability_gated_sfda,restecg,0.023538348710434233,8
switzerland,hungary,2,reliability_gated_sfda,thalach,0.3122886293567717,2
switzerland,hungary,2,reliability_gated_sfda,exang,0.11676292350122916,4
switzerland,hungary,2,reliability_gated_sfda,oldpeak,0.09111756951149017,5
switzerland,hungary,2,source_only,age,0.08968205965436091,6
switzerland,hungary,2,source_only,sex,0.12841283246165225,3
switzerland,hungary,2,source_only,cp,0.5870180002478753,1
switzerland,hungary,2,source_only,trestbps,0.04802901156624413,7
switzerland,hungary,2,source_only,restecg,0.023538348710434233,8
switzerland,hungary,2,source_only,thalach,0.3122886293567717,2
switzerland,hungary,2,source_only,exang,0.11676292350122916,4
switzerland,hungary,2,source_only,oldpeak,0.09111756951149017,5
switzerland,hungary,3,conservative_candidate,age,0.057995570200886595,7
switzerland,hungary,3,conservative_candidate,sex,0.23303739404698617,2
switzerland,hungary,3,conservative_candidate,cp,0.5412106951952081,1
switzerland,hungary,3,conservative_candidate,trestbps,0.09512467531774023,6
switzerland,hungary,3,conservative_candidate,restecg,0.017750215918604928,8
switzerland,hungary,3,conservative_candidate,thalach,0.18030473374172437,4
switzerland,hungary,3,conservative_candidate,exang,0.2023837320747323,3
switzerland,hungary,3,conservative_candidate,oldpeak,0.09662940468164757,5
switzerland,hungary,3,entropy_sfda,age,0.10154275683651287,6
switzerland,hungary,3,entropy_sfda,sex,0.26717154528362813,2
switzerland,hungary,3,entropy_sfda,cp,0.6367053120162617,1
switzerland,hungary,3,entropy_sfda,trestbps,0.11669340320992704,5
switzerland,hungary,3,entropy_sfda,restecg,0.019390727696840474,8
switzerland,hungary,3,entropy_sfda,thalach,0.17119791213427762,4
switzerland,hungary,3,entropy_sfda,exang,0.2275161055505884,3
switzerland,hungary,3,entropy_sfda,oldpeak,0.07339498805508589,7
switzerland,hungary,3,pseudo_label_sfda,age,0.10040066237998949,7
switzerland,hungary,3,pseudo_label_sfda,sex,0.27635959611229954,2
switzerland,hungary,3,pseudo_label_sfda,cp,0.6777150860518775,1
switzerland,hungary,3,pseudo_label_sfda,trestbps,0.1302131317111625,5
switzerland,hungary,3,pseudo_label_sfda,restecg,0.020316177114683313,8
switzerland,hungary,3,pseudo_label_sfda,thalach,0.18989000226716277,4
switzerland,hungary,3,pseudo_label_sfda,exang,0.24166257837850627,3
switzerland,hungary,3,pseudo_label_sfda,oldpeak,0.12271256804336364,6
switzerland,hungary,3,reliability_gated_sfda,age,0.057995570200886595,7
switzerland,hungary,3,reliability_gated_sfda,sex,0.23303739404698617,2
switzerland,hungary,3,reliability_gated_sfda,cp,0.5412106951952081,1
switzerland,hungary,3,reliability_gated_sfda,trestbps,0.09512467531774023,6
switzerland,hungary,3,reliability_gated_sfda,restecg,0.017750215918604928,8
switzerland,hungary,3,reliability_gated_sfda,thalach,0.18030473374172437,4
switzerland,hungary,3,reliability_gated_sfda,exang,0.2023837320747323,3
switzerland,hungary,3,reliability_gated_sfda,oldpeak,0.09662940468164757,5
switzerland,hungary,3,source_only,age,0.057995570200886595,7
switzerland,hungary,3,source_only,sex,0.23303739404698617,2
switzerland,hungary,3,source_only,cp,0.5412106951952081,1
switzerland,hungary,3,source_only,trestbps,0.09512467531774023,6
switzerland,hungary,3,source_only,restecg,0.017750215918604928,8
switzerland,hungary,3,source_only,thalach,0.18030473374172437,4
switzerland,hungary,3,source_only,exang,0.2023837320747323,3
switzerland,hungary,3,source_only,oldpeak,0.09662940468164757,5
switzerland,hungary,4,conservative_candidate,age,0.16363194025815367,5
switzerland,hungary,4,conservative_candidate,sex,0.0914758157213123,7
switzerland,hungary,4,conservative_candidate,cp,0.5820072683391675,1
switzerland,hungary,4,conservative_candidate,trestbps,0.18863871090468906,4
switzerland,hungary,4,conservative_candidate,restecg,0.05765865732941111,8
switzerland,hungary,4,conservative_candidate,thalach,0.37153494256377523,2
switzerland,hungary,4,conservative_candidate,exang,0.3064594924941716,3
switzerland,hungary,4,conservative_candidate,oldpeak,0.1026784571483224,6
switzerland,hungary,4,entropy_sfda,age,0.22731928377282382,4
switzerland,hungary,4,entropy_sfda,sex,0.09193745162971567,6
switzerland,hungary,4,entropy_sfda,cp,0.6698354814040434,1
switzerland,hungary,4,entropy_sfda,trestbps,0.22090247557910325,5
switzerland,hungary,4,entropy_sfda,restecg,0.07646427108554484,7
switzerland,hungary,4,entropy_sfda,thalach,0.3730694113780751,2
switzerland,hungary,4,entropy_sfda,exang,0.34876849062639437,3
switzerland,hungary,4,entropy_sfda,oldpeak,0.05952322755589424,8
switzerland,hungary,4,pseudo_label_sfda,age,0.23177275884869591,5
switzerland,hungary,4,pseudo_label_sfda,sex,0.0918399713375941,7
switzerland,hungary,4,pseudo_label_sfda,cp,0.7108117116303944,1
switzerland,hungary,4,pseudo_label_sfda,trestbps,0.24567135001158938,4
switzerland,hungary,4,pseudo_label_sfda,restecg,0.08128047443381474,8
switzerland,hungary,4,pseudo_label_sfda,thalach,0.40445162515871885,2
switzerland,hungary,4,pseudo_label_sfda,exang,0.3655728082486181,3
switzerland,hungary,4,pseudo_label_sfda,oldpeak,0.11074995221316708,6
switzerland,hungary,4,reliability_gated_sfda,age,0.16363194025815367,5
switzerland,hungary,4,reliability_gated_sfda,sex,0.0914758157213123,7
switzerland,hungary,4,reliability_gated_sfda,cp,0.5820072683391675,1
switzerland,hungary,4,reliability_gated_sfda,trestbps,0.18863871090468906,4
switzerland,hungary,4,reliability_gated_sfda,restecg,0.05765865732941111,8
switzerland,hungary,4,reliability_gated_sfda,thalach,0.37153494256377523,2
switzerland,hungary,4,reliability_gated_sfda,exang,0.3064594924941716,3
switzerland,hungary,4,reliability_gated_sfda,oldpeak,0.1026784571483224,6
switzerland,hungary,4,source_only,age,0.16363194025815367,5
switzerland,hungary,4,source_only,sex,0.0914758157213123,7
switzerland,hungary,4,source_only,cp,0.5820072683391675,1
switzerland,hungary,4,source_only,trestbps,0.18863871090468906,4
switzerland,hungary,4,source_only,restecg,0.05765865732941111,8
switzerland,hungary,4,source_only,thalach,0.37153494256377523,2
switzerland,hungary,4,source_only,exang,0.3064594924941716,3
switzerland,hungary,4,source_only,oldpeak,0.1026784571483224,6
switzerland,hungary,5,conservative_candidate,age,0.05528234768612147,5
switzerland,hungary,5,conservative_candidate,sex,0.05048399139829229,6
switzerland,hungary,5,conservative_candidate,cp,0.453154640966,1
switzerland,hungary,5,conservative_candidate,trestbps,0.07924102073009469,4
switzerland,hungary,5,conservative_candidate,restecg,0.031082358957287257,8
switzerland,hungary,5,conservative_candidate,thalach,0.2176577450143693,2
switzerland,hungary,5,conservative_candidate,exang,0.12529218430016312,3
switzerland,hungary,5,conservative_candidate,oldpeak,0.0428913982813151,7
switzerland,hungary,5,entropy_sfda,age,0.050323013524322086,5
switzerland,hungary,5,entropy_sfda,sex,0.049907823517715805,6
switzerland,hungary,5,entropy_sfda,cp,0.5234806595534898,1
switzerland,hungary,5,entropy_sfda,trestbps,0.09102647652775107,4
switzerland,hungary,5,entropy_sfda,restecg,0.03787559003816267,7
switzerland,hungary,5,entropy_sfda,thalach,0.19687645038079826,2
switzerland,hungary,5,entropy_sfda,exang,0.1371414369973195,3
switzerland,hungary,5,entropy_sfda,oldpeak,0.020180339460616703,8
switzerland,hungary,5,pseudo_label_sfda,age,0.05301288429086985,5
switzerland,hungary,5,pseudo_label_sfda,sex,0.04951564914413856,7
switzerland,hungary,5,pseudo_label_sfda,cp,0.5569563369317373,1
switzerland,hungary,5,pseudo_label_sfda,trestbps,0.09828328434734278,4
switzerland,hungary,5,pseudo_label_sfda,restecg,0.04274513555348523,8
switzerland,hungary,5,pseudo_label_sfda,thalach,0.22273678885025233,2
switzerland,hungary,5,pseudo_label_sfda,exang,0.14662044672738933,3
switzerland,hungary,5,pseudo_label_sfda,oldpeak,0.05130234312069705,6
switzerland,hungary,5,reliability_gated_sfda,age,0.05528234768612147,5
switzerland,hungary,5,reliability_gated_sfda,sex,0.05048399139829229,6
switzerland,hungary,5,reliability_gated_sfda,cp,0.453154640966,1
switzerland,hungary,5,reliability_gated_sfda,trestbps,0.07924102073009469,4
switzerland,hungary,5,reliability_gated_sfda,restecg,0.031082358957287257,8
switzerland,hungary,5,reliability_gated_sfda,thalach,0.2176577450143693,2
switzerland,hungary,5,reliability_gated_sfda,exang,0.12529218430016312,3
switzerland,hungary,5,reliability_gated_sfda,oldpeak,0.0428913982813151,7
switzerland,hungary,5,source_only,age,0.05528234768612147,5
switzerland,hungary,5,source_only,sex,0.05048399139829229,6
switzerland,hungary,5,source_only,cp,0.453154640966,1
switzerland,hungary,5,source_only,trestbps,0.07924102073009469,4
switzerland,hungary,5,source_only,restecg,0.031082358957287257,8
switzerland,hungary,5,source_only,thalach,0.2176577450143693,2
switzerland,hungary,5,source_only,exang,0.12529218430016312,3
switzerland,hungary,5,source_only,oldpeak,0.0428913982813151,7
switzerland,hungary,6,conservative_candidate,age,0.07639955365190873,5
switzerland,hungary,6,conservative_candidate,sex,0.07147611819562454,6
switzerland,hungary,6,conservative_candidate,cp,0.3986357481529315,1
switzerland,hungary,6,conservative_candidate,trestbps,0.1906125543854472,2
switzerland,hungary,6,conservative_candidate,restecg,0.13384824591612782,4
switzerland,hungary,6,conservative_candidate,thalach,0.04144766482407362,8
switzerland,hungary,6,conservative_candidate,exang,0.18517653509771742,3
switzerland,hungary,6,conservative_candidate,oldpeak,0.044674862147273994,7
switzerland,hungary,6,entropy_sfda,age,0.03508970939657618,8
switzerland,hungary,6,entropy_sfda,sex,0.08191438044617771,6
switzerland,hungary,6,entropy_sfda,cp,0.44145300099111423,1
switzerland,hungary,6,entropy_sfda,trestbps,0.23060452975459447,2
switzerland,hungary,6,entropy_sfda,restecg,0.16000581546338133,4
switzerland,hungary,6,entropy_sfda,thalach,0.08132309237293907,7
switzerland,hungary,6,entropy_sfda,exang,0.19737758476059047,3
switzerland,hungary,6,entropy_sfda,oldpeak,0.08708183857656655,5
switzerland,hungary,6,pseudo_label_sfda,age,0.0412079154444085,8
switzerland,hungary,6,pseudo_label_sfda,sex,0.08364516055705591,5
switzerland,hungary,6,pseudo_label_sfda,cp,0.48110284953897653,1
switzerland,hungary,6,pseudo_label_sfda,trestbps,0.27866943803976996,2
switzerland,hungary,6,pseudo_label_sfda,restecg,0.17372479030805432,4
switzerland,hungary,6,pseudo_label_sfda,thalach,0.07924004907515465,6
switzerland,hungary,6,pseudo_label_sfda,exang,0.21354936065823854,3
switzerland,hungary,6,pseudo_label_sfda,oldpeak,0.05293304570016073,7
switzerland,hungary,6,reliability_gated_sfda,age,0.07639955365190873,5
switzerland,hungary,6,reliability_gated_sfda,sex,0.07147611819562454,6
switzerland,hungary,6,reliability_gated_sfda,cp,0.3986357481529315,1
switzerland,hungary,6,reliability_gated_sfda,trestbps,0.1906125543854472,2
switzerland,hungary,6,reliability_gated_sfda,restecg,0.13384824591612782,4
switzerland,hungary,6,reliability_gated_sfda,thalach,0.04144766482407362,8
switzerland,hungary,6,reliability_gated_sfda,exang,0.18517653509771742,3
switzerland,hungary,6,reliability_gated_sfda,oldpeak,0.044674862147273994,7
switzerland,hungary,6,source_only,age,0.07639955365190873,5
switzerland,hungary,6,source_only,sex,0.07147611819562454,6
switzerland,hungary,6,source_only,cp,0.3986357481529315,1
switzerland,hungary,6,source_only,trestbps,0.1906125543854472,2
switzerland,hungary,6,source_only,restecg,0.13384824591612782,4
switzerland,hungary,6,source_only,thalach,0.04144766482407362,8
switzerland,hungary,6,source_only,exang,0.18517653509771742,3
switzerland,hungary,6,source_only,oldpeak,0.044674862147273994,7
switzerland,hungary,7,conservative_candidate,age,0.07439935270029267,5
switzerland,hungary,7,conservative_candidate,sex,0.01085159448640682,8
switzerland,hungary,7,conservative_candidate,cp,0.4381243252998446,1
switzerland,hungary,7,conservative_candidate,trestbps,0.049142447649600206,6
switzerland,hungary,7,conservative_candidate,restecg,0.026963705228654253,7
switzerland,hungary,7,conservative_candidate,thalach,0.25479035526767474,2
switzerland,hungary,7,conservative_candidate,exang,0.23838679875139476,3
switzerland,hungary,7,conservative_candidate,oldpeak,0.07931515097429616,4
switzerland,hungary,7,entropy_sfda,age,0.09630839351317555,4
switzerland,hungary,7,entropy_sfda,sex,0.009490113756080823,8
switzerland,hungary,7,entropy_sfda,cp,0.5027256961011579,1
switzerland,hungary,7,entropy_sfda,trestbps,0.06370058380182968,5
switzerland,hungary,7,entropy_sfda,restecg,0.03338691695485589,7
switzerland,hungary,7,entropy_sfda,thalach,0.236634826867328,3
switzerland,hungary,7,entropy_sfda,exang,0.27191113311873405,2
switzerland,hungary,7,entropy_sfda,oldpeak,0.05395297611133843,6
switzerland,hungary,7,pseudo_label_sfda,age,0.09761736540768852,5
switzerland,hungary,7,pseudo_label_sfda,sex,0.011454829021173221,8
switzerland,hungary,7,pseudo_label_sfda,cp,0.5311206701935466,1
switzerland,hungary,7,pseudo_label_sfda,trestbps,0.07193102424910452,6
switzerland,hungary,7,pseudo_label_sfda,restecg,0.03620845152280561,7
switzerland,hungary,7,pseudo_label_sfda,thalach,0.2636013002210886,3
switzerland,hungary,7,pseudo_label_sfda,exang,0.28140855336016946,2
switzerland,hungary,7,pseudo_label_sfda,oldpeak,0.10207829324397504,4
switzerland,hungary,7,reliability_gated_sfda,age,0.07439935270029267,5
switzerland,hungary,7,reliability_gated_sfda,sex,0.01085159448640682,8
switzerland,hungary,7,reliability_gated_sfda,cp,0.4381243252998446,1
switzerland,hungary,7,reliability_gated_sfda,trestbps,0.049142447649600206,6
switzerland,hungary,7,reliability_gated_sfda,restecg,0.026963705228654253,7
switzerland,hungary,7,reliability_gated_sfda,thalach,0.25479035526767474,2
switzerland,hungary,7,reliability_gated_sfda,exang,0.23838679875139476,3
switzerland,hungary,7,reliability_gated_sfda,oldpeak,0.07931515097429616,4
switzerland,hungary,7,source_only,age,0.07439935270029267,5
switzerland,hungary,7,source_only,sex,0.01085159448640682,8
switzerland,hungary,7,source_only,cp,0.4381243252998446,1
switzerland,hungary,7,source_only,trestbps,0.049142447649600206,6
switzerland,hungary,7,source_only,restecg,0.026963705228654253,7
switzerland,hungary,7,source_only,thalach,0.25479035526767474,2
switzerland,hungary,7,source_only,exang,0.23838679875139476,3
switzerland,hungary,7,source_only,oldpeak,0.07931515097429616,4
switzerland,hungary,8,conservative_candidate,age,0.0987223609553358,4
switzerland,hungary,8,conservative_candidate,sex,0.03937675397158881,8
switzerland,hungary,8,conservative_candidate,cp,0.5715576953485887,1
switzerland,hungary,8,conservative_candidate,trestbps,0.09703016105237837,5
switzerland,hungary,8,conservative_candidate,restecg,0.04572906359799792,6
switzerland,hungary,8,conservative_candidate,thalach,0.23413702489516766,2
switzerland,hungary,8,conservative_candidate,exang,0.22610548845861347,3
switzerland,hungary,8,conservative_candidate,oldpeak,0.04527146354805496,7
switzerland,hungary,8,entropy_sfda,age,0.15621767130119682,4
switzerland,hungary,8,entropy_sfda,sex,0.04429818081612485,8
switzerland,hungary,8,entropy_sfda,cp,0.666155525993201,1
switzerland,hungary,8,entropy_sfda,trestbps,0.12978781576760956,5
switzerland,hungary,8,entropy_sfda,restecg,0.051233572079990096,7
switzerland,hungary,8,entropy_sfda,thalach,0.22016525199814213,3
switzerland,hungary,8,entropy_sfda,exang,0.2629203799427772,2
switzerland,hungary,8,entropy_sfda,oldpeak,0.10074907271381539,6
switzerland,hungary,8,pseudo_label_sfda,age,0.14756155583681219,4
switzerland,hungary,8,pseudo_label_sfda,sex,0.04063611862813529,8
switzerland,hungary,8,pseudo_label_sfda,cp,0.6983804460234788,1
switzerland,hungary,8,pseudo_label_sfda,trestbps,0.13465021294541651,5
switzerland,hungary,8,pseudo_label_sfda,restecg,0.05509774835081766,7
switzerland,hungary,8,pseudo_label_sfda,thalach,0.24643522954457217,3
switzerland,hungary,8,pseudo_label_sfda,exang,0.26977365030621997,2
switzerland,hungary,8,pseudo_label_sfda,oldpeak,0.05592811081818218,6
switzerland,hungary,8,reliability_gated_sfda,age,0.0987223609553358,4
switzerland,hungary,8,reliability_gated_sfda,sex,0.03937675397158881,8
switzerland,hungary,8,reliability_gated_sfda,cp,0.5715576953485887,1
switzerland,hungary,8,reliability_gated_sfda,trestbps,0.09703016105237837,5
switzerland,hungary,8,reliability_gated_sfda,restecg,0.04572906359799792,6
switzerland,hungary,8,reliability_gated_sfda,thalach,0.23413702489516766,2
switzerland,hungary,8,reliability_gated_sfda,exang,0.22610548845861347,3
switzerland,hungary,8,reliability_gated_sfda,oldpeak,0.04527146354805496,7
switzerland,hungary,8,source_only,age,0.0987223609553358,4
switzerland,hungary,8,source_only,sex,0.03937675397158881,8
switzerland,hungary,8,source_only,cp,0.5715576953485887,1
switzerland,hungary,8,source_only,trestbps,0.09703016105237837,5
switzerland,hungary,8,source_only,restecg,0.04572906359799792,6
switzerland,hungary,8,source_only,thalach,0.23413702489516766,2
switzerland,hungary,8,source_only,exang,0.22610548845861347,3
switzerland,hungary,8,source_only,oldpeak,0.04527146354805496,7
switzerland,hungary,9,conservative_candidate,age,0.09080695467810997,6
switzerland,hungary,9,conservative_candidate,sex,0.07357626775799149,7
switzerland,hungary,9,conservative_candidate,cp,0.47159491886454474,1
switzerland,hungary,9,conservative_candidate,trestbps,0.11806690898172705,5
switzerland,hungary,9,conservative_candidate,restecg,0.0510128310191675,8
switzerland,hungary,9,conservative_candidate,thalach,0.25822533803776565,2
switzerland,hungary,9,conservative_candidate,exang,0.17650552797543048,4
switzerland,hungary,9,conservative_candidate,oldpeak,0.19448112849728993,3
switzerland,hungary,9,entropy_sfda,age,0.14658851568748676,5
switzerland,hungary,9,entropy_sfda,sex,0.10831331079002135,7
switzerland,hungary,9,entropy_sfda,cp,0.5544284720086258,1
switzerland,hungary,9,entropy_sfda,trestbps,0.14416281153926253,6
switzerland,hungary,9,entropy_sfda,restecg,0.06673494875076662,8
switzerland,hungary,9,entropy_sfda,thalach,0.2465810256378193,2
switzerland,hungary,9,entropy_sfda,exang,0.1946931094133935,3
switzerland,hungary,9,entropy_sfda,oldpeak,0.17223350812053803,4
switzerland,hungary,9,pseudo_label_sfda,age,0.14740461290760126,6
switzerland,hungary,9,pseudo_label_sfda,sex,0.10184705011597292,7
switzerland,hungary,9,pseudo_label_sfda,cp,0.5925597475760863,1
switzerland,hungary,9,pseudo_label_sfda,trestbps,0.1616883589933645,5
switzerland,hungary,9,pseudo_label_sfda,restecg,0.06945280476342992,8
switzerland,hungary,9,pseudo_label_sfda,thalach,0.2735906463135414,2
switzerland,hungary,9,pseudo_label_sfda,exang,0.2091630276191194,4
switzerland,hungary,9,pseudo_label_sfda,oldpeak,0.2466646892075636,3
switzerland,hungary,9,reliability_gated_sfda,age,0.09080695467810997,6
switzerland,hungary,9,reliability_gated_sfda,sex,0.07357626775799149,7
switzerland,hungary,9,reliability_gated_sfda,cp,0.47159491886454474,1
switzerland,hungary,9,reliability_gated_sfda,trestbps,0.11806690898172705,5
switzerland,hungary,9,reliability_gated_sfda,restecg,0.0510128310191675,8
switzerland,hungary,9,reliability_gated_sfda,thalach,0.25822533803776565,2
switzerland,hungary,9,reliability_gated_sfda,exang,0.17650552797543048,4
switzerland,hungary,9,reliability_gated_sfda,oldpeak,0.19448112849728993,3
switzerland,hungary,9,source_only,age,0.09080695467810997,6
switzerland,hungary,9,source_only,sex,0.07357626775799149,7
switzerland,hungary,9,source_only,cp,0.47159491886454474,1
switzerland,hungary,9,source_only,trestbps,0.11806690898172705,5
switzerland,hungary,9,source_only,restecg,0.0510128310191675,8
switzerland,hungary,9,source_only,thalach,0.25822533803776565,2
switzerland,hungary,9,source_only,exang,0.17650552797543048,4
switzerland,hungary,9,source_only,oldpeak,0.19448112849728993,3
switzerland,va_long_beach,0,conservative_candidate,age,0.08113591510133115,6
switzerland,va_long_beach,0,conservative_candidate,sex,0.004947328789858136,8
switzerland,va_long_beach,0,conservative_candidate,cp,0.49519293144810944,1
switzerland,va_long_beach,0,conservative_candidate,trestbps,0.11057195093133483,5
switzerland,va_long_beach,0,conservative_candidate,restecg,0.13541459402360484,4
switzerland,va_long_beach,0,conservative_candidate,thalach,0.2350306585605722,2
switzerland,va_long_beach,0,conservative_candidate,exang,0.16393050838960335,3
switzerland,va_long_beach,0,conservative_candidate,oldpeak,0.05902706077147737,7
switzerland,va_long_beach,0,entropy_sfda,age,0.10575061086565253,6
switzerland,va_long_beach,0,entropy_sfda,sex,0.0044665321335196385,8
switzerland,va_long_beach,0,entropy_sfda,cp,0.5387300518527627,1
switzerland,va_long_beach,0,entropy_sfda,trestbps,0.12134408632526171,5
switzerland,va_long_beach,0,entropy_sfda,restecg,0.15321901730654644,4
switzerland,va_long_beach,0,entropy_sfda,thalach,0.24362143757054583,2
switzerland,va_long_beach,0,entropy_sfda,exang,0.1725257685687393,3
switzerland,va_long_beach,0,entropy_sfda,oldpeak,0.06616279136855151,7
switzerland,va_long_beach,0,pseudo_label_sfda,age,0.11974513790279158,6
switzerland,va_long_beach,0,pseudo_label_sfda,sex,0.004196956655941893,8
switzerland,va_long_beach,0,pseudo_label_sfda,cp,0.5984779957658611,1
switzerland,va_long_beach,0,pseudo_label_sfda,trestbps,0.13421694599324835,5
switzerland,va_long_beach,0,pseudo_label_sfda,restecg,0.16921145515756508,4
switzerland,va_long_beach,0,pseudo_label_sfda,thalach,0.27530962247459684,2
switzerland,va_long_beach,0,pseudo_label_sfda,exang,0.18792888149619102,3
switzerland,va_long_beach,0,pseudo_label_sfda,oldpeak,0.07242646545404564,7
switzerland,va_long_beach,0,reliability_gated_sfda,age,0.08113591510133115,6
switzerland,va_long_beach,0,reliability_gated_sfda,sex,0.004947328789858136,8
switzerland,va_long_beach,0,reliability_gated_sfda,cp,0.49519293144810944,1
switzerland,va_long_beach,0,reliability_gated_sfda,trestbps,0.11057195093133483,5
switzerland,va_long_beach,0,reliability_gated_sfda,restecg,0.13541459402360484,4
switzerland,va_long_beach,0,reliability_gated_sfda,thalach,0.2350306585605722,2
switzerland,va_long_beach,0,reliability_gated_sfda,exang,0.16393050838960335,3
switzerland,va_long_beach,0,reliability_gated_sfda,oldpeak,0.05902706077147737,7
switzerland,va_long_beach,0,source_only,age,0.08113591510133115,6
switzerland,va_long_beach,0,source_only,sex,0.004947328789858136,8
switzerland,va_long_beach,0,source_only,cp,0.49519293144810944,1
switzerland,va_long_beach,0,source_only,trestbps,0.11057195093133483,5
switzerland,va_long_beach,0,source_only,restecg,0.13541459402360484,4
switzerland,va_long_beach,0,source_only,thalach,0.2350306585605722,2
switzerland,va_long_beach,0,source_only,exang,0.16393050838960335,3
switzerland,va_long_beach,0,source_only,oldpeak,0.05902706077147737,7
switzerland,va_long_beach,1,conservative_candidate,age,0.07433190784475296,7
switzerland,va_long_beach,1,conservative_candidate,sex,0.024176280506653675,8
switzerland,va_long_beach,1,conservative_candidate,cp,0.6003399530285969,1
switzerland,va_long_beach,1,conservative_candidate,trestbps,0.15709456539014352,3
switzerland,va_long_beach,1,conservative_candidate,restecg,0.08046743753366169,5
switzerland,va_long_beach,1,conservative_candidate,thalach,0.13915625383844596,4
switzerland,va_long_beach,1,conservative_candidate,exang,0.35251761715859176,2
switzerland,va_long_beach,1,conservative_candidate,oldpeak,0.07919902272085888,6
switzerland,va_long_beach,1,entropy_sfda,age,0.07137538771610703,7
switzerland,va_long_beach,1,entropy_sfda,sex,0.023985856722574646,8
switzerland,va_long_beach,1,entropy_sfda,cp,0.6770848318142817,1
switzerland,va_long_beach,1,entropy_sfda,trestbps,0.16898189344559797,3
switzerland,va_long_beach,1,entropy_sfda,restecg,0.09164621235802767,5
switzerland,va_long_beach,1,entropy_sfda,thalach,0.1406093375413911,4
switzerland,va_long_beach,1,entropy_sfda,exang,0.38771999793592843,2
switzerland,va_long_beach,1,entropy_sfda,oldpeak,0.08292867282172661,6
switzerland,va_long_beach,1,pseudo_label_sfda,age,0.07420038619311523,7
switzerland,va_long_beach,1,pseudo_label_sfda,sex,0.024140200039837474,8
switzerland,va_long_beach,1,pseudo_label_sfda,cp,0.7592943277955055,1
switzerland,va_long_beach,1,pseudo_label_sfda,trestbps,0.19237722620018757,3
switzerland,va_long_beach,1,pseudo_label_sfda,restecg,0.10212748935446139,5
switzerland,va_long_beach,1,pseudo_label_sfda,thalach,0.1692668930441141,4
switzerland,va_long_beach,1,pseudo_label_sfda,exang,0.4267668453045189,2
switzerland,va_long_beach,1,pseudo_label_sfda,oldpeak,0.09128561377408911,6
switzerland,va_long_beach,1,reliability_gated_sfda,age,0.07433190784475296,7
switzerland,va_long_beach,1,reliability_gated_sfda,sex,0.024176280506653675,8
switzerland,va_long_beach,1,reliability_gated_sfda,cp,0.6003399530285969,1
switzerland,va_long_beach,1,reliability_gated_sfda,trestbps,0.15709456539014352,3
switzerland,va_long_beach,1,reliability_gated_sfda,restecg,0.08046743753366169,5
switzerland,va_long_beach,1,reliability_gated_sfda,thalach,0.13915625383844596,4
switzerland,va_long_beach,1,reliability_gated_sfda,exang,0.35251761715859176,2
switzerland,va_long_beach,1,reliability_gated_sfda,oldpeak,0.07919902272085888,6
switzerland,va_long_beach,1,source_only,age,0.07433190784475296,7
switzerland,va_long_beach,1,source_only,sex,0.024176280506653675,8
switzerland,va_long_beach,1,source_only,cp,0.6003399530285969,1
switzerland,va_long_beach,1,source_only,trestbps,0.15709456539014352,3
switzerland,va_long_beach,1,source_only,restecg,0.08046743753366169,5
switzerland,va_long_beach,1,source_only,thalach,0.13915625383844596,4
switzerland,va_long_beach,1,source_only,exang,0.35251761715859176,2
switzerland,va_long_beach,1,source_only,oldpeak,0.07919902272085888,6
switzerland,va_long_beach,2,conservative_candidate,age,0.10047050908557136,5
switzerland,va_long_beach,2,conservative_candidate,sex,0.024621647864114474,8
switzerland,va_long_beach,2,conservative_candidate,cp,0.5253559568460332,1
switzerland,va_long_beach,2,conservative_candidate,trestbps,0.03635024501752918,7
switzerland,va_long_beach,2,conservative_candidate,restecg,0.09703938894495874,6
switzerland,va_long_beach,2,conservative_candidate,thalach,0.30900962925050407,2
switzerland,va_long_beach,2,conservative_candidate,exang,0.19939982764422892,3
switzerland,va_long_beach,2,conservative_candidate,oldpeak,0.11406424768269058,4
switzerland,va_long_beach,2,entropy_sfda,age,0.13760326271527443,5
switzerland,va_long_beach,2,entropy_sfda,sex,0.025737359430640913,8
switzerland,va_long_beach,2,entropy_sfda,cp,0.5851046193783986,1
switzerland,va_long_beach,2,entropy_sfda,trestbps,0.03386964912846448,7
switzerland,va_long_beach,2,entropy_sfda,restecg,0.10065839293471068,6
switzerland,va_long_beach,2,entropy_sfda,thalach,0.3286162849329412,2
switzerland,va_long_beach,2,entropy_sfda,exang,0.21715137351304292,3
switzerland,va_long_beach,2,entropy_sfda,oldpeak,0.15394055314129218,4
switzerland,va_long_beach,2,pseudo_label_sfda,age,0.16461101957596838,5
switzerland,va_long_beach,2,pseudo_label_sfda,sex,0.026847684630192797,8
switzerland,va_long_beach,2,pseudo_label_sfda,cp,0.6608740115226829,1
switzerland,va_long_beach,2,pseudo_label_sfda,trestbps,0.033747302526753585,7
switzerland,va_long_beach,2,pseudo_label_sfda,restecg,0.11173137926962223,6
switzerland,va_long_beach,2,pseudo_label_sfda,thalach,0.37028466319665315,2
switzerland,va_long_beach,2,pseudo_label_sfda,exang,0.24088340610265732,3
switzerland,va_long_beach,2,pseudo_label_sfda,oldpeak,0.17775154514354655,4
switzerland,va_long_beach,2,reliability_gated_sfda,age,0.10047050908557136,5
switzerland,va_long_beach,2,reliability_gated_sfda,sex,0.024621647864114474,8
switzerland,va_long_beach,2,reliability_gated_sfda,cp,0.5253559568460332,1
switzerland,va_long_beach,2,reliability_gated_sfda,trestbps,0.03635024501752918,7
switzerland,va_long_beach,2,reliability_gated_sfda,restecg,0.09703938894495874,6
switzerland,va_long_beach,2,reliability_gated_sfda,thalach,0.30900962925050407,2
switzerland,va_long_beach,2,reliability_gated_sfda,exang,0.19939982764422892,3
switzerland,va_long_beach,2,reliability_gated_sfda,oldpeak,0.11406424768269058,4
switzerland,va_long_beach,2,source_only,age,0.10047050908557136,5
switzerland,va_long_beach,2,source_only,sex,0.024621647864114474,8
switzerland,va_long_beach,2,source_only,cp,0.5253559568460332,1
switzerland,va_long_beach,2,source_only,trestbps,0.03635024501752918,7
switzerland,va_long_beach,2,source_only,restecg,0.09703938894495874,6
switzerland,va_long_beach,2,source_only,thalach,0.30900962925050407,2
switzerland,va_long_beach,2,source_only,exang,0.19939982764422892,3
switzerland,va_long_beach,2,source_only,oldpeak,0.11406424768269058,4
switzerland,va_long_beach,3,conservative_candidate,age,0.06574089943227587,7
switzerland,va_long_beach,3,conservative_candidate,sex,0.025407018032856266,8
switzerland,va_long_beach,3,conservative_candidate,cp,0.4527588871959597,1
switzerland,va_long_beach,3,conservative_candidate,trestbps,0.11790184139041227,5
switzerland,va_long_beach,3,conservative_candidate,restecg,0.12408250917505935,4
switzerland,va_long_beach,3,conservative_candidate,thalach,0.19550473256851547,3
switzerland,va_long_beach,3,conservative_candidate,exang,0.2756485260650516,2
switzerland,va_long_beach,3,conservative_candidate,oldpeak,0.07455123231251487,6
switzerland,va_long_beach,3,entropy_sfda,age,0.08770906201563772,7
switzerland,va_long_beach,3,entropy_sfda,sex,0.02675044677918775,8
switzerland,va_long_beach,3,entropy_sfda,cp,0.5030744152842089,1
switzerland,va_long_beach,3,entropy_sfda,trestbps,0.11745582188712429,5
switzerland,va_long_beach,3,entropy_sfda,restecg,0.13515892616167544,4
switzerland,va_long_beach,3,entropy_sfda,thalach,0.20009073643857847,3
switzerland,va_long_beach,3,entropy_sfda,exang,0.2959128138795495,2
switzerland,va_long_beach,3,entropy_sfda,oldpeak,0.09931315988709681,6
switzerland,va_long_beach,3,pseudo_label_sfda,age,0.1036903086287202,7
switzerland,va_long_beach,3,pseudo_label_sfda,sex,0.028230665868613856,8
switzerland,va_long_beach,3,pseudo_label_sfda,cp,0.5733574236044661,1
switzerland,va_long_beach,3,pseudo_label_sfda,trestbps,0.12710437707253727,5
switzerland,va_long_beach,3,pseudo_label_sfda,restecg,0.15247356274107005,4
switzerland,va_long_beach,3,pseudo_label_sfda,thalach,0.23727327751927077,3
switzerland,va_long_beach,3,pseudo_label_sfda,exang,0.32882193664088843,2
switzerland,va_long_beach,3,pseudo_label_sfda,oldpeak,0.11756247241515663,6
switzerland,va_long_beach,3,reliability_gated_sfda,age,0.06574089943227587,7
switzerland,va_long_beach,3,reliability_gated_sfda,sex,0.025407018032856266,8
switzerland,va_long_beach,3,reliability_gated_sfda,cp,0.4527588871959597,1
switzerland,va_long_beach,3,reliability_gated_sfda,trestbps,0.11790184139041227,5
switzerland,va_long_beach,3,reliability_gated_sfda,restecg,0.12408250917505935,4
switzerland,va_long_beach,3,reliability_gated_sfda,thalach,0.19550473256851547,3
switzerland,va_long_beach,3,reliability_gated_sfda,exang,0.2756485260650516,2
switzerland,va_long_beach,3,reliability_gated_sfda,oldpeak,0.07455123231251487,6
switzerland,va_long_beach,3,source_only,age,0.06574089943227587,7
switzerland,va_long_beach,3,source_only,sex,0.025407018032856266,8
switzerland,va_long_beach,3,source_only,cp,0.4527588871959597,1
switzerland,va_long_beach,3,source_only,trestbps,0.11790184139041227,5
switzerland,va_long_beach,3,source_only,restecg,0.12408250917505935,4
switzerland,va_long_beach,3,source_only,thalach,0.19550473256851547,3
switzerland,va_long_beach,3,source_only,exang,0.2756485260650516,2
switzerland,va_long_beach,3,source_only,oldpeak,0.07455123231251487,6
switzerland,va_long_beach,4,conservative_candidate,age,0.07310281322570514,7
switzerland,va_long_beach,4,conservative_candidate,sex,0.011703128456138055,8
switzerland,va_long_beach,4,conservative_candidate,cp,0.46321519002085554,1
switzerland,va_long_beach,4,conservative_candidate,trestbps,0.18436760402750224,4
switzerland,va_long_beach,4,conservative_candidate,restecg,0.1249048538390343,6
switzerland,va_long_beach,4,conservative_candidate,thalach,0.2484720959076367,3
switzerland,va_long_beach,4,conservative_candidate,exang,0.33672953302542735,2
switzerland,va_long_beach,4,conservative_candidate,oldpeak,0.15928037314210086,5
switzerland,va_long_beach,4,entropy_sfda,age,0.055183864994905844,7
switzerland,va_long_beach,4,entropy_sfda,sex,0.011095905145630221,8
switzerland,va_long_beach,4,entropy_sfda,cp,0.509780924427323,1
switzerland,va_long_beach,4,entropy_sfda,trestbps,0.19671903496724552,4
switzerland,va_long_beach,4,entropy_sfda,restecg,0.1393667619167536,6
switzerland,va_long_beach,4,entropy_sfda,thalach,0.26324321493360914,3
switzerland,va_long_beach,4,entropy_sfda,exang,0.3698764398379717,2
switzerland,va_long_beach,4,entropy_sfda,oldpeak,0.19147984415118116,5
switzerland,va_long_beach,4,pseudo_label_sfda,age,0.053438756003451944,7
switzerland,va_long_beach,4,pseudo_label_sfda,sex,0.010886431382969002,8
switzerland,va_long_beach,4,pseudo_label_sfda,cp,0.5714565926790237,1
switzerland,va_long_beach,4,pseudo_label_sfda,trestbps,0.21503939780639483,5
switzerland,va_long_beach,4,pseudo_label_sfda,restecg,0.1555460514529841,6
switzerland,va_long_beach,4,pseudo_label_sfda,thalach,0.2989204112451989,3
switzerland,va_long_beach,4,pseudo_label_sfda,exang,0.40580492722569034,2
switzerland,va_long_beach,4,pseudo_label_sfda,oldpeak,0.21805291376309469,4
switzerland,va_long_beach,4,reliability_gated_sfda,age,0.07310281322570514,7
switzerland,va_long_beach,4,reliability_gated_sfda,sex,0.011703128456138055,8
switzerland,va_long_beach,4,reliability_gated_sfda,cp,0.46321519002085554,1
switzerland,va_long_beach,4,reliability_gated_sfda,trestbps,0.18436760402750224,4
switzerland,va_long_beach,4,reliability_gated_sfda,restecg,0.1249048538390343,6
switzerland,va_long_beach,4,reliability_gated_sfda,thalach,0.2484720959076367,3
switzerland,va_long_beach,4,reliability_gated_sfda,exang,0.33672953302542735,2
switzerland,va_long_beach,4,reliability_gated_sfda,oldpeak,0.15928037314210086,5
switzerland,va_long_beach,4,source_only,age,0.07310281322570514,7
switzerland,va_long_beach,4,source_only,sex,0.011703128456138055,8
switzerland,va_long_beach,4,source_only,cp,0.46321519002085554,1
switzerland,va_long_beach,4,source_only,trestbps,0.18436760402750224,4
switzerland,va_long_beach,4,source_only,restecg,0.1249048538390343,6
switzerland,va_long_beach,4,source_only,thalach,0.2484720959076367,3
switzerland,va_long_beach,4,source_only,exang,0.33672953302542735,2
switzerland,va_long_beach,4,source_only,oldpeak,0.15928037314210086,5
switzerland,va_long_beach,5,conservative_candidate,age,0.11024773690965954,4
switzerland,va_long_beach,5,conservative_candidate,sex,0.0020295298425480348,8
switzerland,va_long_beach,5,conservative_candidate,cp,0.30589692245936023,1
switzerland,va_long_beach,5,conservative_candidate,trestbps,0.10379123480175619,5
switzerland,va_long_beach,5,conservative_candidate,restecg,0.0876015503070084,6
switzerland,va_long_beach,5,conservative_candidate,thalach,0.18257885626284406,2
switzerland,va_long_beach,5,conservative_candidate,exang,0.17011265575885773,3
switzerland,va_long_beach,5,conservative_candidate,oldpeak,0.055419721730868295,7
switzerland,va_long_beach,5,entropy_sfda,age,0.13393966765375803,4
switzerland,va_long_beach,5,entropy_sfda,sex,0.001509964689612348,8
switzerland,va_long_beach,5,entropy_sfda,cp,0.3324656260246411,1
switzerland,va_long_beach,5,entropy_sfda,trestbps,0.09929002550896254,5
switzerland,va_long_beach,5,entropy_sfda,restecg,0.09394491901388388,6
switzerland,va_long_beach,5,entropy_sfda,thalach,0.18784845766844227,2
switzerland,va_long_beach,5,entropy_sfda,exang,0.182101913318038,3
switzerland,va_long_beach,5,entropy_sfda,oldpeak,0.0684210100152995,7
switzerland,va_long_beach,5,pseudo_label_sfda,age,0.15741051351651547,4
switzerland,va_long_beach,5,pseudo_label_sfda,sex,0.0013459531962871155,8
switzerland,va_long_beach,5,pseudo_label_sfda,cp,0.3758053772244602,1
switzerland,va_long_beach,5,pseudo_label_sfda,trestbps,0.1045321044453885,6
switzerland,va_long_beach,5,pseudo_label_sfda,restecg,0.10501836913637813,5
switzerland,va_long_beach,5,pseudo_label_sfda,thalach,0.21530230664968258,2
switzerland,va_long_beach,5,pseudo_label_sfda,exang,0.2023925156146288,3
switzerland,va_long_beach,5,pseudo_label_sfda,oldpeak,0.07771533835562874,7
switzerland,va_long_beach,5,reliability_gated_sfda,age,0.11024773690965954,4
switzerland,va_long_beach,5,reliability_gated_sfda,sex,0.0020295298425480348,8
switzerland,va_long_beach,5,reliability_gated_sfda,cp,0.30589692245936023,1
switzerland,va_long_beach,5,reliability_gated_sfda,trestbps,0.10379123480175619,5
switzerland,va_long_beach,5,reliability_gated_sfda,restecg,0.0876015503070084,6
switzerland,va_long_beach,5,reliability_gated_sfda,thalach,0.18257885626284406,2
switzerland,va_long_beach,5,reliability_gated_sfda,exang,0.17011265575885773,3
switzerland,va_long_beach,5,reliability_gated_sfda,oldpeak,0.055419721730868295,7
switzerland,va_long_beach,5,source_only,age,0.11024773690965954,4
switzerland,va_long_beach,5,source_only,sex,0.0020295298425480348,8
switzerland,va_long_beach,5,source_only,cp,0.30589692245936023,1
switzerland,va_long_beach,5,source_only,trestbps,0.10379123480175619,5
switzerland,va_long_beach,5,source_only,restecg,0.0876015503070084,6
switzerland,va_long_beach,5,source_only,thalach,0.18257885626284406,2
switzerland,va_long_beach,5,source_only,exang,0.17011265575885773,3
switzerland,va_long_beach,5,source_only,oldpeak,0.055419721730868295,7
switzerland,va_long_beach,6,conservative_candidate,age,0.13784303944441487,5
switzerland,va_long_beach,6,conservative_candidate,sex,0.012602501292712948,8
switzerland,va_long_beach,6,conservative_candidate,cp,0.2916012404987123,1
switzerland,va_long_beach,6,conservative_candidate,trestbps,0.1731460678973235,4
switzerland,va_long_beach,6,conservative_candidate,restecg,0.19008865123149007,2
switzerland,va_long_beach,6,conservative_candidate,thalach,0.03562865255575157,7
switzerland,va_long_beach,6,conservative_candidate,exang,0.1869796820729971,3
switzerland,va_long_beach,6,conservative_candidate,oldpeak,0.04352686275844457,6
switzerland,va_long_beach,6,entropy_sfda,age,0.1656379782431759,5
switzerland,va_long_beach,6,entropy_sfda,sex,0.011642674715258141,8
switzerland,va_long_beach,6,entropy_sfda,cp,0.3169621002475469,1
switzerland,va_long_beach,6,entropy_sfda,trestbps,0.1868101717811078,4
switzerland,va_long_beach,6,entropy_sfda,restecg,0.2066494131926447,2
switzerland,va_long_beach,6,entropy_sfda,thalach,0.03620734160882416,7
switzerland,va_long_beach,6,entropy_sfda,exang,0.19758047074079513,3
switzerland,va_long_beach,6,entropy_sfda,oldpeak,0.03964722357108253,6
switzerland,va_long_beach,6,pseudo_label_sfda,age,0.19144771124818363,5
switzerland,va_long_beach,6,pseudo_label_sfda,sex,0.011160594592802189,8
switzerland,va_long_beach,6,pseudo_label_sfda,cp,0.35841538373842924,1
switzerland,va_long_beach,6,pseudo_label_sfda,trestbps,0.21621974292211235,4
switzerland,va_long_beach,6,pseudo_label_sfda,restecg,0.22732934259809554,2
switzerland,va_long_beach,6,pseudo_label_sfda,thalach,0.037760012153885275,7
switzerland,va_long_beach,6,pseudo_label_sfda,exang,0.21749526306986808,3
switzerland,va_long_beach,6,pseudo_label_sfda,oldpeak,0.04437428044024268,6
switzerland,va_long_beach,6,reliability_gated_sfda,age,0.13784303944441487,5
switzerland,va_long_beach,6,reliability_gated_sfda,sex,0.012602501292712948,8
switzerland,va_long_beach,6,reliability_gated_sfda,cp,0.2916012404987123,1
switzerland,va_long_beach,6,reliability_gated_sfda,trestbps,0.1731460678973235,4
switzerland,va_long_beach,6,reliability_gated_sfda,restecg,0.19008865123149007,2
switzerland,va_long_beach,6,reliability_gated_sfda,thalach,0.03562865255575157,7
switzerland,va_long_beach,6,reliability_gated_sfda,exang,0.1869796820729971,3
switzerland,va_long_beach,6,reliability_gated_sfda,oldpeak,0.04352686275844457,6
switzerland,va_long_beach,6,source_only,age,0.13784303944441487,5
switzerland,va_long_beach,6,source_only,sex,0.012602501292712948,8
switzerland,va_long_beach,6,source_only,cp,0.2916012404987123,1
switzerland,va_long_beach,6,source_only,trestbps,0.1731460678973235,4
switzerland,va_long_beach,6,source_only,restecg,0.19008865123149007,2
switzerland,va_long_beach,6,source_only,thalach,0.03562865255575157,7
switzerland,va_long_beach,6,source_only,exang,0.1869796820729971,3
switzerland,va_long_beach,6,source_only,oldpeak,0.04352686275844457,6
switzerland,va_long_beach,7,conservative_candidate,age,0.07348469506308898,6
switzerland,va_long_beach,7,conservative_candidate,sex,0.0008592777233570687,8
switzerland,va_long_beach,7,conservative_candidate,cp,0.3418018355104141,1
switzerland,va_long_beach,7,conservative_candidate,trestbps,0.04869620825978922,7
switzerland,va_long_beach,7,conservative_candidate,restecg,0.08477957843337204,5
switzerland,va_long_beach,7,conservative_candidate,thalach,0.2078279271442443,3
switzerland,va_long_beach,7,conservative_candidate,exang,0.3126991543546319,2
switzerland,va_long_beach,7,conservative_candidate,oldpeak,0.11809222486801442,4
switzerland,va_long_beach,7,entropy_sfda,age,0.10270739312662042,5
switzerland,va_long_beach,7,entropy_sfda,sex,0.0011159337311982998,8
switzerland,va_long_beach,7,entropy_sfda,cp,0.374389327930985,1
switzerland,va_long_beach,7,entropy_sfda,trestbps,0.05096561766113151,7
switzerland,va_long_beach,7,entropy_sfda,restecg,0.08883443007245656,6
switzerland,va_long_beach,7,entropy_sfda,thalach,0.21030895034782587,3
switzerland,va_long_beach,7,entropy_sfda,exang,0.33405861753970384,2
switzerland,va_long_beach,7,entropy_sfda,oldpeak,0.14565249970997685,4
switzerland,va_long_beach,7,pseudo_label_sfda,age,0.12358948844834228,5
switzerland,va_long_beach,7,pseudo_label_sfda,sex,0.0022336263768374808,8
switzerland,va_long_beach,7,pseudo_label_sfda,cp,0.42106791899655943,1
switzerland,va_long_beach,7,pseudo_label_sfda,trestbps,0.05373859128972977,7
switzerland,va_long_beach,7,pseudo_label_sfda,restecg,0.0969623253215104,6
switzerland,va_long_beach,7,pseudo_label_sfda,thalach,0.23746399222640321,3
switzerland,va_long_beach,7,pseudo_label_sfda,exang,0.3659495910257101,2
switzerland,va_long_beach,7,pseudo_label_sfda,oldpeak,0.1654031282494543,4
switzerland,va_long_beach,7,reliability_gated_sfda,age,0.07348469506308898,6
switzerland,va_long_beach,7,reliability_gated_sfda,sex,0.0008592777233570687,8
switzerland,va_long_beach,7,reliability_gated_sfda,cp,0.3418018355104141,1
switzerland,va_long_beach,7,reliability_gated_sfda,trestbps,0.04869620825978922,7
switzerland,va_long_beach,7,reliability_gated_sfda,restecg,0.08477957843337204,5
switzerland,va_long_beach,7,reliability_gated_sfda,thalach,0.2078279271442443,3
switzerland,va_long_beach,7,reliability_gated_sfda,exang,0.3126991543546319,2
switzerland,va_long_beach,7,reliability_gated_sfda,oldpeak,0.11809222486801442,4
switzerland,va_long_beach,7,source_only,age,0.07348469506308898,6
switzerland,va_long_beach,7,source_only,sex,0.0008592777233570687,8
switzerland,va_long_beach,7,source_only,cp,0.3418018355104141,1
switzerland,va_long_beach,7,source_only,trestbps,0.04869620825978922,7
switzerland,va_long_beach,7,source_only,restecg,0.08477957843337204,5
switzerland,va_long_beach,7,source_only,thalach,0.2078279271442443,3
switzerland,va_long_beach,7,source_only,exang,0.3126991543546319,2
switzerland,va_long_beach,7,source_only,oldpeak,0.11809222486801442,4
switzerland,va_long_beach,8,conservative_candidate,age,0.05713552290224467,6
switzerland,va_long_beach,8,conservative_candidate,sex,0.0020174382627010062,8
switzerland,va_long_beach,8,conservative_candidate,cp,0.539635575520806,1
switzerland,va_long_beach,8,conservative_candidate,trestbps,0.1590441410813946,4
switzerland,va_long_beach,8,conservative_candidate,restecg,0.10189722336595874,5
switzerland,va_long_beach,8,conservative_candidate,thalach,0.2393407551664859,3
switzerland,va_long_beach,8,conservative_candidate,exang,0.2618246439751238,2
switzerland,va_long_beach,8,conservative_candidate,oldpeak,0.05273926169611509,7
switzerland,va_long_beach,8,entropy_sfda,age,0.07202000817283985,6
switzerland,va_long_beach,8,entropy_sfda,sex,0.0025673433579504203,8
switzerland,va_long_beach,8,entropy_sfda,cp,0.5965332710323855,1
switzerland,va_long_beach,8,entropy_sfda,trestbps,0.16908123073750175,4
switzerland,va_long_beach,8,entropy_sfda,restecg,0.11672427287790921,5
switzerland,va_long_beach,8,entropy_sfda,thalach,0.24572723221499473,3
switzerland,va_long_beach,8,entropy_sfda,exang,0.2866648711077869,2
switzerland,va_long_beach,8,entropy_sfda,oldpeak,0.04386041695019226,7
switzerland,va_long_beach,8,pseudo_label_sfda,age,0.08266949478653256,6
switzerland,va_long_beach,8,pseudo_label_sfda,sex,0.004212731746956677,8
switzerland,va_long_beach,8,pseudo_label_sfda,cp,0.6639400874217972,1
switzerland,va_long_beach,8,pseudo_label_sfda,trestbps,0.19279386987909675,4
switzerland,va_long_beach,8,pseudo_label_sfda,restecg,0.13056227495893832,5
switzerland,va_long_beach,8,pseudo_label_sfda,thalach,0.2725228691892698,3
switzerland,va_long_beach,8,pseudo_label_sfda,exang,0.31341579493135213,2
switzerland,va_long_beach,8,pseudo_label_sfda,oldpeak,0.04357345024531236,7
switzerland,va_long_beach,8,reliability_gated_sfda,age,0.05713552290224467,6
switzerland,va_long_beach,8,reliability_gated_sfda,sex,0.0020174382627010062,8
switzerland,va_long_beach,8,reliability_gated_sfda,cp,0.539635575520806,1
switzerland,va_long_beach,8,reliability_gated_sfda,trestbps,0.1590441410813946,4
switzerland,va_long_beach,8,reliability_gated_sfda,restecg,0.10189722336595874,5
switzerland,va_long_beach,8,reliability_gated_sfda,thalach,0.2393407551664859,3
switzerland,va_long_beach,8,reliability_gated_sfda,exang,0.2618246439751238,2
switzerland,va_long_beach,8,reliability_gated_sfda,oldpeak,0.05273926169611509,7
switzerland,va_long_beach,8,source_only,age,0.05713552290224467,6
switzerland,va_long_beach,8,source_only,sex,0.0020174382627010062,8
switzerland,va_long_beach,8,source_only,cp,0.539635575520806,1
switzerland,va_long_beach,8,source_only,trestbps,0.1590441410813946,4
switzerland,va_long_beach,8,source_only,restecg,0.10189722336595874,5
switzerland,va_long_beach,8,source_only,thalach,0.2393407551664859,3
switzerland,va_long_beach,8,source_only,exang,0.2618246439751238,2
switzerland,va_long_beach,8,source_only,oldpeak,0.05273926169611509,7
switzerland,va_long_beach,9,conservative_candidate,age,0.05606635800300861,7
switzerland,va_long_beach,9,conservative_candidate,sex,0.017540346868336172,8
switzerland,va_long_beach,9,conservative_candidate,cp,0.4221428490290418,1
switzerland,va_long_beach,9,conservative_candidate,trestbps,0.0950839714624453,6
switzerland,va_long_beach,9,conservative_candidate,restecg,0.18799305466003716,5
switzerland,va_long_beach,9,conservative_candidate,thalach,0.20588331977836788,2
switzerland,va_long_beach,9,conservative_candidate,exang,0.19487689316272735,4
switzerland,va_long_beach,9,conservative_candidate,oldpeak,0.20249177397461607,3
switzerland,va_long_beach,9,entropy_sfda,age,0.08050840201321986,7
switzerland,va_long_beach,9,entropy_sfda,sex,0.019310396094806462,8
switzerland,va_long_beach,9,entropy_sfda,cp,0.4642134114773944,1
switzerland,va_long_beach,9,entropy_sfda,trestbps,0.10618543434888121,6
switzerland,va_long_beach,9,entropy_sfda,restecg,0.21200225931126623,4
switzerland,va_long_beach,9,entropy_sfda,thalach,0.21819614006206392,3
switzerland,va_long_beach,9,entropy_sfda,exang,0.20854813599959016,5
switzerland,va_long_beach,9,entropy_sfda,oldpeak,0.2542198476800695,2
switzerland,va_long_beach,9,pseudo_label_sfda,age,0.09573617693036791,7
switzerland,va_long_beach,9,pseudo_label_sfda,sex,0.020395867247134422,8
switzerland,va_long_beach,9,pseudo_label_sfda,cp,0.5249172390531749,1
switzerland,va_long_beach,9,pseudo_label_sfda,trestbps,0.12144814708968621,6
switzerland,va_long_beach,9,pseudo_label_sfda,restecg,0.23730056246509776,4
switzerland,va_long_beach,9,pseudo_label_sfda,thalach,0.24692319280467928,3
switzerland,va_long_beach,9,pseudo_label_sfda,exang,0.22729144003242255,5
switzerland,va_long_beach,9,pseudo_label_sfda,oldpeak,0.29742284909123556,2
switzerland,va_long_beach,9,reliability_gated_sfda,age,0.05606635800300861,7
switzerland,va_long_beach,9,reliability_gated_sfda,sex,0.017540346868336172,8
switzerland,va_long_beach,9,reliability_gated_sfda,cp,0.4221428490290418,1
switzerland,va_long_beach,9,reliability_gated_sfda,trestbps,0.0950839714624453,6
switzerland,va_long_beach,9,reliability_gated_sfda,restecg,0.18799305466003716,5
switzerland,va_long_beach,9,reliability_gated_sfda,thalach,0.20588331977836788,2
switzerland,va_long_beach,9,reliability_gated_sfda,exang,0.19487689316272735,4
switzerland,va_long_beach,9,reliability_gated_sfda,oldpeak,0.20249177397461607,3
switzerland,va_long_beach,9,source_only,age,0.05606635800300861,7
switzerland,va_long_beach,9,source_only,sex,0.017540346868336172,8
switzerland,va_long_beach,9,source_only,cp,0.4221428490290418,1
switzerland,va_long_beach,9,source_only,trestbps,0.0950839714624453,6
switzerland,va_long_beach,9,source_only,restecg,0.18799305466003716,5
switzerland,va_long_beach,9,source_only,thalach,0.20588331977836788,2
switzerland,va_long_beach,9,source_only,exang,0.19487689316272735,4
switzerland,va_long_beach,9,source_only,oldpeak,0.20249177397461607,3
va_long_beach,cleveland,0,conservative_candidate,age,0.20998287863765072,3
va_long_beach,cleveland,0,conservative_candidate,sex,0.07124898705009841,7
va_long_beach,cleveland,0,conservative_candidate,cp,0.319525654670752,1
va_long_beach,cleveland,0,conservative_candidate,trestbps,0.1691939964646123,4
va_long_beach,cleveland,0,conservative_candidate,restecg,0.11795181440098082,6
va_long_beach,cleveland,0,conservative_candidate,thalach,0.04768616668019353,8
va_long_beach,cleveland,0,conservative_candidate,exang,0.12478159565175802,5
va_long_beach,cleveland,0,conservative_candidate,oldpeak,0.2872696299268787,2
va_long_beach,cleveland,0,entropy_sfda,age,0.23844480827887213,3
va_long_beach,cleveland,0,entropy_sfda,sex,0.11450317562419438,7
va_long_beach,cleveland,0,entropy_sfda,cp,0.3893257815403504,1
va_long_beach,cleveland,0,entropy_sfda,trestbps,0.21439146409241525,4
va_long_beach,cleveland,0,entropy_sfda,restecg,0.1363878058263472,5
va_long_beach,cleveland,0,entropy_sfda,thalach,0.051293684659708585,8
va_long_beach,cleveland,0,entropy_sfda,exang,0.12313107942444615,6
va_long_beach,cleveland,0,entropy_sfda,oldpeak,0.35420265978220666,2
va_long_beach,cleveland,0,pseudo_label_sfda,age,0.21152547671591784,3
va_long_beach,cleveland,0,pseudo_label_sfda,sex,0.07254485295854562,7
va_long_beach,cleveland,0,pseudo_label_sfda,cp,0.3246675976347598,1
va_long_beach,cleveland,0,pseudo_label_sfda,trestbps,0.17058890714408464,4
va_long_beach,cleveland,0,pseudo_label_sfda,restecg,0.1197677197220136,6
va_long_beach,cleveland,0,pseudo_label_sfda,thalach,0.04641709942140123,8
va_long_beach,cleveland,0,pseudo_label_sfda,exang,0.12630202347126848,5
va_long_beach,cleveland,0,pseudo_label_sfda,oldpeak,0.28967924080112883,2
va_long_beach,cleveland,0,reliability_gated_sfda,age,0.21992990058899023,3
va_long_beach,cleveland,0,reliability_gated_sfda,sex,0.07379050964691812,7
va_long_beach,cleveland,0,reliability_gated_sfda,cp,0.3320215021920049,1
va_long_beach,cleveland,0,reliability_gated_sfda,trestbps,0.17726300951752738,4
va_long_beach,cleveland,0,reliability_gated_sfda,restecg,0.12042561156306902,6
va_long_beach,cleveland,0,reliability_gated_sfda,thalach,0.050849514230763,8
va_long_beach,cleveland,0,reliability_gated_sfda,exang,0.13072658783760802,5
va_long_beach,cleveland,0,reliability_gated_sfda,oldpeak,0.2993069811917768,2
va_long_beach,cleveland,0,source_only,age,0.21152547671591784,3
va_long_beach,cleveland,0,source_only,sex,0.07254485295854562,7
va_long_beach,cleveland,0,source_only,cp,0.3246675976347598,1
va_long_beach,cleveland,0,source_only,trestbps,0.17058890714408464,4
va_long_beach,cleveland,0,source_only,restecg,0.1197677197220136,6
va_long_beach,cleveland,0,source_only,thalach,0.04641709942140123,8
va_long_beach,cleveland,0,source_only,exang,0.12630202347126848,5
va_long_beach,cleveland,0,source_only,oldpeak,0.28967924080112883,2
va_long_beach,cleveland,1,conservative_candidate,age,0.2183754035078063,3
va_long_beach,cleveland,1,conservative_candidate,sex,0.08486748251947954,6
va_long_beach,cleveland,1,conservative_candidate,cp,0.38920058140370906,1
va_long_beach,cleveland,1,conservative_candidate,trestbps,0.06988610229424193,7
va_long_beach,cleveland,1,conservative_candidate,restecg,0.09125142526165599,5
va_long_beach,cleveland,1,conservative_candidate,thalach,0.04720816881723987,8
va_long_beach,cleveland,1,conservative_candidate,exang,0.18580734968072468,4
va_long_beach,cleveland,1,conservative_candidate,oldpeak,0.2595466370978654,2
va_long_beach,cleveland,1,entropy_sfda,age,0.20936263568788496,4
va_long_beach,cleveland,1,entropy_sfda,sex,0.11084407845434417,7
va_long_beach,cleveland,1,entropy_sfda,cp,0.5657644865019908,1
va_long_beach,cleveland,1,entropy_sfda,trestbps,0.10190053128313865,8
va_long_beach,cleveland,1,entropy_sfda,restecg,0.12615796786814742,5
va_long_beach,cleveland,1,entropy_sfda,thalach,0.1246862014372934,6
va_long_beach,cleveland,1,entropy_sfda,exang,0.23357610469076956,3
va_long_beach,cleveland,1,entropy_sfda,oldpeak,0.3640332142530446,2
va_long_beach,cleveland,1,pseudo_label_sfda,age,0.22671178533548103,3
va_long_beach,cleveland,1,pseudo_label_sfda,sex,0.089904555700498,6
va_long_beach,cleveland,1,pseudo_label_sfda,cp,0.4240588251875061,1
va_long_beach,cleveland,1,pseudo_label_sfda,trestbps,0.07514363551522345,7
va_long_beach,cleveland,1,pseudo_label_sfda,restecg,0.09700803070075259,5
va_long_beach,cleveland,1,pseudo_label_sfda,thalach,0.032645758520927014,8
va_long_beach,cleveland,1,pseudo_label_sfda,exang,0.1964152517727355,4
va_long_beach,cleveland,1,pseudo_label_sfda,oldpeak,0.2821589097159334,2
va_long_beach,cleveland,1,reliability_gated_sfda,age,0.2255703896735933,3
va_long_beach,cleveland,1,reliability_gated_sfda,sex,0.08848140718090335,6
va_long_beach,cleveland,1,reliability_gated_sfda,cp,0.4071720330584297,1
va_long_beach,cleveland,1,reliability_gated_sfda,trestbps,0.07305441350636156,7
va_long_beach,cleveland,1,reliability_gated_sfda,restecg,0.09447856936104068,5
va_long_beach,cleveland,1,reliability_gated_sfda,thalach,0.04448947575359782,8
va_long_beach,cleveland,1,reliability_gated_sfda,exang,0.19314707950245139,4
va_long_beach,cleveland,1,reliability_gated_sfda,oldpeak,0.2726101924652978,2
va_long_beach,cleveland,1,source_only,age,0.2204053906459521,3
va_long_beach,cleveland,1,source_only,sex,0.08580548473391386,6
va_long_beach,cleveland,1,source_only,cp,0.3979161187671107,1
va_long_beach,cleveland,1,source_only,trestbps,0.07070838227440067,7
va_long_beach,cleveland,1,source_only,restecg,0.09259443124977433,5
va_long_beach,cleveland,1,source_only,thalach,0.04281359274609228,8
va_long_beach,cleveland,1,source_only,exang,0.18707656322074778,4
va_long_beach,cleveland,1,source_only,oldpeak,0.25946423410139857,2
va_long_beach,cleveland,2,conservative_candidate,age,0.19993387096870396,3
va_long_beach,cleveland,2,conservative_candidate,sex,0.07381753813832295,7
va_long_beach,cleveland,2,conservative_candidate,cp,0.2739419518169922,2
va_long_beach,cleveland,2,conservative_candidate,trestbps,0.08160452659068188,6
va_long_beach,cleveland,2,conservative_candidate,restecg,0.08478761657768173,5
va_long_beach,cleveland,2,conservative_candidate,thalach,0.03887232134511333,8
va_long_beach,cleveland,2,conservative_candidate,exang,0.15879187060415542,4
va_long_beach,cleveland,2,conservative_candidate,oldpeak,0.2861526878412333,1
va_long_beach,cleveland,2,entropy_sfda,age,0.20998887602730099,3
va_long_beach,cleveland,2,entropy_sfda,sex,0.08107294247615555,6
va_long_beach,cleveland,2,entropy_sfda,cp,0.3392011528544527,2
va_long_beach,cleveland,2,entropy_sfda,trestbps,0.06301437273948901,8
va_long_beach,cleveland,2,entropy_sfda,restecg,0.10345773667572737,5
va_long_beach,cleveland,2,entropy_sfda,thalach,0.06780328949231022,7
va_long_beach,cleveland,2,entropy_sfda,exang,0.17769116006803887,4
va_long_beach,cleveland,2,entropy_sfda,oldpeak,0.36208006915430424,1
va_long_beach,cleveland,2,pseudo_label_sfda,age,0.20850993751351515,3
va_long_beach,cleveland,2,pseudo_label_sfda,sex,0.07731380303520566,7
va_long_beach,cleveland,2,pseudo_label_sfda,cp,0.288674799268904,2
va_long_beach,cleveland,2,pseudo_label_sfda,trestbps,0.08354961694000751,6
va_long_beach,cleveland,2,pseudo_label_sfda,restecg,0.08930012117456579,5
va_long_beach,cleveland,2,pseudo_label_sfda,thalach,0.041257121333953796,8
va_long_beach,cleveland,2,pseudo_label_sfda,exang,0.16394878044208083,4
va_long_beach,cleveland,2,pseudo_label_sfda,oldpeak,0.304759403238866,1
va_long_beach,cleveland,2,reliability_gated_sfda,age,0.20782122954287452,3
va_long_beach,cleveland,2,reliability_gated_sfda,sex,0.07608560624047525,7
va_long_beach,cleveland,2,reliability_gated_sfda,cp,0.28335107800610265,2
va_long_beach,cleveland,2,reliability_gated_sfda,trestbps,0.08390827357873512,6
va_long_beach,cleveland,2,reliability_gated_sfda,restecg,0.08725195439308016,5
va_long_beach,cleveland,2,reliability_gated_sfda,thalach,0.039539129704850906,8
va_long_beach,cleveland,2,reliability_gated_sfda,exang,0.1640278683428225,4
va_long_beach,cleveland,2,reliability_gated_sfda,oldpeak,0.2975524281037867,1
va_long_beach,cleveland,2,source_only,age,0.20067342872794397,3
va_long_beach,cleveland,2,source_only,sex,0.07523192351761963,7
va_long_beach,cleveland,2,source_only,cp,0.2777218638904004,2
va_long_beach,cleveland,2,source_only,trestbps,0.08203792533139531,6
va_long_beach,cleveland,2,source_only,restecg,0.08661390328395603,5
va_long_beach,cleveland,2,source_only,thalach,0.039260291889780106,8
va_long_beach,cleveland,2,source_only,exang,0.15927438497567922,4
va_long_beach,cleveland,2,source_only,oldpeak,0.28734627687111003,1
va_long_beach,cleveland,3,conservative_candidate,age,0.29183728198164294,1
va_long_beach,cleveland,3,conservative_candidate,sex,0.029321489202062536,8
va_long_beach,cleveland,3,conservative_candidate,cp,0.2863938510276261,2
va_long_beach,cleveland,3,conservative_candidate,trestbps,0.06653342052393975,6
va_long_beach,cleveland,3,conservative_candidate,restecg,0.046630085946828895,7
va_long_beach,cleveland,3,conservative_candidate,thalach,0.06747381049058497,5
va_long_beach,cleveland,3,conservative_candidate,exang,0.16592558039346147,4
va_long_beach,cleveland,3,conservative_candidate,oldpeak,0.27144050389134844,3
va_long_beach,cleveland,3,entropy_sfda,age,0.2184987970529487,3
va_long_beach,cleveland,3,entropy_sfda,sex,0.049541275454385365,7
va_long_beach,cleveland,3,entropy_sfda,cp,0.3414011025540423,1
va_long_beach,cleveland,3,entropy_sfda,trestbps,0.07305102467094313,6
va_long_beach,cleveland,3,entropy_sfda,restecg,0.02476500364670928,8
va_long_beach,cleveland,3,entropy_sfda,thalach,0.12049157535634229,5
va_long_beach,cleveland,3,entropy_sfda,exang,0.16919781262110364,4
va_long_beach,cleveland,3,entropy_sfda,oldpeak,0.3178150028992358,2
va_long_beach,cleveland,3,pseudo_label_sfda,age,0.2982579570285908,1
va_long_beach,cleveland,3,pseudo_label_sfda,sex,0.030957757562003897,8
va_long_beach,cleveland,3,pseudo_label_sfda,cp,0.29588941009178266,2
va_long_beach,cleveland,3,pseudo_label_sfda,trestbps,0.07058442631002938,6
va_long_beach,cleveland,3,pseudo_label_sfda,restecg,0.04539327759964773,7
va_long_beach,cleveland,3,pseudo_label_sfda,thalach,0.07337368276083941,5
va_long_beach,cleveland,3,pseudo_label_sfda,exang,0.1697149490261383,4
va_long_beach,cleveland,3,pseudo_label_sfda,oldpeak,0.2839964937984255,3
va_long_beach,cleveland,3,reliability_gated_sfda,age,0.29825093822320153,1
va_long_beach,cleveland,3,reliability_gated_sfda,sex,0.029273284978207106,8
va_long_beach,cleveland,3,reliability_gated_sfda,cp,0.2919114480787162,2
va_long_beach,cleveland,3,reliability_gated_sfda,trestbps,0.06986711799789895,5
va_long_beach,cleveland,3,reliability_gated_sfda,restecg,0.04640299831679244,7
va_long_beach,cleveland,3,reliability_gated_sfda,thalach,0.06874087137683435,6
va_long_beach,cleveland,3,reliability_gated_sfda,exang,0.16995856994240494,4
va_long_beach,cleveland,3,reliability_gated_sfda,oldpeak,0.2801347588444061,3
va_long_beach,cleveland,3,source_only,age,0.29699562106545857,1
va_long_beach,cleveland,3,source_only,sex,0.02947586836090719,8
va_long_beach,cleveland,3,source_only,cp,0.2892777842297208,2
va_long_beach,cleveland,3,source_only,trestbps,0.06599387417406395,6
va_long_beach,cleveland,3,source_only,restecg,0.04768213846124098,7
va_long_beach,cleveland,3,source_only,thalach,0.06871422399611518,5
va_long_beach,cleveland,3,source_only,exang,0.16754752867809022,4
va_long_beach,cleveland,3,source_only,oldpeak,0.2716584812093637,3
va_long_beach,cleveland,4,conservative_candidate,age,0.13714222023271253,3
va_long_beach,cleveland,4,conservative_candidate,sex,0.053278939810216655,7
va_long_beach,cleveland,4,conservative_candidate,cp,0.24932817059116116,2
va_long_beach,cleveland,4,conservative_candidate,trestbps,0.12757812696432216,4
va_long_beach,cleveland,4,conservative_candidate,restecg,0.081676528285405,6
va_long_beach,cleveland,4,conservative_candidate,thalach,0.04773431731212769,8
va_long_beach,cleveland,4,conservative_candidate,exang,0.0884169737582491,5
va_long_beach,cleveland,4,conservative_candidate,oldpeak,0.3074051497070727,1
va_long_beach,cleveland,4,entropy_sfda,age,0.1617688236922554,4
va_long_beach,cleveland,4,entropy_sfda,sex,0.09582522843986294,7
va_long_beach,cleveland,4,entropy_sfda,cp,0.33365891241728696,2
va_long_beach,cleveland,4,entropy_sfda,trestbps,0.16333437416696356,3
va_long_beach,cleveland,4,entropy_sfda,restecg,0.11905869421078097,6
va_long_beach,cleveland,4,entropy_sfda,thalach,0.0460830113555461,8
va_long_beach,cleveland,4,entropy_sfda,exang,0.13364546664255872,5
va_long_beach,cleveland,4,entropy_sfda,oldpeak,0.44071556293181213,1
va_long_beach,cleveland,4,pseudo_label_sfda,age,0.14732720612405364,3
va_long_beach,cleveland,4,pseudo_label_sfda,sex,0.05837727516252549,7
va_long_beach,cleveland,4,pseudo_label_sfda,cp,0.26451177351840843,2
va_long_beach,cleveland,4,pseudo_label_sfda,trestbps,0.1373395486911543,4
va_long_beach,cleveland,4,pseudo_label_sfda,restecg,0.08723507447148247,6
va_long_beach,cleveland,4,pseudo_label_sfda,thalach,0.047401695261058495,8
va_long_beach,cleveland,4,pseudo_label_sfda,exang,0.09553541035968467,5
va_long_beach,cleveland,4,pseudo_label_sfda,oldpeak,0.3301439992522532,1
va_long_beach,cleveland,4,reliability_gated_sfda,age,0.1428271288243537,3
va_long_beach,cleveland,4,reliability_gated_sfda,sex,0.05629943620214517,7
va_long_beach,cleveland,4,reliability_gated_sfda,cp,0.25775700998378,2
va_long_beach,cleveland,4,reliability_gated_sfda,trestbps,0.13206077810060293,4
va_long_beach,cleveland,4,reliability_gated_sfda,restecg,0.08373416774359099,6
va_long_beach,cleveland,4,reliability_gated_sfda,thalach,0.049005524348698065,8
va_long_beach,cleveland,4,reliability_gated_sfda,exang,0.09248781854651016,5
va_long_beach,cleveland,4,reliability_gated_sfda,oldpeak,0.31943810865261496,1
va_long_beach,cleveland,4,source_only,age,0.13891984452877695,3
va_long_beach,cleveland,4,source_only,sex,0.05426625726958148,7
va_long_beach,cleveland,4,source_only,cp,0.25349886124113913,2
va_long_beach,cleveland,4,source_only,trestbps,0.12891553352716015,4
va_long_beach,cleveland,4,source_only,restecg,0.08303369210870462,6
va_long_beach,cleveland,4,source_only,thalach,0.04746914359340562,8
va_long_beach,cleveland,4,source_only,exang,0.08934863986180039,5
va_long_beach,cleveland,4,source_only,oldpeak,0.3094755918350034,1
va_long_beach,cleveland,5,conservative_candidate,age,0.1809720242455165,2
va_long_beach,cleveland,5,conservative_candidate,sex,0.040323530510913155,7
va_long_beach,cleveland,5,conservative_candidate,cp,0.17891905995653695,3
va_long_beach,cleveland,5,conservative_candidate,trestbps,0.11585151549853631,5
va_long_beach,cleveland,5,conservative_candidate,restecg,0.07443322059882819,6
va_long_beach,cleveland,5,conservative_candidate,thalach,0.029144044946247078,8
va_long_beach,cleveland,5,conservative_candidate,exang,0.12851905314147655,4
va_long_beach,cleveland,5,conservative_candidate,oldpeak,0.23160965736684921,1
va_long_beach,cleveland,5,entropy_sfda,age,0.18772081662700957,3
va_long_beach,cleveland,5,entropy_sfda,sex,0.049462380490187745,7
va_long_beach,cleveland,5,entropy_sfda,cp,0.22599410733720307,2
va_long_beach,cleveland,5,entropy_sfda,trestbps,0.12455324888715005,5
va_long_beach,cleveland,5,entropy_sfda,restecg,0.09217822538817869,6
va_long_beach,cleveland,5,entropy_sfda,thalach,0.03496028381002533,8
va_long_beach,cleveland,5,entropy_sfda,exang,0.1405260539232096,4
va_long_beach,cleveland,5,entropy_sfda,oldpeak,0.2683379214668874,1
va_long_beach,cleveland,5,pseudo_label_sfda,age,0.18201695997291012,2
va_long_beach,cleveland,5,pseudo_label_sfda,sex,0.04074969796138033,7
va_long_beach,cleveland,5,pseudo_label_sfda,cp,0.18152080606261925,3
va_long_beach,cleveland,5,pseudo_label_sfda,trestbps,0.11666951105425055,5
va_long_beach,cleveland,5,pseudo_label_sfda,restecg,0.07532687789204191,6
va_long_beach,cleveland,5,pseudo_label_sfda,thalach,0.02833938209991014,8
va_long_beach,cleveland,5,pseudo_label_sfda,exang,0.12937376869213454,4
va_long_beach,cleveland,5,pseudo_label_sfda,oldpeak,0.23340733111728437,1
va_long_beach,cleveland,5,reliability_gated_sfda,age,0.18175512066275407,2
va_long_beach,cleveland,5,reliability_gated_sfda,sex,0.04042522056779755,7
va_long_beach,cleveland,5,reliability_gated_sfda,cp,0.17955203759679939,3
va_long_beach,cleveland,5,reliability_gated_sfda,trestbps,0.11684036812494909,5
va_long_beach,cleveland,5,reliability_gated_sfda,restecg,0.0746914835065824,6
va_long_beach,cleveland,5,reliability_gated_sfda,thalach,0.02940565357161466,8
va_long_beach,cleveland,5,reliability_gated_sfda,exang,0.12919277221344025,4
va_long_beach,cleveland,5,reliability_gated_sfda,oldpeak,0.2334223875573071,1
va_long_beach,cleveland,5,source_only,age,0.18201695997291012,2
va_long_beach,cleveland,5,source_only,sex,0.04074969796138033,7
va_long_beach,cleveland,5,source_only,cp,0.18152080606261925,3
va_long_beach,cleveland,5,source_only,trestbps,0.11666951105425055,5
va_long_beach,cleveland,5,source_only,restecg,0.07532687789204191,6
va_long_beach,cleveland,5,source_only,thalach,0.02833938209991014,8
va_long_beach,cleveland,5,source_only,exang,0.12937376869213454,4
va_long_beach,cleveland,5,source_only,oldpeak,0.23340733111728437,1
va_long_beach,cleveland,6,conservative_candidate,age,0.2340167370354357,2
va_long_beach,cleveland,6,conservative_candidate,sex,0.0661426893052746,7
va_long_beach,cleveland,6,conservative_candidate,cp,0.2855417055767554,1
va_long_beach,cleveland,6,conservative_candidate,trestbps,0.12655626008307816,5
va_long_beach,cleveland,6,conservative_candidate,restecg,0.08810479029177042,6
va_long_beach,cleveland,6,conservative_candidate,thalach,0.03839288327401874,8
va_long_beach,cleveland,6,conservative_candidate,exang,0.19078309438114513,4
va_long_beach,cleveland,6,conservative_candidate,oldpeak,0.23268000345766274,3
va_long_beach,cleveland,6,entropy_sfda,age,0.2757555918063793,3
va_long_beach,cleveland,6,entropy_sfda,sex,0.08811435278875075,8
va_long_beach,cleveland,6,entropy_sfda,cp,0.340202124395639,1
va_long_beach,cleveland,6,entropy_sfda,trestbps,0.18520369027278666,5
va_long_beach,cleveland,6,entropy_sfda,restecg,0.09616086335173456,7
va_long_beach,cleveland,6,entropy_sfda,thalach,0.15138808167969847,6
va_long_beach,cleveland,6,entropy_sfda,exang,0.20224191482938064,4
va_long_beach,cleveland,6,entropy_sfda,oldpeak,0.2821189746915335,2
va_long_beach,cleveland,6,pseudo_label_sfda,age,0.24656621455722075,2
va_long_beach,cleveland,6,pseudo_label_sfda,sex,0.06997248721800789,7
va_long_beach,cleveland,6,pseudo_label_sfda,cp,0.2974504427591023,1
va_long_beach,cleveland,6,pseudo_label_sfda,trestbps,0.1377648681913396,5
va_long_beach,cleveland,6,pseudo_label_sfda,restecg,0.09014189808603322,6
va_long_beach,cleveland,6,pseudo_label_sfda,thalach,0.047474813053388985,8
va_long_beach,cleveland,6,pseudo_label_sfda,exang,0.19580467787291547,4
va_long_beach,cleveland,6,pseudo_label_sfda,oldpeak,0.24652939168090868,3
va_long_beach,cleveland,6,reliability_gated_sfda,age,0.24156951058268694,3
va_long_beach,cleveland,6,reliability_gated_sfda,sex,0.06912672958296807,7
va_long_beach,cleveland,6,reliability_gated_sfda,cp,0.2949400239091185,1
va_long_beach,cleveland,6,reliability_gated_sfda,trestbps,0.13304567484130536,5
va_long_beach,cleveland,6,reliability_gated_sfda,restecg,0.08846441846111902,6
va_long_beach,cleveland,6,reliability_gated_sfda,thalach,0.04050102214509614,8
va_long_beach,cleveland,6,reliability_gated_sfda,exang,0.19588286392759569,4
va_long_beach,cleveland,6,reliability_gated_sfda,oldpeak,0.24167576430076518,2
va_long_beach,cleveland,6,source_only,age,0.23438646517257536,2
va_long_beach,cleveland,6,source_only,sex,0.06734894531342525,7
va_long_beach,cleveland,6,source_only,cp,0.28845611751855565,1
va_long_beach,cleveland,6,source_only,trestbps,0.12674498571069112,5
va_long_beach,cleveland,6,source_only,restecg,0.08871264442172905,6
va_long_beach,cleveland,6,source_only,thalach,0.03951936855292859,8
va_long_beach,cleveland,6,source_only,exang,0.19226198288744237,4
va_long_beach,cleveland,6,source_only,oldpeak,0.23288627323485517,3
va_long_beach,cleveland,7,conservative_candidate,age,0.1888454701127515,2
va_long_beach,cleveland,7,conservative_candidate,sex,0.0653773300028321,5
va_long_beach,cleveland,7,conservative_candidate,cp,0.1689013769252834,4
va_long_beach,cleveland,7,conservative_candidate,trestbps,0.032568641637145304,8
va_long_beach,cleveland,7,conservative_candidate,restecg,0.04211249198321181,6
va_long_beach,cleveland,7,conservative_candidate,thalach,0.03675363551782633,7
va_long_beach,cleveland,7,conservative_candidate,exang,0.1767848202153401,3
va_long_beach,cleveland,7,conservative_candidate,oldpeak,0.2843550850107817,1
va_long_beach,cleveland,7,entropy_sfda,age,0.19876545100863224,4
va_long_beach,cleveland,7,entropy_sfda,sex,0.08582617125341167,5
va_long_beach,cleveland,7,entropy_sfda,cp,0.23329393968670767,2
va_long_beach,cleveland,7,entropy_sfda,trestbps,0.042424376777729755,7
va_long_beach,cleveland,7,entropy_sfda,restecg,0.04828027380851674,6
va_long_beach,cleveland,7,entropy_sfda,thalach,0.031325283965841964,8
va_long_beach,cleveland,7,entropy_sfda,exang,0.20498013139238255,3
va_long_beach,cleveland,7,entropy_sfda,oldpeak,0.34721176708332285,1
va_long_beach,cleveland,7,pseudo_label_sfda,age,0.1933566256235707,2
va_long_beach,cleveland,7,pseudo_label_sfda,sex,0.06745807128704245,5
va_long_beach,cleveland,7,pseudo_label_sfda,cp,0.17362482412737687,4
va_long_beach,cleveland,7,pseudo_label_sfda,trestbps,0.03362412762276058,8
va_long_beach,cleveland,7,pseudo_label_sfda,restecg,0.04298849961057258,6
va_long_beach,cleveland,7,pseudo_label_sfda,thalach,0.03594640046592472,7
va_long_beach,cleveland,7,pseudo_label_sfda,exang,0.18060146823906562,3
va_long_beach,cleveland,7,pseudo_label_sfda,oldpeak,0.2901789017852316,1
va_long_beach,cleveland,7,reliability_gated_sfda,age,0.1940137124405221,2
va_long_beach,cleveland,7,reliability_gated_sfda,sex,0.06797642295282227,5
va_long_beach,cleveland,7,reliability_gated_sfda,cp,0.1740753718506984,4
va_long_beach,cleveland,7,reliability_gated_sfda,trestbps,0.03382205458553104,8
va_long_beach,cleveland,7,reliability_gated_sfda,restecg,0.0420698672070063,6
va_long_beach,cleveland,7,reliability_gated_sfda,thalach,0.03751588136294088,7
va_long_beach,cleveland,7,reliability_gated_sfda,exang,0.18125322906503288,3
va_long_beach,cleveland,7,reliability_gated_sfda,oldpeak,0.2933735527657587,1
va_long_beach,cleveland,7,source_only,age,0.19202047208686768,2
va_long_beach,cleveland,7,source_only,sex,0.06688601049663158,5
va_long_beach,cleveland,7,source_only,cp,0.17209755056461087,4
va_long_beach,cleveland,7,source_only,trestbps,0.03313795971532775,8
va_long_beach,cleveland,7,source_only,restecg,0.04277257458383686,6
va_long_beach,cleveland,7,source_only,thalach,0.03653079871566218,7
va_long_beach,cleveland,7,source_only,exang,0.17963879820106937,3
va_long_beach,cleveland,7,source_only,oldpeak,0.2873645903371281,1
va_long_beach,cleveland,8,conservative_candidate,age,0.24647092748673097,2
va_long_beach,cleveland,8,conservative_candidate,sex,0.12917498043944237,5
va_long_beach,cleveland,8,conservative_candidate,cp,0.31192846599660456,1
va_long_beach,cleveland,8,conservative_candidate,trestbps,0.10948264739985601,6
va_long_beach,cleveland,8,conservative_candidate,restecg,0.090413452873024,7
va_long_beach,cleveland,8,conservative_candidate,thalach,0.046958955972633665,8
va_long_beach,cleveland,8,conservative_candidate,exang,0.20684950851309714,4
va_long_beach,cleveland,8,conservative_candidate,oldpeak,0.2293718256034793,3
va_long_beach,cleveland,8,entropy_sfda,age,0.24543669930484036,3
va_long_beach,cleveland,8,entropy_sfda,sex,0.1458235836031031,5
va_long_beach,cleveland,8,entropy_sfda,cp,0.36784768873758816,1
va_long_beach,cleveland,8,entropy_sfda,trestbps,0.13194986476244788,6
va_long_beach,cleveland,8,entropy_sfda,restecg,0.1261512751007223,7
va_long_beach,cleveland,8,entropy_sfda,thalach,0.07193934264121782,8
va_long_beach,cleveland,8,entropy_sfda,exang,0.24138521720815093,4
va_long_beach,cleveland,8,entropy_sfda,oldpeak,0.24582530715481282,2
va_long_beach,cleveland,8,pseudo_label_sfda,age,0.2556131953779276,2
va_long_beach,cleveland,8,pseudo_label_sfda,sex,0.13372844008562879,5
va_long_beach,cleveland,8,pseudo_label_sfda,cp,0.32443969640483167,1
va_long_beach,cleveland,8,pseudo_label_sfda,trestbps,0.1166304671310757,6
va_long_beach,cleveland,8,pseudo_label_sfda,restecg,0.09454060885059407,7
va_long_beach,cleveland,8,pseudo_label_sfda,thalach,0.04763184590730043,8
va_long_beach,cleveland,8,pseudo_label_sfda,exang,0.2143490791056465,4
va_long_beach,cleveland,8,pseudo_label_sfda,oldpeak,0.2399142561142299,3
va_long_beach,cleveland,8,reliability_gated_sfda,age,0.2547600532762042,2
va_long_beach,cleveland,8,reliability_gated_sfda,sex,0.1347153859655603,5
va_long_beach,cleveland,8,reliability_gated_sfda,cp,0.3219736181687496,1
va_long_beach,cleveland,8,reliability_gated_sfda,trestbps,0.11448426531696831,6
va_long_beach,cleveland,8,reliability_gated_sfda,restecg,0.0902014256115111,7
va_long_beach,cleveland,8,reliability_gated_sfda,thalach,0.04757892915006206,8
va_long_beach,cleveland,8,reliability_gated_sfda,exang,0.21304242055949205,4
va_long_beach,cleveland,8,reliability_gated_sfda,oldpeak,0.23728555701550083,3
va_long_beach,cleveland,8,source_only,age,0.24760369995375328,2
va_long_beach,cleveland,8,source_only,sex,0.1304008631748777,5
va_long_beach,cleveland,8,source_only,cp,0.31459179011208316,1
va_long_beach,cleveland,8,source_only,trestbps,0.10912582247332425,6
va_long_beach,cleveland,8,source_only,restecg,0.0917253426202475,7
va_long_beach,cleveland,8,source_only,thalach,0.04670272048554308,8
va_long_beach,cleveland,8,source_only,exang,0.2083164472378815,4
va_long_beach,cleveland,8,source_only,oldpeak,0.2296078791303972,3
va_long_beach,cleveland,9,conservative_candidate,age,0.17174000090230931,3
va_long_beach,cleveland,9,conservative_candidate,sex,0.093936630614984,6
va_long_beach,cleveland,9,conservative_candidate,cp,0.2532576924519769,2
va_long_beach,cleveland,9,conservative_candidate,trestbps,0.11124828651704184,5
va_long_beach,cleveland,9,conservative_candidate,restecg,0.0544137185998467,8
va_long_beach,cleveland,9,conservative_candidate,thalach,0.06041127383376992,7
va_long_beach,cleveland,9,conservative_candidate,exang,0.14465627989120064,4
va_long_beach,cleveland,9,conservative_candidate,oldpeak,0.2991689604372032,1
va_long_beach,cleveland,9,entropy_sfda,age,0.20950207648500677,3
va_long_beach,cleveland,9,entropy_sfda,sex,0.1324285120325218,6
va_long_beach,cleveland,9,entropy_sfda,cp,0.3263071799859606,2
va_long_beach,cleveland,9,entropy_sfda,trestbps,0.15124157238013963,5
va_long_beach,cleveland,9,entropy_sfda,restecg,0.09762379876904649,7
va_long_beach,cleveland,9,entropy_sfda,thalach,0.03318148239119213,8
va_long_beach,cleveland,9,entropy_sfda,exang,0.1728461756434452,4
va_long_beach,cleveland,9,entropy_sfda,oldpeak,0.4093265348535166,1
va_long_beach,cleveland,9,pseudo_label_sfda,age,0.18451266753119985,3
va_long_beach,cleveland,9,pseudo_label_sfda,sex,0.10073616685424143,6
va_long_beach,cleveland,9,pseudo_label_sfda,cp,0.26784557538977655,2
va_long_beach,cleveland,9,pseudo_label_sfda,trestbps,0.12116833722446319,5
va_long_beach,cleveland,9,pseudo_label_sfda,restecg,0.05955815724049738,7
va_long_beach,cleveland,9,pseudo_label_sfda,thalach,0.05577860044725788,8
va_long_beach,cleveland,9,pseudo_label_sfda,exang,0.1509494280854467,4
va_long_beach,cleveland,9,pseudo_label_sfda,oldpeak,0.31979038754959127,1
va_long_beach,cleveland,9,reliability_gated_sfda,age,0.1743265711917563,3
va_long_beach,cleveland,9,reliability_gated_sfda,sex,0.09534248409073537,6
va_long_beach,cleveland,9,reliability_gated_sfda,cp,0.2564367365518319,2
va_long_beach,cleveland,9,reliability_gated_sfda,trestbps,0.114078756397215,5
va_long_beach,cleveland,9,reliability_gated_sfda,restecg,0.05511524448666499,8
va_long_beach,cleveland,9,reliability_gated_sfda,thalach,0.06030007816732798,7
va_long_beach,cleveland,9,reliability_gated_sfda,exang,0.14648422117348103,4
va_long_beach,cleveland,9,reliability_gated_sfda,oldpeak,0.3051607222757348,1
va_long_beach,cleveland,9,source_only,age,0.17411282907083334,3
va_long_beach,cleveland,9,source_only,sex,0.09534400926457973,6
va_long_beach,cleveland,9,source_only,cp,0.2570413704796328,2
va_long_beach,cleveland,9,source_only,trestbps,0.11216979170265748,5
va_long_beach,cleveland,9,source_only,restecg,0.05559913548951631,8
va_long_beach,cleveland,9,source_only,thalach,0.060694990374559714,7
va_long_beach,cleveland,9,source_only,exang,0.14655454170647328,4
va_long_beach,cleveland,9,source_only,oldpeak,0.2994829926043503,1
va_long_beach,hungary,0,conservative_candidate,age,0.14891965981520597,4
va_long_beach,hungary,0,conservative_candidate,sex,0.041077728881373905,7
va_long_beach,hungary,0,conservative_candidate,cp,0.32411992599491696,1
va_long_beach,hungary,0,conservative_candidate,trestbps,0.1557788030817775,3
va_long_beach,hungary,0,conservative_candidate,restecg,0.04054487585821651,8
va_long_beach,hungary,0,conservative_candidate,thalach,0.052171173176235555,6
va_long_beach,hungary,0,conservative_candidate,exang,0.13320152429851134,5
va_long_beach,hungary,0,conservative_candidate,oldpeak,0.19248130629599397,2
va_long_beach,hungary,0,entropy_sfda,age,0.1693893770190735,4
va_long_beach,hungary,0,entropy_sfda,sex,0.08692503859309576,6
va_long_beach,hungary,0,entropy_sfda,cp,0.4600447070884033,1
va_long_beach,hungary,0,entropy_sfda,trestbps,0.2258063396533989,3
va_long_beach,hungary,0,entropy_sfda,restecg,0.05100589923830468,7
va_long_beach,hungary,0,entropy_sfda,thalach,0.04883967279235798,8
va_long_beach,hungary,0,entropy_sfda,exang,0.16786758125550588,5
va_long_beach,hungary,0,entropy_sfda,oldpeak,0.2511043500433974,2
va_long_beach,hungary,0,pseudo_label_sfda,age,0.15069209358007105,4
va_long_beach,hungary,0,pseudo_label_sfda,sex,0.042420905189537936,7
va_long_beach,hungary,0,pseudo_label_sfda,cp,0.33137915036425875,1
va_long_beach,hungary,0,pseudo_label_sfda,trestbps,0.15816167893591426,3
va_long_beach,hungary,0,pseudo_label_sfda,restecg,0.04135082494550646,8
va_long_beach,hungary,0,pseudo_label_sfda,thalach,0.05002518397277584,6
va_long_beach,hungary,0,pseudo_label_sfda,exang,0.1348865697046323,5
va_long_beach,hungary,0,pseudo_label_sfda,oldpeak,0.1955479236040898,2
va_long_beach,hungary,0,reliability_gated_sfda,age,0.1542013038059088,4
va_long_beach,hungary,0,reliability_gated_sfda,sex,0.044164374753037666,7
va_long_beach,hungary,0,reliability_gated_sfda,cp,0.3399129229762459,1
va_long_beach,hungary,0,reliability_gated_sfda,trestbps,0.1646212434941003,3
va_long_beach,hungary,0,reliability_gated_sfda,restecg,0.04170091013836348,8
va_long_beach,hungary,0,reliability_gated_sfda,thalach,0.05600555808058472,6
va_long_beach,hungary,0,reliability_gated_sfda,exang,0.14021129830784737,5
va_long_beach,hungary,0,reliability_gated_sfda,oldpeak,0.2015432619749486,2
va_long_beach,hungary,0,source_only,age,0.15069209358007105,4
va_long_beach,hungary,0,source_only,sex,0.042420905189537936,7
va_long_beach,hungary,0,source_only,cp,0.33137915036425875,1
va_long_beach,hungary,0,source_only,trestbps,0.15816167893591426,3
va_long_beach,hungary,0,source_only,restecg,0.04135082494550646,8
va_long_beach,hungary,0,source_only,thalach,0.05002518397277584,6
va_long_beach,hungary,0,source_only,exang,0.1348865697046323,5
va_long_beach,hungary,0,source_only,oldpeak,0.1955479236040898,2
va_long_beach,hungary,1,conservative_candidate,age,0.1408693976827016,4
va_long_beach,hungary,1,conservative_candidate,sex,0.049471505618749974,6
va_long_beach,hungary,1,conservative_candidate,cp,0.34754027005845917,1
va_long_beach,hungary,1,conservative_candidate,trestbps,0.0698254701664012,5
va_long_beach,hungary,1,conservative_candidate,restecg,0.01573110717596924,8
va_long_beach,hungary,1,conservative_candidate,thalach,0.04674743072345189,7
va_long_beach,hungary,1,conservative_candidate,exang,0.17021621535627207,2
va_long_beach,hungary,1,conservative_candidate,oldpeak,0.14987012226970828,3
va_long_beach,hungary,1,entropy_sfda,age,0.13396737089762334,4
va_long_beach,hungary,1,entropy_sfda,sex,0.08629222991521905,7
va_long_beach,hungary,1,entropy_sfda,cp,0.5412243706279734,1
va_long_beach,hungary,1,entropy_sfda,trestbps,0.11361043690387028,5
va_long_beach,hungary,1,entropy_sfda,restecg,0.044333350607494895,8
va_long_beach,hungary,1,entropy_sfda,thalach,0.08691473865345413,6
va_long_beach,hungary,1,entropy_sfda,exang,0.23267840326436617,2
va_long_beach,hungary,1,entropy_sfda,oldpeak,0.201702608106037,3
va_long_beach,hungary,1,pseudo_label_sfda,age,0.1422710105939926,4
va_long_beach,hungary,1,pseudo_label_sfda,sex,0.053272743493432945,6
va_long_beach,hungary,1,pseudo_label_sfda,cp,0.36894084982715675,1
va_long_beach,hungary,1,pseudo_label_sfda,trestbps,0.07448765818903941,5
va_long_beach,hungary,1,pseudo_label_sfda,restecg,0.017267625208926315,8
va_long_beach,hungary,1,pseudo_label_sfda,thalach,0.039274858245780475,7
va_long_beach,hungary,1,pseudo_label_sfda,exang,0.1782148875787911,2
va_long_beach,hungary,1,pseudo_label_sfda,oldpeak,0.15812657315119286,3
va_long_beach,hungary,1,reliability_gated_sfda,age,0.1426563023171406,4
va_long_beach,hungary,1,reliability_gated_sfda,sex,0.05269587808001551,6
va_long_beach,hungary,1,reliability_gated_sfda,cp,0.36802232093975124,1
va_long_beach,hungary,1,reliability_gated_sfda,trestbps,0.07376237782581584,5
va_long_beach,hungary,1,reliability_gated_sfda,restecg,0.016937009886322497,8
va_long_beach,hungary,1,reliability_gated_sfda,thalach,0.046729589512707864,7
va_long_beach,hungary,1,reliability_gated_sfda,exang,0.17865963218231576,2
va_long_beach,hungary,1,reliability_gated_sfda,oldpeak,0.1583339814825275,3
va_long_beach,hungary,1,source_only,age,0.1424594663913507,4
va_long_beach,hungary,1,source_only,sex,0.05054406132838101,6
va_long_beach,hungary,1,source_only,cp,0.355042920782976,1
va_long_beach,hungary,1,source_only,trestbps,0.07068963708644284,5
va_long_beach,hungary,1,source_only,restecg,0.0164423249882691,8
va_long_beach,hungary,1,source_only,thalach,0.04262852834832223,7
va_long_beach,hungary,1,source_only,exang,0.17183168501898857,2
va_long_beach,hungary,1,source_only,oldpeak,0.15015724161956584,3
va_long_beach,hungary,2,conservative_candidate,age,0.14562549839290426,3
va_long_beach,hungary,2,conservative_candidate,sex,0.07670903707506783,6
va_long_beach,hungary,2,conservative_candidate,cp,0.27216371621945074,1
va_long_beach,hungary,2,conservative_candidate,trestbps,0.12294464605760623,5
va_long_beach,hungary,2,conservative_candidate,restecg,0.017817023457162986,8
va_long_beach,hungary,2,conservative_candidate,thalach,0.0561056558769766,7
va_long_beach,hungary,2,conservative_candidate,exang,0.12860025861458912,4
va_long_beach,hungary,2,conservative_candidate,oldpeak,0.1828831959758144,2
va_long_beach,hungary,2,entropy_sfda,age,0.14489613175566377,5
va_long_beach,hungary,2,entropy_sfda,sex,0.11008181883244719,6
va_long_beach,hungary,2,entropy_sfda,cp,0.3876045218664213,1
va_long_beach,hungary,2,entropy_sfda,trestbps,0.14532513304520078,4
va_long_beach,hungary,2,entropy_sfda,restecg,0.03676406340095691,8
va_long_beach,hungary,2,entropy_sfda,thalach,0.09467554074509356,7
va_long_beach,hungary,2,entropy_sfda,exang,0.14756283301822076,3
va_long_beach,hungary,2,entropy_sfda,oldpeak,0.2103741911040353,2
va_long_beach,hungary,2,pseudo_label_sfda,age,0.14746641991149192,3
va_long_beach,hungary,2,pseudo_label_sfda,sex,0.07869041608951406,6
va_long_beach,hungary,2,pseudo_label_sfda,cp,0.27738109900675306,1
va_long_beach,hungary,2,pseudo_label_sfda,trestbps,0.1245701433781876,5
va_long_beach,hungary,2,pseudo_label_sfda,restecg,0.01850611753445482,8
va_long_beach,hungary,2,pseudo_label_sfda,thalach,0.05809468918616188,7
va_long_beach,hungary,2,pseudo_label_sfda,exang,0.12934687324375113,4
va_long_beach,hungary,2,pseudo_label_sfda,oldpeak,0.1848943883285471,2
va_long_beach,hungary,2,reliability_gated_sfda,age,0.15002415847860043,3
va_long_beach,hungary,2,reliability_gated_sfda,sex,0.08044514783616902,6
va_long_beach,hungary,2,reliability_gated_sfda,cp,0.2859681410855479,1
va_long_beach,hungary,2,reliability_gated_sfda,trestbps,0.1288146670227854,5
va_long_beach,hungary,2,reliability_gated_sfda,restecg,0.018797637008858448,8
va_long_beach,hungary,2,reliability_gated_sfda,thalach,0.05690645568744357,7
va_long_beach,hungary,2,reliability_gated_sfda,exang,0.13407608996569903,4
va_long_beach,hungary,2,reliability_gated_sfda,oldpeak,0.19164836593289056,2
va_long_beach,hungary,2,source_only,age,0.14746641991149192,3
va_long_beach,hungary,2,source_only,sex,0.07869041608951406,6
va_long_beach,hungary,2,source_only,cp,0.27738109900675306,1
va_long_beach,hungary,2,source_only,trestbps,0.1245701433781876,5
va_long_beach,hungary,2,source_only,restecg,0.01850611753445482,8
va_long_beach,hungary,2,source_only,thalach,0.05809468918616188,7
va_long_beach,hungary,2,source_only,exang,0.12934687324375113,4
va_long_beach,hungary,2,source_only,oldpeak,0.1848943883285471,2
va_long_beach,hungary,3,conservative_candidate,age,0.2673335168273093,1
va_long_beach,hungary,3,conservative_candidate,sex,0.025004754773331965,8
va_long_beach,hungary,3,conservative_candidate,cp,0.23275967388727456,2
va_long_beach,hungary,3,conservative_candidate,trestbps,0.06855037074803756,6
va_long_beach,hungary,3,conservative_candidate,restecg,0.08035349950821923,5
va_long_beach,hungary,3,conservative_candidate,thalach,0.06757440827384018,7
va_long_beach,hungary,3,conservative_candidate,exang,0.17547272579731785,4
va_long_beach,hungary,3,conservative_candidate,oldpeak,0.21667440210589442,3
va_long_beach,hungary,3,entropy_sfda,age,0.23483728756256986,3
va_long_beach,hungary,3,entropy_sfda,sex,0.024720530065257994,8
va_long_beach,hungary,3,entropy_sfda,cp,0.3261606996872745,1
va_long_beach,hungary,3,entropy_sfda,trestbps,0.09355545388875196,6
va_long_beach,hungary,3,entropy_sfda,restecg,0.08739827474209647,7
va_long_beach,hungary,3,entropy_sfda,thalach,0.10109326418657104,5
va_long_beach,hungary,3,entropy_sfda,exang,0.1997570662417126,4
va_long_beach,hungary,3,entropy_sfda,oldpeak,0.25633484408335416,2
va_long_beach,hungary,3,pseudo_label_sfda,age,0.27131306280090545,1
va_long_beach,hungary,3,pseudo_label_sfda,sex,0.024959250165388688,8
va_long_beach,hungary,3,pseudo_label_sfda,cp,0.23571036235416676,2
va_long_beach,hungary,3,pseudo_label_sfda,trestbps,0.06761807249581792,7
va_long_beach,hungary,3,pseudo_label_sfda,restecg,0.08187412749605621,5
va_long_beach,hungary,3,pseudo_label_sfda,thalach,0.06908201322602547,6
va_long_beach,hungary,3,pseudo_label_sfda,exang,0.17581591710803052,4
va_long_beach,hungary,3,pseudo_label_sfda,oldpeak,0.21758531811678794,3
va_long_beach,hungary,3,reliability_gated_sfda,age,0.27440008189098364,1
va_long_beach,hungary,3,reliability_gated_sfda,sex,0.026234586760666978,8
va_long_beach,hungary,3,reliability_gated_sfda,cp,0.24206482916836766,2
va_long_beach,hungary,3,reliability_gated_sfda,trestbps,0.07358913831107891,6
va_long_beach,hungary,3,reliability_gated_sfda,restecg,0.08237377445783327,5
va_long_beach,hungary,3,reliability_gated_sfda,thalach,0.06791745470385348,7
va_long_beach,hungary,3,reliability_gated_sfda,exang,0.18216836379625562,4
va_long_beach,hungary,3,reliability_gated_sfda,oldpeak,0.22531094012123082,3
va_long_beach,hungary,3,source_only,age,0.27131306280090545,1
va_long_beach,hungary,3,source_only,sex,0.024959250165388688,8
va_long_beach,hungary,3,source_only,cp,0.23571036235416676,2
va_long_beach,hungary,3,source_only,trestbps,0.06761807249581792,7
va_long_beach,hungary,3,source_only,restecg,0.08187412749605621,5
va_long_beach,hungary,3,source_only,thalach,0.06908201322602547,6
va_long_beach,hungary,3,source_only,exang,0.17581591710803052,4
va_long_beach,hungary,3,source_only,oldpeak,0.21758531811678794,3
va_long_beach,hungary,4,conservative_candidate,age,0.11850539480829385,3
va_long_beach,hungary,4,conservative_candidate,sex,0.027199079068658705,8
va_long_beach,hungary,4,conservative_candidate,cp,0.20628602798703413,2
va_long_beach,hungary,4,conservative_candidate,trestbps,0.10306072023025627,4
va_long_beach,hungary,4,conservative_candidate,restecg,0.02778138499066775,7
va_long_beach,hungary,4,conservative_candidate,thalach,0.038139078341132206,6
va_long_beach,hungary,4,conservative_candidate,exang,0.09245510792540268,5
va_long_beach,hungary,4,conservative_candidate,oldpeak,0.22504131007800196,1
va_long_beach,hungary,4,entropy_sfda,age,0.11234770347380081,5
va_long_beach,hungary,4,entropy_sfda,sex,0.06954065863086424,6
va_long_beach,hungary,4,entropy_sfda,cp,0.3077214921983017,1
va_long_beach,hungary,4,entropy_sfda,trestbps,0.15038955107261584,3
va_long_beach,hungary,4,entropy_sfda,restecg,0.03923515944569191,8
va_long_beach,hungary,4,entropy_sfda,thalach,0.06394836272696681,7
va_long_beach,hungary,4,entropy_sfda,exang,0.14166222731614495,4
va_long_beach,hungary,4,entropy_sfda,oldpeak,0.30475385895087603,2
va_long_beach,hungary,4,pseudo_label_sfda,age,0.12026545895520137,3
va_long_beach,hungary,4,pseudo_label_sfda,sex,0.030137614050557707,7
va_long_beach,hungary,4,pseudo_label_sfda,cp,0.21570576335139452,2
va_long_beach,hungary,4,pseudo_label_sfda,trestbps,0.10755752528491773,4
va_long_beach,hungary,4,pseudo_label_sfda,restecg,0.028916080504224725,8
va_long_beach,hungary,4,pseudo_label_sfda,thalach,0.04102219236744595,6
va_long_beach,hungary,4,pseudo_label_sfda,exang,0.09779193763404155,5
va_long_beach,hungary,4,pseudo_label_sfda,oldpeak,0.23426324386247846,1
va_long_beach,hungary,4,reliability_gated_sfda,age,0.11954001773441393,3
va_long_beach,hungary,4,reliability_gated_sfda,sex,0.029328963425696214,7
va_long_beach,hungary,4,reliability_gated_sfda,cp,0.21714374592459096,2
va_long_beach,hungary,4,reliability_gated_sfda,trestbps,0.10838315791377577,4
va_long_beach,hungary,4,reliability_gated_sfda,restecg,0.028847366024677724,8
va_long_beach,hungary,4,reliability_gated_sfda,thalach,0.041521893252422955,6
va_long_beach,hungary,4,reliability_gated_sfda,exang,0.09807120262705368,5
va_long_beach,hungary,4,reliability_gated_sfda,oldpeak,0.23534345849208077,1
va_long_beach,hungary,4,source_only,age,0.12010218896649671,3
va_long_beach,hungary,4,source_only,sex,0.027808858798899907,8
va_long_beach,hungary,4,source_only,cp,0.2092330622673235,2
va_long_beach,hungary,4,source_only,trestbps,0.10351918801446726,4
va_long_beach,hungary,4,source_only,restecg,0.028220120938193823,7
va_long_beach,hungary,4,source_only,thalach,0.03818440326979715,6
va_long_beach,hungary,4,source_only,exang,0.09301127141918095,5
va_long_beach,hungary,4,source_only,oldpeak,0.22619673682512956,1
va_long_beach,hungary,5,conservative_candidate,age,0.10671174149013113,4
va_long_beach,hungary,5,conservative_candidate,sex,0.021791430165952336,8
va_long_beach,hungary,5,conservative_candidate,cp,0.18270259461226815,1
va_long_beach,hungary,5,conservative_candidate,trestbps,0.07827100778777832,5
va_long_beach,hungary,5,conservative_candidate,restecg,0.04049428373335465,7
va_long_beach,hungary,5,conservative_candidate,thalach,0.043618141617475445,6
va_long_beach,hungary,5,conservative_candidate,exang,0.12318478190367023,3
va_long_beach,hungary,5,conservative_candidate,oldpeak,0.15374840327164752,2
va_long_beach,hungary,5,entropy_sfda,age,0.11300518369336994,4
va_long_beach,hungary,5,entropy_sfda,sex,0.029598993185684225,8
va_long_beach,hungary,5,entropy_sfda,cp,0.2552282130037928,1
va_long_beach,hungary,5,entropy_sfda,trestbps,0.09889103227127086,5
va_long_beach,hungary,5,entropy_sfda,restecg,0.053938090218438484,6
va_long_beach,hungary,5,entropy_sfda,thalach,0.03107357984305779,7
va_long_beach,hungary,5,entropy_sfda,exang,0.13951558508608505,3
va_long_beach,hungary,5,entropy_sfda,oldpeak,0.17423317544669112,2
va_long_beach,hungary,5,pseudo_label_sfda,age,0.10852845307902054,4
va_long_beach,hungary,5,pseudo_label_sfda,sex,0.022251976309983615,8
va_long_beach,hungary,5,pseudo_label_sfda,cp,0.18822884569710574,1
va_long_beach,hungary,5,pseudo_label_sfda,trestbps,0.07964380242272598,5
va_long_beach,hungary,5,pseudo_label_sfda,restecg,0.041675418904664085,7
va_long_beach,hungary,5,pseudo_label_sfda,thalach,0.0432478566749059,6
va_long_beach,hungary,5,pseudo_label_sfda,exang,0.12471774157438008,3
va_long_beach,hungary,5,pseudo_label_sfda,oldpeak,0.15578741658491643,2
va_long_beach,hungary,5,reliability_gated_sfda,age,0.10789530150288217,4
va_long_beach,hungary,5,reliability_gated_sfda,sex,0.022299080344024273,8
va_long_beach,hungary,5,reliability_gated_sfda,cp,0.184739613382202,1
va_long_beach,hungary,5,reliability_gated_sfda,trestbps,0.08045333170816678,5
va_long_beach,hungary,5,reliability_gated_sfda,restecg,0.04064946551307617,7
va_long_beach,hungary,5,reliability_gated_sfda,thalach,0.04453658360907119,6
va_long_beach,hungary,5,reliability_gated_sfda,exang,0.12476808206038861,3
va_long_beach,hungary,5,reliability_gated_sfda,oldpeak,0.15618340557339747,2
va_long_beach,hungary,5,source_only,age,0.10852845307902054,4
va_long_beach,hungary,5,source_only,sex,0.022251976309983615,8
va_long_beach,hungary,5,source_only,cp,0.18822884569710574,1
va_long_beach,hungary,5,source_only,trestbps,0.07964380242272598,5
va_long_beach,hungary,5,source_only,restecg,0.041675418904664085,7
va_long_beach,hungary,5,source_only,thalach,0.0432478566749059,6
va_long_beach,hungary,5,source_only,exang,0.12471774157438008,3
va_long_beach,hungary,5,source_only,oldpeak,0.15578741658491643,2
va_long_beach,hungary,6,conservative_candidate,age,0.1367388251277168,4
va_long_beach,hungary,6,conservative_candidate,sex,0.040232149722251746,7
va_long_beach,hungary,6,conservative_candidate,cp,0.2627669986252757,1
va_long_beach,hungary,6,conservative_candidate,trestbps,0.10788209627019743,5
va_long_beach,hungary,6,conservative_candidate,restecg,0.04788936654241992,6
va_long_beach,hungary,6,conservative_candidate,thalach,0.031041803430420532,8
va_long_beach,hungary,6,conservative_candidate,exang,0.16047574860379601,3
va_long_beach,hungary,6,conservative_candidate,oldpeak,0.16085319042674634,2
va_long_beach,hungary,6,entropy_sfda,age,0.16124663858866115,5
va_long_beach,hungary,6,entropy_sfda,sex,0.06964785513249507,8
va_long_beach,hungary,6,entropy_sfda,cp,0.3401521477092928,1
va_long_beach,hungary,6,entropy_sfda,trestbps,0.1845125430501161,4
va_long_beach,hungary,6,entropy_sfda,restecg,0.07610627700777428,7
va_long_beach,hungary,6,entropy_sfda,thalach,0.11196429434875466,6
va_long_beach,hungary,6,entropy_sfda,exang,0.18705250154293718,2
va_long_beach,hungary,6,entropy_sfda,oldpeak,0.18681065501252406,3
va_long_beach,hungary,6,pseudo_label_sfda,age,0.13730400791280853,4
va_long_beach,hungary,6,pseudo_label_sfda,sex,0.040963140159206206,7
va_long_beach,hungary,6,pseudo_label_sfda,cp,0.265809341327,1
va_long_beach,hungary,6,pseudo_label_sfda,trestbps,0.10844927823581241,5
va_long_beach,hungary,6,pseudo_label_sfda,restecg,0.04893708993604744,6
va_long_beach,hungary,6,pseudo_label_sfda,thalach,0.03201297098435346,8
va_long_beach,hungary,6,pseudo_label_sfda,exang,0.16173396346343008,2
va_long_beach,hungary,6,pseudo_label_sfda,oldpeak,0.16154187028201258,3
va_long_beach,hungary,6,reliability_gated_sfda,age,0.1391829824467905,4
va_long_beach,hungary,6,reliability_gated_sfda,sex,0.04330987916088446,7
va_long_beach,hungary,6,reliability_gated_sfda,cp,0.2747761534117766,1
va_long_beach,hungary,6,reliability_gated_sfda,trestbps,0.11535550520571615,5
va_long_beach,hungary,6,reliability_gated_sfda,restecg,0.04980334873805388,6
va_long_beach,hungary,6,reliability_gated_sfda,thalach,0.0316329158012609,8
va_long_beach,hungary,6,reliability_gated_sfda,exang,0.16687862378019255,3
va_long_beach,hungary,6,reliability_gated_sfda,oldpeak,0.1683905442169278,2
va_long_beach,hungary,6,source_only,age,0.13730400791280853,4
va_long_beach,hungary,6,source_only,sex,0.040963140159206206,7
va_long_beach,hungary,6,source_only,cp,0.265809341327,1
va_long_beach,hungary,6,source_only,trestbps,0.10844927823581241,5
va_long_beach,hungary,6,source_only,restecg,0.04893708993604744,6
va_long_beach,hungary,6,source_only,thalach,0.03201297098435346,8
va_long_beach,hungary,6,source_only,exang,0.16173396346343008,2
va_long_beach,hungary,6,source_only,oldpeak,0.16154187028201258,3
va_long_beach,hungary,7,conservative_candidate,age,0.12533200777184886,4
va_long_beach,hungary,7,conservative_candidate,sex,0.05673117229622328,5
va_long_beach,hungary,7,conservative_candidate,cp,0.1807670457195248,2
va_long_beach,hungary,7,conservative_candidate,trestbps,0.04828828553388803,7
va_long_beach,hungary,7,conservative_candidate,restecg,0.027292919993898657,8
va_long_beach,hungary,7,conservative_candidate,thalach,0.05495403033362849,6
va_long_beach,hungary,7,conservative_candidate,exang,0.1410299728143022,3
va_long_beach,hungary,7,conservative_candidate,oldpeak,0.19512845341394952,1
va_long_beach,hungary,7,entropy_sfda,age,0.11099280071243652,4
va_long_beach,hungary,7,entropy_sfda,sex,0.07608659882358781,5
va_long_beach,hungary,7,entropy_sfda,cp,0.2527727962390965,1
va_long_beach,hungary,7,entropy_sfda,trestbps,0.0748806296824794,6
va_long_beach,hungary,7,entropy_sfda,restecg,0.03354475097168473,8
va_long_beach,hungary,7,entropy_sfda,thalach,0.046861094392742594,7
va_long_beach,hungary,7,entropy_sfda,exang,0.17351241449058863,3
va_long_beach,hungary,7,entropy_sfda,oldpeak,0.21931559485731786,2
va_long_beach,hungary,7,pseudo_label_sfda,age,0.12717264194000305,4
va_long_beach,hungary,7,pseudo_label_sfda,sex,0.05816289970679378,5
va_long_beach,hungary,7,pseudo_label_sfda,cp,0.18469905276484175,2
va_long_beach,hungary,7,pseudo_label_sfda,trestbps,0.04937996612038129,7
va_long_beach,hungary,7,pseudo_label_sfda,restecg,0.02802788877752201,8
va_long_beach,hungary,7,pseudo_label_sfda,thalach,0.055132002803951544,6
va_long_beach,hungary,7,pseudo_label_sfda,exang,0.14363379450514907,3
va_long_beach,hungary,7,pseudo_label_sfda,oldpeak,0.19646164389061077,1
va_long_beach,hungary,7,reliability_gated_sfda,age,0.12766507417173437,4
va_long_beach,hungary,7,reliability_gated_sfda,sex,0.05976403645357765,5
va_long_beach,hungary,7,reliability_gated_sfda,cp,0.19059154605003925,2
va_long_beach,hungary,7,reliability_gated_sfda,trestbps,0.05213435519406279,7
va_long_beach,hungary,7,reliability_gated_sfda,restecg,0.028327363107793324,8
va_long_beach,hungary,7,reliability_gated_sfda,thalach,0.05907343424219937,6
va_long_beach,hungary,7,reliability_gated_sfda,exang,0.14714959949939221,3
va_long_beach,hungary,7,reliability_gated_sfda,oldpeak,0.20207888571241375,1
va_long_beach,hungary,7,source_only,age,0.12717264194000305,4
va_long_beach,hungary,7,source_only,sex,0.05816289970679378,5
va_long_beach,hungary,7,source_only,cp,0.18469905276484175,2
va_long_beach,hungary,7,source_only,trestbps,0.04937996612038129,7
va_long_beach,hungary,7,source_only,restecg,0.02802788877752201,8
va_long_beach,hungary,7,source_only,thalach,0.055132002803951544,6
va_long_beach,hungary,7,source_only,exang,0.14363379450514907,3
va_long_beach,hungary,7,source_only,oldpeak,0.19646164389061077,1
va_long_beach,hungary,8,conservative_candidate,age,0.1638313779040385,3
va_long_beach,hungary,8,conservative_candidate,sex,0.12107950114474,5
va_long_beach,hungary,8,conservative_candidate,cp,0.32756264340364116,1
va_long_beach,hungary,8,conservative_candidate,trestbps,0.09744758240016946,6
va_long_beach,hungary,8,conservative_candidate,restecg,0.059088436127184396,7
va_long_beach,hungary,8,conservative_candidate,thalach,0.03702757502375419,8
va_long_beach,hungary,8,conservative_candidate,exang,0.201716608063755,2
va_long_beach,hungary,8,conservative_candidate,oldpeak,0.15322063829699137,4
va_long_beach,hungary,8,entropy_sfda,age,0.16754107184622585,4
va_long_beach,hungary,8,entropy_sfda,sex,0.1783724217770659,3
va_long_beach,hungary,8,entropy_sfda,cp,0.4471553622735672,1
va_long_beach,hungary,8,entropy_sfda,trestbps,0.13545427022843942,6
va_long_beach,hungary,8,entropy_sfda,restecg,0.09093888941101698,7
va_long_beach,hungary,8,entropy_sfda,thalach,0.06777900544743184,8
va_long_beach,hungary,8,entropy_sfda,exang,0.257759431890231,2
va_long_beach,hungary,8,entropy_sfda,oldpeak,0.16523166852337973,5
va_long_beach,hungary,8,pseudo_label_sfda,age,0.16541613985191975,3
va_long_beach,hungary,8,pseudo_label_sfda,sex,0.12635235121587704,5
va_long_beach,hungary,8,pseudo_label_sfda,cp,0.3414492242459423,1
va_long_beach,hungary,8,pseudo_label_sfda,trestbps,0.10154872546431787,6
va_long_beach,hungary,8,pseudo_label_sfda,restecg,0.062254707996890736,7
va_long_beach,hungary,8,pseudo_label_sfda,thalach,0.03989459827297195,8
va_long_beach,hungary,8,pseudo_label_sfda,exang,0.20968520747130218,2
va_long_beach,hungary,8,pseudo_label_sfda,oldpeak,0.15758700241797224,4
va_long_beach,hungary,8,reliability_gated_sfda,age,0.1688335667361131,3
va_long_beach,hungary,8,reliability_gated_sfda,sex,0.12731357671472487,5
va_long_beach,hungary,8,reliability_gated_sfda,cp,0.34088012526322603,1
va_long_beach,hungary,8,reliability_gated_sfda,trestbps,0.1022140528685191,6
va_long_beach,hungary,8,reliability_gated_sfda,restecg,0.060963082807371685,7
va_long_beach,hungary,8,reliability_gated_sfda,thalach,0.03749334714676369,8
va_long_beach,hungary,8,reliability_gated_sfda,exang,0.20949557020018497,2
va_long_beach,hungary,8,reliability_gated_sfda,oldpeak,0.15902369794733567,4
va_long_beach,hungary,8,source_only,age,0.16526467615238,3
va_long_beach,hungary,8,source_only,sex,0.12254663332536507,5
va_long_beach,hungary,8,source_only,cp,0.3312288060809385,1
va_long_beach,hungary,8,source_only,trestbps,0.09700154926672218,6
va_long_beach,hungary,8,source_only,restecg,0.06088765581096306,7
va_long_beach,hungary,8,source_only,thalach,0.03908552745492573,8
va_long_beach,hungary,8,source_only,exang,0.2035291916659089,2
va_long_beach,hungary,8,source_only,oldpeak,0.15283459717040357,4
va_long_beach,hungary,9,conservative_candidate,age,0.08401738682549544,4
va_long_beach,hungary,9,conservative_candidate,sex,0.052463794256341484,6
va_long_beach,hungary,9,conservative_candidate,cp,0.23066050224111773,1
va_long_beach,hungary,9,conservative_candidate,trestbps,0.07094818362443495,5
va_long_beach,hungary,9,conservative_candidate,restecg,0.015647423785065253,8
va_long_beach,hungary,9,conservative_candidate,thalach,0.050672292801017704,7
va_long_beach,hungary,9,conservative_candidate,exang,0.10139596359851784,3
va_long_beach,hungary,9,conservative_candidate,oldpeak,0.16597455127962998,2
va_long_beach,hungary,9,entropy_sfda,age,0.09425834090873392,5
va_long_beach,hungary,9,entropy_sfda,sex,0.09391631071256204,6
va_long_beach,hungary,9,entropy_sfda,cp,0.3178528175971112,1
va_long_beach,hungary,9,entropy_sfda,trestbps,0.12238435494494905,4
va_long_beach,hungary,9,entropy_sfda,restecg,0.03448096577645612,8
va_long_beach,hungary,9,entropy_sfda,thalach,0.04201685900912381,7
va_long_beach,hungary,9,entropy_sfda,exang,0.13204101901295506,3
va_long_beach,hungary,9,entropy_sfda,oldpeak,0.24386054201393711,2
va_long_beach,hungary,9,pseudo_label_sfda,age,0.0867072894104493,4
va_long_beach,hungary,9,pseudo_label_sfda,sex,0.05806075360568166,6
va_long_beach,hungary,9,pseudo_label_sfda,cp,0.24351093625260442,1
va_long_beach,hungary,9,pseudo_label_sfda,trestbps,0.07773325215553115,5
va_long_beach,hungary,9,pseudo_label_sfda,restecg,0.016975269596357367,8
va_long_beach,hungary,9,pseudo_label_sfda,thalach,0.05298066536240992,7
va_long_beach,hungary,9,pseudo_label_sfda,exang,0.10758021440623057,3
va_long_beach,hungary,9,pseudo_label_sfda,oldpeak,0.1787576168256045,2
va_long_beach,hungary,9,reliability_gated_sfda,age,0.08581448123999391,4
va_long_beach,hungary,9,reliability_gated_sfda,sex,0.055834313847893106,6
va_long_beach,hungary,9,reliability_gated_sfda,cp,0.23876497703635274,1
va_long_beach,hungary,9,reliability_gated_sfda,trestbps,0.07548939570155763,5
va_long_beach,hungary,9,reliability_gated_sfda,restecg,0.0161099802123087,8
va_long_beach,hungary,9,reliability_gated_sfda,thalach,0.05261942862293862,7
va_long_beach,hungary,9,reliability_gated_sfda,exang,0.10568865853025998,3
va_long_beach,hungary,9,reliability_gated_sfda,oldpeak,0.17415776739505176,2
va_long_beach,hungary,9,source_only,age,0.08536879331836485,4
va_long_beach,hungary,9,source_only,sex,0.054086838507537524,6
va_long_beach,hungary,9,source_only,cp,0.23528277820514787,1
va_long_beach,hungary,9,source_only,trestbps,0.07202467038359514,5
va_long_beach,hungary,9,source_only,restecg,0.01617895812478614,8
va_long_beach,hungary,9,source_only,thalach,0.051310266223759816,7
va_long_beach,hungary,9,source_only,exang,0.1031639246257389,3
va_long_beach,hungary,9,source_only,oldpeak,0.16722399200673915,2
va_long_beach,switzerland,0,conservative_candidate,age,0.27085854055556824,1
va_long_beach,switzerland,0,conservative_candidate,sex,0.029648157356593655,8
va_long_beach,switzerland,0,conservative_candidate,cp,0.21746721236300853,4
va_long_beach,switzerland,0,conservative_candidate,trestbps,0.24085088446736336,3
va_long_beach,switzerland,0,conservative_candidate,restecg,0.0645752729169174,7
va_long_beach,switzerland,0,conservative_candidate,thalach,0.06936881592784952,6
va_long_beach,switzerland,0,conservative_candidate,exang,0.1581797425188427,5
va_long_beach,switzerland,0,conservative_candidate,oldpeak,0.24673338617554041,2
va_long_beach,switzerland,0,entropy_sfda,age,0.27419951627773,1
va_long_beach,switzerland,0,entropy_sfda,sex,0.03518103405821883,8
va_long_beach,switzerland,0,entropy_sfda,cp,0.24512478330758142,3
va_long_beach,switzerland,0,entropy_sfda,trestbps,0.2440479730286189,4
va_long_beach,switzerland,0,entropy_sfda,restecg,0.05922590746890112,7
va_long_beach,switzerland,0,entropy_sfda,thalach,0.07803415871562236,6
va_long_beach,switzerland,0,entropy_sfda,exang,0.15758066195843182,5
va_long_beach,switzerland,0,entropy_sfda,oldpeak,0.2473343614852283,2
va_long_beach,switzerland,0,pseudo_label_sfda,age,0.2723457691358115,1
va_long_beach,switzerland,0,pseudo_label_sfda,sex,0.030115937427485067,8
va_long_beach,switzerland,0,pseudo_label_sfda,cp,0.22083040945585894,4
va_long_beach,switzerland,0,pseudo_label_sfda,trestbps,0.2415298979759701,3
va_long_beach,switzerland,0,pseudo_label_sfda,restecg,0.06582933040310926,7
va_long_beach,switzerland,0,pseudo_label_sfda,thalach,0.07046449994781936,6
va_long_beach,switzerland,0,pseudo_label_sfda,exang,0.15999460124933138,5
va_long_beach,switzerland,0,pseudo_label_sfda,oldpeak,0.24825898598788715,2
va_long_beach,switzerland,0,reliability_gated_sfda,age,0.27723025844046256,1
va_long_beach,switzerland,0,reliability_gated_sfda,sex,0.03021788184495064,8
va_long_beach,switzerland,0,reliability_gated_sfda,cp,0.22181037830808983,4
va_long_beach,switzerland,0,reliability_gated_sfda,trestbps,0.248990945317366,3
va_long_beach,switzerland,0,reliability_gated_sfda,restecg,0.06482314274579375,7
va_long_beach,switzerland,0,reliability_gated_sfda,thalach,0.07368702895757626,6
va_long_beach,switzerland,0,reliability_gated_sfda,exang,0.16159496803169812,5
va_long_beach,switzerland,0,reliability_gated_sfda,oldpeak,0.2517525449364893,2
va_long_beach,switzerland,0,source_only,age,0.2723457691358115,1
va_long_beach,switzerland,0,source_only,sex,0.030115937427485067,8
va_long_beach,switzerland,0,source_only,cp,0.22083040945585894,4
va_long_beach,switzerland,0,source_only,trestbps,0.2415298979759701,3
va_long_beach,switzerland,0,source_only,restecg,0.06582933040310926,7
va_long_beach,switzerland,0,source_only,thalach,0.07046449994781936,6
va_long_beach,switzerland,0,source_only,exang,0.15999460124933138,5
va_long_beach,switzerland,0,source_only,oldpeak,0.24825898598788715,2
va_long_beach,switzerland,1,conservative_candidate,age,0.2759348908590713,1
va_long_beach,switzerland,1,conservative_candidate,sex,0.03559326330455734,7
va_long_beach,switzerland,1,conservative_candidate,cp,0.2227490734713809,4
va_long_beach,switzerland,1,conservative_candidate,trestbps,0.10343278322096275,5
va_long_beach,switzerland,1,conservative_candidate,restecg,0.0686139129386761,6
va_long_beach,switzerland,1,conservative_candidate,thalach,0.025728843561979343,8
va_long_beach,switzerland,1,conservative_candidate,exang,0.25871868961589123,2
va_long_beach,switzerland,1,conservative_candidate,oldpeak,0.23975714149210997,3
va_long_beach,switzerland,1,entropy_sfda,age,0.26749373217514616,2
va_long_beach,switzerland,1,entropy_sfda,sex,0.04001931328413061,7
va_long_beach,switzerland,1,entropy_sfda,cp,0.26115260236838367,3
va_long_beach,switzerland,1,entropy_sfda,trestbps,0.11381373961164605,5
va_long_beach,switzerland,1,entropy_sfda,restecg,0.08392612172959832,6
va_long_beach,switzerland,1,entropy_sfda,thalach,0.03276577945211822,8
va_long_beach,switzerland,1,entropy_sfda,exang,0.2775724822034438,1
va_long_beach,switzerland,1,entropy_sfda,oldpeak,0.2565195681981561,4
va_long_beach,switzerland,1,pseudo_label_sfda,age,0.2759348908590713,1
va_long_beach,switzerland,1,pseudo_label_sfda,sex,0.03559326330455734,7
va_long_beach,switzerland,1,pseudo_label_sfda,cp,0.2227490734713809,4
va_long_beach,switzerland,1,pseudo_label_sfda,trestbps,0.10343278322096275,5
va_long_beach,switzerland,1,pseudo_label_sfda,restecg,0.0686139129386761,6
va_long_beach,switzerland,1,pseudo_label_sfda,thalach,0.025728843561979343,8
va_long_beach,switzerland,1,pseudo_label_sfda,exang,0.25871868961589123,2
va_long_beach,switzerland,1,pseudo_label_sfda,oldpeak,0.23975714149210997,3
va_long_beach,switzerland,1,reliability_gated_sfda,age,0.2759348908590713,1
va_long_beach,switzerland,1,reliability_gated_sfda,sex,0.03559326330455734,7
va_long_beach,switzerland,1,reliability_gated_sfda,cp,0.2227490734713809,4
va_long_beach,switzerland,1,reliability_gated_sfda,trestbps,0.10343278322096275,5
va_long_beach,switzerland,1,reliability_gated_sfda,restecg,0.0686139129386761,6
va_long_beach,switzerland,1,reliability_gated_sfda,thalach,0.025728843561979343,8
va_long_beach,switzerland,1,reliability_gated_sfda,exang,0.25871868961589123,2
va_long_beach,switzerland,1,reliability_gated_sfda,oldpeak,0.23975714149210997,3
va_long_beach,switzerland,1,source_only,age,0.2759348908590713,1
va_long_beach,switzerland,1,source_only,sex,0.03559326330455734,7
va_long_beach,switzerland,1,source_only,cp,0.2227490734713809,4
va_long_beach,switzerland,1,source_only,trestbps,0.10343278322096275,5
va_long_beach,switzerland,1,source_only,restecg,0.0686139129386761,6
va_long_beach,switzerland,1,source_only,thalach,0.025728843561979343,8
va_long_beach,switzerland,1,source_only,exang,0.25871868961589123,2
va_long_beach,switzerland,1,source_only,oldpeak,0.23975714149210997,3
va_long_beach,switzerland,2,conservative_candidate,age,0.2564046140381597,2
va_long_beach,switzerland,2,conservative_candidate,sex,0.033210732604147294,8
va_long_beach,switzerland,2,conservative_candidate,cp,0.160450575879307,4
va_long_beach,switzerland,2,conservative_candidate,trestbps,0.1365359990925687,5
va_long_beach,switzerland,2,conservative_candidate,restecg,0.04080942858907776,7
va_long_beach,switzerland,2,conservative_candidate,thalach,0.05017409263542145,6
va_long_beach,switzerland,2,conservative_candidate,exang,0.21274566753366128,3
va_long_beach,switzerland,2,conservative_candidate,oldpeak,0.3187529170105794,1
va_long_beach,switzerland,2,entropy_sfda,age,0.26246078258637734,2
va_long_beach,switzerland,2,entropy_sfda,sex,0.03404242539208339,8
va_long_beach,switzerland,2,entropy_sfda,cp,0.18168282761454083,4
va_long_beach,switzerland,2,entropy_sfda,trestbps,0.12833308749756495,5
va_long_beach,switzerland,2,entropy_sfda,restecg,0.04579238533063661,7
va_long_beach,switzerland,2,entropy_sfda,thalach,0.05738480445906152,6
va_long_beach,switzerland,2,entropy_sfda,exang,0.22480849367452832,3
va_long_beach,switzerland,2,entropy_sfda,oldpeak,0.3231816367318142,1
va_long_beach,switzerland,2,pseudo_label_sfda,age,0.2577771712776001,2
va_long_beach,switzerland,2,pseudo_label_sfda,sex,0.0338136096465083,8
va_long_beach,switzerland,2,pseudo_label_sfda,cp,0.1623516977025003,4
va_long_beach,switzerland,2,pseudo_label_sfda,trestbps,0.13694593159489452,5
va_long_beach,switzerland,2,pseudo_label_sfda,restecg,0.04126191727787004,7
va_long_beach,switzerland,2,pseudo_label_sfda,thalach,0.05048450160340015,6
va_long_beach,switzerland,2,pseudo_label_sfda,exang,0.21428985212270807,3
va_long_beach,switzerland,2,pseudo_label_sfda,oldpeak,0.32066282030096566,1
va_long_beach,switzerland,2,reliability_gated_sfda,age,0.2619182321023408,2
va_long_beach,switzerland,2,reliability_gated_sfda,sex,0.03351706943507212,8
va_long_beach,switzerland,2,reliability_gated_sfda,cp,0.16349656616656777,4
va_long_beach,switzerland,2,reliability_gated_sfda,trestbps,0.14099433505339776,5
va_long_beach,switzerland,2,reliability_gated_sfda,restecg,0.04111816362738467,7
va_long_beach,switzerland,2,reliability_gated_sfda,thalach,0.050712193426774486,6
va_long_beach,switzerland,2,reliability_gated_sfda,exang,0.2173343440744935,3
va_long_beach,switzerland,2,reliability_gated_sfda,oldpeak,0.3260890144771495,1
va_long_beach,switzerland,2,source_only,age,0.2577771712776001,2
va_long_beach,switzerland,2,source_only,sex,0.0338136096465083,8
va_long_beach,switzerland,2,source_only,cp,0.1623516977025003,4
va_long_beach,switzerland,2,source_only,trestbps,0.13694593159489452,5
va_long_beach,switzerland,2,source_only,restecg,0.04126191727787004,7
va_long_beach,switzerland,2,source_only,thalach,0.05048450160340015,6
va_long_beach,switzerland,2,source_only,exang,0.21428985212270807,3
va_long_beach,switzerland,2,source_only,oldpeak,0.32066282030096566,1
va_long_beach,switzerland,3,conservative_candidate,age,0.369981868540853,1
va_long_beach,switzerland,3,conservative_candidate,sex,0.012845485428538845,8
va_long_beach,switzerland,3,conservative_candidate,cp,0.12431681419589148,5
va_long_beach,switzerland,3,conservative_candidate,trestbps,0.17494689929866936,4
va_long_beach,switzerland,3,conservative_candidate,restecg,0.08834730691367113,6
va_long_beach,switzerland,3,conservative_candidate,thalach,0.0775672879843306,7
va_long_beach,switzerland,3,conservative_candidate,exang,0.23223973262479636,3
va_long_beach,switzerland,3,conservative_candidate,oldpeak,0.2508028732627873,2
va_long_beach,switzerland,3,entropy_sfda,age,0.35509796919134573,1
va_long_beach,switzerland,3,entropy_sfda,sex,0.011581777837160526,8
va_long_beach,switzerland,3,entropy_sfda,cp,0.14636875323295992,5
va_long_beach,switzerland,3,entropy_sfda,trestbps,0.17888758975134147,4
va_long_beach,switzerland,3,entropy_sfda,restecg,0.08160521992670053,6
va_long_beach,switzerland,3,entropy_sfda,thalach,0.07797801274142785,7
va_long_beach,switzerland,3,entropy_sfda,exang,0.23907082745941674,3
va_long_beach,switzerland,3,entropy_sfda,oldpeak,0.2505568433704415,2
va_long_beach,switzerland,3,pseudo_label_sfda,age,0.3744530761690159,1
va_long_beach,switzerland,3,pseudo_label_sfda,sex,0.013094682932456973,8
va_long_beach,switzerland,3,pseudo_label_sfda,cp,0.1251271338732982,5
va_long_beach,switzerland,3,pseudo_label_sfda,trestbps,0.17591186196020828,4
va_long_beach,switzerland,3,pseudo_label_sfda,restecg,0.08977619096389741,6
va_long_beach,switzerland,3,pseudo_label_sfda,thalach,0.07846924511344752,7
va_long_beach,switzerland,3,pseudo_label_sfda,exang,0.2338573193647028,3
va_long_beach,switzerland,3,pseudo_label_sfda,oldpeak,0.2523627257868042,2
va_long_beach,switzerland,3,reliability_gated_sfda,age,0.3765242087192894,1
va_long_beach,switzerland,3,reliability_gated_sfda,sex,0.01303372384537888,8
va_long_beach,switzerland,3,reliability_gated_sfda,cp,0.1265820204714212,5
va_long_beach,switzerland,3,reliability_gated_sfda,trestbps,0.18143663241346253,4
va_long_beach,switzerland,3,reliability_gated_sfda,restecg,0.08925492956292526,6
va_long_beach,switzerland,3,reliability_gated_sfda,thalach,0.07790734971839386,7
va_long_beach,switzerland,3,reliability_gated_sfda,exang,0.2366564666352621,3
va_long_beach,switzerland,3,reliability_gated_sfda,oldpeak,0.2562576302183353,2
va_long_beach,switzerland,3,source_only,age,0.3744530761690159,1
va_long_beach,switzerland,3,source_only,sex,0.013094682932456973,8
va_long_beach,switzerland,3,source_only,cp,0.1251271338732982,5
va_long_beach,switzerland,3,source_only,trestbps,0.17591186196020828,4
va_long_beach,switzerland,3,source_only,restecg,0.08977619096389741,6
va_long_beach,switzerland,3,source_only,thalach,0.07846924511344752,7
va_long_beach,switzerland,3,source_only,exang,0.2338573193647028,3
va_long_beach,switzerland,3,source_only,oldpeak,0.2523627257868042,2
va_long_beach,switzerland,4,conservative_candidate,age,0.22642136937597904,2
va_long_beach,switzerland,4,conservative_candidate,sex,0.027716954116145394,8
va_long_beach,switzerland,4,conservative_candidate,cp,0.15353335358378264,4
va_long_beach,switzerland,4,conservative_candidate,trestbps,0.19966316890781668,3
va_long_beach,switzerland,4,conservative_candidate,restecg,0.05908554505332012,7
va_long_beach,switzerland,4,conservative_candidate,thalach,0.09347670294232739,6
va_long_beach,switzerland,4,conservative_candidate,exang,0.1372567386313425,5
va_long_beach,switzerland,4,conservative_candidate,oldpeak,0.3286564819651043,1
va_long_beach,switzerland,4,entropy_sfda,age,0.22755216257419528,2
va_long_beach,switzerland,4,entropy_sfda,sex,0.03484777582201694,8
va_long_beach,switzerland,4,entropy_sfda,cp,0.17811242269930133,4
va_long_beach,switzerland,4,entropy_sfda,trestbps,0.2161888815803317,3
va_long_beach,switzerland,4,entropy_sfda,restecg,0.0641757931481721,7
va_long_beach,switzerland,4,entropy_sfda,thalach,0.12351921654535394,6
va_long_beach,switzerland,4,entropy_sfda,exang,0.16046186919679972,5
va_long_beach,switzerland,4,entropy_sfda,oldpeak,0.35680491523438596,1
va_long_beach,switzerland,4,pseudo_label_sfda,age,0.2273639257224958,2
va_long_beach,switzerland,4,pseudo_label_sfda,sex,0.02810870483328349,8
va_long_beach,switzerland,4,pseudo_label_sfda,cp,0.1546524605339694,4
va_long_beach,switzerland,4,pseudo_label_sfda,trestbps,0.2000115423073341,3
va_long_beach,switzerland,4,pseudo_label_sfda,restecg,0.059579404193450584,7
va_long_beach,switzerland,4,pseudo_label_sfda,thalach,0.0933824288824429,6
va_long_beach,switzerland,4,pseudo_label_sfda,exang,0.13773128922226105,5
va_long_beach,switzerland,4,pseudo_label_sfda,oldpeak,0.3296564313757226,1
va_long_beach,switzerland,4,reliability_gated_sfda,age,0.22808744134457132,2
va_long_beach,switzerland,4,reliability_gated_sfda,sex,0.02803004029911097,8
va_long_beach,switzerland,4,reliability_gated_sfda,cp,0.15497361393990866,4
va_long_beach,switzerland,4,reliability_gated_sfda,trestbps,0.2030865537831787,3
va_long_beach,switzerland,4,reliability_gated_sfda,restecg,0.059564109862932306,7
va_long_beach,switzerland,4,reliability_gated_sfda,thalach,0.09509069019312422,6
va_long_beach,switzerland,4,reliability_gated_sfda,exang,0.13882162302308448,5
va_long_beach,switzerland,4,reliability_gated_sfda,oldpeak,0.3318180647958827,1
va_long_beach,switzerland,4,source_only,age,0.2273639257224958,2
va_long_beach,switzerland,4,source_only,sex,0.02810870483328349,8
va_long_beach,switzerland,4,source_only,cp,0.1546524605339694,4
va_long_beach,switzerland,4,source_only,trestbps,0.2000115423073341,3
va_long_beach,switzerland,4,source_only,restecg,0.059579404193450584,7
va_long_beach,switzerland,4,source_only,thalach,0.0933824288824429,6
va_long_beach,switzerland,4,source_only,exang,0.13773128922226105,5
va_long_beach,switzerland,4,source_only,oldpeak,0.3296564313757226,1
va_long_beach,switzerland,5,conservative_candidate,age,0.20140434248085187,2
va_long_beach,switzerland,5,conservative_candidate,sex,0.031122452627471795,8
va_long_beach,switzerland,5,conservative_candidate,cp,0.11201525646562016,5
va_long_beach,switzerland,5,conservative_candidate,trestbps,0.17265997841060768,3
va_long_beach,switzerland,5,conservative_candidate,restecg,0.05983954439189553,7
va_long_beach,switzerland,5,conservative_candidate,thalach,0.07073949164440246,6
va_long_beach,switzerland,5,conservative_candidate,exang,0.16125084612422955,4
va_long_beach,switzerland,5,conservative_candidate,oldpeak,0.22240554260438292,1
va_long_beach,switzerland,5,entropy_sfda,age,0.20414045477301124,2
va_long_beach,switzerland,5,entropy_sfda,sex,0.0341832645874417,8
va_long_beach,switzerland,5,entropy_sfda,cp,0.12294994018094899,5
va_long_beach,switzerland,5,entropy_sfda,trestbps,0.17610555572238396,3
va_long_beach,switzerland,5,entropy_sfda,restecg,0.06381145392438559,7
va_long_beach,switzerland,5,entropy_sfda,thalach,0.07664244191160771,6
va_long_beach,switzerland,5,entropy_sfda,exang,0.1676306007079765,4
va_long_beach,switzerland,5,entropy_sfda,oldpeak,0.22471094394208696,1
va_long_beach,switzerland,5,pseudo_label_sfda,age,0.20140434248085187,2
va_long_beach,switzerland,5,pseudo_label_sfda,sex,0.031122452627471795,8
va_long_beach,switzerland,5,pseudo_label_sfda,cp,0.11201525646562016,5
va_long_beach,switzerland,5,pseudo_label_sfda,trestbps,0.17265997841060768,3
va_long_beach,switzerland,5,pseudo_label_sfda,restecg,0.05983954439189553,7
va_long_beach,switzerland,5,pseudo_label_sfda,thalach,0.07073949164440246,6
va_long_beach,switzerland,5,pseudo_label_sfda,exang,0.16125084612422955,4
va_long_beach,switzerland,5,pseudo_label_sfda,oldpeak,0.22240554260438292,1
va_long_beach,switzerland,5,reliability_gated_sfda,age,0.20140434248085187,2
va_long_beach,switzerland,5,reliability_gated_sfda,sex,0.031122452627471795,8
va_long_beach,switzerland,5,reliability_gated_sfda,cp,0.11201525646562016,5
va_long_beach,switzerland,5,reliability_gated_sfda,trestbps,0.17265997841060768,3
va_long_beach,switzerland,5,reliability_gated_sfda,restecg,0.05983954439189553,7
va_long_beach,switzerland,5,reliability_gated_sfda,thalach,0.07073949164440246,6
va_long_beach,switzerland,5,reliability_gated_sfda,exang,0.16125084612422955,4
va_long_beach,switzerland,5,reliability_gated_sfda,oldpeak,0.22240554260438292,1
va_long_beach,switzerland,5,source_only,age,0.20140434248085187,2
va_long_beach,switzerland,5,source_only,sex,0.031122452627471795,8
va_long_beach,switzerland,5,source_only,cp,0.11201525646562016,5
va_long_beach,switzerland,5,source_only,trestbps,0.17265997841060768,3
va_long_beach,switzerland,5,source_only,restecg,0.05983954439189553,7
va_long_beach,switzerland,5,source_only,thalach,0.07073949164440246,6
va_long_beach,switzerland,5,source_only,exang,0.16125084612422955,4
va_long_beach,switzerland,5,source_only,oldpeak,0.22240554260438292,1
va_long_beach,switzerland,6,conservative_candidate,age,0.24922058361817181,1
va_long_beach,switzerland,6,conservative_candidate,sex,0.03208461399209052,8
va_long_beach,switzerland,6,conservative_candidate,cp,0.1431550563142141,5
va_long_beach,switzerland,6,conservative_candidate,trestbps,0.2139185676010462,3
va_long_beach,switzerland,6,conservative_candidate,restecg,0.07373442363781413,6
va_long_beach,switzerland,6,conservative_candidate,thalach,0.04823386423550996,7
va_long_beach,switzerland,6,conservative_candidate,exang,0.19513270658690754,4
va_long_beach,switzerland,6,conservative_candidate,oldpeak,0.21437643566812442,2
va_long_beach,switzerland,6,entropy_sfda,age,0.26165882715334493,1
va_long_beach,switzerland,6,entropy_sfda,sex,0.03519458244308613,8
va_long_beach,switzerland,6,entropy_sfda,cp,0.1533382327450868,5
va_long_beach,switzerland,6,entropy_sfda,trestbps,0.23721688353395984,2
va_long_beach,switzerland,6,entropy_sfda,restecg,0.0811570622443365,6
va_long_beach,switzerland,6,entropy_sfda,thalach,0.061304092079749274,7
va_long_beach,switzerland,6,entropy_sfda,exang,0.20103598365605604,4
va_long_beach,switzerland,6,entropy_sfda,oldpeak,0.2155462728995012,3
va_long_beach,switzerland,6,pseudo_label_sfda,age,0.25004921330335905,1
va_long_beach,switzerland,6,pseudo_label_sfda,sex,0.03242142018729559,8
va_long_beach,switzerland,6,pseudo_label_sfda,cp,0.14424839601969422,5
va_long_beach,switzerland,6,pseudo_label_sfda,trestbps,0.21358775722366433,3
va_long_beach,switzerland,6,pseudo_label_sfda,restecg,0.07435460611269236,6
va_long_beach,switzerland,6,pseudo_label_sfda,thalach,0.048488671701151564,7
va_long_beach,switzerland,6,pseudo_label_sfda,exang,0.19609579998182086,4
va_long_beach,switzerland,6,pseudo_label_sfda,oldpeak,0.21518209701540267,2
va_long_beach,switzerland,6,reliability_gated_sfda,age,0.2521941600200849,1
va_long_beach,switzerland,6,reliability_gated_sfda,sex,0.032483075238571156,8
va_long_beach,switzerland,6,reliability_gated_sfda,cp,0.14489654195798116,5
va_long_beach,switzerland,6,reliability_gated_sfda,trestbps,0.21830841684827534,2
va_long_beach,switzerland,6,reliability_gated_sfda,restecg,0.0747849426148989,6
va_long_beach,switzerland,6,reliability_gated_sfda,thalach,0.04853756017358288,7
va_long_beach,switzerland,6,reliability_gated_sfda,exang,0.19728657189847493,4
va_long_beach,switzerland,6,reliability_gated_sfda,oldpeak,0.21746312265806808,3
va_long_beach,switzerland,6,source_only,age,0.25004921330335905,1
va_long_beach,switzerland,6,source_only,sex,0.03242142018729559,8
va_long_beach,switzerland,6,source_only,cp,0.14424839601969422,5
va_long_beach,switzerland,6,source_only,trestbps,0.21358775722366433,3
va_long_beach,switzerland,6,source_only,restecg,0.07435460611269236,6
va_long_beach,switzerland,6,source_only,thalach,0.048488671701151564,7
va_long_beach,switzerland,6,source_only,exang,0.19609579998182086,4
va_long_beach,switzerland,6,source_only,oldpeak,0.21518209701540267,2
va_long_beach,switzerland,7,conservative_candidate,age,0.2227666251194792,2
va_long_beach,switzerland,7,conservative_candidate,sex,0.037264517080703635,8
va_long_beach,switzerland,7,conservative_candidate,cp,0.10494623824620875,4
va_long_beach,switzerland,7,conservative_candidate,trestbps,0.06228654660337517,6
va_long_beach,switzerland,7,conservative_candidate,restecg,0.056748036248798685,7
va_long_beach,switzerland,7,conservative_candidate,thalach,0.08354691381668441,5
va_long_beach,switzerland,7,conservative_candidate,exang,0.20794947069834888,3
va_long_beach,switzerland,7,conservative_candidate,oldpeak,0.24471212423035527,1
va_long_beach,switzerland,7,entropy_sfda,age,0.22497322975196005,2
va_long_beach,switzerland,7,entropy_sfda,sex,0.04067608632098328,8
va_long_beach,switzerland,7,entropy_sfda,cp,0.11893489725527642,4
va_long_beach,switzerland,7,entropy_sfda,trestbps,0.06651393835985561,6
va_long_beach,switzerland,7,entropy_sfda,restecg,0.05910779378278464,7
va_long_beach,switzerland,7,entropy_sfda,thalach,0.09551785960112037,5
va_long_beach,switzerland,7,entropy_sfda,exang,0.21899117635396437,3
va_long_beach,switzerland,7,entropy_sfda,oldpeak,0.25162249016083355,1
va_long_beach,switzerland,7,pseudo_label_sfda,age,0.2227666251194792,2
va_long_beach,switzerland,7,pseudo_label_sfda,sex,0.037264517080703635,8
va_long_beach,switzerland,7,pseudo_label_sfda,cp,0.10494623824620875,4
va_long_beach,switzerland,7,pseudo_label_sfda,trestbps,0.06228654660337517,6
va_long_beach,switzerland,7,pseudo_label_sfda,restecg,0.056748036248798685,7
va_long_beach,switzerland,7,pseudo_label_sfda,thalach,0.08354691381668441,5
va_long_beach,switzerland,7,pseudo_label_sfda,exang,0.20794947069834888,3
va_long_beach,switzerland,7,pseudo_label_sfda,oldpeak,0.24471212423035527,1
va_long_beach,switzerland,7,reliability_gated_sfda,age,0.2227666251194792,2
va_long_beach,switzerland,7,reliability_gated_sfda,sex,0.037264517080703635,8
va_long_beach,switzerland,7,reliability_gated_sfda,cp,0.10494623824620875,4
va_long_beach,switzerland,7,reliability_gated_sfda,trestbps,0.06228654660337517,6
va_long_beach,switzerland,7,reliability_gated_sfda,restecg,0.056748036248798685,7
va_long_beach,switzerland,7,reliability_gated_sfda,thalach,0.08354691381668441,5
va_long_beach,switzerland,7,reliability_gated_sfda,exang,0.20794947069834888,3
va_long_beach,switzerland,7,reliability_gated_sfda,oldpeak,0.24471212423035527,1
va_long_beach,switzerland,7,source_only,age,0.2227666251194792,2
va_long_beach,switzerland,7,source_only,sex,0.037264517080703635,8
va_long_beach,switzerland,7,source_only,cp,0.10494623824620875,4
va_long_beach,switzerland,7,source_only,trestbps,0.06228654660337517,6
va_long_beach,switzerland,7,source_only,restecg,0.056748036248798685,7
va_long_beach,switzerland,7,source_only,thalach,0.08354691381668441,5
va_long_beach,switzerland,7,source_only,exang,0.20794947069834888,3
va_long_beach,switzerland,7,source_only,oldpeak,0.24471212423035527,1
va_long_beach,switzerland,8,conservative_candidate,age,0.2753096262931945,2
va_long_beach,switzerland,8,conservative_candidate,sex,0.0688193216654888,6
va_long_beach,switzerland,8,conservative_candidate,cp,0.1981305845984025,5
va_long_beach,switzerland,8,conservative_candidate,trestbps,0.21285155879114034,4
va_long_beach,switzerland,8,conservative_candidate,restecg,0.06495088274740682,7
va_long_beach,switzerland,8,conservative_candidate,thalach,0.05451884191119812,8
va_long_beach,switzerland,8,conservative_candidate,exang,0.2778129119092856,1
va_long_beach,switzerland,8,conservative_candidate,oldpeak,0.23757344975734387,3
va_long_beach,switzerland,8,entropy_sfda,age,0.27348647574038526,2
va_long_beach,switzerland,8,entropy_sfda,sex,0.07262585520539884,6
va_long_beach,switzerland,8,entropy_sfda,cp,0.22076895799853638,4
va_long_beach,switzerland,8,entropy_sfda,trestbps,0.21837622449332014,5
va_long_beach,switzerland,8,entropy_sfda,restecg,0.07014265926308715,7
va_long_beach,switzerland,8,entropy_sfda,thalach,0.0632113180557697,8
va_long_beach,switzerland,8,entropy_sfda,exang,0.2925473507796604,1
va_long_beach,switzerland,8,entropy_sfda,oldpeak,0.222715069623134,3
va_long_beach,switzerland,8,pseudo_label_sfda,age,0.2766967709744122,2
va_long_beach,switzerland,8,pseudo_label_sfda,sex,0.06940878967553889,6
va_long_beach,switzerland,8,pseudo_label_sfda,cp,0.1997118731152609,5
va_long_beach,switzerland,8,pseudo_label_sfda,trestbps,0.21308844409148564,4
va_long_beach,switzerland,8,pseudo_label_sfda,restecg,0.06563952632971971,7
va_long_beach,switzerland,8,pseudo_label_sfda,thalach,0.05453856126689234,8
va_long_beach,switzerland,8,pseudo_label_sfda,exang,0.2794809468938568,1
va_long_beach,switzerland,8,pseudo_label_sfda,oldpeak,0.2382907103065674,3
va_long_beach,switzerland,8,reliability_gated_sfda,age,0.2795883554556384,2
va_long_beach,switzerland,8,reliability_gated_sfda,sex,0.06954813568864196,6
va_long_beach,switzerland,8,reliability_gated_sfda,cp,0.20011720823455786,5
va_long_beach,switzerland,8,reliability_gated_sfda,trestbps,0.21807692745867058,4
va_long_beach,switzerland,8,reliability_gated_sfda,restecg,0.06454009065445701,7
va_long_beach,switzerland,8,reliability_gated_sfda,thalach,0.05515199768303972,8
va_long_beach,switzerland,8,reliability_gated_sfda,exang,0.2802980191763339,1
va_long_beach,switzerland,8,reliability_gated_sfda,oldpeak,0.2407678027629731,3
va_long_beach,switzerland,8,source_only,age,0.2766967709744122,2
va_long_beach,switzerland,8,source_only,sex,0.06940878967553889,6
va_long_beach,switzerland,8,source_only,cp,0.1997118731152609,5
va_long_beach,switzerland,8,source_only,trestbps,0.21308844409148564,4
va_long_beach,switzerland,8,source_only,restecg,0.06563952632971971,7
va_long_beach,switzerland,8,source_only,thalach,0.05453856126689234,8
va_long_beach,switzerland,8,source_only,exang,0.2794809468938568,1
va_long_beach,switzerland,8,source_only,oldpeak,0.2382907103065674,3
va_long_beach,switzerland,9,conservative_candidate,age,0.22599595991092,2
va_long_beach,switzerland,9,conservative_candidate,sex,0.045404041510612884,8
va_long_beach,switzerland,9,conservative_candidate,cp,0.16956739473048735,4
va_long_beach,switzerland,9,conservative_candidate,trestbps,0.19175188567459098,3
va_long_beach,switzerland,9,conservative_candidate,restecg,0.051949865801487395,7
va_long_beach,switzerland,9,conservative_candidate,thalach,0.11603001814252292,6
va_long_beach,switzerland,9,conservative_candidate,exang,0.16538118446109498,5
va_long_beach,switzerland,9,conservative_candidate,oldpeak,0.31681356102046443,1
va_long_beach,switzerland,9,entropy_sfda,age,0.23811543030225166,2
va_long_beach,switzerland,9,entropy_sfda,sex,0.048674245279308796,8
va_long_beach,switzerland,9,entropy_sfda,cp,0.18734842408552568,4
va_long_beach,switzerland,9,entropy_sfda,trestbps,0.203928653287088,3
va_long_beach,switzerland,9,entropy_sfda,restecg,0.06001939695874522,7
va_long_beach,switzerland,9,entropy_sfda,thalach,0.13199685471950143,6
va_long_beach,switzerland,9,entropy_sfda,exang,0.17255834376106297,5
va_long_beach,switzerland,9,entropy_sfda,oldpeak,0.3379020697429655,1
va_long_beach,switzerland,9,pseudo_label_sfda,age,0.22599595991092,2
va_long_beach,switzerland,9,pseudo_label_sfda,sex,0.045404041510612884,8
va_long_beach,switzerland,9,pseudo_label_sfda,cp,0.16956739473048735,4
va_long_beach,switzerland,9,pseudo_label_sfda,trestbps,0.19175188567459098,3
va_long_beach,switzerland,9,pseudo_label_sfda,restecg,0.051949865801487395,7
va_long_beach,switzerland,9,pseudo_label_sfda,thalach,0.11603001814252292,6
va_long_beach,switzerland,9,pseudo_label_sfda,exang,0.16538118446109498,5
va_long_beach,switzerland,9,pseudo_label_sfda,oldpeak,0.31681356102046443,1
va_long_beach,switzerland,9,reliability_gated_sfda,age,0.22599595991092,2
va_long_beach,switzerland,9,reliability_gated_sfda,sex,0.045404041510612884,8
va_long_beach,switzerland,9,reliability_gated_sfda,cp,0.16956739473048735,4
va_long_beach,switzerland,9,reliability_gated_sfda,trestbps,0.19175188567459098,3
va_long_beach,switzerland,9,reliability_gated_sfda,restecg,0.051949865801487395,7
va_long_beach,switzerland,9,reliability_gated_sfda,thalach,0.11603001814252292,6
va_long_beach,switzerland,9,reliability_gated_sfda,exang,0.16538118446109498,5
va_long_beach,switzerland,9,reliability_gated_sfda,oldpeak,0.31681356102046443,1
va_long_beach,switzerland,9,source_only,age,0.22599595991092,2
va_long_beach,switzerland,9,source_only,sex,0.045404041510612884,8
va_long_beach,switzerland,9,source_only,cp,0.16956739473048735,4
va_long_beach,switzerland,9,source_only,trestbps,0.19175188567459098,3
va_long_beach,switzerland,9,source_only,restecg,0.051949865801487395,7
va_long_beach,switzerland,9,source_only,thalach,0.11603001814252292,6
va_long_beach,switzerland,9,source_only,exang,0.16538118446109498,5
va_long_beach,switzerland,9,source_only,oldpeak,0.31681356102046443,1
