source,target,direction,seed,method,brier_improvement,brier_degradation,brier_worsened,global_importance_spearman,global_top3_overlap_fraction,global_importance_relative_l1_drift,patient_l1_drift_mean,patient_l2_drift_mean,patient_cosine_similarity_mean,patient_top3_overlap_mean,mean_absolute_probability_shift
cleveland,hungary,cleveland -> hungary,0,pseudo_label_sfda,-0.0019308130749941,0.0019308130749941,True,0.9523809523809524,1.0,0.2469712117804829,0.847137595055895,0.3630673998469321,0.9986325587140624,0.9603174603174603,0.0425218323468971
cleveland,hungary,cleveland -> hungary,0,entropy_sfda,7.904717717244214e-05,-7.904717717244214e-05,False,0.9523809523809524,1.0,0.2357818880371621,0.8127830595962947,0.3471573135689838,0.9965762156584224,0.9342403628117912,0.0523493647873148
cleveland,hungary,cleveland -> hungary,0,reliability_gated_sfda,-9.317029324742988e-05,9.317029324742988e-05,True,0.9761904761904764,1.0,0.0240580464979174,0.0828764980669988,0.0359055424789093,0.9999641376273094,0.9931972789115646,0.0051426592086549
cleveland,hungary,cleveland -> hungary,0,conservative_candidate,0.0004588896905788,-0.0004588896905788,False,1.0,1.0,0.0049945902610109,0.0224799363663171,0.0109508062073654,0.9999760337248852,0.9965986394557824,0.0030211085250892
cleveland,hungary,cleveland -> hungary,1,pseudo_label_sfda,-0.0026549234704622,0.0026549234704622,True,0.9523809523809524,1.0,0.2383390995596792,0.7726423194496921,0.3360108273059075,0.9992161124789208,0.9455782312925172,0.0364027143183614
cleveland,hungary,cleveland -> hungary,1,entropy_sfda,-0.00095987984492,0.00095987984492,True,0.9523809523809524,1.0,0.2345424686709988,0.7693459404019302,0.3321752283495842,0.9975561438650205,0.9183673469387756,0.0447123831622682
cleveland,hungary,cleveland -> hungary,1,reliability_gated_sfda,-0.0002611889900372,0.0002611889900372,True,1.0,1.0,0.0235162466942187,0.0766434727845643,0.0335745138100208,0.9999799667240316,0.9931972789115646,0.0043403657159584
cleveland,hungary,cleveland -> hungary,1,conservative_candidate,0.0003172963927068,-0.0003172963927068,False,1.0,1.0,0.0041759347587642,0.0203111981118819,0.0095922627867584,0.9999801981139472,0.9909297052154196,0.0022323286021445
cleveland,hungary,cleveland -> hungary,2,pseudo_label_sfda,-0.0003253180518518,0.0003253180518518,True,1.0,1.0,0.2514832162825997,0.8788833565395923,0.3693891967566671,0.9987919027976386,0.963718820861678,0.0449316362219983
cleveland,hungary,cleveland -> hungary,2,entropy_sfda,0.0014385285833947,-0.0014385285833947,False,1.0,1.0,0.2456474038339467,0.8634953670961647,0.3604947429118909,0.99655636179573,0.9331065759637188,0.0593628335093167
cleveland,hungary,cleveland -> hungary,2,reliability_gated_sfda,-0.0001339820626068,0.0001339820626068,True,1.0,1.0,0.0247850804208196,0.0867677999565748,0.0366094343861351,0.9999720326286592,0.9965986394557824,0.0049178393804753
cleveland,hungary,cleveland -> hungary,2,conservative_candidate,0.0001517784333843,-0.0001517784333843,False,1.0,1.0,0.006163917119596,0.0234775145559162,0.010736257684771,0.9999825813703376,0.9965986394557824,0.0021312976933914
cleveland,hungary,cleveland -> hungary,3,pseudo_label_sfda,0.0001233557192206,-0.0001233557192206,False,0.9761904761904764,1.0,0.2344380787046507,0.8371931388756406,0.3552533510933112,0.9987196012631095,0.9467120181405896,0.0425110610303323
cleveland,hungary,cleveland -> hungary,3,entropy_sfda,0.0008369759961658,-0.0008369759961658,False,0.9523809523809524,1.0,0.2318069570014667,0.830176561298902,0.3487199381374867,0.997069286489394,0.9172335600907028,0.0505620051420065
cleveland,hungary,cleveland -> hungary,3,reliability_gated_sfda,-0.0002785947511854,0.0002785947511854,True,1.0,1.0,0.0229612253861955,0.0820955958100175,0.0352032292969027,0.9999745815437348,0.9931972789115646,0.0042505599035672
cleveland,hungary,cleveland -> hungary,3,conservative_candidate,-1.5523895715935376e-05,1.5523895715935376e-05,True,1.0,1.0,0.0053148852604751,0.0220501894476985,0.0104895708707915,0.9999854621331988,0.9931972789115646,0.0014754960386297
cleveland,hungary,cleveland -> hungary,4,pseudo_label_sfda,-0.0011794893848123,0.0011794893848123,True,1.0,1.0,0.2403823908252125,0.8238593773595237,0.3628490267035196,0.9989046692151196,0.9705215419501136,0.0383910020689803
cleveland,hungary,cleveland -> hungary,4,entropy_sfda,0.0008918324528015,-0.0008918324528015,False,1.0,1.0,0.2274550942959592,0.7900704484049543,0.3410153354921672,0.9967963228489248,0.9569160997732424,0.0481439055368101
cleveland,hungary,cleveland -> hungary,4,reliability_gated_sfda,-0.0003710174986218,0.0003710174986218,True,1.0,1.0,0.0226581203762495,0.0778559605734025,0.0342356843089429,0.9999800755565132,0.9909297052154196,0.0038845958251531
cleveland,hungary,cleveland -> hungary,4,conservative_candidate,0.00027828861686,-0.00027828861686,False,1.0,1.0,0.0048538110251201,0.0214497132369491,0.0100481285131954,0.9999827114970624,0.9909297052154196,0.0015764459175672
cleveland,hungary,cleveland -> hungary,5,pseudo_label_sfda,0.0006794908873584,-0.0006794908873584,False,0.9761904761904764,1.0,0.2262798578687192,0.7750041012253129,0.3352478758734357,0.9987510581555962,0.9546485260770976,0.0401182500130756
cleveland,hungary,cleveland -> hungary,5,entropy_sfda,0.0037748020664882,-0.0037748020664882,False,0.9761904761904764,1.0,0.2176159149822136,0.7489983989313618,0.322647768496474,0.9971080738486352,0.9546485260770976,0.048934794790159
cleveland,hungary,cleveland -> hungary,5,reliability_gated_sfda,-0.0001883351603813,0.0001883351603813,True,1.0,1.0,0.0209599364934849,0.0719543612576733,0.0312730089039183,0.9999798927625037,0.992063492063492,0.0038311174281929
cleveland,hungary,cleveland -> hungary,5,conservative_candidate,0.0001961471137773,-0.0001961471137773,False,1.0,1.0,0.0025556113199043,0.0133308856305547,0.0063401784847999,0.9999927963590384,0.9931972789115646,0.001147561861823
cleveland,hungary,cleveland -> hungary,6,pseudo_label_sfda,0.001896056629278,-0.001896056629278,False,0.9761904761904764,1.0,0.1996100308257273,0.6117828070862891,0.2700358508769852,0.999154466729602,0.9716553287981858,0.0391630700482118
cleveland,hungary,cleveland -> hungary,6,entropy_sfda,0.0028454655400471,-0.0028454655400471,False,0.9761904761904764,1.0,0.2201716329445997,0.6795728979804011,0.2989850054851395,0.9977834335210088,0.9569160997732424,0.0506554352163913
cleveland,hungary,cleveland -> hungary,6,reliability_gated_sfda,2.665872370552491e-05,-2.665872370552491e-05,False,1.0,1.0,0.0226001871931865,0.0692057744276667,0.0304167444393741,0.9999840877127056,0.9988662131519276,0.0043763216097085
cleveland,hungary,cleveland -> hungary,6,conservative_candidate,0.0003959466249034,-0.0003959466249034,False,1.0,1.0,0.0036434935689679,0.0149331673928827,0.006927345871731,0.9999900139984372,1.0,0.0019364130372802
cleveland,hungary,cleveland -> hungary,7,pseudo_label_sfda,0.0011637729929613,-0.0011637729929613,False,1.0,1.0,0.2183361379819008,0.7120946354024725,0.3024171694236779,0.9985369525956336,0.968253968253968,0.0429795120373925
cleveland,hungary,cleveland -> hungary,7,entropy_sfda,0.0021799762367915,-0.0021799762367915,False,1.0,1.0,0.232519460518881,0.7651103061259708,0.3237864800430631,0.9960261754409394,0.947845804988662,0.0574004400607046
cleveland,hungary,cleveland -> hungary,7,reliability_gated_sfda,-0.0003803719496586,0.0003803719496586,True,1.0,1.0,0.0229042458492729,0.074791697652665,0.0329387149417717,0.9999826054606898,0.9988662131519276,0.0040496278532026
cleveland,hungary,cleveland -> hungary,7,conservative_candidate,0.0001159999760398,-0.0001159999760398,False,1.0,1.0,0.0027214876006745,0.0127294046881652,0.0060382046084235,0.9999917442691886,0.9965986394557824,0.0010429259918655
cleveland,hungary,cleveland -> hungary,8,pseudo_label_sfda,-0.0002069471047707,0.0002069471047707,True,1.0,1.0,0.2461785820418106,0.8818556984488972,0.3712783732051953,0.9989399635566124,0.971655328798186,0.0442741940987492
cleveland,hungary,cleveland -> hungary,8,entropy_sfda,0.001675158373767,-0.001675158373767,False,1.0,1.0,0.2411479193370847,0.867761205358757,0.3604631571233214,0.997624512177524,0.95124716553288,0.0538603613710626
cleveland,hungary,cleveland -> hungary,8,reliability_gated_sfda,-0.0002301649839628,0.0002301649839628,True,1.0,1.0,0.023193105339732,0.0830817976099324,0.0354730283306019,0.9999824836577886,0.9988662131519274,0.0044291047015081
cleveland,hungary,cleveland -> hungary,8,conservative_candidate,0.0002101564141897,-0.0002101564141897,False,1.0,1.0,0.0042468481207092,0.018302255714008,0.0088380108414022,0.999986877201438,0.9988662131519274,0.0018820593760786
cleveland,hungary,cleveland -> hungary,9,pseudo_label_sfda,8.058680578476585e-05,-8.058680578476585e-05,False,1.0,1.0,0.2495673455132258,0.8319277286833052,0.3543880369288795,0.9986615309303496,0.9625850340136054,0.0451691122583056
cleveland,hungary,cleveland -> hungary,9,entropy_sfda,0.0020986942246852,-0.0020986942246852,False,0.9761904761904764,0.6666666666666666,0.240230924819441,0.808387146477483,0.3403941683637945,0.99603143633141,0.9342403628117916,0.059863453862403
cleveland,hungary,cleveland -> hungary,9,reliability_gated_sfda,-0.0001166461516353,0.0001166461516353,True,1.0,1.0,0.0246488259314435,0.0824497132322538,0.0354975045559647,0.999977523593001,0.9965986394557824,0.0045874824994528
cleveland,hungary,cleveland -> hungary,9,conservative_candidate,0.0005035970600663,-0.0005035970600663,False,1.0,1.0,0.005575400855824,0.0222207227285054,0.0102623595375516,0.9999818915248846,0.9965986394557824,0.00312621335556
cleveland,switzerland,cleveland -> switzerland,0,pseudo_label_sfda,0.0071892279648743,-0.0071892279648743,False,1.0,1.0,0.0621254406216027,0.1867251927482638,0.0903055570738622,0.9994791896519836,0.989159891598916,0.0238889795765886
cleveland,switzerland,cleveland -> switzerland,0,entropy_sfda,0.0107099927495951,-0.0107099927495951,False,1.0,1.0,0.0549703194060361,0.1854352734815443,0.0943089484340275,0.9990601463299326,0.989159891598916,0.0297897783812226
cleveland,switzerland,cleveland -> switzerland,0,reliability_gated_sfda,-0.003159420674857,0.003159420674857,True,1.0,1.0,0.022291906494243,0.0656554785288413,0.0296754096793912,0.9999490660563692,0.997289972899729,0.0042005579434032
cleveland,switzerland,cleveland -> switzerland,0,conservative_candidate,0.0013585683449945,-0.0013585683449945,False,1.0,1.0,0.0038177136380649,0.0173361052738169,0.0081283070203843,0.9999872416093704,1.0,0.0022950443795056
cleveland,switzerland,cleveland -> switzerland,1,pseudo_label_sfda,0.008936391668582,-0.008936391668582,False,0.9761904761904764,1.0,0.0516602113063807,0.1311827608456596,0.063888962112794,0.9998050791793218,0.981029810298103,0.0208630179456336
cleveland,switzerland,cleveland -> switzerland,1,entropy_sfda,0.0133214061290541,-0.0133214061290541,False,0.9761904761904764,1.0,0.0782164782152526,0.1888283284511644,0.0892933249724749,0.9995641583504428,0.989159891598916,0.0340007224794083
cleveland,switzerland,cleveland -> switzerland,1,reliability_gated_sfda,-0.0023067941465844,0.0023067941465844,True,1.0,1.0,0.0220414321685882,0.0569030125729542,0.0255523065446226,0.9999540842578386,0.9972899728997288,0.0038530510373231
cleveland,switzerland,cleveland -> switzerland,1,conservative_candidate,0.0011465343114272,-0.0011465343114272,False,1.0,1.0,0.0049456599404151,0.0146757766606316,0.0068588790654593,0.9999876409898,0.994579945799458,0.0016430365603144
cleveland,switzerland,cleveland -> switzerland,2,pseudo_label_sfda,0.0039472030090806,-0.0039472030090806,False,1.0,1.0,0.0657497192298748,0.1784751429795136,0.0846886837559739,0.9996069585124054,0.991869918699187,0.0180088488415368
cleveland,switzerland,cleveland -> switzerland,2,entropy_sfda,0.0106252437151266,-0.0106252437151266,False,0.9761904761904764,1.0,0.0567121884108859,0.1756939195845147,0.0900508389433155,0.9989983320802782,0.970189701897019,0.0291933017911586
cleveland,switzerland,cleveland -> switzerland,2,reliability_gated_sfda,-0.0033333729295726,0.0033333729295726,True,1.0,1.0,0.0255780407519886,0.0691246447239518,0.0306579879045579,0.9999261393152256,0.991869918699187,0.0044315831766017
cleveland,switzerland,cleveland -> switzerland,2,conservative_candidate,0.0020115885006312,-0.0020115885006312,False,1.0,1.0,0.0070030872848863,0.0219558304771061,0.0104039130658638,0.9999823051116002,1.0,0.00300956031353
cleveland,switzerland,cleveland -> switzerland,3,pseudo_label_sfda,0.0063785935980709,-0.0063785935980709,False,0.9761904761904764,1.0,0.0423086739248571,0.1263416273128033,0.0605178796502083,0.999706082156654,0.989159891598916,0.0198614843704593
cleveland,switzerland,cleveland -> switzerland,3,entropy_sfda,0.0062789242240888,-0.0062789242240888,False,0.9285714285714288,1.0,0.0580352157354868,0.170164794269741,0.0827147116267203,0.9993338282314308,0.981029810298103,0.0238485504698947
cleveland,switzerland,cleveland -> switzerland,3,reliability_gated_sfda,-0.0029686019723784,0.0029686019723784,True,1.0,1.0,0.0205469730313047,0.0561659492384755,0.0258806894302276,0.999955999879508,0.997289972899729,0.0038884104176507
cleveland,switzerland,cleveland -> switzerland,3,conservative_candidate,0.0019635931759043,-0.0019635931759043,False,1.0,1.0,0.008461905571071,0.0240735587622777,0.0118168573174769,0.9999864156825072,1.0,0.0026075194885091
cleveland,switzerland,cleveland -> switzerland,4,pseudo_label_sfda,0.0134936888345623,-0.0134936888345623,False,1.0,1.0,0.0519340534770381,0.1582180375535097,0.0792345653591637,0.9996141389461732,0.989159891598916,0.0306545167071063
cleveland,switzerland,cleveland -> switzerland,4,entropy_sfda,0.0124390783268766,-0.0124390783268766,False,1.0,1.0,0.0624336729635958,0.1944618509336342,0.0998691535288557,0.9995029448074032,0.983739837398374,0.0321042542989418
cleveland,switzerland,cleveland -> switzerland,4,reliability_gated_sfda,-0.0026694250548355,0.0026694250548355,True,1.0,1.0,0.0195038116731855,0.0616820856383542,0.0278773029504748,0.9999315735705232,0.994579945799458,0.0036387958874305
cleveland,switzerland,cleveland -> switzerland,4,conservative_candidate,0.0022142244405539,-0.0022142244405539,False,1.0,1.0,0.0045599928921009,0.018182599030807,0.0087580076745066,0.9999836532322738,0.9972899728997288,0.0033594799811035
cleveland,switzerland,cleveland -> switzerland,5,pseudo_label_sfda,0.0060604320755085,-0.0060604320755085,False,1.0,1.0,0.0306584401070901,0.0912132739350654,0.0447191241692124,0.9997818633438736,0.994579945799458,0.0168825475635325
cleveland,switzerland,cleveland -> switzerland,5,entropy_sfda,0.0050048138409938,-0.0050048138409938,False,1.0,1.0,0.0504178506707322,0.1458383695770441,0.0701219769889049,0.9993424800515952,0.986449864498645,0.0206470447100274
cleveland,switzerland,cleveland -> switzerland,5,reliability_gated_sfda,-0.0022567104790213,0.0022567104790213,True,1.0,1.0,0.0145928432426139,0.0402687335348067,0.0183518458214904,0.999946401124008,0.994579945799458,0.0029266922151654
cleveland,switzerland,cleveland -> switzerland,5,conservative_candidate,0.0014134611211934,-0.0014134611211934,False,1.0,1.0,0.0082611624258985,0.0228226939438675,0.0117966817690476,0.9999847330306072,1.0,0.0019665272618696
cleveland,switzerland,cleveland -> switzerland,6,pseudo_label_sfda,0.0007279825287379,-0.0007279825287379,False,0.9523809523809524,1.0,0.0399574369409237,0.0911040710741029,0.0422603674317262,0.9999222483051722,0.9864498644986448,0.0087784505259942
cleveland,switzerland,cleveland -> switzerland,6,entropy_sfda,0.0040047940427223,-0.0040047940427223,False,0.9047619047619048,1.0,0.0750894975228676,0.1718744952063647,0.0805660228564586,0.9995837044698724,0.9864498644986448,0.0199037936584251
cleveland,switzerland,cleveland -> switzerland,6,reliability_gated_sfda,-0.0031114060881854,0.0031114060881854,True,0.9523809523809524,1.0,0.0219667557337234,0.050650731454096,0.0231223093971978,0.9999716600160984,1.0,0.0039555904553915
cleveland,switzerland,cleveland -> switzerland,6,conservative_candidate,0.0008874166595199,-0.0008874166595199,False,0.9761904761904764,1.0,0.0077683194350412,0.0195385769329732,0.0097812798331176,0.9999900547472038,0.9972899728997288,0.0016255428242247
cleveland,switzerland,cleveland -> switzerland,7,pseudo_label_sfda,0.0001292949739823,-0.0001292949739823,False,0.9761904761904764,1.0,0.0581113799726771,0.138734034337605,0.065441838667821,0.9997063543340918,0.991869918699187,0.0133028031228397
cleveland,switzerland,cleveland -> switzerland,7,entropy_sfda,0.0046424265800454,-0.0046424265800454,False,0.9523809523809524,1.0,0.0887262628849052,0.2132902907006957,0.1029970495389187,0.9988897921765236,0.964769647696477,0.0242633004483532
cleveland,switzerland,cleveland -> switzerland,7,reliability_gated_sfda,-0.0028624977286221,0.0028624977286221,True,1.0,1.0,0.0212206752351516,0.0515630744933339,0.023975867558271,0.9999220557370484,0.989159891598916,0.0039333172172792
cleveland,switzerland,cleveland -> switzerland,7,conservative_candidate,0.0019057563989164,-0.0019057563989164,False,1.0,1.0,0.0110920482125921,0.0260980901179638,0.01223023947848,0.9999870662875748,1.0,0.0022343319075984
cleveland,switzerland,cleveland -> switzerland,8,pseudo_label_sfda,0.0084549289414979,-0.0084549289414979,False,1.0,1.0,0.0414065834517704,0.1166003721435384,0.0581088059379534,0.9997006138012317,0.991869918699187,0.0232188773712491
cleveland,switzerland,cleveland -> switzerland,8,entropy_sfda,0.0073449457681184,-0.0073449457681184,False,0.9761904761904764,0.6666666666666666,0.0574967034470023,0.1626532364118943,0.0819839566346424,0.9992429833476034,0.978319783197832,0.0252127896964065
cleveland,switzerland,cleveland -> switzerland,8,reliability_gated_sfda,-0.0026638188285036,0.0026638188285036,True,1.0,1.0,0.0205546596045991,0.0542495096868048,0.0249135020490002,0.9999586344290664,0.994579945799458,0.0035202198215131
cleveland,switzerland,cleveland -> switzerland,8,conservative_candidate,0.0021138556040433,-0.0021138556040433,False,1.0,1.0,0.0078884140787139,0.0239938317520763,0.0115955921567622,0.9999801587387152,1.0,0.0030548745705708
cleveland,switzerland,cleveland -> switzerland,9,pseudo_label_sfda,0.0058270078129417,-0.0058270078129417,False,1.0,1.0,0.0522390614855919,0.1412189503581778,0.0685302275840685,0.9997401702663172,0.991869918699187,0.0174439352278302
cleveland,switzerland,cleveland -> switzerland,9,entropy_sfda,0.0149948861210972,-0.0149948861210972,False,0.9761904761904764,0.6666666666666666,0.0435613596050011,0.1689904043602386,0.0863304243171086,0.9983232313609922,0.962059620596206,0.034473217493756
cleveland,switzerland,cleveland -> switzerland,9,reliability_gated_sfda,-0.0030584411981795,0.0030584411981795,True,1.0,1.0,0.0222982870638068,0.0630466963696422,0.028615304101634,0.9999235496116476,0.991869918699187,0.0042819476315403
cleveland,switzerland,cleveland -> switzerland,9,conservative_candidate,0.0028710819790491,-0.0028710819790491,False,1.0,1.0,0.0089654811805967,0.0267672044597944,0.0124799805364008,0.9999718751845956,1.0,0.0040588948300214
cleveland,va_long_beach,cleveland -> va_long_beach,0,pseudo_label_sfda,-0.0008333093537703,0.0008333093537703,True,0.9761904761904764,0.6666666666666666,0.1023406559885055,0.2672793768731207,0.125432535665482,0.9989284654473504,0.9883333333333334,0.0320663169026374
cleveland,va_long_beach,cleveland -> va_long_beach,0,entropy_sfda,-0.0020141295437501,0.0020141295437501,True,0.9761904761904764,0.6666666666666666,0.0939360502951108,0.2665481360998091,0.1337901382348394,0.9978206745230424,0.97,0.0374407254904508
cleveland,va_long_beach,cleveland -> va_long_beach,0,reliability_gated_sfda,-0.0011242565447324,0.0011242565447324,True,1.0,1.0,0.0232472103777742,0.0598587629099347,0.0281865216591642,0.9999761769133586,1.0,0.0041551936417818
cleveland,va_long_beach,cleveland -> va_long_beach,0,conservative_candidate,0.0004036502748461,-0.0004036502748461,False,1.0,1.0,0.0066336443693214,0.0195841742290212,0.0092833851581018,0.9999832283903836,0.9983333333333334,0.0023179277777671
cleveland,va_long_beach,cleveland -> va_long_beach,1,pseudo_label_sfda,-0.0009906075481117,0.0009906075481117,True,1.0,1.0,0.1095748565361559,0.2532571290159831,0.1215112382823552,0.9997268347628488,0.9883333333333334,0.0288966327160596
cleveland,va_long_beach,cleveland -> va_long_beach,1,entropy_sfda,-0.0016859685155998,0.0016859685155998,True,1.0,1.0,0.1277733319228267,0.2997430845310737,0.1488368993607121,0.999245653128566,0.98,0.0391362059488892
cleveland,va_long_beach,cleveland -> va_long_beach,1,reliability_gated_sfda,-0.0010213045916463,0.0010213045916463,True,1.0,1.0,0.0257060181974887,0.060534022693173,0.0288869657363741,0.9999740368748374,0.995,0.0042158925160765
cleveland,va_long_beach,cleveland -> va_long_beach,1,conservative_candidate,6.446972145909835e-05,-6.446972145909835e-05,False,1.0,1.0,0.0020061931071516,0.0097157378011616,0.0045572444966251,0.999993470223658,1.0,0.0010355508327484
cleveland,va_long_beach,cleveland -> va_long_beach,2,pseudo_label_sfda,-0.0001645314532142,0.0001645314532142,True,0.9761904761904764,1.0,0.0948176020810669,0.2449143510824069,0.1204736799421047,0.9991436840389906,0.9833333333333334,0.0326228132843971
cleveland,va_long_beach,cleveland -> va_long_beach,2,entropy_sfda,-0.0004185728360468,0.0004185728360468,True,0.9523809523809524,1.0,0.0974999553942535,0.2625177292533044,0.1332926475280934,0.9986370973198756,0.98,0.0355624696984887
cleveland,va_long_beach,cleveland -> va_long_beach,2,reliability_gated_sfda,-0.0010774681977928,0.0010774681977928,True,1.0,1.0,0.024029991339589,0.0603681068523656,0.028501075062694,0.9999805466391216,0.9966666666666666,0.0039342405647039
cleveland,va_long_beach,cleveland -> va_long_beach,2,conservative_candidate,0.0005790065301599,-0.0005790065301599,False,1.0,1.0,0.0083130986311671,0.023932519449736,0.011009501406324,0.9999809524521536,0.9966666666666668,0.0031607455387711
cleveland,va_long_beach,cleveland -> va_long_beach,3,pseudo_label_sfda,-0.0003591954880896,0.0003591954880896,True,1.0,1.0,0.071554051075301,0.1971233487481367,0.0904929113256035,0.9995608314715514,0.9866666666666666,0.0294534835964441
cleveland,va_long_beach,cleveland -> va_long_beach,3,entropy_sfda,-0.0018140423227817,0.0018140423227817,True,1.0,1.0,0.0853944117484789,0.2374564099569761,0.116409773584832,0.998890031583822,0.9783333333333332,0.0296655047126114
cleveland,va_long_beach,cleveland -> va_long_beach,3,reliability_gated_sfda,-0.0008736252381144,0.0008736252381144,True,1.0,1.0,0.0201427140036745,0.0510583356446295,0.0237325134590783,0.999989006045372,0.9983333333333334,0.0033155769482254
cleveland,va_long_beach,cleveland -> va_long_beach,3,conservative_candidate,0.000647440402145,-0.000647440402145,False,1.0,1.0,0.0070871201722123,0.0197946107183815,0.0092760242004737,0.9999864479875538,0.9966666666666666,0.0030021378397941
cleveland,va_long_beach,cleveland -> va_long_beach,4,pseudo_label_sfda,0.0007453881964396,-0.0007453881964396,False,1.0,1.0,0.0912151164638299,0.2689675783444181,0.1322796369814161,0.9991921681195274,0.9866666666666666,0.0364921073615551
cleveland,va_long_beach,cleveland -> va_long_beach,4,entropy_sfda,-0.0009049421926509,0.0009049421926509,True,1.0,1.0,0.1045513879840929,0.3147293264899201,0.1576167810157319,0.998907240573631,0.9833333333333332,0.0382091897726058
cleveland,va_long_beach,cleveland -> va_long_beach,4,reliability_gated_sfda,-0.0010755017061555,0.0010755017061555,True,1.0,1.0,0.0220347498627229,0.062375780159964,0.0303828832324723,0.99998532241552,0.9983333333333334,0.0036212549731135
cleveland,va_long_beach,cleveland -> va_long_beach,4,conservative_candidate,0.0006450105142377,-0.0006450105142377,False,1.0,1.0,0.0055986731543654,0.0221544199889831,0.0107353159333313,0.9999775093355096,0.995,0.0036598449200391
cleveland,va_long_beach,cleveland -> va_long_beach,5,pseudo_label_sfda,-0.0006820669813279,0.0006820669813279,True,1.0,1.0,0.0782748786137287,0.2027750129306514,0.0970070846454038,0.9991472635414776,0.9883333333333332,0.0253777519613504
cleveland,va_long_beach,cleveland -> va_long_beach,5,entropy_sfda,-0.0009889013655772,0.0009889013655772,True,1.0,1.0,0.0769328905014707,0.2143407047367509,0.1062809832860808,0.9986959298449984,0.9816666666666666,0.02741260740906
cleveland,va_long_beach,cleveland -> va_long_beach,5,reliability_gated_sfda,-0.0007642340130276,0.0007642340130276,True,1.0,1.0,0.0177483124881545,0.042067224291386,0.0208221626507572,0.999982210056554,0.9983333333333332,0.0028982688114047
cleveland,va_long_beach,cleveland -> va_long_beach,5,conservative_candidate,0.0007077493119324,-0.0007077493119324,False,1.0,1.0,0.0108973778686949,0.0262473615887574,0.0147392641879884,0.9999724777407198,1.0,0.0026376881077885
cleveland,va_long_beach,cleveland -> va_long_beach,6,pseudo_label_sfda,-0.0004975756818296,0.0004975756818296,True,0.9523809523809524,1.0,0.0882912239496645,0.1903546440516947,0.0879371816146335,0.9997675626203072,0.9866666666666668,0.0185545798204839
cleveland,va_long_beach,cleveland -> va_long_beach,6,entropy_sfda,-0.0013945204452046,0.0013945204452046,True,0.9523809523809524,1.0,0.127231662827492,0.2750170405613062,0.1316844851565891,0.9991969807025612,0.985,0.0287143992260098
cleveland,va_long_beach,cleveland -> va_long_beach,6,reliability_gated_sfda,-0.0010720310313333,0.0010720310313333,True,0.9761904761904764,1.0,0.0229396918709916,0.0496093233555893,0.0241866745389895,0.9999885744711507,0.9983333333333334,0.0040296375006437
cleveland,va_long_beach,cleveland -> va_long_beach,6,conservative_candidate,0.0003976432285607,-0.0003976432285607,False,1.0,1.0,0.0079676411429393,0.0182612785469427,0.0094364252199986,0.9999892457020332,1.0,0.0015639762952923
cleveland,va_long_beach,cleveland -> va_long_beach,7,pseudo_label_sfda,-0.0008947475478498,0.0008947475478498,True,1.0,1.0,0.0996296287930077,0.2334180519505753,0.1084122494265942,0.999445213871775,0.985,0.0194503723829984
cleveland,va_long_beach,cleveland -> va_long_beach,7,entropy_sfda,-0.0006213478308895,0.0006213478308895,True,0.9761904761904764,0.6666666666666666,0.1240275934390324,0.2941586754799937,0.141675862520147,0.998777625229295,0.9833333333333334,0.032671602834016
cleveland,va_long_beach,cleveland -> va_long_beach,7,reliability_gated_sfda,-0.0009647406435549,0.0009647406435549,True,1.0,1.0,0.0233501446070744,0.0538688368183648,0.0260097616260052,0.9999738267256472,0.9933333333333334,0.0038244231790304
cleveland,va_long_beach,cleveland -> va_long_beach,7,conservative_candidate,0.0005034829962462,-0.0005034829962462,False,1.0,1.0,0.0102836605845283,0.0246621025884815,0.0119235942185882,0.9999860726429708,0.995,0.0019822492077946
cleveland,va_long_beach,cleveland -> va_long_beach,8,pseudo_label_sfda,-0.0018201803419827,0.0018201803419827,True,0.9761904761904764,1.0,0.0998693213791047,0.2532980458918609,0.11803259750233,0.9993293652718614,0.9916666666666666,0.028350038062781
cleveland,va_long_beach,cleveland -> va_long_beach,8,entropy_sfda,-0.0030386257006906,0.0030386257006906,True,0.9761904761904764,1.0,0.1002933568669106,0.2601636032317765,0.1295356083364009,0.9990289011336224,0.9933333333333332,0.0306667451933026
cleveland,va_long_beach,cleveland -> va_long_beach,8,reliability_gated_sfda,-0.000958917143513,0.000958917143513,True,1.0,1.0,0.0213737200572681,0.0516289820389647,0.0249998580352738,0.9999893255227076,0.9983333333333334,0.0034739926084876
cleveland,va_long_beach,cleveland -> va_long_beach,8,conservative_candidate,0.0007107873302619,-0.0007107873302619,False,1.0,1.0,0.0092183105136805,0.0260301850306859,0.012731320582705,0.9999785843447476,1.0,0.0038985231146216
cleveland,va_long_beach,cleveland -> va_long_beach,9,pseudo_label_sfda,0.0001741965557012,-0.0001741965557012,False,1.0,1.0,0.0785718459486781,0.2092101955434191,0.101215304213142,0.9990719391378912,0.9866666666666666,0.0321543703228235
cleveland,va_long_beach,cleveland -> va_long_beach,9,entropy_sfda,-0.0004660866225138,0.0004660866225138,True,0.9761904761904764,0.6666666666666666,0.0941159423936725,0.2594947402027173,0.132301293788698,0.9975847042631988,0.9633333333333334,0.0374343069829046
cleveland,va_long_beach,cleveland -> va_long_beach,9,reliability_gated_sfda,-0.0011551567240962,0.0011551567240962,True,1.0,1.0,0.0234570258610784,0.0578915349541057,0.0280738297300591,0.9999795448185612,0.9983333333333334,0.0042348919995129
cleveland,va_long_beach,cleveland -> va_long_beach,9,conservative_candidate,0.0005797685628633,-0.0005797685628633,False,1.0,1.0,0.0076529689934985,0.0227238749415846,0.0107156829219724,0.9999837659243386,0.995,0.0029513631016015
hungary,cleveland,hungary -> cleveland,0,pseudo_label_sfda,-0.0023886622153493,0.0023886622153493,True,1.0,1.0,0.211097239357723,0.673880813175658,0.3293420309988482,0.9983702351177508,0.966996699669967,0.0362653261566958
hungary,cleveland,hungary -> cleveland,0,entropy_sfda,-0.0078148266064691,0.0078148266064691,True,0.9761904761904764,1.0,0.230321956165645,0.7175533854498269,0.3581194670946706,0.9973133166896954,0.9394939493949396,0.0484452695976143
hungary,cleveland,hungary -> cleveland,0,reliability_gated_sfda,0.000256564060171,-0.000256564060171,False,1.0,1.0,0.025548449260946,0.083049481171287,0.0383917334259397,0.9999314689418364,0.992299229922992,0.0048731618158199
hungary,cleveland,hungary -> cleveland,0,conservative_candidate,-0.0002147086011198,0.0002147086011198,True,1.0,1.0,0.0048291337177317,0.0219519228644502,0.0101278778814913,0.9999735037827522,0.9944994499449944,0.0020808302997165
hungary,cleveland,hungary -> cleveland,1,pseudo_label_sfda,-0.0042142458605991,0.0042142458605991,True,0.9761904761904764,0.6666666666666666,0.2199559480948673,0.7142039588592759,0.3518591136029231,0.9988429042913696,0.966996699669967,0.0365846189962263
hungary,cleveland,hungary -> cleveland,1,entropy_sfda,-0.0082220419813804,0.0082220419813804,True,0.9761904761904764,0.6666666666666666,0.1959149438520158,0.6608349671801305,0.3277074962769148,0.9970862934179828,0.943894389438944,0.0457999724187817
hungary,cleveland,hungary -> cleveland,1,reliability_gated_sfda,2.483384696053137e-05,-2.483384696053137e-05,False,1.0,1.0,0.021212102269764,0.0723365881087326,0.0341198295381456,0.9999741146422674,0.9977997799779976,0.0040363845578318
hungary,cleveland,hungary -> cleveland,1,conservative_candidate,-0.0002508783203713,0.0002508783203713,True,1.0,1.0,0.0046013303730573,0.0220318567009701,0.0102647256511702,0.9999793749076786,0.9988998899889988,0.0019961837248833
hungary,cleveland,hungary -> cleveland,2,pseudo_label_sfda,-0.0027381039946097,0.0027381039946097,True,0.9047619047619048,1.0,0.2273376675119932,0.7430306113306065,0.3589924810250878,0.9984325504770548,0.9702970297029704,0.0374280419046975
hungary,cleveland,hungary -> cleveland,2,entropy_sfda,-0.0089595785127581,0.0089595785127581,True,0.9285714285714288,1.0,0.2316401094095958,0.763252026531587,0.3667799281150654,0.9969682553795548,0.958195819581958,0.0538204507717844
hungary,cleveland,hungary -> cleveland,2,reliability_gated_sfda,0.0002887944331855,-0.0002887944331855,False,0.9047619047619048,1.0,0.0261801842719014,0.0870774315913793,0.0400366023228932,0.9999223183716356,0.9944994499449946,0.0050393072857518
hungary,cleveland,hungary -> cleveland,2,conservative_candidate,0.0001112950502391,-0.0001112950502391,False,1.0,1.0,0.0059327654495972,0.0244056032132611,0.011150240241408,0.9999711653191165,0.997799779977998,0.0016800953081437
hungary,cleveland,hungary -> cleveland,3,pseudo_label_sfda,-0.0053938312577105,0.0053938312577105,True,0.9761904761904764,0.6666666666666666,0.2220223426852155,0.7803037021842564,0.3593891320255883,0.9978385779574848,0.965896589658966,0.043715270737143
hungary,cleveland,hungary -> cleveland,3,entropy_sfda,-0.011205735686913,0.011205735686913,True,0.9285714285714288,0.6666666666666666,0.2227204495745521,0.7911133239269397,0.3701247248189127,0.9956737521710262,0.943894389438944,0.0587052623218804
hungary,cleveland,hungary -> cleveland,3,reliability_gated_sfda,5.855666428464246e-05,-5.855666428464246e-05,False,1.0,1.0,0.0229185751874932,0.0851007470072584,0.0380722376932079,0.9999317846818756,0.992299229922992,0.0049092818371238
hungary,cleveland,hungary -> cleveland,3,conservative_candidate,6.204851467239703e-06,-6.204851467239703e-06,False,1.0,1.0,0.0041842605379649,0.0234398501533037,0.0107836341771839,0.9999817409958932,0.9977997799779976,0.0018037251433474
hungary,cleveland,hungary -> cleveland,4,pseudo_label_sfda,-0.0032434570837547,0.0032434570837547,True,0.9761904761904764,1.0,0.2205116487669198,0.6966220860052723,0.3404161140833338,0.9988695114275622,0.9691969196919692,0.0362796101307269
hungary,cleveland,hungary -> cleveland,4,entropy_sfda,-0.008538365336092,0.008538365336092,True,0.9761904761904764,1.0,0.2514504455901839,0.8134827562541549,0.3896274261292165,0.9966575567409868,0.946094609460946,0.0520100756164136
hungary,cleveland,hungary -> cleveland,4,reliability_gated_sfda,0.0002196416578713,-0.0002196416578713,False,1.0,1.0,0.0253697142198428,0.0824206722325879,0.038444109831574,0.9999509093593892,0.9944994499449946,0.0046951193854261
hungary,cleveland,hungary -> cleveland,4,conservative_candidate,-7.808965426958636e-05,7.808965426958636e-05,True,1.0,1.0,0.0038470096743563,0.0166208048490576,0.0075306413253282,0.9999873256210992,0.9977997799779976,0.0012285748293789
hungary,cleveland,hungary -> cleveland,5,pseudo_label_sfda,-0.0059666891973707,0.0059666891973707,True,0.9523809523809524,0.6666666666666666,0.2035943825519086,0.6181564010892382,0.30074403046505,0.9987129192999648,0.9691969196919692,0.0370367567912481
hungary,cleveland,hungary -> cleveland,5,entropy_sfda,-0.0112451053871518,0.0112451053871518,True,0.9761904761904764,0.6666666666666666,0.2036359195386074,0.63440990310019,0.3113286776320814,0.996660152619866,0.9405940594059404,0.0509171024358311
hungary,cleveland,hungary -> cleveland,5,reliability_gated_sfda,0.0002259860890755,-0.0002259860890755,False,1.0,1.0,0.0212711950635251,0.0679368120471204,0.0313571363459781,0.9999561432041504,0.9922992299229924,0.0041090186144357
hungary,cleveland,hungary -> cleveland,5,conservative_candidate,5.367254239663222e-07,-5.367254239663222e-07,False,1.0,1.0,0.0033765169520142,0.0163292176488413,0.0076574179802511,0.9999866576180412,0.997799779977998,0.0010192049390608
hungary,cleveland,hungary -> cleveland,6,pseudo_label_sfda,-0.0024925856602137,0.0024925856602137,True,0.9523809523809524,1.0,0.2159576306423511,0.6926556324332982,0.3444257948324482,0.997790467236516,0.965896589658966,0.0406721497028328
hungary,cleveland,hungary -> cleveland,6,entropy_sfda,-0.0057807626492615,0.0057807626492615,True,0.9523809523809524,1.0,0.2604524752870323,0.8434972079374845,0.4196065253410153,0.9941272559087408,0.935093509350935,0.0627300355425135
hungary,cleveland,hungary -> cleveland,6,reliability_gated_sfda,2.994517416993192e-05,-2.994517416993192e-05,False,0.9761904761904764,1.0,0.0249666735823831,0.0845940254015172,0.0400259603764895,0.999928423115687,0.9955995599559956,0.00487011229687
hungary,cleveland,hungary -> cleveland,6,conservative_candidate,-2.1280270024542917e-05,2.1280270024542917e-05,True,1.0,1.0,0.005498965246089,0.0225088675802013,0.0103976146193419,0.9999762525906114,0.997799779977998,0.0013823110991381
hungary,cleveland,hungary -> cleveland,7,pseudo_label_sfda,-0.006595451045814,0.006595451045814,True,1.0,1.0,0.2295272586944147,0.7718274854664187,0.3614939351598153,0.9985291100842354,0.9548954895489548,0.0409355560984622
hungary,cleveland,hungary -> cleveland,7,entropy_sfda,-0.012125964326587,0.012125964326587,True,1.0,1.0,0.2387424303805917,0.8201338293899167,0.3827261470252555,0.9959660049663408,0.9218921892189218,0.0559669734615058
hungary,cleveland,hungary -> cleveland,7,reliability_gated_sfda,0.0001420047607031,-0.0001420047607031,False,1.0,1.0,0.022306522423019,0.0789473229864531,0.0373474275684493,0.9999541506574446,0.9867986798679867,0.0046536456547652
hungary,cleveland,hungary -> cleveland,7,conservative_candidate,-3.9161182802505135e-05,3.9161182802505135e-05,True,1.0,1.0,0.0038540347210986,0.0194427680314922,0.0091004864292583,0.999985344660556,0.9933993399339934,0.0013199929830313
hungary,cleveland,hungary -> cleveland,8,pseudo_label_sfda,-0.0031487853868912,0.0031487853868912,True,1.0,1.0,0.2244231346742194,0.6679574261354063,0.3238505767185249,0.9984878030966404,0.9680968096809682,0.0396102916437013
hungary,cleveland,hungary -> cleveland,8,entropy_sfda,-0.0096540638611746,0.0096540638611746,True,0.9761904761904764,0.6666666666666666,0.2582479053558839,0.7828167068849148,0.3735473607068601,0.9957357975623532,0.9427942794279428,0.0582267492487043
hungary,cleveland,hungary -> cleveland,8,reliability_gated_sfda,0.0002982805711988,-0.0002982805711988,False,1.0,1.0,0.0261639517951373,0.0829533443618304,0.0369518999192399,0.9999136473491802,0.992299229922992,0.0051350340911067
hungary,cleveland,hungary -> cleveland,8,conservative_candidate,8.57122082700279e-05,-8.57122082700279e-05,False,1.0,1.0,0.0060150146689181,0.0258956412333453,0.0115848998526801,0.9999632430152756,0.9911991199119912,0.0016166173204435
hungary,cleveland,hungary -> cleveland,9,pseudo_label_sfda,-0.0041466492473041,0.0041466492473041,True,1.0,1.0,0.2339912486643884,0.7578657289647855,0.3567518906899985,0.999003670613832,0.968096809680968,0.0392919234507302
hungary,cleveland,hungary -> cleveland,9,entropy_sfda,-0.0086555635368353,0.0086555635368353,True,0.9761904761904764,1.0,0.2237905313431027,0.7320135247820344,0.3411922811340759,0.9976340115414948,0.9405940594059408,0.054547898409882
hungary,cleveland,hungary -> cleveland,9,reliability_gated_sfda,-3.476019392073537e-06,3.476019392073537e-06,True,1.0,1.0,0.0227354772252123,0.0756271066241457,0.0340589295414126,0.9999666104064246,0.9977997799779976,0.0041079655191292
hungary,cleveland,hungary -> cleveland,9,conservative_candidate,-7.957149615969716e-05,7.957149615969716e-05,True,1.0,1.0,0.0038179941766072,0.0176642481831252,0.0081254557490737,0.9999858961203836,0.9988998899889988,0.0011137553579834
hungary,switzerland,hungary -> switzerland,0,pseudo_label_sfda,0.0087718815548026,-0.0087718815548026,False,1.0,1.0,0.060041014369357,0.1935923671267304,0.0973905337896992,0.9996064351624868,0.989159891598916,0.0186702846511592
hungary,switzerland,hungary -> switzerland,0,entropy_sfda,0.0025298159142786,-0.0025298159142786,False,1.0,1.0,0.0980365734717976,0.3067943685952733,0.1560853758718202,0.9995052159486318,0.9864498644986448,0.0222847739885735
hungary,switzerland,hungary -> switzerland,0,reliability_gated_sfda,-0.004740865296656,0.004740865296656,True,1.0,1.0,0.0194751234744866,0.0626886567892719,0.0339997122098114,0.9999637220704494,0.9972899728997288,0.0049640214661272
hungary,switzerland,hungary -> switzerland,0,conservative_candidate,-0.0008465773221327,0.0008465773221327,True,1.0,1.0,0.002633572675403,0.0126553245567398,0.0061407796499311,0.9999933591153528,0.9972899728997288,0.0013547320433748
hungary,switzerland,hungary -> switzerland,1,pseudo_label_sfda,0.0057505623513706,-0.0057505623513706,False,1.0,1.0,0.0435600406161416,0.1287216846596892,0.063968026752302,0.9998802859155388,0.994579945799458,0.012122630739842
hungary,switzerland,hungary -> switzerland,1,entropy_sfda,0.007089962394238,-0.007089962394238,False,1.0,1.0,0.0981460846004289,0.2897125593241308,0.14257804330437,0.9996625263467172,0.983739837398374,0.0214564829943625
hungary,switzerland,hungary -> switzerland,1,reliability_gated_sfda,-0.0036923609077797,0.0036923609077797,True,1.0,1.0,0.021155311363582,0.0621890429351989,0.0319281214085944,0.9999816548892828,1.0,0.0045529190541767
hungary,switzerland,hungary -> switzerland,1,conservative_candidate,0.0009791305273167,-0.0009791305273167,False,1.0,1.0,0.0036373584509695,0.0135403177298688,0.0064829220228985,0.999993381844629,1.0,0.0013261418335321
hungary,switzerland,hungary -> switzerland,2,pseudo_label_sfda,0.0022566665369186,-0.0022566665369186,False,1.0,1.0,0.0711582859318816,0.2100449131703647,0.104984134717284,0.9995661785336404,1.0,0.015465768432714
hungary,switzerland,hungary -> switzerland,2,entropy_sfda,0.0114866335300754,-0.0114866335300754,False,0.9285714285714288,1.0,0.0971151106809199,0.2892327978275065,0.1435437357446937,0.9989845026277384,0.994579945799458,0.0276325861885537
hungary,switzerland,hungary -> switzerland,2,reliability_gated_sfda,-0.0045156657158948,0.0045156657158948,True,0.9761904761904764,1.0,0.0216506380229637,0.0645723906052408,0.0344182104154544,0.9999570829591018,1.0,0.0051145306447657
hungary,switzerland,hungary -> switzerland,2,conservative_candidate,0.0025956555553169,-0.0025956555553169,False,1.0,1.0,0.004732873285398,0.0180474195395669,0.0089395084425377,0.9999875221177884,0.9972899728997288,0.0031357178297953
hungary,switzerland,hungary -> switzerland,3,pseudo_label_sfda,0.0049157494996785,-0.0049157494996785,False,1.0,1.0,0.0471728306156665,0.1418387294771025,0.0673891102171435,0.9996121311784918,0.983739837398374,0.0138256326620656
hungary,switzerland,hungary -> switzerland,3,entropy_sfda,-0.0002891258341641,0.0002891258341641,True,0.9761904761904764,0.6666666666666666,0.0917457041372727,0.2731854244998985,0.1328057977532747,0.9992402000385724,0.9810298102981028,0.0193453381458918
hungary,switzerland,hungary -> switzerland,3,reliability_gated_sfda,-0.0049621272179032,0.0049621272179032,True,1.0,1.0,0.023053441878778,0.0673983671210918,0.0333266062196447,0.9999632905652632,0.994579945799458,0.0054578923779289
hungary,switzerland,hungary -> switzerland,3,conservative_candidate,0.0027798925406863,-0.0027798925406863,False,1.0,1.0,0.004170860123268,0.018747212698507,0.0094527565227319,0.9999836925690788,0.9972899728997288,0.003224919572836
hungary,switzerland,hungary -> switzerland,4,pseudo_label_sfda,0.0067327686475885,-0.0067327686475885,False,1.0,1.0,0.0587963840140518,0.172342868482058,0.0808181415482907,0.9997248469959712,0.991869918699187,0.0158921112798578
hungary,switzerland,hungary -> switzerland,4,entropy_sfda,0.0043140276724508,-0.0043140276724508,False,1.0,1.0,0.1097152219077291,0.3222346818509958,0.1563233866129645,0.9992547086518678,0.994579945799458,0.0229330381181666
hungary,switzerland,hungary -> switzerland,4,reliability_gated_sfda,-0.0030518789058121,0.0030518789058121,True,1.0,1.0,0.0235655458094271,0.0698108650172295,0.0341780354184578,0.9999684443884492,0.9972899728997288,0.004609678637206
hungary,switzerland,hungary -> switzerland,4,conservative_candidate,0.0018226271631189,-0.0018226271631189,False,1.0,1.0,0.0023531530760489,0.0138355035314003,0.0068714660025261,0.9999899434105688,1.0,0.0021754693451935
hungary,switzerland,hungary -> switzerland,5,pseudo_label_sfda,-0.0008930414439716,0.0008930414439716,True,1.0,1.0,0.0360965567657284,0.1012031458279428,0.0493902380961818,0.9998642953885732,0.994579945799458,0.0075585997201562
hungary,switzerland,hungary -> switzerland,5,entropy_sfda,-0.0015588761345257,0.0015588761345257,True,1.0,1.0,0.0936022697167578,0.260490535175176,0.1302837950425427,0.9992107650685118,0.991869918699187,0.0193005030959602
hungary,switzerland,hungary -> switzerland,5,reliability_gated_sfda,-0.0032715956088872,0.0032715956088872,True,1.0,1.0,0.0198038813215712,0.0562478374559441,0.0288576776569551,0.9999515930875316,1.0,0.0043546267580695
hungary,switzerland,hungary -> switzerland,5,conservative_candidate,0.002302454088521,-0.002302454088521,False,1.0,1.0,0.0047326584224257,0.0191770798308543,0.0099723024040401,0.9999812198288396,1.0,0.002759785762405
hungary,switzerland,hungary -> switzerland,6,pseudo_label_sfda,-0.0025670137403606,0.0025670137403606,True,1.0,1.0,0.0448487090553815,0.1124908103416172,0.0558662654069939,0.9999077702366262,0.9972899728997288,0.0082523165255542
hungary,switzerland,hungary -> switzerland,6,entropy_sfda,-0.0015610101556549,0.0015610101556549,True,1.0,1.0,0.1144456852973617,0.285769324809513,0.140420265358872,0.9993614789753408,0.991869918699187,0.0211874799484886
hungary,switzerland,hungary -> switzerland,6,reliability_gated_sfda,-0.0034877863967084,0.0034877863967084,True,1.0,1.0,0.0257132298113759,0.0637660035929253,0.0322167166296002,0.9999714701680515,1.0,0.004834449842451
hungary,switzerland,hungary -> switzerland,6,conservative_candidate,0.0025090799084373,-0.0025090799084373,False,1.0,1.0,0.0063166527916891,0.0208284798722442,0.0106445027209159,0.9999672948505908,0.9972899728997288,0.0029187499568229
hungary,switzerland,hungary -> switzerland,7,pseudo_label_sfda,-0.0006988998373498,0.0006988998373498,True,1.0,1.0,0.0475049395185807,0.1384610499000434,0.0685655355702311,0.9998069363893092,0.986449864498645,0.0103168899450844
hungary,switzerland,hungary -> switzerland,7,entropy_sfda,0.0017714382454264,-0.0017714382454264,False,1.0,1.0,0.0991988511611212,0.287061608715156,0.1406563476869271,0.999310507058269,0.9810298102981028,0.0215134009476599
hungary,switzerland,hungary -> switzerland,7,reliability_gated_sfda,-0.0047354041722728,0.0047354041722728,True,1.0,1.0,0.0222309758413119,0.0621903640924468,0.0322162822715273,0.9999756782927812,0.994579945799458,0.0051452753747381
hungary,switzerland,hungary -> switzerland,7,conservative_candidate,0.0028580761479657,-0.0028580761479657,False,1.0,1.0,0.0063497374343544,0.0221010954908972,0.0114223234992426,0.9999828116293712,0.9972899728997288,0.0033261829881164
hungary,switzerland,hungary -> switzerland,8,pseudo_label_sfda,-0.0031398026904886,0.0031398026904886,True,1.0,1.0,0.0459013037888794,0.1260212543512922,0.0647970234123722,0.9998806767074692,0.994579945799458,0.0084472878010777
hungary,switzerland,hungary -> switzerland,8,entropy_sfda,0.0003990902071038,-0.0003990902071038,False,1.0,1.0,0.1017296644692452,0.2794200460929704,0.1434871087247166,0.9995833740114426,0.9810298102981028,0.0192149292707927
hungary,switzerland,hungary -> switzerland,8,reliability_gated_sfda,-0.0041115539309093,0.0041115539309093,True,1.0,1.0,0.0235161842176162,0.0650188019265449,0.0339742408526124,0.9999706564226848,0.9972899728997288,0.0050691900759693
hungary,switzerland,hungary -> switzerland,8,conservative_candidate,0.0022843415575867,-0.0022843415575867,False,1.0,1.0,0.004030387024104,0.0159647778087319,0.00838536860069,0.9999857858430594,0.9972899728997288,0.0027261945472015
hungary,switzerland,hungary -> switzerland,9,pseudo_label_sfda,0.0025566325134699,-0.0025566325134699,False,1.0,1.0,0.0618054788551741,0.1813413387418718,0.0884230582868822,0.9997951553501132,0.97289972899729,0.0133742776706935
hungary,switzerland,hungary -> switzerland,9,entropy_sfda,0.0024112498852617,-0.0024112498852617,False,1.0,1.0,0.0873788990333451,0.266954692446781,0.1338748998720545,0.9995508665435894,0.97289972899729,0.0190144293313103
hungary,switzerland,hungary -> switzerland,9,reliability_gated_sfda,-0.0055526778219186,0.0055526778219186,True,1.0,1.0,0.0203538921410352,0.0613487770120531,0.032556046391379,0.9999698127966372,0.991869918699187,0.0056273779127655
hungary,switzerland,hungary -> switzerland,9,conservative_candidate,0.0015072634544273,-0.0015072634544273,False,1.0,1.0,0.0037613822354572,0.0163375697032656,0.0080975045727782,0.9999877341027632,0.997289972899729,0.0019349538213838
hungary,va_long_beach,hungary -> va_long_beach,0,pseudo_label_sfda,0.0039258782496117,-0.0039258782496117,False,1.0,1.0,0.1044918091052325,0.3186141355003928,0.1583785420775771,0.9990174565873404,0.975,0.0269868560880422
hungary,va_long_beach,hungary -> va_long_beach,0,entropy_sfda,-0.012206070753854,0.012206070753854,True,1.0,1.0,0.1756750334152247,0.5111850120985764,0.2629861417780389,0.9989870052859472,0.9733333333333332,0.0320146180316805
hungary,va_long_beach,hungary -> va_long_beach,0,reliability_gated_sfda,-0.0027140585693477,0.0027140585693477,True,1.0,1.0,0.024376443161828,0.0691358610909082,0.0358611339437711,0.9999833997046542,0.9966666666666666,0.0050079911202192
hungary,va_long_beach,hungary -> va_long_beach,0,conservative_candidate,-0.000198586936474,0.000198586936474,True,1.0,1.0,0.0047545229809062,0.0174247124162502,0.0085713755062508,0.999985121061726,0.995,0.0013417889364063
hungary,va_long_beach,hungary -> va_long_beach,1,pseudo_label_sfda,0.0021406067789698,-0.0021406067789698,False,1.0,1.0,0.1080440977833014,0.2885536205149037,0.1416170281083088,0.9996367075612278,0.995,0.0217233978584408
hungary,va_long_beach,hungary -> va_long_beach,1,entropy_sfda,-0.0124516113160387,0.0124516113160387,True,1.0,1.0,0.1826550890079784,0.4830856186984693,0.2514875802039382,0.999189645509743,0.99,0.0318952771648764
hungary,va_long_beach,hungary -> va_long_beach,1,reliability_gated_sfda,-0.0026032683156628,0.0026032683156628,True,1.0,1.0,0.0260852556812824,0.0696332007402816,0.035247369882657,0.999982060858151,0.9966666666666668,0.0051783696562051
hungary,va_long_beach,hungary -> va_long_beach,1,conservative_candidate,0.000157810563397,-0.000157810563397,False,1.0,1.0,0.0024228552154206,0.0131657702306484,0.0063250725032327,0.9999907971698024,0.9983333333333334,0.0009118238650262
hungary,va_long_beach,hungary -> va_long_beach,2,pseudo_label_sfda,0.0029709091279298,-0.0029709091279298,False,1.0,1.0,0.1013802906699279,0.2889023938290984,0.1467994620874112,0.999237483014996,0.9866666666666666,0.0252814599592238
hungary,va_long_beach,hungary -> va_long_beach,2,entropy_sfda,-0.0113257716998862,0.0113257716998862,True,1.0,1.0,0.1790078102557288,0.4958221418021821,0.2576962388621663,0.9986684375462744,0.9883333333333332,0.034176792949438
hungary,va_long_beach,hungary -> va_long_beach,2,reliability_gated_sfda,-0.0029959160887247,0.0029959160887247,True,1.0,1.0,0.025296140542737,0.0691546638262661,0.0358213419271354,0.9999857538889028,1.0,0.0054587329924106
hungary,va_long_beach,hungary -> va_long_beach,2,conservative_candidate,0.0006674267843845,-0.0006674267843845,False,1.0,1.0,0.0037849721983547,0.0158858669317123,0.0078775627226249,0.9999830137759774,0.9983333333333332,0.0023618507292121
hungary,va_long_beach,hungary -> va_long_beach,3,pseudo_label_sfda,0.0008095470576078,-0.0008095470576078,False,0.9285714285714288,1.0,0.1245294135611324,0.3371353996944162,0.1633169847122563,0.999216121005625,0.9866666666666666,0.0251764880400151
hungary,va_long_beach,hungary -> va_long_beach,3,entropy_sfda,-0.0156587925085277,0.0156587925085277,True,0.9761904761904764,1.0,0.1717397190155039,0.4664662359531576,0.2376375283447446,0.9988974385164328,0.975,0.0340749169979244
hungary,va_long_beach,hungary -> va_long_beach,3,reliability_gated_sfda,-0.0030131218291757,0.0030131218291757,True,1.0,1.0,0.0248065317452103,0.0673342198952923,0.0336582197979897,0.9999805311483452,0.9966666666666666,0.0055100116319954
hungary,va_long_beach,hungary -> va_long_beach,3,conservative_candidate,0.0009040738749742,-0.0009040738749742,False,1.0,1.0,0.0031031659576548,0.018056000451761,0.0087296167782846,0.9999764624439116,0.9966666666666666,0.0023350066877901
hungary,va_long_beach,hungary -> va_long_beach,4,pseudo_label_sfda,0.0036702576386508,-0.0036702576386508,False,1.0,1.0,0.1096023628714214,0.3135345716971642,0.153621129241368,0.9996746257447672,0.9833333333333332,0.0234918127674609
hungary,va_long_beach,hungary -> va_long_beach,4,entropy_sfda,-0.014772166127731,0.014772166127731,True,0.9761904761904764,1.0,0.1875321191726322,0.5371949023839988,0.2717653151156149,0.9993095563833174,0.9833333333333332,0.0322341008111834
hungary,va_long_beach,hungary -> va_long_beach,4,reliability_gated_sfda,-0.0026169963790571,0.0026169963790571,True,1.0,1.0,0.0284935216153091,0.0821535690730456,0.0394037884613116,0.9999793607511588,1.0,0.005122986221686
hungary,va_long_beach,hungary -> va_long_beach,4,conservative_candidate,0.0008624148839778,-0.0008624148839778,False,1.0,1.0,0.0042657109315485,0.0190959883025789,0.0094534781002372,0.999985132003896,0.9966666666666666,0.0023622886184602
hungary,va_long_beach,hungary -> va_long_beach,5,pseudo_label_sfda,-0.0039372422141214,0.0039372422141214,True,1.0,1.0,0.0858080110887721,0.2156558718867381,0.1083115979908162,0.9998058515074468,0.995,0.0161372100654989
hungary,va_long_beach,hungary -> va_long_beach,5,entropy_sfda,-0.0177728415504634,0.0177728415504634,True,0.9761904761904764,1.0,0.1767338998393187,0.4406413815591804,0.2299969130508961,0.999279374626164,0.99,0.0341155915148556
hungary,va_long_beach,hungary -> va_long_beach,5,reliability_gated_sfda,-0.0023249763636713,0.0023249763636713,True,1.0,1.0,0.0248256430003041,0.0625271511216123,0.0305030117373562,0.9999682920912798,0.9966666666666666,0.0049217402748763
hungary,va_long_beach,hungary -> va_long_beach,5,conservative_candidate,0.0010146678005815,-0.0010146678005815,False,1.0,1.0,0.0033392412036562,0.0175758769930689,0.0089261161936981,0.9999764952532508,0.995,0.0024708900228142
hungary,va_long_beach,hungary -> va_long_beach,6,pseudo_label_sfda,-0.0046464715354712,0.0046464715354712,True,1.0,1.0,0.1027454722299719,0.2479308305601444,0.1230695282364323,0.9997484793235316,0.9916666666666666,0.0174620334338396
hungary,va_long_beach,hungary -> va_long_beach,6,entropy_sfda,-0.0172795279136258,0.0172795279136258,True,1.0,1.0,0.2041674342409753,0.4953788065491721,0.2560229327477576,0.9989652647218584,0.9816666666666666,0.0374405144527554
hungary,va_long_beach,hungary -> va_long_beach,6,reliability_gated_sfda,-0.0031726609673988,0.0031726609673988,True,1.0,1.0,0.0300387747067702,0.0723377901443746,0.0360341040774218,0.9999605656104468,0.99,0.0059787621907889
hungary,va_long_beach,hungary -> va_long_beach,6,conservative_candidate,0.000722078217373,-0.000722078217373,False,1.0,1.0,0.0051432232950081,0.0181492646160563,0.0085806447696347,0.9999706822161084,0.9966666666666668,0.0020775234606117
hungary,va_long_beach,hungary -> va_long_beach,7,pseudo_label_sfda,0.0001121792291573,-0.0001121792291573,False,1.0,1.0,0.1053609680313521,0.2861053810242447,0.1370382402380034,0.9995464456552888,0.985,0.0204906776361167
hungary,va_long_beach,hungary -> va_long_beach,7,entropy_sfda,-0.0179607202631081,0.0179607202631081,True,1.0,1.0,0.1898739136213887,0.5066692680952838,0.263743479459838,0.9988221118791972,0.9616666666666668,0.0363889574771747
hungary,va_long_beach,hungary -> va_long_beach,7,reliability_gated_sfda,-0.0034840836407238,0.0034840836407238,True,1.0,1.0,0.027212404670548,0.0735856618756588,0.0366153833272294,0.9999779311253084,1.0,0.0059245115239173
hungary,va_long_beach,hungary -> va_long_beach,7,conservative_candidate,0.0013074291400581,-0.0013074291400581,False,1.0,1.0,0.0048441183041676,0.020914345432684,0.0102932784504561,0.9999786847413966,0.9983333333333334,0.0026991454791277
hungary,va_long_beach,hungary -> va_long_beach,8,pseudo_label_sfda,-0.0001067584777011,0.0001067584777011,True,1.0,1.0,0.0926552981807555,0.2458798818492232,0.1216749381355176,0.9996654158867004,0.985,0.0184367412235587
hungary,va_long_beach,hungary -> va_long_beach,8,entropy_sfda,-0.0216238519656382,0.0216238519656382,True,1.0,1.0,0.1906340382371965,0.5036597002477811,0.2684367507931599,0.999011779189461,0.98,0.0382680911850184
hungary,va_long_beach,hungary -> va_long_beach,8,reliability_gated_sfda,-0.0025935439320961,0.0025935439320961,True,1.0,1.0,0.0269871421445602,0.0715550462422925,0.036592767889806,0.9999806079892356,0.9916666666666666,0.0054351220652461
hungary,va_long_beach,hungary -> va_long_beach,8,conservative_candidate,0.0006924695957799,-0.0006924695957799,False,1.0,1.0,0.0035619416862335,0.0173099011546764,0.0087988468483481,0.999975867903016,0.9916666666666666,0.0021290091797709
hungary,va_long_beach,hungary -> va_long_beach,9,pseudo_label_sfda,0.002930787686736,-0.002930787686736,False,0.9285714285714288,1.0,0.1033393081106695,0.2832511576492061,0.1380074777754855,0.9994700194298024,0.9833333333333334,0.0234013689588755
hungary,va_long_beach,hungary -> va_long_beach,9,entropy_sfda,-0.0184198149560698,0.0184198149560698,True,1.0,1.0,0.1726899464003659,0.4712559122887705,0.2468697335251196,0.9991613876927298,0.9866666666666666,0.0323290118435397
hungary,va_long_beach,hungary -> va_long_beach,9,reliability_gated_sfda,-0.0038438815084921,0.0038438815084921,True,1.0,1.0,0.0256435544701551,0.0701073401571921,0.0358097623958977,0.9999811046509518,0.9983333333333334,0.0062431657407432
hungary,va_long_beach,hungary -> va_long_beach,9,conservative_candidate,0.0002649615635844,-0.0002649615635844,False,1.0,1.0,0.0043916806847933,0.0170276534933509,0.0088406254313674,0.9999823117636976,0.9983333333333332,0.0012646998371928
switzerland,cleveland,switzerland -> cleveland,0,pseudo_label_sfda,-0.0575548317517078,0.0575548317517078,True,0.9761904761904764,1.0,0.2401036872475684,0.3280338846057155,0.166863259332492,0.9955825979717928,0.911991199119912,0.0541620706961099
switzerland,cleveland,switzerland -> cleveland,0,entropy_sfda,-0.0577585614521674,0.0577585614521674,True,0.9285714285714288,1.0,0.1800983329018998,0.2470501942044084,0.1202105092163593,0.9957234652132272,0.9229922992299232,0.0530056182307378
switzerland,cleveland,switzerland -> cleveland,0,reliability_gated_sfda,3.4747749677599407e-09,-3.4747749677599407e-09,False,1.0,1.0,0.0,0.0,0.0,1.0,1.0,0.0
switzerland,cleveland,switzerland -> cleveland,0,conservative_candidate,3.4747749677599407e-09,-3.4747749677599407e-09,False,1.0,1.0,0.0,0.0,0.0,1.0,1.0,0.0
switzerland,cleveland,switzerland -> cleveland,1,pseudo_label_sfda,-0.0628688155097959,0.0628688155097959,True,0.9047619047619048,0.6666666666666666,0.2937420458369961,0.5418456329621387,0.2637024882492087,0.9932852795199284,0.9284928492849284,0.0540405897417477
switzerland,cleveland,switzerland -> cleveland,1,entropy_sfda,-0.0612932395172209,0.0612932395172209,True,0.9047619047619048,0.6666666666666666,0.2254507762637901,0.432986161447585,0.2019857742109714,0.9925772757629818,0.9273927392739274,0.0520431493768597
switzerland,cleveland,switzerland -> cleveland,1,reliability_gated_sfda,-3.6125424873745255e-10,3.6125424873745255e-10,False,1.0,1.0,0.0,0.0,0.0,1.0,1.0,0.0
switzerland,cleveland,switzerland -> cleveland,1,conservative_candidate,-3.6125424873745255e-10,3.6125424873745255e-10,False,1.0,1.0,0.0,0.0,0.0,1.0,1.0,0.0
switzerland,cleveland,switzerland -> cleveland,2,pseudo_label_sfda,-0.0521272326683709,0.0521272326683709,True,1.0,1.0,0.2711719531407822,0.3828590561487583,0.1910380679151022,0.9953323861526931,0.924092409240924,0.0484586761336122
switzerland,cleveland,switzerland -> cleveland,2,entropy_sfda,-0.0521978406463672,0.0521978406463672,True,1.0,1.0,0.2046723384647286,0.3011936554846843,0.1484772519681343,0.994848538850734,0.9097909790979098,0.0478109203942931
switzerland,cleveland,switzerland -> cleveland,2,reliability_gated_sfda,7.853009742486705e-09,-7.853009742486705e-09,False,1.0,1.0,0.0,0.0,0.0,1.0,1.0,0.0
switzerland,cleveland,switzerland -> cleveland,2,conservative_candidate,7.853009742486705e-09,-7.853009742486705e-09,False,1.0,1.0,0.0,0.0,0.0,1.0,1.0,0.0
switzerland,cleveland,switzerland -> cleveland,3,pseudo_label_sfda,-0.0525442866429373,0.0525442866429373,True,0.9523809523809524,0.6666666666666666,0.2769967087488331,0.4296853752303853,0.2046866859463858,0.9968071109737076,0.946094609460946,0.0471604442832493
switzerland,cleveland,switzerland -> cleveland,3,entropy_sfda,-0.044180834952045,0.044180834952045,True,0.9523809523809524,0.6666666666666666,0.1858876150402167,0.2971219430163136,0.1346127748265824,0.9967506793461796,0.9471947194719472,0.0395211178084017
switzerland,cleveland,switzerland -> cleveland,3,reliability_gated_sfda,2.5515526913544302e-09,-2.5515526913544302e-09,False,1.0,1.0,0.0,0.0,0.0,1.0,1.0,0.0
switzerland,cleveland,switzerland -> cleveland,3,conservative_candidate,2.5515526913544302e-09,-2.5515526913544302e-09,False,1.0,1.0,0.0,0.0,0.0,1.0,1.0,0.0
switzerland,cleveland,switzerland -> cleveland,4,pseudo_label_sfda,-0.0589393920774992,0.0589393920774992,True,0.9761904761904764,0.6666666666666666,0.2133180337850192,0.4052799653800321,0.1946163042359169,0.996663491704418,0.933993399339934,0.053229802119063
switzerland,cleveland,switzerland -> cleveland,4,entropy_sfda,-0.0641727475518643,0.0641727475518643,True,0.9047619047619048,0.6666666666666666,0.1597517219079287,0.3064267176574239,0.143079158823508,0.9972921510612022,0.933993399339934,0.0561840247006306
switzerland,cleveland,switzerland -> cleveland,4,reliability_gated_sfda,-5.158496407808855e-10,5.158496407808855e-10,False,1.0,1.0,0.0,0.0,0.0,1.0,1.0,0.0
switzerland,cleveland,switzerland -> cleveland,4,conservative_candidate,-5.158496407808855e-10,5.158496407808855e-10,False,1.0,1.0,0.0,0.0,0.0,1.0,1.0,0.0
switzerland,cleveland,switzerland -> cleveland,5,pseudo_label_sfda,-0.0513734768554678,0.0513734768554678,True,1.0,1.0,0.2238831579724796,0.2542067112098755,0.1288228660125952,0.9956635138565354,0.9031903190319032,0.0471923132934192
switzerland,cleveland,switzerland -> cleveland,5,entropy_sfda,-0.0472107794929232,0.0472107794929232,True,1.0,1.0,0.1495358299573655,0.1866042894077265,0.0920041868988693,0.9909593336834416,0.88008800880088,0.0423246637822771
switzerland,cleveland,switzerland -> cleveland,5,reliability_gated_sfda,-1.7443940125705382e-08,1.7443940125705382e-08,True,1.0,1.0,0.0,0.0,0.0,1.0,1.0,0.0
switzerland,cleveland,switzerland -> cleveland,5,conservative_candidate,-1.7443940125705382e-08,1.7443940125705382e-08,True,1.0,1.0,0.0,0.0,0.0,1.0,1.0,0.0
switzerland,cleveland,switzerland -> cleveland,6,pseudo_label_sfda,-0.0599492355708624,0.0599492355708624,True,0.9047619047619048,0.6666666666666666,0.2877151435425541,0.4035210543109558,0.181947507892924,0.9888778677209796,0.9141914191419142,0.0533123606502419
switzerland,cleveland,switzerland -> cleveland,6,entropy_sfda,-0.0504457797157721,0.0504457797157721,True,0.9523809523809524,1.0,0.1563053618475784,0.2290171972007114,0.107567473358127,0.987772744427282,0.9086908690869088,0.0444075398319231
switzerland,cleveland,switzerland -> cleveland,6,reliability_gated_sfda,-3.06719736276051e-08,3.06719736276051e-08,True,1.0,1.0,0.0,0.0,0.0,1.0,1.0,0.0
switzerland,cleveland,switzerland -> cleveland,6,conservative_candidate,-3.06719736276051e-08,3.06719736276051e-08,True,1.0,1.0,0.0,0.0,0.0,1.0,1.0,0.0
switzerland,cleveland,switzerland -> cleveland,7,pseudo_label_sfda,-0.0542827315007998,0.0542827315007998,True,0.9761904761904764,0.6666666666666666,0.1984087219112231,0.2962856053736056,0.1441239878211098,0.9927623018807256,0.9306930693069309,0.0484310968874311
switzerland,cleveland,switzerland -> cleveland,7,entropy_sfda,-0.0550907386432074,0.0550907386432074,True,0.9761904761904764,0.6666666666666666,0.1393413641678329,0.2031740112466566,0.0981084889426988,0.994912020802443,0.9405940594059404,0.0479611699337219
switzerland,cleveland,switzerland -> cleveland,7,reliability_gated_sfda,-1.0288107532563371e-08,1.0288107532563371e-08,True,1.0,1.0,0.0,0.0,0.0,1.0,1.0,0.0
switzerland,cleveland,switzerland -> cleveland,7,conservative_candidate,-1.0288107532563371e-08,1.0288107532563371e-08,True,1.0,1.0,0.0,0.0,0.0,1.0,1.0,0.0
switzerland,cleveland,switzerland -> cleveland,8,pseudo_label_sfda,-0.0517556036785676,0.0517556036785676,True,0.9761904761904764,0.6666666666666666,0.190619933886171,0.3099698926277593,0.1566871961319081,0.9960624483614092,0.9625962596259624,0.0506817531270949
switzerland,cleveland,switzerland -> cleveland,8,entropy_sfda,-0.0594439897246888,0.0594439897246888,True,0.9761904761904764,0.6666666666666666,0.1686914102055382,0.28352024956478,0.1339701552518964,0.9945842582476396,0.9482948294829484,0.0560192324147366
switzerland,cleveland,switzerland -> cleveland,8,reliability_gated_sfda,-1.6519220658040012e-08,1.6519220658040012e-08,True,1.0,1.0,0.0,0.0,0.0,1.0,1.0,0.0
switzerland,cleveland,switzerland -> cleveland,8,conservative_candidate,-1.6519220658040012e-08,1.6519220658040012e-08,True,1.0,1.0,0.0,0.0,0.0,1.0,1.0,0.0
switzerland,cleveland,switzerland -> cleveland,9,pseudo_label_sfda,-0.0587512435572144,0.0587512435572144,True,0.9761904761904764,1.0,0.2796325146614924,0.4499994020950565,0.2148387646202197,0.9965461330951269,0.9427942794279428,0.0527897380759613
switzerland,cleveland,switzerland -> cleveland,9,entropy_sfda,-0.0611542891617123,0.0611542891617123,True,0.9761904761904764,1.0,0.2209725590023578,0.3686144283716029,0.1688053063815294,0.99462105130822,0.9317931793179316,0.053459350228703
switzerland,cleveland,switzerland -> cleveland,9,reliability_gated_sfda,3.4118491087919984e-08,-3.4118491087919984e-08,False,1.0,1.0,0.0,0.0,0.0,1.0,1.0,0.0
switzerland,cleveland,switzerland -> cleveland,9,conservative_candidate,3.4118491087919984e-08,-3.4118491087919984e-08,False,1.0,1.0,0.0,0.0,0.0,1.0,1.0,0.0
switzerland,hungary,switzerland -> hungary,0,pseudo_label_sfda,-0.0674876691622411,0.0674876691622411,True,1.0,1.0,0.1890156769601483,0.2712037006870553,0.1481474418190985,0.9957956439397184,0.9342403628117916,0.0495078444075422
switzerland,hungary,switzerland -> hungary,0,entropy_sfda,-0.0747227683636816,0.0747227683636816,True,1.0,1.0,0.1343326751870696,0.2565333882845464,0.1324169192396665,0.9893248393773392,0.909297052154195,0.0533627938656579
switzerland,hungary,switzerland -> hungary,0,reliability_gated_sfda,-3.6506054124085814e-08,3.6506054124085814e-08,True,1.0,1.0,0.0,0.0,0.0,1.0,1.0,0.0
switzerland,hungary,switzerland -> hungary,0,conservative_candidate,-3.6506054124085814e-08,3.6506054124085814e-08,True,1.0,1.0,0.0,0.0,0.0,1.0,1.0,0.0
switzerland,hungary,switzerland -> hungary,1,pseudo_label_sfda,-0.0697824602765568,0.0697824602765568,True,1.0,1.0,0.2734845520824186,0.4788063087082487,0.2398765112990152,0.995175209094871,0.9138321995464852,0.0491047215705015
switzerland,hungary,switzerland -> hungary,1,entropy_sfda,-0.0761947814784141,0.0761947814784141,True,0.9761904761904764,1.0,0.2441853930754438,0.4639214307552268,0.2157254815897111,0.9895277234271032,0.883219954648526,0.0525678377978655
switzerland,hungary,switzerland -> hungary,1,reliability_gated_sfda,2.1950970929829342e-08,-2.1950970929829342e-08,False,1.0,1.0,0.0,0.0,0.0,1.0,1.0,0.0
switzerland,hungary,switzerland -> hungary,1,conservative_candidate,2.1950970929829342e-08,-2.1950970929829342e-08,False,1.0,1.0,0.0,0.0,0.0,1.0,1.0,0.0
switzerland,hungary,switzerland -> hungary,2,pseudo_label_sfda,-0.0594910843657259,0.0594910843657259,True,1.0,1.0,0.2284529713222811,0.3318934997307818,0.1762050675719597,0.9979114765827722,0.9591836734693876,0.0449655923713632
switzerland,hungary,switzerland -> hungary,2,entropy_sfda,-0.0655813430122442,0.0655813430122442,True,0.9761904761904764,1.0,0.1677127073193147,0.2584726340758724,0.1397519532229852,0.995795833934873,0.9421768707482994,0.0483523548460331
switzerland,hungary,switzerland -> hungary,2,reliability_gated_sfda,-1.679741473692431e-08,1.679741473692431e-08,True,1.0,1.0,0.0,0.0,0.0,1.0,1.0,0.0
switzerland,hungary,switzerland -> hungary,2,conservative_candidate,-1.679741473692431e-08,1.679741473692431e-08,True,1.0,1.0,0.0,0.0,0.0,1.0,1.0,0.0
switzerland,hungary,switzerland -> hungary,3,pseudo_label_sfda,-0.0607434990031572,0.0607434990031572,True,0.9761904761904764,1.0,0.2350637598866785,0.3607198097797787,0.1798887748159137,0.9955429510106596,0.9297052154195012,0.0442474873698487
switzerland,hungary,switzerland -> hungary,3,entropy_sfda,-0.0599679404267677,0.0599679404267677,True,0.9285714285714288,1.0,0.1782170143218836,0.2865232560430419,0.1395039474715636,0.9924887247718164,0.9104308390022676,0.0429165819469763
switzerland,hungary,switzerland -> hungary,3,reliability_gated_sfda,6.92923635137177e-09,-6.92923635137177e-09,False,1.0,1.0,0.0,0.0,0.0,1.0,1.0,0.0
switzerland,hungary,switzerland -> hungary,3,conservative_candidate,6.92923635137177e-09,-6.92923635137177e-09,False,1.0,1.0,0.0,0.0,0.0,1.0,1.0,0.0
switzerland,hungary,switzerland -> hungary,4,pseudo_label_sfda,-0.0724362416822146,0.0724362416822146,True,1.0,1.0,0.2028154882261557,0.3906406354374042,0.1898226420808093,0.9970609975256052,0.9308390022675735,0.0514198426081209
switzerland,hungary,switzerland -> hungary,4,entropy_sfda,-0.0752384169349662,0.0752384169349662,True,0.9047619047619048,1.0,0.1555965651512272,0.3183260635177106,0.1484978024778716,0.9938605579000888,0.9251700680272108,0.0526802977737115
switzerland,hungary,switzerland -> hungary,4,reliability_gated_sfda,9.308680326558516e-09,-9.308680326558516e-09,False,1.0,1.0,0.0,0.0,0.0,1.0,1.0,0.0
switzerland,hungary,switzerland -> hungary,4,conservative_candidate,9.308680326558516e-09,-9.308680326558516e-09,False,1.0,1.0,0.0,0.0,0.0,1.0,1.0,0.0
switzerland,hungary,switzerland -> hungary,5,pseudo_label_sfda,-0.0609293248195175,0.0609293248195175,True,0.9761904761904764,1.0,0.1635533445318279,0.21457437259762,0.1246638845462424,0.9938043503593356,0.9229024943310656,0.0461321487313225
switzerland,hungary,switzerland -> hungary,5,entropy_sfda,-0.0628438573502284,0.0628438573502284,True,0.9761904761904764,1.0,0.141961752924868,0.2078786003699352,0.1068244313492677,0.9869555840004116,0.9002267573696145,0.0462427826560273
switzerland,hungary,switzerland -> hungary,5,reliability_gated_sfda,-2.1420903328905894e-08,2.1420903328905894e-08,True,1.0,1.0,0.0,0.0,0.0,1.0,1.0,0.0
switzerland,hungary,switzerland -> hungary,5,conservative_candidate,-2.1420903328905894e-08,2.1420903328905894e-08,True,1.0,1.0,0.0,0.0,0.0,1.0,1.0,0.0
switzerland,hungary,switzerland -> hungary,6,pseudo_label_sfda,-0.0721995255939884,0.0721995255939884,True,0.8333333333333335,1.0,0.2908106055823905,0.3566176033686517,0.1668150727629755,0.9862026933710452,0.9285714285714286,0.0526425258642962
switzerland,hungary,switzerland -> hungary,6,entropy_sfda,-0.0650226280426919,0.0650226280426919,True,0.8333333333333335,1.0,0.2234130909531092,0.282278432889242,0.1264052087170455,0.9820157441381716,0.9081632653061223,0.0467927774199012
switzerland,hungary,switzerland -> hungary,6,reliability_gated_sfda,9.633889241911222e-09,-9.633889241911222e-09,False,1.0,1.0,0.0,0.0,0.0,1.0,1.0,0.0
switzerland,hungary,switzerland -> hungary,6,conservative_candidate,9.633889241911222e-09,-9.633889241911222e-09,False,1.0,1.0,0.0,0.0,0.0,1.0,1.0,0.0
switzerland,hungary,switzerland -> hungary,7,pseudo_label_sfda,-0.0630140745548702,0.0630140745548702,True,0.9761904761904764,1.0,0.1906585028941735,0.2507758687483344,0.1267163369683494,0.9956485751362404,0.9648526077097508,0.0465391641165934
switzerland,hungary,switzerland -> hungary,7,entropy_sfda,-0.068719073649149,0.068719073649149,True,0.9047619047619048,1.0,0.1586172736114025,0.2223876203189277,0.1060658851694087,0.9908897056506132,0.9523809523809524,0.049377209880725
switzerland,hungary,switzerland -> hungary,7,reliability_gated_sfda,6.274572528219835e-09,-6.274572528219835e-09,False,1.0,1.0,0.0,0.0,0.0,1.0,1.0,0.0
switzerland,hungary,switzerland -> hungary,7,conservative_candidate,6.274572528219835e-09,-6.274572528219835e-09,False,1.0,1.0,0.0,0.0,0.0,1.0,1.0,0.0
switzerland,hungary,switzerland -> hungary,8,pseudo_label_sfda,-0.0657828276472367,0.0657828276472367,True,0.9523809523809524,1.0,0.2139528974949613,0.3063148011983646,0.1623753707190374,0.996478563620257,0.9421768707482994,0.0486264007837594
switzerland,hungary,switzerland -> hungary,8,entropy_sfda,-0.0730916053159399,0.0730916053159399,True,0.9523809523809524,1.0,0.2220593123008739,0.3225378086804293,0.1542858099966776,0.9907258297855636,0.9013605442176872,0.0526908630011032
switzerland,hungary,switzerland -> hungary,8,reliability_gated_sfda,1.869175025870362e-08,-1.869175025870362e-08,False,1.0,1.0,0.0,0.0,0.0,1.0,1.0,0.0
switzerland,hungary,switzerland -> hungary,8,conservative_candidate,1.869175025870362e-08,-1.869175025870362e-08,False,1.0,1.0,0.0,0.0,0.0,1.0,1.0,0.0
switzerland,hungary,switzerland -> hungary,9,pseudo_label_sfda,-0.0721042715621729,0.0721042715621729,True,1.0,1.0,0.2566470006045745,0.3746820352581028,0.1782808406186565,0.9953886643968408,0.9229024943310656,0.0510227787656848
switzerland,hungary,switzerland -> hungary,9,entropy_sfda,-0.0740112931237969,0.0740112931237969,True,0.9523809523809524,0.6666666666666666,0.1863315239316292,0.2792508468929449,0.1319051827443785,0.990696672285666,0.8809523809523809,0.0514876443107111
switzerland,hungary,switzerland -> hungary,9,reliability_gated_sfda,2.225325423932389e-09,-2.225325423932389e-09,False,1.0,1.0,0.0,0.0,0.0,1.0,1.0,0.0
switzerland,hungary,switzerland -> hungary,9,conservative_candidate,2.225325423932389e-09,-2.225325423932389e-09,False,1.0,1.0,0.0,0.0,0.0,1.0,1.0,0.0
switzerland,va_long_beach,switzerland -> va_long_beach,0,pseudo_label_sfda,-0.0173172097184778,0.0173172097184778,True,1.0,1.0,0.2161159714225305,0.3132385378990875,0.1569045610428801,0.9957610022458916,0.9516666666666664,0.0347493407130241
switzerland,va_long_beach,switzerland -> va_long_beach,0,entropy_sfda,-0.0111815280293917,0.0111815280293917,True,1.0,1.0,0.0945581417200889,0.1478811172176211,0.0742508210637178,0.997479180659317,0.9583333333333331,0.0232236894965171
switzerland,va_long_beach,switzerland -> va_long_beach,0,reliability_gated_sfda,6.37834290939665e-09,-6.37834290939665e-09,False,1.0,1.0,0.0,0.0,0.0,1.0,1.0,0.0
switzerland,va_long_beach,switzerland -> va_long_beach,0,conservative_candidate,6.37834290939665e-09,-6.37834290939665e-09,False,1.0,1.0,0.0,0.0,0.0,1.0,1.0,0.0
switzerland,va_long_beach,switzerland -> va_long_beach,1,pseudo_label_sfda,-0.0184405657689676,0.0184405657689676,True,1.0,1.0,0.2206029919619141,0.4020994335124851,0.2076194863491222,0.9950340121968124,0.9566666666666668,0.0372158750891685
switzerland,va_long_beach,switzerland -> va_long_beach,1,entropy_sfda,-0.012089615012097,0.012089615012097,True,1.0,1.0,0.095100280798964,0.2012940082789282,0.1056472341988304,0.9967928170991612,0.9633333333333334,0.0254432862997055
switzerland,va_long_beach,switzerland -> va_long_beach,1,reliability_gated_sfda,1.1973033231527095e-08,-1.1973033231527095e-08,False,1.0,1.0,0.0,0.0,0.0,1.0,1.0,0.0
switzerland,va_long_beach,switzerland -> va_long_beach,1,conservative_candidate,1.1973033231527095e-08,-1.1973033231527095e-08,False,1.0,1.0,0.0,0.0,0.0,1.0,1.0,0.0
switzerland,va_long_beach,switzerland -> va_long_beach,2,pseudo_label_sfda,-0.0164709853968849,0.0164709853968849,True,1.0,1.0,0.2742105555448212,0.4066117784771086,0.2066154752153394,0.9948506004556108,0.9333333333333332,0.032330532670021
switzerland,va_long_beach,switzerland -> va_long_beach,2,entropy_sfda,-0.0097036017040209,0.0097036017040209,True,1.0,1.0,0.1289410210775897,0.1986605276957379,0.1002979985225948,0.9969383605356508,0.9533333333333333,0.0202793022990226
switzerland,va_long_beach,switzerland -> va_long_beach,2,reliability_gated_sfda,-3.648612717510602e-09,3.648612717510602e-09,False,1.0,1.0,0.0,0.0,0.0,1.0,1.0,0.0
switzerland,va_long_beach,switzerland -> va_long_beach,2,conservative_candidate,-3.648612717510602e-09,3.648612717510602e-09,False,1.0,1.0,0.0,0.0,0.0,1.0,1.0,0.0
switzerland,va_long_beach,switzerland -> va_long_beach,3,pseudo_label_sfda,-0.0160743039937292,0.0160743039937292,True,1.0,1.0,0.2530185340320611,0.3553401260147802,0.1766422081298752,0.9952201830766928,0.9433333333333332,0.0313849261403083
switzerland,va_long_beach,switzerland -> va_long_beach,3,entropy_sfda,-0.0089393508334318,0.0089393508334318,True,1.0,1.0,0.1012032260351182,0.1532270579600299,0.0789068029346483,0.9971395158494668,0.95,0.0184167039394378
switzerland,va_long_beach,switzerland -> va_long_beach,3,reliability_gated_sfda,2.1878014400122936e-09,-2.1878014400122936e-09,False,1.0,1.0,0.0,0.0,0.0,1.0,1.0,0.0
switzerland,va_long_beach,switzerland -> va_long_beach,3,conservative_candidate,2.1878014400122936e-09,-2.1878014400122936e-09,False,1.0,1.0,0.0,0.0,0.0,1.0,1.0,0.0
switzerland,va_long_beach,switzerland -> va_long_beach,4,pseudo_label_sfda,-0.0180711715584646,0.0180711715584646,True,0.9761904761904764,1.0,0.2299519361055557,0.3935166288015898,0.1857173924490738,0.9958378456301192,0.965,0.0351852324604988
switzerland,va_long_beach,switzerland -> va_long_beach,4,entropy_sfda,-0.0114377559707047,0.0114377559707047,True,1.0,1.0,0.1073950325564855,0.1878734264032391,0.0880589149038536,0.9977491721054682,0.975,0.0233894252777099
switzerland,va_long_beach,switzerland -> va_long_beach,4,reliability_gated_sfda,-5.936346386681279e-09,5.936346386681279e-09,False,1.0,1.0,0.0,0.0,0.0,1.0,1.0,0.0
switzerland,va_long_beach,switzerland -> va_long_beach,4,conservative_candidate,-5.936346386681279e-09,5.936346386681279e-09,False,1.0,1.0,0.0,0.0,0.0,1.0,1.0,0.0
switzerland,va_long_beach,switzerland -> va_long_beach,5,pseudo_label_sfda,-0.0163855736617165,0.0163855736617165,True,0.9761904761904764,1.0,0.2193339914207919,0.2340576981400954,0.119369366959758,0.996395080156077,0.9483333333333336,0.0314895251393318
switzerland,va_long_beach,switzerland -> va_long_beach,5,entropy_sfda,-0.0087950781125088,0.0087950781125088,True,1.0,1.0,0.0902887808565628,0.096969626325881,0.0496294998335242,0.998125498284324,0.9666666666666668,0.0177498739957809
switzerland,va_long_beach,switzerland -> va_long_beach,5,reliability_gated_sfda,9.062269074044949e-09,-9.062269074044949e-09,False,1.0,1.0,0.0,0.0,0.0,1.0,1.0,0.0
switzerland,va_long_beach,switzerland -> va_long_beach,5,conservative_candidate,9.062269074044949e-09,-9.062269074044949e-09,False,1.0,1.0,0.0,0.0,0.0,1.0,1.0,0.0
switzerland,va_long_beach,switzerland -> va_long_beach,6,pseudo_label_sfda,-0.0194192024205795,0.0194192024205795,True,1.0,1.0,0.2199605876090027,0.2791548077457628,0.1308745963364396,0.9941159810898992,0.9483333333333333,0.039323690533638
switzerland,va_long_beach,switzerland -> va_long_beach,6,entropy_sfda,-0.0116027763187009,0.0116027763187009,True,1.0,1.0,0.0927739954835426,0.1297595466730854,0.0611829666238984,0.9968164735515896,0.9566666666666668,0.0245651623606681
switzerland,va_long_beach,switzerland -> va_long_beach,6,reliability_gated_sfda,5.276566961143202e-10,-5.276566961143202e-10,False,1.0,1.0,0.0,0.0,0.0,1.0,1.0,0.0
switzerland,va_long_beach,switzerland -> va_long_beach,6,conservative_candidate,5.276566961143202e-10,-5.276566961143202e-10,False,1.0,1.0,0.0,0.0,0.0,1.0,1.0,0.0
switzerland,va_long_beach,switzerland -> va_long_beach,7,pseudo_label_sfda,-0.0177066917845746,0.0177066917845746,True,0.9761904761904764,1.0,0.2341004759724911,0.2951987575617386,0.1431520043887918,0.9939141927783997,0.93,0.0331767272949218
switzerland,va_long_beach,switzerland -> va_long_beach,7,entropy_sfda,-0.0102256804817564,0.0102256804817564,True,0.9761904761904764,1.0,0.1008144633181621,0.1348798847853322,0.0691263811176842,0.9965469169289612,0.9516666666666664,0.0201396456360816
switzerland,va_long_beach,switzerland -> va_long_beach,7,reliability_gated_sfda,3.3777741409446456e-08,-3.3777741409446456e-08,False,1.0,1.0,0.0,0.0,0.0,1.0,1.0,0.0
switzerland,va_long_beach,switzerland -> va_long_beach,7,conservative_candidate,3.3777741409446456e-08,-3.3777741409446456e-08,False,1.0,1.0,0.0,0.0,0.0,1.0,1.0,0.0
switzerland,va_long_beach,switzerland -> va_long_beach,8,pseudo_label_sfda,-0.0175088879474851,0.0175088879474851,True,1.0,1.0,0.2181523021480817,0.3414488945895573,0.1688463795859516,0.9964250077485376,0.9566666666666668,0.0371159443259239
switzerland,va_long_beach,switzerland -> va_long_beach,8,entropy_sfda,-0.0110031764017076,0.0110031764017076,True,1.0,1.0,0.0971267806165945,0.1626338109804782,0.0813390209572438,0.9978256274377588,0.9616666666666666,0.0244697919487953
switzerland,va_long_beach,switzerland -> va_long_beach,8,reliability_gated_sfda,1.151129244703064e-08,-1.151129244703064e-08,False,1.0,1.0,0.0,0.0,0.0,1.0,1.0,0.0
switzerland,va_long_beach,switzerland -> va_long_beach,8,conservative_candidate,1.151129244703064e-08,-1.151129244703064e-08,False,1.0,1.0,0.0,0.0,0.0,1.0,1.0,0.0
switzerland,va_long_beach,switzerland -> va_long_beach,9,pseudo_label_sfda,-0.0179975445298036,0.0179975445298036,True,0.9523809523809524,1.0,0.2817183603662101,0.3982832840303308,0.1908649482836514,0.9955296522242258,0.9333333333333336,0.0328812938928604
switzerland,va_long_beach,switzerland -> va_long_beach,9,entropy_sfda,-0.011294314934806,0.011294314934806,True,0.9523809523809524,1.0,0.1310384694336698,0.1891411335798329,0.0930147216408497,0.9973662577579806,0.955,0.0214071807265281
switzerland,va_long_beach,switzerland -> va_long_beach,9,reliability_gated_sfda,9.17668971367469e-09,-9.17668971367469e-09,False,1.0,1.0,0.0,0.0,0.0,1.0,1.0,0.0
switzerland,va_long_beach,switzerland -> va_long_beach,9,conservative_candidate,9.17668971367469e-09,-9.17668971367469e-09,False,1.0,1.0,0.0,0.0,0.0,1.0,1.0,0.0
va_long_beach,cleveland,va_long_beach -> cleveland,0,pseudo_label_sfda,-1.116674083756486e-08,1.116674083756486e-08,True,1.0,1.0,0.0,0.0,0.0,1.0,1.0,0.0
va_long_beach,cleveland,va_long_beach -> cleveland,0,entropy_sfda,-0.0470703090712977,0.0470703090712977,True,0.9761904761904764,1.0,0.1957626264191017,0.3807838615226027,0.1811454770213868,0.9806726551573672,0.911991199119912,0.1016777804975856
va_long_beach,cleveland,va_long_beach -> cleveland,0,reliability_gated_sfda,0.0012692882000575,-0.0012692882000575,False,1.0,1.0,0.0314512828803812,0.0441576043276009,0.0205610922435367,0.9999087563723484,0.988998899889989,0.0044017489200378
va_long_beach,cleveland,va_long_beach -> cleveland,0,conservative_candidate,-3.7877134451330674e-05,3.7877134451330674e-05,True,1.0,1.0,0.0120384973646669,0.0177604709494967,0.008161100176652,0.9999727276356564,0.9955995599559956,0.0021584798203836
va_long_beach,cleveland,va_long_beach -> cleveland,1,pseudo_label_sfda,-0.0043259901997496,0.0043259901997496,True,1.0,1.0,0.0645631216120805,0.0934333694387965,0.0450192934630147,0.9992313159709442,0.988998899889989,0.0131072583961801
va_long_beach,cleveland,va_long_beach -> cleveland,1,entropy_sfda,-0.0769501584236917,0.0769501584236917,True,0.9047619047619048,0.6666666666666666,0.3697172573126544,0.6192033330927257,0.3087159903839944,0.950500854816149,0.8932893289328934,0.1298503899338221
va_long_beach,cleveland,va_long_beach -> cleveland,1,reliability_gated_sfda,0.0001367519478874,-0.0001367519478874,False,1.0,1.0,0.0311172276568589,0.0442311683785015,0.0209703135081652,0.9999061818754108,0.9955995599559956,0.0034106672793725
va_long_beach,cleveland,va_long_beach -> cleveland,1,conservative_candidate,0.0012315442843577,-0.0012315442843577,False,1.0,1.0,0.0144422416803973,0.0238107990772603,0.0124155336637295,0.9998633035134008,0.9966996699669968,0.0035355613373293
va_long_beach,cleveland,va_long_beach -> cleveland,2,pseudo_label_sfda,-0.003386177385712,0.003386177385712,True,1.0,1.0,0.0406846647138905,0.0530446219650287,0.0265728236998165,0.9998362270551504,0.9856985698569858,0.0095574584337744
va_long_beach,cleveland,va_long_beach -> cleveland,2,entropy_sfda,-0.0500677844074288,0.0500677844074288,True,0.9285714285714288,1.0,0.1938457708224275,0.2819657750682375,0.1392339949886127,0.9873147280152008,0.9163916391639164,0.0921731972851769
va_long_beach,cleveland,va_long_beach -> cleveland,2,reliability_gated_sfda,-3.3740056736952795e-05,3.3740056736952795e-05,True,1.0,1.0,0.0259713692425794,0.0328155385771577,0.0165651875815534,0.999944733769174,0.9966996699669968,0.0031804608629875
va_long_beach,cleveland,va_long_beach -> cleveland,2,conservative_candidate,0.0004841529044469,-0.0004841529044469,False,1.0,1.0,0.0084902782891654,0.0136009885120566,0.0063804561971704,0.9999676035218809,0.9977997799779976,0.0018917991973385
va_long_beach,cleveland,va_long_beach -> cleveland,3,pseudo_label_sfda,-0.0036172727134307,0.0036172727134307,True,1.0,1.0,0.0286097578634931,0.039283570576761,0.0189882600593382,0.9996840562048436,0.9856985698569858,0.0086916008404772
va_long_beach,cleveland,va_long_beach -> cleveland,3,entropy_sfda,-0.0659938166932323,0.0659938166932323,True,0.9047619047619048,1.0,0.2264880643001047,0.3220146495566773,0.1503414105242013,0.9701960754579269,0.8888888888888891,0.1050578113829735
va_long_beach,cleveland,va_long_beach -> cleveland,3,reliability_gated_sfda,-0.0005374063923607,0.0005374063923607,True,0.9761904761904764,1.0,0.0162912576229701,0.0232963896529768,0.0119468860377553,0.9998969883384776,0.9944994499449944,0.0026316916195079
va_long_beach,cleveland,va_long_beach -> cleveland,3,conservative_candidate,-0.0004604784708031,0.0004604784708031,True,1.0,1.0,0.0104001584095907,0.015518627295748,0.0076873458542484,0.9999650033620462,0.9966996699669968,0.0013215540856024
va_long_beach,cleveland,va_long_beach -> cleveland,4,pseudo_label_sfda,-0.0023944152225232,0.0023944152225232,True,1.0,1.0,0.0570890957895487,0.065489867362924,0.0313850309708916,0.999830564272332,0.988998899889989,0.0092049935469926
va_long_beach,cleveland,va_long_beach -> cleveland,4,entropy_sfda,-0.0341633374343888,0.0341633374343888,True,0.9761904761904764,0.6666666666666666,0.3547153561456689,0.427911968673083,0.2032753742261697,0.987883032421728,0.9196919691969196,0.0815428734415828
va_long_beach,cleveland,va_long_beach -> cleveland,4,reliability_gated_sfda,-0.0005368335597788,0.0005368335597788,True,1.0,1.0,0.0259586323774776,0.0292872005645909,0.0143540928259189,0.9999577192015356,0.9944994499449946,0.0034242333358663
va_long_beach,cleveland,va_long_beach -> cleveland,4,conservative_candidate,-0.0001984306517781,0.0001984306517781,True,1.0,1.0,0.0116726970729736,0.0139419939072664,0.0065033392438214,0.9999794217472234,0.9922992299229924,0.0012564322736003
va_long_beach,cleveland,va_long_beach -> cleveland,5,pseudo_label_sfda,-2.2945745303815104e-10,2.2945745303815104e-10,False,1.0,1.0,0.0,0.0,0.0,1.0,1.0,0.0
va_long_beach,cleveland,va_long_beach -> cleveland,5,entropy_sfda,-0.0379197085484855,0.0379197085484855,True,0.9761904761904764,1.0,0.1380677583288925,0.2018875291772922,0.0992700016965913,0.984030216603669,0.9328932893289328,0.0730621011147011
va_long_beach,cleveland,va_long_beach -> cleveland,5,reliability_gated_sfda,0.0006377459760551,-0.0006377459760551,False,1.0,1.0,0.0046826420068621,0.007946030537184,0.003819079483746,0.9999450626683988,0.9977997799779976,0.0016457680428382
va_long_beach,cleveland,va_long_beach -> cleveland,5,conservative_candidate,0.0006248412945942,-0.0006248412945942,False,1.0,1.0,0.0093594426863452,0.0103472911843241,0.0048594032644562,0.9999543366581096,0.9977997799779976,0.0020429710350414
va_long_beach,cleveland,va_long_beach -> cleveland,6,pseudo_label_sfda,-0.0047702490070239,0.0047702490070239,True,1.0,1.0,0.048324962275012,0.0639306469355306,0.0304584999878364,0.9996610239082002,0.979097909790979,0.0118781364593568
va_long_beach,cleveland,va_long_beach -> cleveland,6,entropy_sfda,-0.0655843200101907,0.0655843200101907,True,0.9047619047619048,1.0,0.2762057588713848,0.3692783458414017,0.1858266254555992,0.976570492888812,0.8778877887788779,0.1098049497446998
va_long_beach,cleveland,va_long_beach -> cleveland,6,reliability_gated_sfda,-0.0002816166613398,0.0002816166613398,True,0.9761904761904764,1.0,0.027855789467991,0.0365309267027823,0.0176223078228426,0.9999391518900154,0.9955995599559956,0.0038531634083675
va_long_beach,cleveland,va_long_beach -> cleveland,6,conservative_candidate,0.0006792567063038,-0.0006792567063038,False,1.0,1.0,0.0063752754562,0.0102995519387315,0.0047493214072481,0.9999799877834904,0.997799779977998,0.0018913031804679
va_long_beach,cleveland,va_long_beach -> cleveland,7,pseudo_label_sfda,-0.0003070226099732,0.0003070226099732,True,1.0,1.0,0.0084110752973311,0.0087861015899191,0.0041572074194056,0.9999710611010008,0.9988998899889988,0.0016602434144161
va_long_beach,cleveland,va_long_beach -> cleveland,7,entropy_sfda,-0.0374879115485791,0.0374879115485791,True,0.880952380952381,0.6666666666666666,0.1900835335601566,0.235609709434789,0.1150283260335652,0.989194430890556,0.9328932893289328,0.076597529669406
va_long_beach,cleveland,va_long_beach -> cleveland,7,reliability_gated_sfda,6.156529285339385e-05,-6.156529285339385e-05,False,1.0,1.0,0.0149010548162759,0.016382414155784,0.0082179248703767,0.9999650123843702,0.9966996699669968,0.0015185525511751
va_long_beach,cleveland,va_long_beach -> cleveland,7,conservative_candidate,0.0001823518712732,-0.0001823518712732,False,1.0,1.0,0.0150384438890073,0.01611746667199,0.0075720955339755,0.9999749929306478,0.9955995599559956,0.0021329239846849
va_long_beach,cleveland,va_long_beach -> cleveland,8,pseudo_label_sfda,-0.0038993534651536,0.0038993534651536,True,1.0,1.0,0.035392151499777,0.053093173685363,0.0236422839751608,0.9998769770091832,0.9911991199119912,0.0109806693229738
va_long_beach,cleveland,va_long_beach -> cleveland,8,entropy_sfda,-0.0625134230542359,0.0625134230542359,True,0.9761904761904764,1.0,0.1470300807670331,0.2740146521991786,0.1249698097941154,0.987843326654445,0.9207920792079208,0.1099559589974557
va_long_beach,cleveland,va_long_beach -> cleveland,8,reliability_gated_sfda,0.0008703343241541,-0.0008703343241541,False,1.0,1.0,0.0283111849525268,0.0427321385469191,0.0184302847262416,0.9998965126374136,0.99009900990099,0.0038146637257176
va_long_beach,cleveland,va_long_beach -> cleveland,8,conservative_candidate,0.0002984568465707,-0.0002984568465707,False,1.0,1.0,0.0062768169074389,0.0123433680866835,0.0056512926248615,0.9999719659171332,0.9944994499449946,0.001352439324061
va_long_beach,cleveland,va_long_beach -> cleveland,9,pseudo_label_sfda,-0.0031321266935062,0.0031321266935062,True,0.9761904761904764,1.0,0.0575957194230878,0.0704467881199042,0.032974978158766,0.9996122748412096,0.9845984598459848,0.0099429198027443
va_long_beach,cleveland,va_long_beach -> cleveland,9,entropy_sfda,-0.0436026454156238,0.0436026454156238,True,0.9761904761904764,1.0,0.3218024954245865,0.422740948156037,0.1936328025888745,0.9825283258205983,0.9108910891089108,0.0873615010933514
va_long_beach,cleveland,va_long_beach -> cleveland,9,reliability_gated_sfda,-0.0003023239343942,0.0003023239343942,True,1.0,1.0,0.0077899433595095,0.0132837119293405,0.0074099442325088,0.9999434908628289,0.992299229922992,0.0011982324689921
va_long_beach,cleveland,va_long_beach -> cleveland,9,conservative_candidate,-0.0001232565609241,0.0001232565609241,True,1.0,1.0,0.0101305752553285,0.014050192169619,0.0063106716133958,0.9999651506044792,0.992299229922992,0.0014148826646332
va_long_beach,hungary,va_long_beach -> hungary,0,pseudo_label_sfda,-2.3040970797971742e-09,2.3040970797971742e-09,False,1.0,1.0,0.0,0.0,0.0,1.0,1.0,0.0
va_long_beach,hungary,va_long_beach -> hungary,0,entropy_sfda,-0.0137775108681001,0.0137775108681001,True,0.9285714285714288,1.0,0.324944543615227,0.3935715243721343,0.1979278475069558,0.9897357684659572,0.9172335600907028,0.0582209319687214
va_long_beach,hungary,va_long_beach -> hungary,0,reliability_gated_sfda,0.0014783671933155,-0.0014783671933155,False,1.0,1.0,0.0343121477033731,0.0392750211083558,0.0178359446299032,0.9998706897430556,0.9931972789115646,0.0046633002506632
va_long_beach,hungary,va_long_beach -> hungary,0,conservative_candidate,-0.0003267093048134,0.0003267093048134,True,1.0,1.0,0.0185260046342789,0.0214030218304693,0.0107275164018303,0.9999248334398048,0.9943310657596374,0.0024863155115218
va_long_beach,hungary,va_long_beach -> hungary,1,pseudo_label_sfda,-0.0011207000081209,0.0011207000081209,True,1.0,1.0,0.0391525849146437,0.0416001456397783,0.0202924972968627,0.9995597165314944,0.9807256235827666,0.0064112696112418
va_long_beach,hungary,va_long_beach -> hungary,1,entropy_sfda,-0.0684499401095393,0.0684499401095393,True,0.9761904761904764,1.0,0.4580053290585932,0.5739164497659784,0.2885108255407652,0.9394233431917016,0.8582766439909297,0.1159867330067822
va_long_beach,hungary,va_long_beach -> hungary,1,reliability_gated_sfda,1.2793208282763093e-05,-1.2793208282763093e-05,False,1.0,1.0,0.0380089856051286,0.0401915551251492,0.0194932873080196,0.9998489162226638,0.9852607709750566,0.003920181166558
va_long_beach,hungary,va_long_beach -> hungary,1,conservative_candidate,0.0005106658413504,-0.0005106658413504,False,1.0,1.0,0.0177657778698825,0.0218988981862985,0.011559926962876,0.9997844084631488,0.984126984126984,0.0024154875554195
va_long_beach,hungary,va_long_beach -> hungary,2,pseudo_label_sfda,7.893229680977497e-10,-7.893229680977497e-10,False,1.0,1.0,0.0,0.0,0.0,1.0,1.0,0.0
va_long_beach,hungary,va_long_beach -> hungary,2,entropy_sfda,-0.0453600675684301,0.0453600675684301,True,0.9285714285714288,0.6666666666666666,0.258574636118947,0.3169093149955083,0.1594697792822103,0.982539773863068,0.891156462585034,0.0853207452970297
va_long_beach,hungary,va_long_beach -> hungary,2,reliability_gated_sfda,0.0003960116669199,-0.0003960116669199,False,1.0,1.0,0.0295470621744344,0.0327413397824066,0.0154861099213016,0.9998932708290278,0.9931972789115646,0.0035965830898609
va_long_beach,hungary,va_long_beach -> hungary,2,conservative_candidate,-0.0001063936360395,0.0001063936360395,True,1.0,1.0,0.0158016710255835,0.0176660827141843,0.0084381365335836,0.999956747805854,0.9943310657596371,0.0018618952254859
va_long_beach,hungary,va_long_beach -> hungary,3,pseudo_label_sfda,8.944955887102424e-09,-8.944955887102424e-09,False,1.0,1.0,0.0,0.0,0.0,1.0,1.0,0.0
va_long_beach,hungary,va_long_beach -> hungary,3,entropy_sfda,-0.0446742226863404,0.0446742226863404,True,0.8571428571428572,1.0,0.2214489167994981,0.2856241052003077,0.1400512566800682,0.9810591802061072,0.917233560090703,0.0892619734921423
va_long_beach,hungary,va_long_beach -> hungary,3,reliability_gated_sfda,0.0008264857921651,-0.0008264857921651,False,0.9761904761904764,1.0,0.0283490818569063,0.0372943626750993,0.0165903143685093,0.9998054772303532,0.9943310657596374,0.0037159690646087
va_long_beach,hungary,va_long_beach -> hungary,3,conservative_candidate,-0.0008055287240955,0.0008055287240955,True,0.9761904761904764,1.0,0.0106563145180333,0.0141075246916728,0.0069565728060643,0.9999627407297806,0.9954648526077096,0.0015126016675209
va_long_beach,hungary,va_long_beach -> hungary,4,pseudo_label_sfda,-0.0004770301461413,0.0004770301461413,True,0.9761904761904764,1.0,0.0347215227610011,0.0310816036728568,0.0143754920149422,0.9997744666888676,0.992063492063492,0.0049266971292949
va_long_beach,hungary,va_long_beach -> hungary,4,entropy_sfda,-0.0362682976799482,0.0362682976799482,True,0.8333333333333335,0.6666666666666666,0.4240132370191588,0.375649456197714,0.1765802559819394,0.9783394900941536,0.8775510204081632,0.0804057311849529
va_long_beach,hungary,va_long_beach -> hungary,4,reliability_gated_sfda,-0.0010714745812722,0.0010714745812722,True,0.9761904761904764,1.0,0.0390278395873538,0.0354722399677261,0.0168880122965995,0.9997448439256744,0.9863945578231292,0.0051667515923376
va_long_beach,hungary,va_long_beach -> hungary,4,conservative_candidate,-0.0006170136565634,0.0006170136565634,True,1.0,1.0,0.0092259837616218,0.0091572672098599,0.0046094286320683,0.9999734369611976,0.9977324263038548,0.0010606938478898
va_long_beach,hungary,va_long_beach -> hungary,5,pseudo_label_sfda,-7.247724614911632e-09,7.247724614911632e-09,False,1.0,1.0,0.0,0.0,0.0,1.0,1.0,0.0
va_long_beach,hungary,va_long_beach -> hungary,5,entropy_sfda,-0.0376569909806234,0.0376569909806234,True,0.9761904761904764,1.0,0.2038406804400379,0.207008950406944,0.1048102997724346,0.9743588243538516,0.9195011337868482,0.0687212589241209
va_long_beach,hungary,va_long_beach -> hungary,5,reliability_gated_sfda,0.0005141459994375,-0.0005141459994375,False,1.0,1.0,0.0101298446524734,0.0120396626115412,0.0061231882722569,0.9998791439929589,0.9897959183673468,0.0018538554914954
va_long_beach,hungary,va_long_beach -> hungary,5,conservative_candidate,0.0004347172910634,-0.0004347172910634,False,1.0,1.0,0.0187148836087043,0.0156373908193799,0.0079713231781388,0.999896129880691,0.9931972789115646,0.0026915888397061
va_long_beach,hungary,va_long_beach -> hungary,6,pseudo_label_sfda,-7.182330147292859e-09,7.182330147292859e-09,False,1.0,1.0,0.0,0.0,0.0,1.0,1.0,0.0
va_long_beach,hungary,va_long_beach -> hungary,6,entropy_sfda,-0.0547964660183569,0.0547964660183569,True,0.9047619047619048,1.0,0.3770479470340521,0.3791010755693471,0.1800932986373661,0.97111711590678,0.826530612244898,0.0960270656006676
va_long_beach,hungary,va_long_beach -> hungary,6,reliability_gated_sfda,0.000733037076869,-0.000733037076869,False,0.9761904761904764,1.0,0.0348454067453088,0.035401224477462,0.0165600684722586,0.9998813835505506,0.9886621315192744,0.0039995274170726
va_long_beach,hungary,va_long_beach -> hungary,6,conservative_candidate,0.0006441079885632,-0.0006441079885632,False,0.9761904761904764,1.0,0.0092725039332705,0.0106596210764154,0.0050552157671219,0.9999636284662102,0.9943310657596371,0.0018190139410447
va_long_beach,hungary,va_long_beach -> hungary,7,pseudo_label_sfda,1.0163210717450966e-08,-1.0163210717450966e-08,False,1.0,1.0,0.0,0.0,0.0,1.0,1.0,0.0
va_long_beach,hungary,va_long_beach -> hungary,7,entropy_sfda,-0.0389606414675853,0.0389606414675853,True,0.9523809523809524,1.0,0.2304559485575915,0.2044730294274832,0.0974437278364501,0.984989153576162,0.9183673469387756,0.0757873724309765
va_long_beach,hungary,va_long_beach -> hungary,7,reliability_gated_sfda,-0.0004678664518786,0.0004678664518786,True,1.0,1.0,0.0286166673255482,0.0246624921101349,0.0114557470521155,0.9998963975682152,0.9931972789115646,0.0033449888432107
va_long_beach,hungary,va_long_beach -> hungary,7,conservative_candidate,-0.0002302201389743,0.0002302201389743,True,1.0,1.0,0.0156004181234537,0.0139329239661065,0.0065851620853926,0.9999593977960162,0.9988662131519274,0.0017298888795229
va_long_beach,hungary,va_long_beach -> hungary,8,pseudo_label_sfda,-0.0021432278034342,0.0021432278034342,True,1.0,1.0,0.0271322924246966,0.0348641171492081,0.0163417942818517,0.9998851065795604,0.9931972789115646,0.007769348163183
va_long_beach,hungary,va_long_beach -> hungary,8,entropy_sfda,-0.0383128626572855,0.0383128626572855,True,0.9285714285714288,0.6666666666666666,0.2881777898607452,0.3696490029647158,0.1810400350494667,0.988403517046858,0.8673469387755102,0.0818705369217866
va_long_beach,hungary,va_long_beach -> hungary,8,reliability_gated_sfda,0.0011530483615386,-0.0011530483615386,False,1.0,1.0,0.0315791692264026,0.0418038987329069,0.0183012898848339,0.9998351251369434,0.9931972789115646,0.0043640121513483
va_long_beach,hungary,va_long_beach -> hungary,8,conservative_candidate,0.0004892342794825,-0.0004892342794825,False,1.0,1.0,0.0111469304129004,0.0167284905915689,0.0080427405081266,0.9999051909582368,0.992063492063492,0.0018258633054032
va_long_beach,hungary,va_long_beach -> hungary,9,pseudo_label_sfda,-0.0014092791287766,0.0014092791287766,True,1.0,1.0,0.0480038815142587,0.038931555952932,0.0186646162697958,0.9995850792506216,0.9818594104308392,0.0060945029566888
va_long_beach,hungary,va_long_beach -> hungary,9,entropy_sfda,-0.0444807842028948,0.0444807842028948,True,0.9761904761904764,1.0,0.4011492075305026,0.3545662550051765,0.168497553223798,0.9622389573749296,0.8514739229024945,0.0832355328563119
va_long_beach,hungary,va_long_beach -> hungary,9,reliability_gated_sfda,-0.0005671245029666,0.0005671245029666,True,1.0,1.0,0.0254597412558185,0.0212091194538083,0.0103451471322149,0.9998790353567448,0.9875283446712018,0.0026589423215308
va_long_beach,hungary,va_long_beach -> hungary,9,conservative_candidate,-0.0004374410529348,0.0004374410529348,True,1.0,1.0,0.0163898340072017,0.0138605452171912,0.0067816572277324,0.9999081543984436,0.992063492063492,0.0016668084121885
va_long_beach,switzerland,va_long_beach -> switzerland,0,pseudo_label_sfda,-3.79759798607715e-09,3.79759798607715e-09,False,1.0,1.0,0.0,0.0,0.0,1.0,1.0,0.0
va_long_beach,switzerland,va_long_beach -> switzerland,0,entropy_sfda,0.0228954125045685,-0.0228954125045685,False,0.9761904761904764,0.6666666666666666,0.0391355846077991,0.0994282655045015,0.0489330515495094,0.9976241860012128,0.9376693766937668,0.044785902267549
va_long_beach,switzerland,va_long_beach -> switzerland,0,reliability_gated_sfda,9.744463629902944e-05,-9.744463629902944e-05,False,1.0,1.0,0.0173748460633265,0.0240706003958148,0.0124140089773697,0.9999284748271664,0.983739837398374,0.0021980639880265
va_long_beach,switzerland,va_long_beach -> switzerland,0,conservative_candidate,-0.0005104331329217,0.0005104331329217,True,1.0,1.0,0.0089259906483815,0.0133418757412062,0.0061924198751782,0.9999775689660978,0.994579945799458,0.0017672232011469
va_long_beach,switzerland,va_long_beach -> switzerland,1,pseudo_label_sfda,-4.4092397372130784e-09,4.4092397372130784e-09,False,1.0,1.0,0.0,0.0,0.0,1.0,1.0,0.0
va_long_beach,switzerland,va_long_beach -> switzerland,1,entropy_sfda,0.0207875500954451,-0.0207875500954451,False,0.9523809523809524,0.6666666666666666,0.0972078650387276,0.1526255010171664,0.0697325001267868,0.9953361318972356,0.964769647696477,0.0480602957853456
va_long_beach,switzerland,va_long_beach -> switzerland,1,reliability_gated_sfda,-4.4092397372130784e-09,4.4092397372130784e-09,False,1.0,1.0,0.0,0.0,0.0,1.0,1.0,0.0
va_long_beach,switzerland,va_long_beach -> switzerland,1,conservative_candidate,-4.4092397372130784e-09,4.4092397372130784e-09,False,1.0,1.0,0.0,0.0,0.0,1.0,1.0,0.0
va_long_beach,switzerland,va_long_beach -> switzerland,2,pseudo_label_sfda,3.7059163515706924e-09,-3.7059163515706924e-09,False,1.0,1.0,0.0,0.0,0.0,1.0,1.0,0.0
va_long_beach,switzerland,va_long_beach -> switzerland,2,entropy_sfda,0.0201981993141092,-0.0201981993141092,False,1.0,1.0,0.0470805013052066,0.0985931760213803,0.0493270231766313,0.9965588245945562,0.948509485094851,0.0414856386378528
va_long_beach,switzerland,va_long_beach -> switzerland,2,reliability_gated_sfda,0.0003676510664004,-0.0003676510664004,False,1.0,1.0,0.015171808627649,0.0240924776444851,0.0115049399430274,0.9999217621235538,0.986449864498645,0.0020090949729206
va_long_beach,switzerland,va_long_beach -> switzerland,2,conservative_candidate,-0.0004376331250533,0.0004376331250533,True,1.0,1.0,0.006983871083486,0.0106809544346832,0.0050073748964768,0.9999832459030312,0.997289972899729,0.0013377351489493
va_long_beach,switzerland,va_long_beach -> switzerland,3,pseudo_label_sfda,4.943429415815714e-09,-4.943429415815714e-09,False,1.0,1.0,0.0,0.0,0.0,1.0,1.0,0.0
va_long_beach,switzerland,va_long_beach -> switzerland,3,entropy_sfda,0.0230109377854781,-0.0230109377854781,False,1.0,1.0,0.0452454130284789,0.1079903859965457,0.0539795260230775,0.996005166236809,0.983739837398374,0.0432625013153727
va_long_beach,switzerland,va_long_beach -> switzerland,3,reliability_gated_sfda,0.0012411298078715,-0.0012411298078715,False,1.0,1.0,0.0125750560790435,0.0209302189113688,0.0103811192204062,0.99992273628797,1.0,0.0028183205825526
va_long_beach,switzerland,va_long_beach -> switzerland,3,conservative_candidate,0.0007104978308479,-0.0007104978308479,False,1.0,1.0,0.0089378265350126,0.0134743711668957,0.0067889465981058,0.999982974055324,1.0,0.0013494855020104
va_long_beach,switzerland,va_long_beach -> switzerland,4,pseudo_label_sfda,-1.1910795821856723e-09,1.1910795821856723e-09,False,1.0,1.0,0.0,0.0,0.0,1.0,1.0,0.0
va_long_beach,switzerland,va_long_beach -> switzerland,4,entropy_sfda,0.0201685281174298,-0.0201685281174298,False,1.0,1.0,0.1066057068400332,0.1474674091642371,0.0690675709904463,0.9971096634773536,0.953929539295393,0.0435017621129508
va_long_beach,switzerland,va_long_beach -> switzerland,4,reliability_gated_sfda,0.0004226307826132,-0.0004226307826132,False,1.0,1.0,0.0074554822285754,0.0099993642078612,0.0052499495570006,0.9999735535931508,0.991869918699187,0.0011971042892797
va_long_beach,switzerland,va_long_beach -> switzerland,4,conservative_candidate,-0.0001484145948065,0.0001484145948065,True,1.0,1.0,0.0039532508906012,0.0057338441482993,0.0027263998606322,0.9999902385218298,0.991869918699187,0.0005817643510616
va_long_beach,switzerland,va_long_beach -> switzerland,5,pseudo_label_sfda,2.939058010853479e-09,-2.939058010853479e-09,False,1.0,1.0,0.0,0.0,0.0,1.0,1.0,0.0
va_long_beach,switzerland,va_long_beach -> switzerland,5,entropy_sfda,0.0144961568101275,-0.0144961568101275,False,1.0,1.0,0.037556519614454,0.0480498133352754,0.0228072988046403,0.9993494972521724,0.9701897018970188,0.0304063825103325
va_long_beach,switzerland,va_long_beach -> switzerland,5,reliability_gated_sfda,2.939058010853479e-09,-2.939058010853479e-09,False,1.0,1.0,0.0,0.0,0.0,1.0,1.0,0.0
va_long_beach,switzerland,va_long_beach -> switzerland,5,conservative_candidate,2.939058010853479e-09,-2.939058010853479e-09,False,1.0,1.0,0.0,0.0,0.0,1.0,1.0,0.0
va_long_beach,switzerland,va_long_beach -> switzerland,6,pseudo_label_sfda,5.384354295756566e-09,-5.384354295756566e-09,False,1.0,1.0,0.0,0.0,0.0,1.0,1.0,0.0
va_long_beach,switzerland,va_long_beach -> switzerland,6,entropy_sfda,0.0181412739757123,-0.0181412739757123,False,0.9761904761904764,1.0,0.0613268566215718,0.0822175571783361,0.0425250858078469,0.9983850844435124,0.97289972899729,0.0383892829825238
va_long_beach,switzerland,va_long_beach -> switzerland,6,reliability_gated_sfda,0.0001912289448312,-0.0001912289448312,False,0.9761904761904764,1.0,0.0098145056506424,0.0124974633412406,0.006750741536583,0.9999751451041892,0.9972899728997288,0.0012408046703028
va_long_beach,switzerland,va_long_beach -> switzerland,6,conservative_candidate,-0.0006429611802071,0.0006429611802071,True,1.0,1.0,0.0044560678196734,0.0061663889181345,0.0029078334577524,0.9999922350143984,1.0,0.0012699288081347
va_long_beach,switzerland,va_long_beach -> switzerland,7,pseudo_label_sfda,-1.0094699104401528e-09,1.0094699104401528e-09,False,1.0,1.0,0.0,0.0,0.0,1.0,1.0,0.0
va_long_beach,switzerland,va_long_beach -> switzerland,7,entropy_sfda,0.0163408065920935,-0.0163408065920935,False,1.0,1.0,0.0550047769874653,0.0621780600786593,0.0296130331458699,0.9991832623455624,0.9810298102981028,0.0344336500497368
va_long_beach,switzerland,va_long_beach -> switzerland,7,reliability_gated_sfda,-1.0094699104401528e-09,1.0094699104401528e-09,False,1.0,1.0,0.0,0.0,0.0,1.0,1.0,0.0
va_long_beach,switzerland,va_long_beach -> switzerland,7,conservative_candidate,-1.0094699104401528e-09,1.0094699104401528e-09,False,1.0,1.0,0.0,0.0,0.0,1.0,1.0,0.0
va_long_beach,switzerland,va_long_beach -> switzerland,8,pseudo_label_sfda,3.262422054728375e-09,-3.262422054728375e-09,False,1.0,1.0,0.0,0.0,0.0,1.0,1.0,0.0
va_long_beach,switzerland,va_long_beach -> switzerland,8,entropy_sfda,0.0235318343844661,-0.0235318343844661,False,0.9761904761904764,1.0,0.0533986183903336,0.10269295440443,0.0496866908036654,0.9974748109221508,0.951219512195122,0.0482840816664501
va_long_beach,switzerland,va_long_beach -> switzerland,8,reliability_gated_sfda,6.168590144119135e-05,-6.168590144119135e-05,False,1.0,1.0,0.0096157294950687,0.0174755496552641,0.0091662808922378,0.999907237256534,0.989159891598916,0.0014697669482812
va_long_beach,switzerland,va_long_beach -> switzerland,8,conservative_candidate,-0.0004628525991892,0.0004628525991892,True,1.0,1.0,0.0049313936734468,0.0097396681785613,0.0046000866025767,0.999983059548211,0.9972899728997288,0.0010268957149691
va_long_beach,switzerland,va_long_beach -> switzerland,9,pseudo_label_sfda,1.0414982348772026e-09,-1.0414982348772026e-09,False,1.0,1.0,0.0,0.0,0.0,1.0,1.0,0.0
va_long_beach,switzerland,va_long_beach -> switzerland,9,entropy_sfda,0.0169719972950267,-0.0169719972950267,False,1.0,1.0,0.0761165876833545,0.1003895652905016,0.0487832972078921,0.9992739835505576,0.9810298102981028,0.0386681585777096
va_long_beach,switzerland,va_long_beach -> switzerland,9,reliability_gated_sfda,1.0414982348772026e-09,-1.0414982348772026e-09,False,1.0,1.0,0.0,0.0,0.0,1.0,1.0,0.0
va_long_beach,switzerland,va_long_beach -> switzerland,9,conservative_candidate,1.0414982348772026e-09,-1.0414982348772026e-09,False,1.0,1.0,0.0,0.0,0.0,1.0,1.0,0.0
