source,target,seed,source_epochs,method,accuracy,balanced_accuracy,precision,sensitivity,specificity,f1,mcc,roc_auc,pr_auc,brier,tn,fp,fn,tp
cleveland,hungary,0,34,source_only,0.7993197278911565,0.7978221597751907,0.6942148760330579,0.7924528301886793,0.8031914893617021,0.7400881057268722,0.581169915757731,0.8741971095945404,0.826337821539274,0.1426142156124115,151,37,22,84
cleveland,hungary,0,34,pseudo_label_sfda,0.8095238095238095,0.7996286631874749,0.7232142857142857,0.7641509433962265,0.8351063829787234,0.7431192660550459,0.5925165756698846,0.8729425933360095,0.8250591090868753,0.14454502868740562,157,31,25,81
cleveland,hungary,0,34,entropy_sfda,0.8095238095238095,0.7955138498594941,0.7314814814814815,0.7452830188679245,0.8457446808510638,0.7383177570093458,0.5886692397938273,0.8722902448815737,0.8227558073459101,0.14253516843523906,159,29,27,79
cleveland,hungary,0,34,reliability_gated_sfda,0.7959183673469388,0.7931051786431152,0.6916666666666667,0.7830188679245284,0.8031914893617021,0.7345132743362832,0.5726906563115207,0.873896025692493,0.8257956775398907,0.14270738590565893,151,37,23,83
cleveland,hungary,0,34,conservative_candidate,0.7959183673469388,0.7931051786431152,0.6916666666666667,0.7830188679245284,0.8031914893617021,0.7345132743362832,0.5726906563115207,0.8737454837414693,0.8254779737908458,0.14215532592183264,151,37,23,83
cleveland,switzerland,0,34,source_only,0.7723577235772358,0.6456521739130434,0.9578947368421052,0.7913043478260869,0.5,0.8666666666666667,0.1713168427447863,0.775,0.9811255809577883,0.14868010580539703,4,4,24,91
cleveland,switzerland,0,34,pseudo_label_sfda,0.7804878048780488,0.65,0.9583333333333334,0.8,0.5,0.8720379146919431,0.17873008824606015,0.7749999999999999,0.9811529061024953,0.1414908778405227,4,4,23,92
cleveland,switzerland,0,34,entropy_sfda,0.7886178861788617,0.6543478260869565,0.9587628865979382,0.808695652173913,0.5,0.8773584905660378,0.1864454911778977,0.7728260869565218,0.9809407797746577,0.13797011305580187,4,4,22,93
cleveland,switzerland,0,34,reliability_gated_sfda,0.7723577235772358,0.6456521739130434,0.9578947368421052,0.7913043478260869,0.5,0.8666666666666667,0.1713168427447863,0.7760869565217392,0.9812928668869991,0.1518395264802541,4,4,24,91
cleveland,switzerland,0,34,conservative_candidate,0.7723577235772358,0.6456521739130434,0.9578947368421052,0.7913043478260869,0.5,0.8666666666666667,0.1713168427447863,0.775,0.9810598495877092,0.14732153746040244,4,4,24,91
cleveland,va_long_beach,0,34,source_only,0.75,0.6516646927227266,0.8193548387096774,0.8523489932885906,0.45098039215686275,0.8355263157894737,0.3166070647818646,0.7223976839057771,0.8775444785232398,0.17915938794612885,23,28,22,127
cleveland,va_long_beach,0,34,pseudo_label_sfda,0.755,0.6550203974207133,0.8205128205128205,0.8590604026845637,0.45098039215686275,0.839344262295082,0.3262183798157361,0.7210817212791157,0.8769736806459807,0.1799926972998992,23,28,21,128
cleveland,va_long_beach,0,34,entropy_sfda,0.755,0.6550203974207133,0.8205128205128205,0.8590604026845637,0.45098039215686275,0.839344262295082,0.3262183798157361,0.7184497960257928,0.8754196200646642,0.18117351748987898,23,28,21,128
cleveland,va_long_beach,0,34,reliability_gated_sfda,0.75,0.6516646927227266,0.8193548387096774,0.8523489932885906,0.45098039215686275,0.8355263157894737,0.3166070647818646,0.7229240689564417,0.8777939668265398,0.1802836444908613,23,28,22,127
cleveland,va_long_beach,0,34,conservative_candidate,0.75,0.6516646927227266,0.8193548387096774,0.8523489932885906,0.45098039215686275,0.8355263157894737,0.3166070647818646,0.722266087643111,0.8775076174005368,0.17875573767128267,23,28,22,127
cleveland,hungary,1,34,source_only,0.7993197278911565,0.7978221597751907,0.6942148760330579,0.7924528301886793,0.8031914893617021,0.7400881057268722,0.581169915757731,0.88031914893617,0.843666557239936,0.13577963411808014,151,37,22,84
cleveland,hungary,1,34,pseudo_label_sfda,0.8061224489795918,0.7990264953833802,0.7130434782608696,0.7735849056603774,0.824468085106383,0.7420814479638009,0.588431736791661,0.8790144520272983,0.8419618789697474,0.13843455758854234,155,33,24,82
cleveland,hungary,1,34,entropy_sfda,0.8197278911564626,0.8055499799277399,0.7476635514018691,0.7547169811320755,0.8563829787234043,0.7511737089201878,0.6098617846919162,0.8777599357687677,0.8390898435291246,0.1367395139630002,161,27,26,80
cleveland,hungary,1,34,reliability_gated_sfda,0.8027210884353742,0.8004817342432757,0.7,0.7924528301886793,0.8085106382978723,0.7433628318584071,0.5871035182320469,0.8800180650341228,0.8434662042202941,0.13604082310811735,152,36,22,84
cleveland,hungary,1,34,conservative_candidate,0.8061224489795918,0.8031413087113609,0.7058823529411765,0.7924528301886793,0.8138297872340425,0.7466666666666667,0.5930816253631543,0.8797169811320755,0.8432119633331152,0.13546233772537328,153,35,22,84
cleveland,switzerland,1,34,source_only,0.7804878048780488,0.65,0.9583333333333334,0.8,0.5,0.8720379146919431,0.17873008824606015,0.7326086956521739,0.9734935481553044,0.1487627923488617,4,4,23,92
cleveland,switzerland,1,34,pseudo_label_sfda,0.7886178861788617,0.6543478260869565,0.9587628865979382,0.808695652173913,0.5,0.8773584905660378,0.1864454911778977,0.7315217391304347,0.9731457220683479,0.1398264006802796,4,4,22,93
cleveland,switzerland,1,34,entropy_sfda,0.7967479674796748,0.6005434782608696,0.95,0.8260869565217391,0.375,0.8837209302325582,0.12717855807198916,0.7293478260869566,0.9729849422730357,0.13544138621980753,3,5,20,95
cleveland,switzerland,1,34,reliability_gated_sfda,0.7723577235772358,0.6456521739130434,0.9578947368421052,0.7913043478260869,0.5,0.8666666666666667,0.1713168427447863,0.7293478260869566,0.9732394068010712,0.1510695864954462,4,4,24,91
cleveland,switzerland,1,34,conservative_candidate,0.7804878048780488,0.65,0.9583333333333334,0.8,0.5,0.8720379146919431,0.17873008824606015,0.7293478260869566,0.9729395520487925,0.14761625803743442,4,4,23,92
cleveland,va_long_beach,1,34,source_only,0.75,0.6516646927227266,0.8193548387096774,0.8523489932885906,0.45098039215686275,0.8355263157894737,0.3166070647818646,0.7298986708777471,0.8869484968082141,0.17564663290977478,23,28,22,127
cleveland,va_long_beach,1,34,pseudo_label_sfda,0.76,0.6583761021186998,0.821656050955414,0.8657718120805369,0.45098039215686275,0.8431372549019608,0.3360576716027745,0.727003553099092,0.8861136408974091,0.17663724045788654,23,28,20,129
cleveland,va_long_beach,1,34,entropy_sfda,0.76,0.6583761021186998,0.821656050955414,0.8657718120805369,0.45098039215686275,0.8431372549019608,0.3360576716027745,0.7291090933017503,0.8872080850225198,0.1773326014253746,23,28,20,129
cleveland,va_long_beach,1,34,reliability_gated_sfda,0.75,0.6516646927227266,0.8193548387096774,0.8523489932885906,0.45098039215686275,0.8355263157894737,0.3166070647818646,0.7310830372417424,0.887323182618124,0.1766679375014211,23,28,22,127
cleveland,va_long_beach,1,34,conservative_candidate,0.75,0.6516646927227266,0.8193548387096774,0.8523489932885906,0.45098039215686275,0.8355263157894737,0.3166070647818646,0.7288459007764181,0.8865384485272351,0.17558216318831568,23,28,22,127
cleveland,hungary,2,34,source_only,0.8027210884353742,0.7984243275792855,0.7033898305084746,0.7830188679245284,0.8138297872340425,0.7410714285714286,0.584653749629388,0.8765054195102369,0.829643943359995,0.1385558545589447,153,35,23,83
cleveland,hungary,2,34,pseudo_label_sfda,0.8197278911564626,0.8076073865917303,0.7431192660550459,0.7641509433962265,0.851063829787234,0.7534883720930232,0.611588766413377,0.876756322761943,0.8292594733384401,0.13888117261079658,160,28,25,81
cleveland,hungary,2,34,entropy_sfda,0.8163265306122449,0.7967181854676837,0.7549019607843137,0.7264150943396226,0.8670212765957447,0.7403846153846154,0.5986256438652958,0.8753010839020474,0.8272319429515738,0.13711732597554996,163,25,29,77
cleveland,hungary,2,34,reliability_gated_sfda,0.7993197278911565,0.79370734644721,0.7008547008547008,0.7735849056603774,0.8138297872340425,0.7354260089686099,0.5762316365683036,0.8761541549578483,0.8290801398898017,0.1386898366215516,153,35,24,82
cleveland,hungary,2,34,conservative_candidate,0.8027210884353742,0.796366920915295,0.7068965517241379,0.7735849056603774,0.8191489361702128,0.7387387387387387,0.5823077701655898,0.875853071055801,0.8288326283718381,0.13840407612556038,154,34,24,82
cleveland,switzerland,2,34,source_only,0.7642276422764228,0.6413043478260869,0.9574468085106383,0.782608695652174,0.5,0.861244019138756,0.16417858509099698,0.7478260869565218,0.9770384769176663,0.1554579734802246,4,4,25,90
cleveland,switzerland,2,34,pseudo_label_sfda,0.7723577235772358,0.6456521739130434,0.9578947368421052,0.7913043478260869,0.5,0.8666666666666667,0.1713168427447863,0.7445652173913043,0.9762538801923899,0.151510770471144,4,4,24,91
cleveland,switzerland,2,34,entropy_sfda,0.7886178861788617,0.6543478260869565,0.9587628865979382,0.808695652173913,0.5,0.8773584905660378,0.1864454911778977,0.7510869565217391,0.9776712697241452,0.14483272976509798,4,4,22,93
cleveland,switzerland,2,34,reliability_gated_sfda,0.7642276422764228,0.6413043478260869,0.9574468085106383,0.782608695652174,0.5,0.861244019138756,0.16417858509099698,0.75,0.977463478345049,0.15879134640979725,4,4,25,90
cleveland,switzerland,2,34,conservative_candidate,0.7723577235772358,0.6456521739130434,0.9578947368421052,0.7913043478260869,0.5,0.8666666666666667,0.1713168427447863,0.7478260869565218,0.9770384769176663,0.15344638497959337,4,4,24,91
cleveland,va_long_beach,2,34,source_only,0.755,0.6550203974207133,0.8205128205128205,0.8590604026845637,0.45098039215686275,0.839344262295082,0.3262183798157361,0.7131859455191472,0.8797158234462253,0.17956161499023438,23,28,21,128
cleveland,va_long_beach,2,34,pseudo_label_sfda,0.76,0.6583761021186998,0.821656050955414,0.8657718120805369,0.45098039215686275,0.8431372549019608,0.3360576716027745,0.7141071193578102,0.878775494841804,0.17972614644344864,23,28,20,129
cleveland,va_long_beach,2,34,entropy_sfda,0.76,0.6583761021186998,0.821656050955414,0.8657718120805369,0.45098039215686275,0.8431372549019608,0.3360576716027745,0.7134491380444795,0.8785363008707117,0.17998018782628122,23,28,20,129
cleveland,va_long_beach,2,34,reliability_gated_sfda,0.755,0.6550203974207133,0.8205128205128205,0.8590604026845637,0.45098039215686275,0.839344262295082,0.3262183798157361,0.713843926832478,0.879923403332293,0.18063908318802718,23,28,21,128
cleveland,va_long_beach,2,34,conservative_candidate,0.76,0.6583761021186998,0.821656050955414,0.8657718120805369,0.45098039215686275,0.8431372549019608,0.3360576716027745,0.7133175417818133,0.8796915089838379,0.17898260846007447,23,28,20,129
cleveland,hungary,3,34,source_only,0.7925170068027211,0.7925030108390205,0.6829268292682927,0.7924528301886793,0.7925531914893617,0.7336244541484717,0.5694316244062086,0.8740465676435166,0.8285416486673262,0.14281512796878815,149,39,22,84
cleveland,hungary,3,34,pseudo_label_sfda,0.8095238095238095,0.7934564431955038,0.7358490566037735,0.7358490566037735,0.851063829787234,0.7358490566037735,0.5869128863910076,0.8718386190285026,0.8262081289065247,0.14269177224956753,160,28,28,78
cleveland,hungary,3,34,entropy_sfda,0.8197278911564626,0.8014351665997591,0.7572815533980582,0.7358490566037735,0.8670212765957447,0.7464114832535885,0.6067649342285645,0.8706844640706544,0.8234590773385897,0.14197815197262234,163,25,28,78
cleveland,hungary,3,34,reliability_gated_sfda,0.7959183673469388,0.7951625853071056,0.6885245901639344,0.7924528301886793,0.7978723404255319,0.7368421052631579,0.5752796609400899,0.8737956643918104,0.8272441622917287,0.14309372271997364,150,38,22,84
cleveland,hungary,3,34,conservative_candidate,0.7959183673469388,0.7951625853071056,0.6885245901639344,0.7924528301886793,0.7978723404255319,0.7368421052631579,0.5752796609400899,0.8736451224407868,0.8270651646420614,0.14283065186450408,150,38,22,84
cleveland,switzerland,3,34,source_only,0.7723577235772358,0.6456521739130434,0.9578947368421052,0.7913043478260869,0.5,0.8666666666666667,0.1713168427447863,0.7608695652173912,0.9802214693525183,0.15165184438228607,4,4,24,91
cleveland,switzerland,3,34,pseudo_label_sfda,0.7886178861788617,0.6543478260869565,0.9587628865979382,0.808695652173913,0.5,0.8773584905660378,0.1864454911778977,0.7608695652173912,0.9802090542288016,0.1452732507842151,4,4,22,93
cleveland,switzerland,3,34,entropy_sfda,0.7967479674796748,0.6586956521739131,0.9591836734693877,0.8173913043478261,0.5,0.8826291079812206,0.1944938600044083,0.7630434782608696,0.9804032626936867,0.14537292015819725,4,4,21,94
cleveland,switzerland,3,34,reliability_gated_sfda,0.7723577235772358,0.6456521739130434,0.9578947368421052,0.7913043478260869,0.5,0.8666666666666667,0.1713168427447863,0.7608695652173912,0.9802214693525183,0.1546204463546645,4,4,24,91
cleveland,switzerland,3,34,conservative_candidate,0.7804878048780488,0.65,0.9583333333333334,0.8,0.5,0.8720379146919431,0.17873008824606015,0.7608695652173912,0.9802214693525183,0.1496882512063817,4,4,23,92
cleveland,va_long_beach,3,34,source_only,0.75,0.6516646927227266,0.8193548387096774,0.8523489932885906,0.45098039215686275,0.8355263157894737,0.3166070647818646,0.7245032241084354,0.8815667531652595,0.17874565720558167,23,28,22,127
cleveland,va_long_beach,3,34,pseudo_label_sfda,0.755,0.6550203974207133,0.8205128205128205,0.8590604026845637,0.45098039215686275,0.839344262295082,0.3262183798157361,0.7277931306750889,0.8819505353716692,0.17910485269367135,23,28,21,128
cleveland,va_long_beach,3,34,entropy_sfda,0.755,0.6550203974207133,0.8205128205128205,0.8590604026845637,0.45098039215686275,0.839344262295082,0.3262183798157361,0.7302934596657454,0.8832136867708675,0.1805596995283634,23,28,21,128
cleveland,va_long_beach,3,34,reliability_gated_sfda,0.75,0.6516646927227266,0.8193548387096774,0.8523489932885906,0.45098039215686275,0.8355263157894737,0.3166070647818646,0.725161205421766,0.8816130635168686,0.17961928244369615,23,28,22,127
cleveland,va_long_beach,3,34,conservative_candidate,0.755,0.6550203974207133,0.8205128205128205,0.8590604026845637,0.45098039215686275,0.839344262295082,0.3262183798157361,0.7264771680484275,0.882197224578194,0.1780982168034366,23,28,21,128
cleveland,hungary,4,34,source_only,0.8027210884353742,0.796366920915295,0.7068965517241379,0.7735849056603774,0.8191489361702128,0.7387387387387387,0.5823077701655898,0.8766057808109193,0.8356169693754021,0.14282217621803284,154,34,24,82
cleveland,hungary,4,34,pseudo_label_sfda,0.8095238095238095,0.7996286631874749,0.7232142857142857,0.7641509433962265,0.8351063829787234,0.7431192660550459,0.5925165756698846,0.8775592131674026,0.8360327854392142,0.14400166560284522,157,31,25,81
cleveland,hungary,4,34,entropy_sfda,0.8095238095238095,0.7934564431955038,0.7358490566037735,0.7358490566037735,0.851063829787234,0.7358490566037735,0.5869128863910076,0.8759534323564833,0.8335172523098908,0.14193034376523128,160,28,28,78
cleveland,hungary,4,34,reliability_gated_sfda,0.8027210884353742,0.796366920915295,0.7068965517241379,0.7735849056603774,0.8191489361702128,0.7387387387387387,0.5823077701655898,0.8765556001605781,0.8349338768803948,0.1431931937166547,154,34,24,82
cleveland,hungary,4,34,conservative_candidate,0.8027210884353742,0.796366920915295,0.7068965517241379,0.7735849056603774,0.8191489361702128,0.7387387387387387,0.5823077701655898,0.8766559614612606,0.8354543273270136,0.1425438876011728,154,34,24,82
cleveland,switzerland,4,34,source_only,0.7560975609756098,0.5788043478260869,0.9473684210526315,0.782608695652174,0.375,0.8571428571428571,0.09269008282833588,0.7695652173913043,0.9807985186873374,0.14902323484420776,3,5,25,90
cleveland,switzerland,4,34,pseudo_label_sfda,0.7642276422764228,0.5831521739130434,0.9479166666666666,0.7913043478260869,0.375,0.8625592417061612,0.09907863587553334,0.7706521739130435,0.9808960044422159,0.13552954600964537,3,5,24,91
cleveland,switzerland,4,34,entropy_sfda,0.7723577235772358,0.5875,0.9484536082474226,0.8,0.375,0.8679245283018868,0.10569621154803355,0.7717391304347827,0.9810817330832682,0.13658415651733113,3,5,23,92
cleveland,switzerland,4,34,reliability_gated_sfda,0.7560975609756098,0.5788043478260869,0.9473684210526315,0.782608695652174,0.375,0.8571428571428571,0.09269008282833588,0.7684782608695653,0.9807090823395925,0.1516926598990433,3,5,25,90
cleveland,switzerland,4,34,conservative_candidate,0.7560975609756098,0.5788043478260869,0.9473684210526315,0.782608695652174,0.375,0.8571428571428571,0.09269008282833588,0.7695652173913043,0.980780785618388,0.14680901040365382,3,5,25,90
cleveland,va_long_beach,4,34,source_only,0.75,0.6516646927227266,0.8193548387096774,0.8523489932885906,0.45098039215686275,0.8355263157894737,0.3166070647818646,0.7266087643110937,0.8812349713056832,0.180572047829628,23,28,22,127
cleveland,va_long_beach,4,34,pseudo_label_sfda,0.75,0.6516646927227266,0.8193548387096774,0.8523489932885906,0.45098039215686275,0.8355263157894737,0.3166070647818646,0.7273983418870905,0.8812175932033602,0.17982665963318836,23,28,22,127
cleveland,va_long_beach,4,34,entropy_sfda,0.75,0.6516646927227266,0.8193548387096774,0.8523489932885906,0.45098039215686275,0.8355263157894737,0.3166070647818646,0.7254243979470983,0.8806390109020694,0.18147699002227896,23,28,22,127
cleveland,va_long_beach,4,34,reliability_gated_sfda,0.75,0.6516646927227266,0.8193548387096774,0.8523489932885906,0.45098039215686275,0.8355263157894737,0.3166070647818646,0.7266087643110937,0.8813814873851135,0.1816475495357835,23,28,22,127
cleveland,va_long_beach,4,34,conservative_candidate,0.75,0.6516646927227266,0.8193548387096774,0.8523489932885906,0.45098039215686275,0.8355263157894737,0.3166070647818646,0.725950782997763,0.8811260540520738,0.17992703731539023,23,28,22,127
cleveland,hungary,5,34,source_only,0.7891156462585034,0.7919008430349257,0.6746031746031746,0.8018867924528302,0.7819148936170213,0.7327586206896551,0.5664444015105774,0.8764552388598956,0.8358323171302178,0.14542914927005768,147,41,21,85
cleveland,hungary,5,34,pseudo_label_sfda,0.7959183673469388,0.7931051786431152,0.6916666666666667,0.7830188679245284,0.8031914893617021,0.7345132743362832,0.5726906563115207,0.875652348454436,0.8341188077939352,0.14474965838269918,151,37,23,83
cleveland,hungary,5,34,entropy_sfda,0.8061224489795918,0.7969690887193899,0.7168141592920354,0.7641509433962265,0.8297872340425532,0.7397260273972602,0.5862658402678668,0.8747992773986351,0.8323385246580212,0.1416543472035694,156,32,25,81
cleveland,hungary,5,34,reliability_gated_sfda,0.7891156462585034,0.7919008430349257,0.6746031746031746,0.8018867924528302,0.7819148936170213,0.7327586206896551,0.5664444015105774,0.8764050582095543,0.8357178705510606,0.14561748443043906,147,41,21,85
cleveland,hungary,5,34,conservative_candidate,0.7891156462585034,0.7919008430349257,0.6746031746031746,0.8018867924528302,0.7819148936170213,0.7327586206896551,0.5664444015105774,0.8765054195102369,0.8359193163905139,0.1452330021562803,147,41,21,85
cleveland,switzerland,5,34,source_only,0.7804878048780488,0.5918478260869565,0.9489795918367347,0.808695652173913,0.375,0.8732394366197183,0.11256665185186644,0.7652173913043478,0.9797758493668107,0.14305350184440613,3,5,22,93
cleveland,switzerland,5,34,pseudo_label_sfda,0.7886178861788617,0.5961956521739131,0.9494949494949495,0.8173913043478261,0.375,0.8785046728971962,0.11971708524959485,0.7673913043478261,0.9799577040184501,0.13699306976889758,3,5,21,94
cleveland,switzerland,5,34,entropy_sfda,0.7804878048780488,0.5918478260869565,0.9489795918367347,0.808695652173913,0.375,0.8732394366197183,0.11256665185186644,0.7673913043478261,0.9802386871832461,0.13804868800341225,3,5,22,93
cleveland,switzerland,5,34,reliability_gated_sfda,0.7723577235772358,0.5875,0.9484536082474226,0.8,0.375,0.8679245283018868,0.10569621154803355,0.7641304347826087,0.9796834779700915,0.14531021232342747,3,5,23,92
cleveland,switzerland,5,34,conservative_candidate,0.7804878048780488,0.5918478260869565,0.9489795918367347,0.808695652173913,0.375,0.8732394366197183,0.11256665185186644,0.7652173913043478,0.9797758493668107,0.14164004072321265,3,5,22,93
cleveland,va_long_beach,5,34,source_only,0.755,0.6550203974207133,0.8205128205128205,0.8590604026845637,0.45098039215686275,0.839344262295082,0.3262183798157361,0.7143703118831426,0.8758917802978015,0.18085376918315887,23,28,21,128
cleveland,va_long_beach,5,34,pseudo_label_sfda,0.755,0.6550203974207133,0.8205128205128205,0.8590604026845637,0.45098039215686275,0.839344262295082,0.3262183798157361,0.7171338333991315,0.8772080288421467,0.18153583616448682,23,28,21,128
cleveland,va_long_beach,5,34,entropy_sfda,0.755,0.6550203974207133,0.8205128205128205,0.8590604026845637,0.45098039215686275,0.839344262295082,0.3262183798157361,0.7177918147124622,0.8779705351713025,0.18184267054873615,23,28,21,128
cleveland,va_long_beach,5,34,reliability_gated_sfda,0.755,0.6550203974207133,0.8205128205128205,0.8590604026845637,0.45098039215686275,0.839344262295082,0.3262183798157361,0.7143703118831425,0.8758518619097485,0.18161800319618654,23,28,21,128
cleveland,va_long_beach,5,34,conservative_candidate,0.755,0.6550203974207133,0.8205128205128205,0.8590604026845637,0.45098039215686275,0.839344262295082,0.3262183798157361,0.7137123305698119,0.8756373481077131,0.18014601987122647,23,28,21,128
cleveland,hungary,6,34,source_only,0.7959183673469388,0.7951625853071056,0.6885245901639344,0.7924528301886793,0.7978723404255319,0.7368421052631579,0.5752796609400899,0.878311922922521,0.8433960951349725,0.13735707104206085,150,38,22,84
cleveland,hungary,6,34,pseudo_label_sfda,0.8197278911564626,0.8096647932557206,0.7387387387387387,0.7735849056603774,0.8457446808510638,0.7557603686635944,0.6134323151527619,0.8781613809714973,0.8422106550928229,0.1354610144127828,159,29,24,82
cleveland,hungary,6,34,entropy_sfda,0.8231292517006803,0.8061521477318345,0.7596153846153846,0.7452830188679245,0.8670212765957447,0.7523809523809524,0.6149016993477194,0.8778101164191088,0.8411301837077823,0.13451160550201366,163,25,27,79
cleveland,hungary,6,34,reliability_gated_sfda,0.7993197278911565,0.7978221597751907,0.6942148760330579,0.7924528301886793,0.8031914893617021,0.7400881057268722,0.581169915757731,0.8784122842232036,0.8434248656224934,0.13733041231835533,151,37,22,84
cleveland,hungary,6,34,conservative_candidate,0.7993197278911565,0.7978221597751907,0.6942148760330579,0.7924528301886793,0.8031914893617021,0.7400881057268722,0.581169915757731,0.8785628261742272,0.8435226280370154,0.1369611244171574,151,37,22,84
cleveland,switzerland,6,34,source_only,0.7723577235772358,0.6456521739130434,0.9578947368421052,0.7913043478260869,0.5,0.8666666666666667,0.1713168427447863,0.7510869565217391,0.977906993158758,0.15482552349567413,4,4,24,91
cleveland,switzerland,6,34,pseudo_label_sfda,0.7723577235772358,0.6456521739130434,0.9578947368421052,0.7913043478260869,0.5,0.8666666666666667,0.1713168427447863,0.7456521739130435,0.9772175931512325,0.1540975409669362,4,4,24,91
cleveland,switzerland,6,34,entropy_sfda,0.7723577235772358,0.6456521739130434,0.9578947368421052,0.7913043478260869,0.5,0.8666666666666667,0.1713168427447863,0.7467391304347826,0.9775811858662802,0.15082072945295175,4,4,24,91
cleveland,switzerland,6,34,reliability_gated_sfda,0.7642276422764228,0.6413043478260869,0.9574468085106383,0.782608695652174,0.5,0.861244019138756,0.16417858509099698,0.7478260869565216,0.9776042450624051,0.15793692958385963,4,4,25,90
cleveland,switzerland,6,34,conservative_candidate,0.7723577235772358,0.6456521739130434,0.9578947368421052,0.7913043478260869,0.5,0.8666666666666667,0.1713168427447863,0.75,0.9778155911769968,0.15393810683615416,4,4,24,91
cleveland,va_long_beach,6,34,source_only,0.755,0.6550203974207133,0.8205128205128205,0.8590604026845637,0.45098039215686275,0.839344262295082,0.3262183798157361,0.7298986708777472,0.8855548439879728,0.18009886145591736,23,28,21,128
cleveland,va_long_beach,6,34,pseudo_label_sfda,0.755,0.6550203974207133,0.8205128205128205,0.8590604026845637,0.45098039215686275,0.839344262295082,0.3262183798157361,0.7304250559284117,0.8852971062084867,0.18059643713774703,23,28,21,128
cleveland,va_long_beach,6,34,entropy_sfda,0.755,0.6550203974207133,0.8205128205128205,0.8590604026845637,0.45098039215686275,0.839344262295082,0.3262183798157361,0.7322674036057376,0.8853014126571165,0.18149338190112196,23,28,21,128
cleveland,va_long_beach,6,34,reliability_gated_sfda,0.755,0.6550203974207133,0.8205128205128205,0.8590604026845637,0.45098039215686275,0.839344262295082,0.3262183798157361,0.7300302671404131,0.8856635234553851,0.18117089248725068,23,28,21,128
cleveland,va_long_beach,6,34,conservative_candidate,0.755,0.6550203974207133,0.8205128205128205,0.8590604026845637,0.45098039215686275,0.839344262295082,0.3262183798157361,0.729898670877747,0.8855375389871358,0.17970121822735663,23,28,21,128
cleveland,hungary,7,34,source_only,0.7891156462585034,0.7857286230429547,0.6833333333333333,0.7735849056603774,0.7978723404255319,0.7256637168141593,0.5582777943909945,0.8763548775592132,0.8361611791252006,0.13714317977428436,150,38,24,82
cleveland,hungary,7,34,pseudo_label_sfda,0.8197278911564626,0.8055499799277399,0.7476635514018691,0.7547169811320755,0.8563829787234043,0.7511737089201878,0.6098617846919162,0.8756523484544361,0.834604919084434,0.13597940678132306,161,27,26,80
cleveland,hungary,7,34,entropy_sfda,0.8163265306122449,0.7967181854676837,0.7549019607843137,0.7264150943396226,0.8670212765957447,0.7403846153846154,0.5986256438652958,0.8748996386993175,0.8325103312742987,0.13496320353749278,163,25,29,77
cleveland,hungary,7,34,reliability_gated_sfda,0.7925170068027211,0.7883881975110398,0.6890756302521008,0.7735849056603774,0.8031914893617021,0.7288888888888889,0.5642178614404979,0.8760537936571656,0.8356391765111439,0.137523551723943,151,37,24,82
cleveland,hungary,7,34,conservative_candidate,0.7891156462585034,0.7857286230429547,0.6833333333333333,0.7735849056603774,0.7978723404255319,0.7256637168141593,0.5582777943909945,0.8763548775592133,0.8363066924351144,0.1370271797982445,150,38,24,82
cleveland,switzerland,7,34,source_only,0.7723577235772358,0.6456521739130434,0.9578947368421052,0.7913043478260869,0.5,0.8666666666666667,0.1713168427447863,0.7271739130434782,0.9716049834151977,0.16138018667697906,4,4,24,91
cleveland,switzerland,7,34,pseudo_label_sfda,0.7804878048780488,0.65,0.9583333333333334,0.8,0.5,0.8720379146919431,0.17873008824606015,0.7271739130434782,0.9719062536295113,0.1612508917029967,4,4,23,92
cleveland,switzerland,7,34,entropy_sfda,0.7804878048780488,0.65,0.9583333333333334,0.8,0.5,0.8720379146919431,0.17873008824606015,0.7293478260869565,0.9729379132806566,0.15673776009693358,4,4,23,92
cleveland,switzerland,7,34,reliability_gated_sfda,0.7723577235772358,0.6456521739130434,0.9578947368421052,0.7913043478260869,0.5,0.8666666666666667,0.1713168427447863,0.7293478260869566,0.9724143190071419,0.16424268440560122,4,4,24,91
cleveland,switzerland,7,34,conservative_candidate,0.7723577235772358,0.6456521739130434,0.9578947368421052,0.7913043478260869,0.5,0.8666666666666667,0.1713168427447863,0.7271739130434782,0.9716049834151977,0.1594744302780626,4,4,24,91
cleveland,va_long_beach,7,34,source_only,0.75,0.6516646927227266,0.8193548387096774,0.8523489932885906,0.45098039215686275,0.8355263157894737,0.3166070647818646,0.7247664166337676,0.8845729463481903,0.1846555769443512,23,28,22,127
cleveland,va_long_beach,7,34,pseudo_label_sfda,0.75,0.6516646927227266,0.8193548387096774,0.8523489932885906,0.45098039215686275,0.8355263157894737,0.3166070647818646,0.7267403605737597,0.8850490819089869,0.18555032449220107,23,28,22,127
cleveland,va_long_beach,7,34,entropy_sfda,0.755,0.6550203974207133,0.8205128205128205,0.8590604026845637,0.45098039215686275,0.839344262295082,0.3262183798157361,0.7264771680484273,0.8848846939649748,0.18527692477524077,23,28,21,128
cleveland,va_long_beach,7,34,reliability_gated_sfda,0.75,0.6516646927227266,0.8193548387096774,0.8523489932885906,0.45098039215686275,0.8355263157894737,0.3166070647818646,0.7245032241084354,0.8843065099854175,0.18562031758790618,23,28,22,127
cleveland,va_long_beach,7,34,conservative_candidate,0.75,0.6516646927227266,0.8193548387096774,0.8523489932885906,0.45098039215686275,0.8355263157894737,0.3166070647818646,0.7243716278457691,0.8842168799716356,0.18415209394810497,23,28,22,127
cleveland,hungary,8,34,source_only,0.7925170068027211,0.7883881975110398,0.6890756302521008,0.7735849056603774,0.8031914893617021,0.7288888888888889,0.5642178614404979,0.8716378964271377,0.8305587645054813,0.1457849144935608,151,37,24,82
cleveland,hungary,8,34,pseudo_label_sfda,0.8061224489795918,0.7949116820553994,0.7207207207207207,0.7547169811320755,0.8351063829787234,0.7373271889400922,0.5842070517181626,0.8716378964271377,0.8303557663190694,0.14599186159833155,157,31,26,80
cleveland,hungary,8,34,entropy_sfda,0.8163265306122449,0.8028904054596548,0.7407407407407407,0.7547169811320755,0.851063829787234,0.7476635514018691,0.6033634796052881,0.8705841027699719,0.8275822868718069,0.1441097561197937,160,28,26,80
cleveland,hungary,8,34,reliability_gated_sfda,0.7993197278911565,0.79370734644721,0.7008547008547008,0.7735849056603774,0.8138297872340425,0.7354260089686099,0.5762316365683036,0.871688077077479,0.8304360003893478,0.14601507947752365,153,35,24,82
cleveland,hungary,8,34,conservative_candidate,0.7993197278911565,0.79370734644721,0.7008547008547008,0.7735849056603774,0.8138297872340425,0.7354260089686099,0.5762316365683036,0.871487354476114,0.8303227000794694,0.14557475807937104,153,35,24,82
cleveland,switzerland,8,34,source_only,0.7723577235772358,0.6456521739130434,0.9578947368421052,0.7913043478260869,0.5,0.8666666666666667,0.1713168427447863,0.7717391304347826,0.9813541498621078,0.1489996612071991,4,4,24,91
cleveland,switzerland,8,34,pseudo_label_sfda,0.7967479674796748,0.6005434782608696,0.95,0.8260869565217391,0.375,0.8837209302325582,0.12717855807198916,0.7706521739130434,0.9812550081243416,0.14054473226570113,3,5,20,95
cleveland,switzerland,8,34,entropy_sfda,0.7967479674796748,0.6005434782608696,0.95,0.8260869565217391,0.375,0.8837209302325582,0.12717855807198916,0.7695652173913043,0.9812176832237369,0.14165471543908062,3,5,20,95
cleveland,switzerland,8,34,reliability_gated_sfda,0.7723577235772358,0.6456521739130434,0.9578947368421052,0.7913043478260869,0.5,0.8666666666666667,0.1713168427447863,0.7717391304347827,0.9813693833691517,0.15166348003570274,4,4,24,91
cleveland,switzerland,8,34,conservative_candidate,0.7642276422764228,0.5831521739130434,0.9479166666666666,0.7913043478260869,0.375,0.8625592417061612,0.09907863587553334,0.7728260869565218,0.9814475114210287,0.14688580560315576,3,5,24,91
cleveland,va_long_beach,8,34,source_only,0.755,0.6550203974207133,0.8205128205128205,0.8590604026845637,0.45098039215686275,0.839344262295082,0.3262183798157361,0.7191077773391236,0.8775791970977076,0.18002119660377502,23,28,21,128
cleveland,va_long_beach,8,34,pseudo_label_sfda,0.76,0.6583761021186998,0.821656050955414,0.8657718120805369,0.45098039215686275,0.8431372549019608,0.3360576716027745,0.7234504540071061,0.8793166330116331,0.18184137694575778,23,28,20,129
cleveland,va_long_beach,8,34,entropy_sfda,0.755,0.6550203974207133,0.8205128205128205,0.8590604026845637,0.45098039215686275,0.839344262295082,0.3262183798157361,0.7231872614817739,0.8795308648484415,0.18305982230446566,23,28,21,128
cleveland,va_long_beach,8,34,reliability_gated_sfda,0.745,0.6483089880247401,0.8181818181818182,0.8456375838926175,0.45098039215686275,0.8316831683168316,0.3072107532701852,0.7197657586524542,0.8773617290400191,0.18098011374728804,23,28,23,126
cleveland,va_long_beach,8,34,conservative_candidate,0.755,0.6550203974207133,0.8205128205128205,0.8590604026845637,0.45098039215686275,0.839344262295082,0.3262183798157361,0.720423739965785,0.8778880931272692,0.1793104092735131,23,28,21,128
cleveland,hungary,9,34,source_only,0.8095238095238095,0.8058008831794461,0.711864406779661,0.7924528301886793,0.8191489361702128,0.75,0.5991054229429108,0.8824267362505019,0.8408003202367744,0.13468697667121887,154,34,22,84
cleveland,hungary,9,34,pseudo_label_sfda,0.8163265306122449,0.8028904054596548,0.7407407407407407,0.7547169811320755,0.851063829787234,0.7476635514018691,0.6033634796052881,0.8816238458450423,0.8394509474887664,0.1346063898654341,160,28,26,80
cleveland,hungary,9,34,entropy_sfda,0.8231292517006803,0.8020373344038538,0.77,0.7264150943396226,0.8776595744680851,0.7475728155339806,0.6122398821998126,0.8812224006423123,0.8375156740827925,0.13258828244653362,165,23,29,77
cleveland,hungary,9,34,reliability_gated_sfda,0.8061224489795918,0.8010839020473706,0.7094017094017094,0.7830188679245284,0.8191489361702128,0.7443946188340808,0.590703881669199,0.8824267362505018,0.8406912721464364,0.13480362282285424,154,34,23,83
cleveland,hungary,9,34,conservative_candidate,0.8061224489795918,0.8010839020473706,0.7094017094017094,0.7830188679245284,0.8191489361702128,0.7443946188340808,0.590703881669199,0.8825270975511842,0.8409584538345772,0.13418337961115256,154,34,23,83
cleveland,switzerland,9,34,source_only,0.7560975609756098,0.6951086956521739,0.967032967032967,0.7652173913043478,0.625,0.8543689320388349,0.21933343973927985,0.7402173913043478,0.9763199214433399,0.15909817814826965,5,3,27,88
cleveland,switzerland,9,34,pseudo_label_sfda,0.7642276422764228,0.6413043478260869,0.9574468085106383,0.782608695652174,0.5,0.861244019138756,0.16417858509099698,0.7402173913043478,0.9763602084247894,0.15327117033532792,4,4,25,90
cleveland,switzerland,9,34,entropy_sfda,0.8048780487804879,0.6630434782608696,0.9595959595959596,0.8260869565217391,0.5,0.8878504672897196,0.20291031398236414,0.7391304347826086,0.9763774998740806,0.14410329202717242,4,4,20,95
cleveland,switzerland,9,34,reliability_gated_sfda,0.7398373983739838,0.6864130434782609,0.9662921348314607,0.7478260869565218,0.625,0.8431372549019608,0.20557284416589586,0.7402173913043478,0.9763199214433399,0.16215661934644918,5,3,29,86
cleveland,switzerland,9,34,conservative_candidate,0.7479674796747967,0.6326086956521739,0.9565217391304348,0.7652173913043478,0.5,0.8502415458937198,0.15063335603943892,0.7391304347826086,0.9761025301389921,0.15622709616922048,4,4,27,88
cleveland,va_long_beach,9,34,source_only,0.75,0.6516646927227266,0.8193548387096774,0.8523489932885906,0.45098039215686275,0.8355263157894737,0.3166070647818646,0.7341097512830637,0.8875668559781245,0.1802748292684555,23,28,22,127
cleveland,va_long_beach,9,34,pseudo_label_sfda,0.75,0.6516646927227266,0.8193548387096774,0.8523489932885906,0.45098039215686275,0.8355263157894737,0.3166070647818646,0.7335833662323991,0.8872302691292886,0.18010063271275428,23,28,22,127
cleveland,va_long_beach,9,34,entropy_sfda,0.755,0.6550203974207133,0.8205128205128205,0.8590604026845637,0.45098039215686275,0.839344262295082,0.3262183798157361,0.7360836952230557,0.8874873687810295,0.18074091589096933,23,28,21,128
cleveland,va_long_beach,9,34,reliability_gated_sfda,0.75,0.6516646927227266,0.8193548387096774,0.8523489932885906,0.45098039215686275,0.8355263157894737,0.3166070647818646,0.7343729438083958,0.8872112928678457,0.18142998599255175,23,28,22,127
cleveland,va_long_beach,9,34,conservative_candidate,0.75,0.6516646927227266,0.8193548387096774,0.8523489932885906,0.45098039215686275,0.8355263157894737,0.3166070647818646,0.733583366232399,0.8869925772717467,0.17969506070559219,23,28,22,127
hungary,cleveland,0,32,source_only,0.7788778877887789,0.7688629584137567,0.8333333333333334,0.6474820143884892,0.8902439024390244,0.728744939271255,0.5594497826272304,0.8605457097736445,0.8449391823096956,0.15545833110809326,146,18,49,90
hungary,cleveland,0,32,pseudo_label_sfda,0.7887788778877888,0.7791059835058782,0.8440366972477065,0.6618705035971223,0.8963414634146342,0.7419354838709677,0.5795812843404229,0.8622126688892788,0.847668155663841,0.1578469933234426,147,17,47,92
hungary,cleveland,0,32,entropy_sfda,0.768976897689769,0.7575232496929286,0.8349514563106796,0.6187050359712231,0.8963414634146342,0.7107438016528925,0.5418039335337894,0.8618178627829444,0.8479634475672247,0.16327315771456244,147,17,53,86
hungary,cleveland,0,32,reliability_gated_sfda,0.7788778877887789,0.7688629584137567,0.8333333333333334,0.6474820143884892,0.8902439024390244,0.728744939271255,0.5594497826272304,0.8604579750833481,0.8447009886745013,0.15520176704792224,146,18,49,90
hungary,cleveland,0,32,conservative_candidate,0.7788778877887789,0.7688629584137567,0.8333333333333334,0.6474820143884892,0.8902439024390244,0.728744939271255,0.5594497826272304,0.8603263730479033,0.8448151173797566,0.15567303970921306,146,18,49,90
hungary,switzerland,0,32,source_only,0.5691056910569106,0.5951086956521738,0.9558823529411765,0.5652173913043478,0.625,0.7103825136612022,0.09434270710850802,0.75,0.972446651707126,0.2678054869174957,5,3,50,65
hungary,switzerland,0,32,pseudo_label_sfda,0.5853658536585366,0.6038043478260869,0.9571428571428572,0.5826086956521739,0.625,0.7243243243243244,0.10338380181136576,0.7467391304347827,0.9721626167795927,0.25903360536269304,5,3,48,67
hungary,switzerland,0,32,entropy_sfda,0.5691056910569106,0.5951086956521738,0.9558823529411765,0.5652173913043478,0.625,0.7103825136612022,0.09434270710850802,0.7467391304347827,0.9721561866255523,0.2652756710032171,5,3,50,65
hungary,switzerland,0,32,reliability_gated_sfda,0.5691056910569106,0.5951086956521738,0.9558823529411765,0.5652173913043478,0.625,0.7103825136612022,0.09434270710850802,0.7510869565217392,0.9725577319070764,0.2725463522141518,5,3,50,65
hungary,switzerland,0,32,conservative_candidate,0.5691056910569106,0.5951086956521738,0.9558823529411765,0.5652173913043478,0.625,0.7103825136612022,0.09434270710850802,0.75,0.972446651707126,0.26865206423962845,5,3,50,65
hungary,va_long_beach,0,32,source_only,0.655,0.6846295565205949,0.8773584905660378,0.6241610738255033,0.7450980392156863,0.7294117647058823,0.3224724261010569,0.7477957626003421,0.8908737798147408,0.22986628115177155,38,13,56,93
hungary,va_long_beach,0,32,pseudo_label_sfda,0.655,0.6846295565205949,0.8773584905660378,0.6241610738255033,0.7450980392156863,0.7294117647058823,0.3224724261010569,0.7475325700750098,0.8909904580291137,0.22594040290215978,38,13,56,93
hungary,va_long_beach,0,32,entropy_sfda,0.65,0.6812738518226082,0.8761904761904762,0.6174496644295302,0.7450980392156863,0.7244094488188977,0.3164367597349208,0.746742992499013,0.8911484942175117,0.2420723519056256,38,13,57,92
hungary,va_long_beach,0,32,reliability_gated_sfda,0.655,0.6846295565205949,0.8773584905660378,0.6241610738255033,0.7450980392156863,0.7294117647058823,0.3224724261010569,0.7477957626003421,0.8910556778921785,0.23258033972111933,38,13,56,93
hungary,va_long_beach,0,32,conservative_candidate,0.655,0.6846295565205949,0.8773584905660378,0.6241610738255033,0.7450980392156863,0.7294117647058823,0.3224724261010569,0.7466113962363469,0.8903364226254897,0.2300648680882456,38,13,56,93
hungary,cleveland,1,32,source_only,0.7887788778877888,0.7807510089489385,0.8260869565217391,0.6834532374100719,0.8780487804878049,0.7480314960629921,0.5765710079036924,0.865327250394806,0.850384021617083,0.1492588371038437,144,20,44,95
hungary,cleveland,1,32,pseudo_label_sfda,0.7887788778877888,0.7807510089489385,0.8260869565217391,0.6834532374100719,0.8780487804878049,0.7480314960629921,0.5765710079036924,0.8658536585365852,0.8514346251179978,0.15347308296444284,144,20,44,95
hungary,cleveland,1,32,entropy_sfda,0.7821782178217822,0.7719117389015617,0.8411214953271028,0.6474820143884892,0.8963414634146342,0.7317073170731707,0.5669794946847442,0.8647569749078786,0.8528812464406008,0.15748087908522415,147,17,49,90
hungary,cleveland,1,32,reliability_gated_sfda,0.7887788778877888,0.7807510089489385,0.8260869565217391,0.6834532374100719,0.8780487804878049,0.7480314960629921,0.5765710079036924,0.865634321810844,0.8508081106850467,0.14923400325688316,144,20,44,95
hungary,cleveland,1,32,conservative_candidate,0.7887788778877888,0.780202667134585,0.831858407079646,0.6762589928057554,0.8841463414634146,0.746031746031746,0.5774515646485637,0.8650201789787682,0.8502017604773446,0.14950971542421504,145,19,45,94
hungary,switzerland,1,32,source_only,0.5772357723577236,0.5994565217391304,0.9565217391304348,0.5739130434782609,0.625,0.717391304347826,0.09884068596194723,0.7456521739130435,0.9698783526345134,0.24308563768863678,5,3,49,66
hungary,switzerland,1,32,pseudo_label_sfda,0.5853658536585366,0.6038043478260869,0.9571428571428572,0.5826086956521739,0.625,0.7243243243243244,0.10338380181136576,0.7445652173913044,0.9697426986212239,0.23733507533726614,5,3,48,67
hungary,switzerland,1,32,entropy_sfda,0.5853658536585366,0.6038043478260869,0.9571428571428572,0.5826086956521739,0.625,0.7243243243243244,0.10338380181136576,0.7445652173913044,0.9698047750776932,0.23599567529439872,5,3,48,67
hungary,switzerland,1,32,reliability_gated_sfda,0.5772357723577236,0.5994565217391304,0.9565217391304348,0.5739130434782609,0.625,0.717391304347826,0.09884068596194723,0.7456521739130435,0.9698783526345134,0.24677799859641655,5,3,49,66
hungary,switzerland,1,32,conservative_candidate,0.5772357723577236,0.5994565217391304,0.9565217391304348,0.5739130434782609,0.625,0.717391304347826,0.09884068596194723,0.7456521739130435,0.9698783526345134,0.24210650716132,5,3,49,66
hungary,va_long_beach,1,32,source_only,0.655,0.6846295565205949,0.8773584905660378,0.6241610738255033,0.7450980392156863,0.7294117647058823,0.3224724261010569,0.7451638373470193,0.8853309615609933,0.2214777171611786,38,13,56,93
hungary,va_long_beach,1,32,pseudo_label_sfda,0.655,0.6846295565205949,0.8773584905660378,0.6241610738255033,0.7450980392156863,0.7294117647058823,0.3224724261010569,0.7471377812870115,0.8868428831479511,0.21933711038220874,38,13,56,93
hungary,va_long_beach,1,32,entropy_sfda,0.65,0.6812738518226082,0.8761904761904762,0.6174496644295302,0.7450980392156863,0.7244094488188977,0.3164367597349208,0.7451638373470193,0.8862028698875531,0.23392932847721737,38,13,57,92
hungary,va_long_beach,1,32,reliability_gated_sfda,0.655,0.6846295565205949,0.8773584905660378,0.6241610738255033,0.7450980392156863,0.7294117647058823,0.3224724261010569,0.7452954336096854,0.8855907927004639,0.2240809854768414,38,13,56,93
hungary,va_long_beach,1,32,conservative_candidate,0.655,0.6846295565205949,0.8773584905660378,0.6241610738255033,0.7450980392156863,0.7294117647058823,0.3224724261010569,0.7456902223976838,0.8859442333504561,0.22131990659778153,38,13,56,93
hungary,cleveland,2,32,source_only,0.7887788778877888,0.780202667134585,0.831858407079646,0.6762589928057554,0.8841463414634146,0.746031746031746,0.5774515646485637,0.8648447095981752,0.8595326506913701,0.1489524245262146,145,19,45,94
hungary,cleveland,2,32,pseudo_label_sfda,0.7920792079207921,0.78325144762239,0.8392857142857143,0.6762589928057554,0.8902439024390244,0.749003984063745,0.5847978441882906,0.8667748727846991,0.8601226040876397,0.15169052852082437,146,18,45,94
hungary,cleveland,2,32,entropy_sfda,0.7821782178217822,0.7713633970872082,0.8476190476190476,0.6402877697841727,0.9024390243902439,0.7295081967213115,0.5683074411305403,0.8670819442007369,0.8615485316855149,0.15791200303897274,148,16,50,89
hungary,cleveland,2,32,reliability_gated_sfda,0.7920792079207921,0.7837997894367432,0.8333333333333334,0.6834532374100719,0.8841463414634146,0.7509881422924901,0.5838322229558687,0.8657659238462889,0.8599293136040204,0.14866363009302908,145,19,44,95
hungary,cleveland,2,32,conservative_candidate,0.7887788778877888,0.780202667134585,0.831858407079646,0.6762589928057554,0.8841463414634146,0.746031746031746,0.5774515646485637,0.8651956483593614,0.8596246020108183,0.14884112947597547,145,19,45,94
hungary,switzerland,2,32,source_only,0.6341463414634146,0.629891304347826,0.9605263157894737,0.6347826086956522,0.625,0.7643979057591623,0.13184032415972405,0.7521739130434781,0.9742692533035324,0.225657120347023,5,3,42,73
hungary,switzerland,2,32,pseudo_label_sfda,0.6341463414634146,0.629891304347826,0.9605263157894737,0.6347826086956522,0.625,0.7643979057591623,0.13184032415972405,0.7510869565217392,0.973596535404487,0.2234004538101044,5,3,42,73
hungary,switzerland,2,32,entropy_sfda,0.6422764227642277,0.6342391304347825,0.961038961038961,0.6434782608695652,0.625,0.7708333333333334,0.13682919161423207,0.75,0.9734842304853708,0.21417048681694756,5,3,41,74
hungary,switzerland,2,32,reliability_gated_sfda,0.6178861788617886,0.621195652173913,0.9594594594594594,0.6173913043478261,0.625,0.7513227513227513,0.12209476674090974,0.7521739130434781,0.9742692533035324,0.23017278606291783,5,3,44,71
hungary,switzerland,2,32,conservative_candidate,0.6341463414634146,0.629891304347826,0.9605263157894737,0.6347826086956522,0.625,0.7643979057591623,0.13184032415972405,0.7521739130434781,0.9742692533035324,0.22306146479170602,5,3,42,73
hungary,va_long_beach,2,32,source_only,0.66,0.6750888274772997,0.8648648648648649,0.6442953020134228,0.7058823529411765,0.7384615384615385,0.3071214571067032,0.7380576391630478,0.8868033339698814,0.21937614679336548,36,15,53,96
hungary,va_long_beach,2,32,pseudo_label_sfda,0.685,0.6789709172259508,0.8583333333333333,0.6912751677852349,0.6666666666666666,0.7657992565055762,0.3184601279512169,0.7380576391630478,0.8866914653016789,0.2164052376654356,34,17,46,103
hungary,va_long_beach,2,32,entropy_sfda,0.67,0.6818002368732728,0.8672566371681416,0.6577181208053692,0.7058823529411765,0.7480916030534351,0.3196714232371626,0.7418739307803659,0.8880691711595714,0.2307019184932517,36,15,51,98
hungary,va_long_beach,2,32,reliability_gated_sfda,0.66,0.6750888274772997,0.8648648648648649,0.6442953020134228,0.7058823529411765,0.7384615384615385,0.3071214571067032,0.7385840242137123,0.886935408066658,0.22237206288209024,36,15,53,96
hungary,va_long_beach,2,32,conservative_candidate,0.66,0.6750888274772997,0.8648648648648649,0.6442953020134228,0.7058823529411765,0.7384615384615385,0.3071214571067032,0.7375312541123832,0.8870642672905955,0.21870872000898095,36,15,53,96
hungary,cleveland,3,32,source_only,0.7887788778877888,0.7812993507632918,0.8205128205128205,0.6906474820143885,0.8719512195121951,0.75,0.5758092624566984,0.8703281277417091,0.862614911742076,0.1445704996585846,143,21,43,96
hungary,cleveland,3,32,pseudo_label_sfda,0.7887788778877888,0.780202667134585,0.831858407079646,0.6762589928057554,0.8841463414634146,0.746031746031746,0.5774515646485637,0.8723021582733812,0.8645136877033376,0.14996433091629519,145,19,45,94
hungary,cleveland,3,32,entropy_sfda,0.7920792079207921,0.7816064221793297,0.8584905660377359,0.6546762589928058,0.9085365853658537,0.7428571428571429,0.5884584845375035,0.8714686787155642,0.8647965549476047,0.15577623534549762,149,15,48,91
hungary,cleveland,3,32,reliability_gated_sfda,0.7920792079207921,0.7843481312510967,0.8275862068965517,0.6906474820143885,0.8780487804878049,0.7529411764705882,0.5829883823454556,0.8714248113704158,0.8636057161306849,0.14451194299429995,144,20,43,96
hungary,cleveland,3,32,conservative_candidate,0.7887788778877888,0.7812993507632918,0.8205128205128205,0.6906474820143885,0.8719512195121951,0.75,0.5758092624566984,0.8710738726092296,0.8631311481183287,0.14456429480711736,143,21,43,96
hungary,switzerland,3,32,source_only,0.6016260162601627,0.6706521739130435,0.9714285714285714,0.591304347826087,0.75,0.7351351351351352,0.16996080507208822,0.7576086956521739,0.9758090318623565,0.2341042160987854,6,2,47,68
hungary,switzerland,3,32,pseudo_label_sfda,0.6097560975609756,0.6168478260869565,0.958904109589041,0.6086956521739131,0.625,0.7446808510638298,0.11732703996153063,0.7554347826086958,0.9755476998615327,0.22918846659910685,5,3,45,70
hungary,switzerland,3,32,entropy_sfda,0.6016260162601627,0.6125,0.9583333333333334,0.6,0.625,0.7379679144385026,0.11262248234438701,0.7576086956521739,0.9758738917941894,0.23439334193294958,5,3,46,69
hungary,switzerland,3,32,reliability_gated_sfda,0.6016260162601627,0.6706521739130435,0.9714285714285714,0.591304347826087,0.75,0.7351351351351352,0.16996080507208822,0.7565217391304349,0.9756932221872854,0.2390663433166886,6,2,47,68
hungary,switzerland,3,32,conservative_candidate,0.6016260162601627,0.6706521739130435,0.9714285714285714,0.591304347826087,0.75,0.7351351351351352,0.16996080507208822,0.758695652173913,0.9761088819373189,0.23132432355809907,6,2,47,68
hungary,va_long_beach,3,32,source_only,0.67,0.6946966706145545,0.8807339449541285,0.6442953020134228,0.7450980392156863,0.7441860465116279,0.340826062899274,0.7433214896696934,0.8888047926404563,0.21882453560829163,38,13,53,96
hungary,va_long_beach,3,32,pseudo_label_sfda,0.68,0.7014080800105278,0.8828828828828829,0.6577181208053692,0.7450980392156863,0.7538461538461538,0.35328777910695924,0.7456902223976839,0.8889505033227103,0.21801498855068377,38,13,51,98
hungary,va_long_beach,3,32,entropy_sfda,0.665,0.6913409659165679,0.8796296296296297,0.6375838926174496,0.7450980392156863,0.7392996108949417,0.3346650718601271,0.7437162784576917,0.8884602863605322,0.23448332811681938,38,13,54,95
hungary,va_long_beach,3,32,reliability_gated_sfda,0.67,0.6946966706145545,0.8807339449541285,0.6442953020134228,0.7450980392156863,0.7441860465116279,0.340826062899274,0.7430582971443611,0.8885560537325985,0.22183765743746733,38,13,53,96
hungary,va_long_beach,3,32,conservative_candidate,0.67,0.6946966706145545,0.8807339449541285,0.6442953020134228,0.7450980392156863,0.7441860465116279,0.340826062899274,0.7437162784576917,0.888823379898396,0.21792046173331742,38,13,53,96
hungary,cleveland,4,32,source_only,0.7887788778877888,0.7807510089489385,0.8260869565217391,0.6834532374100719,0.8780487804878049,0.7480314960629921,0.5765710079036924,0.8576065976487103,0.8509592328128722,0.15368355810642242,144,20,44,95
hungary,cleveland,4,32,pseudo_label_sfda,0.7953795379537953,0.7868485699245482,0.8407079646017699,0.6834532374100719,0.8902439024390244,0.753968253968254,0.5911476761232028,0.859975434286717,0.8533971059570917,0.1569270151901772,146,18,44,95
hungary,cleveland,4,32,entropy_sfda,0.7821782178217822,0.7713633970872082,0.8476190476190476,0.6402877697841727,0.9024390243902439,0.7295081967213115,0.5683074411305403,0.8586594139322687,0.854155759280893,0.16222192344251446,148,16,50,89
hungary,cleveland,4,32,reliability_gated_sfda,0.7887788778877888,0.7807510089489385,0.8260869565217391,0.6834532374100719,0.8780487804878049,0.7480314960629921,0.5765710079036924,0.8581330057904896,0.85146797268393,0.1534639164485511,144,20,44,95
hungary,cleveland,4,32,conservative_candidate,0.7887788778877888,0.7807510089489385,0.8260869565217391,0.6834532374100719,0.8780487804878049,0.7480314960629921,0.5765710079036924,0.8578698017195998,0.8512889232574897,0.153761647760692,144,20,44,95
hungary,switzerland,4,32,source_only,0.5609756097560976,0.5907608695652173,0.9552238805970149,0.5565217391304348,0.625,0.7032967032967034,0.08988581128912453,0.7543478260869565,0.9743373764165357,0.2605360150337219,5,3,51,64
hungary,switzerland,4,32,pseudo_label_sfda,0.5772357723577236,0.5994565217391304,0.9565217391304348,0.5739130434782609,0.625,0.717391304347826,0.09884068596194723,0.75,0.9739765993644409,0.2538032463861334,5,3,49,66
hungary,switzerland,4,32,entropy_sfda,0.5691056910569106,0.5951086956521738,0.9558823529411765,0.5652173913043478,0.625,0.7103825136612022,0.09434270710850802,0.7532608695652174,0.9742273741394263,0.25622198736127105,5,3,50,65
hungary,switzerland,4,32,reliability_gated_sfda,0.5609756097560976,0.5907608695652173,0.9552238805970149,0.5565217391304348,0.625,0.7032967032967034,0.08988581128912453,0.7543478260869565,0.9743373764165357,0.263587893939534,5,3,51,64
hungary,switzerland,4,32,conservative_candidate,0.5609756097560976,0.5907608695652173,0.9552238805970149,0.5565217391304348,0.625,0.7032967032967034,0.08988581128912453,0.7554347826086957,0.9744846711902015,0.25871338787060294,5,3,51,64
hungary,va_long_beach,4,32,source_only,0.64,0.6745624424266351,0.8737864077669902,0.6040268456375839,0.7450980392156863,0.7142857142857143,0.3044770395159637,0.7435846821950256,0.8876349198216211,0.23520299792289734,38,13,59,90
hungary,va_long_beach,4,32,pseudo_label_sfda,0.655,0.6846295565205949,0.8773584905660378,0.6241610738255033,0.7450980392156863,0.7294117647058823,0.3224724261010569,0.7427951046190289,0.8859304330615339,0.2315327402842465,38,13,56,93
hungary,va_long_beach,4,32,entropy_sfda,0.64,0.6745624424266351,0.8737864077669902,0.6040268456375839,0.7450980392156863,0.7142857142857143,0.3044770395159637,0.7427951046190288,0.8861308429414546,0.2499751640506284,38,13,59,90
hungary,va_long_beach,4,32,reliability_gated_sfda,0.64,0.6745624424266351,0.8737864077669902,0.6040268456375839,0.7450980392156863,0.7142857142857143,0.3044770395159637,0.7426635083563626,0.8870508716772272,0.23781999430195447,38,13,59,90
hungary,va_long_beach,4,32,conservative_candidate,0.64,0.6745624424266351,0.8737864077669902,0.6040268456375839,0.7450980392156863,0.7142857142857143,0.3044770395159637,0.742005527043032,0.8867627214739306,0.23434058303891953,38,13,59,90
hungary,cleveland,5,32,source_only,0.7755775577557755,0.7663625197403053,0.8198198198198198,0.6546762589928058,0.8780487804878049,0.728,0.5509603307048049,0.8526934549921038,0.8436189838004899,0.1603638231754303,144,20,48,91
hungary,cleveland,5,32,pseudo_label_sfda,0.7788778877887789,0.7683146165994035,0.839622641509434,0.6402877697841727,0.8963414634146342,0.726530612244898,0.5606832807342691,0.854492016143183,0.8462494897226559,0.166330512372801,147,17,50,89
hungary,cleveland,5,32,entropy_sfda,0.7656765676567657,0.753377785576417,0.84,0.60431654676259,0.9024390243902439,0.702928870292887,0.5370068643073188,0.85304439375329,0.8450789663373625,0.1716089285625822,148,16,55,84
hungary,cleveland,5,32,reliability_gated_sfda,0.768976897689769,0.7602649587646956,0.8053097345132744,0.6546762589928058,0.8658536585365854,0.7222222222222222,0.5363632302246464,0.8530005264081417,0.8441357975517223,0.16013783708635476,142,22,48,91
hungary,cleveland,5,32,conservative_candidate,0.7755775577557755,0.7663625197403053,0.8198198198198198,0.6546762589928058,0.8780487804878049,0.728,0.5509603307048049,0.8528250570275486,0.8437745709920468,0.16036328645000633,144,20,48,91
hungary,switzerland,5,32,source_only,0.6260162601626016,0.683695652173913,0.9726027397260274,0.6173913043478261,0.75,0.7553191489361702,0.18444902096277838,0.7510869565217392,0.9720705740762077,0.2429586946964264,6,2,44,71
hungary,switzerland,5,32,pseudo_label_sfda,0.6260162601626016,0.683695652173913,0.9726027397260274,0.6173913043478261,0.75,0.7553191489361702,0.18444902096277838,0.75,0.9723412271551474,0.24385173614039804,6,2,44,71
hungary,switzerland,5,32,entropy_sfda,0.6178861788617886,0.621195652173913,0.9594594594594594,0.6173913043478261,0.625,0.7513227513227513,0.12209476674090974,0.7510869565217392,0.9727414109831354,0.24451757083095216,5,3,44,71
hungary,switzerland,5,32,reliability_gated_sfda,0.6178861788617886,0.6793478260869565,0.9722222222222222,0.6086956521739131,0.75,0.7486631016042781,0.1795430877953996,0.75,0.9719963697118917,0.24623029030531368,6,2,45,70
hungary,switzerland,5,32,conservative_candidate,0.6341463414634146,0.6880434782608695,0.972972972972973,0.6260869565217392,0.75,0.7619047619047619,0.1894385170060752,0.7510869565217392,0.9720705740762077,0.2406562406079053,6,2,43,72
hungary,va_long_beach,5,32,source_only,0.66,0.6944334780892223,0.8857142857142857,0.6241610738255033,0.7647058823529411,0.7322834645669292,0.3394085753236628,0.740163179365706,0.88520495669633,0.22814975678920746,39,12,56,93
hungary,va_long_beach,5,32,pseudo_label_sfda,0.65,0.6748256349519673,0.8691588785046729,0.6241610738255033,0.7254901960784313,0.7265625,0.30554836844635674,0.7408211606790367,0.8856120468474961,0.23208699900332888,37,14,56,93
hungary,va_long_beach,5,32,entropy_sfda,0.655,0.6910777733912357,0.8846153846153846,0.6174496644295302,0.7647058823529411,0.7272727272727273,0.3334003900684373,0.74003158310304,0.8858510480287232,0.24592259833967092,39,12,57,92
hungary,va_long_beach,5,32,reliability_gated_sfda,0.66,0.6944334780892223,0.8857142857142857,0.6241610738255033,0.7647058823529411,0.7322834645669292,0.3394085753236628,0.7406895644163707,0.885901392971418,0.23047473315287884,39,12,56,93
hungary,va_long_beach,5,32,conservative_candidate,0.66,0.6879852612185814,0.8785046728971962,0.6308724832214765,0.7450980392156863,0.734375,0.32854786927032037,0.7402947756283721,0.885652079992821,0.22713508898862586,38,13,55,94
hungary,cleveland,6,32,source_only,0.7920792079207921,0.7887348657659239,0.7878787878787878,0.7482014388489209,0.8292682926829268,0.7675276752767528,0.5803280046926353,0.8548429549043692,0.8410317917393023,0.1540946066379547,136,28,35,104
hungary,cleveland,6,32,pseudo_label_sfda,0.7887788778877888,0.7840410598350588,0.7952755905511811,0.7266187050359713,0.8414634146341463,0.7593984962406015,0.5736965654268248,0.8558957711879277,0.8423522640704593,0.1565871922981685,138,26,38,101
hungary,cleveland,6,32,entropy_sfda,0.7755775577557755,0.7691042288120723,0.7933884297520661,0.6906474820143885,0.8475609756097561,0.7384615384615385,0.5475848993413518,0.855150026320407,0.8428808343545742,0.15987536928721627,139,25,43,96
hungary,cleveland,6,32,reliability_gated_sfda,0.7887788778877888,0.7856860852781189,0.7819548872180451,0.7482014388489209,0.823170731707317,0.7647058823529411,0.5737175387833348,0.8551061589752589,0.8413588061926262,0.15406466146378478,135,29,35,104
hungary,cleveland,6,32,conservative_candidate,0.7887788778877888,0.7856860852781189,0.7819548872180451,0.7482014388489209,0.823170731707317,0.7647058823529411,0.5737175387833348,0.8547990875592208,0.8408630189412373,0.15411588690797925,135,29,35,104
hungary,switzerland,6,32,source_only,0.6016260162601627,0.6125,0.9583333333333334,0.6,0.625,0.7379679144385026,0.11262248234438701,0.7391304347826086,0.9712493320496857,0.23067450523376465,5,3,46,69
hungary,switzerland,6,32,pseudo_label_sfda,0.6016260162601627,0.6125,0.9583333333333334,0.6,0.625,0.7379679144385026,0.11262248234438701,0.7380434782608696,0.9714903889707691,0.23324151897412526,5,3,46,69
hungary,switzerland,6,32,entropy_sfda,0.6016260162601627,0.6125,0.9583333333333334,0.6,0.625,0.7379679144385026,0.11262248234438701,0.7402173913043479,0.9716066339792819,0.23223551538941956,5,3,46,69
hungary,switzerland,6,32,reliability_gated_sfda,0.6016260162601627,0.6125,0.9583333333333334,0.6,0.625,0.7379679144385026,0.11262248234438701,0.7391304347826086,0.971334309480526,0.2341622916304731,5,3,46,69
hungary,switzerland,6,32,conservative_candidate,0.6016260162601627,0.6125,0.9583333333333334,0.6,0.625,0.7379679144385026,0.11262248234438701,0.7369565217391305,0.9712614698971005,0.22816542532532733,5,3,46,69
hungary,va_long_beach,6,32,source_only,0.68,0.6949598631398868,0.8761061946902655,0.6644295302013423,0.7254901960784313,0.7557251908396947,0.3428108675540039,0.7443742597710223,0.8850277980785104,0.21151667833328247,37,14,50,99
hungary,va_long_beach,6,32,pseudo_label_sfda,0.68,0.6949598631398868,0.8761061946902655,0.6644295302013423,0.7254901960784313,0.7557251908396947,0.3428108675540039,0.7433214896696934,0.8846753887969929,0.21616314986875376,37,14,50,99
hungary,va_long_beach,6,32,entropy_sfda,0.675,0.6916041584419003,0.875,0.6577181208053692,0.7254901960784313,0.7509578544061303,0.33648274707524706,0.7413475457297013,0.8844671595456185,0.2287962062469083,37,14,51,98
hungary,va_long_beach,6,32,reliability_gated_sfda,0.68,0.6949598631398868,0.8761061946902655,0.6644295302013423,0.7254901960784313,0.7557251908396947,0.3428108675540039,0.7438478747203578,0.8848261156948152,0.2146893393006813,37,14,50,99
hungary,va_long_beach,6,32,conservative_candidate,0.68,0.6949598631398868,0.8761061946902655,0.6644295302013423,0.7254901960784313,0.7557251908396947,0.3428108675540039,0.7442426635083563,0.885068754113948,0.2107946001159094,37,14,50,99
hungary,cleveland,7,32,source_only,0.768976897689769,0.760813300579049,0.8,0.6618705035971223,0.8597560975609756,0.7244094488188977,0.5356254574205317,0.8606773118090894,0.8511168649869433,0.15168297290802002,141,23,47,92
hungary,cleveland,7,32,pseudo_label_sfda,0.7755775577557755,0.7663625197403053,0.8198198198198198,0.6546762589928058,0.8780487804878049,0.728,0.5509603307048049,0.8614669240217583,0.8523400071773335,0.15827842395383407,144,20,48,91
hungary,cleveland,7,32,entropy_sfda,0.7755775577557755,0.7652658361115985,0.8317757009345794,0.6402877697841727,0.8902439024390244,0.7235772357723578,0.5531217237006772,0.8605895771187928,0.8510698045183048,0.16380893723460707,146,18,50,89
hungary,cleveland,7,32,reliability_gated_sfda,0.7755775577557755,0.7680075451833654,0.8034188034188035,0.6762589928057554,0.8597560975609756,0.734375,0.5486014329792124,0.861115985260572,0.8513289193453759,0.15154096814731688,141,23,45,94
hungary,cleveland,7,32,conservative_candidate,0.768976897689769,0.760813300579049,0.8,0.6618705035971223,0.8597560975609756,0.7244094488188977,0.5356254574205317,0.8607650464993859,0.8507588535902421,0.15172213409082252,141,23,47,92
hungary,switzerland,7,32,source_only,0.6666666666666666,0.6472826086956522,0.9625,0.6695652173913044,0.625,0.7897435897435897,0.15233375795250126,0.7445652173913044,0.9736350702573577,0.22373919188976288,5,3,38,77
hungary,switzerland,7,32,pseudo_label_sfda,0.6585365853658537,0.6429347826086956,0.9620253164556962,0.6608695652173913,0.625,0.7835051546391752,0.14706927480454407,0.7369565217391305,0.9723000552061944,0.22443809172711277,5,3,39,76
hungary,switzerland,7,32,entropy_sfda,0.6666666666666666,0.6472826086956522,0.9625,0.6695652173913044,0.625,0.7897435897435897,0.15233375795250126,0.7391304347826086,0.9728321690832304,0.22196775364433644,5,3,38,77
hungary,switzerland,7,32,reliability_gated_sfda,0.6422764227642277,0.6342391304347825,0.961038961038961,0.6434782608695652,0.625,0.7708333333333334,0.13682919161423207,0.7456521739130435,0.9737202163052366,0.22847459606203577,5,3,41,74
hungary,switzerland,7,32,conservative_candidate,0.6666666666666666,0.6472826086956522,0.9625,0.6695652173913044,0.625,0.7897435897435897,0.15233375795250126,0.7445652173913044,0.9736350702573577,0.22088111574179714,5,3,38,77
hungary,va_long_beach,7,32,source_only,0.66,0.6879852612185814,0.8785046728971962,0.6308724832214765,0.7450980392156863,0.734375,0.32854786927032037,0.7468745887616792,0.8885159012604487,0.21632471680641174,38,13,55,94
hungary,va_long_beach,7,32,pseudo_label_sfda,0.68,0.7014080800105278,0.8828828828828829,0.6577181208053692,0.7450980392156863,0.7538461538461538,0.35328777910695924,0.7500328990656665,0.8900779467893709,0.21621253757725442,38,13,51,98
hungary,va_long_beach,7,32,entropy_sfda,0.66,0.6879852612185814,0.8785046728971962,0.6308724832214765,0.7450980392156863,0.734375,0.32854786927032037,0.7452954336096855,0.8887683451384332,0.23428543706951985,38,13,55,94
hungary,va_long_beach,7,32,reliability_gated_sfda,0.66,0.6879852612185814,0.8785046728971962,0.6308724832214765,0.7450980392156863,0.734375,0.32854786927032037,0.7464797999736807,0.8883947391388853,0.21980880044713558,38,13,55,94
hungary,va_long_beach,7,32,conservative_candidate,0.66,0.6879852612185814,0.8785046728971962,0.6308724832214765,0.7450980392156863,0.734375,0.32854786927032037,0.7475325700750098,0.8887693554621001,0.21501728766635364,38,13,55,94
hungary,cleveland,8,32,source_only,0.7821782178217822,0.7741051061589752,0.8173913043478261,0.6762589928057554,0.8719512195121951,0.7401574803149606,0.5629224910759721,0.8594928934900858,0.847895741023348,0.15065258741378784,143,21,45,94
hungary,cleveland,8,32,pseudo_label_sfda,0.7821782178217822,0.7735567643446218,0.8230088495575221,0.6690647482014388,0.8780487804878049,0.7380952380952381,0.5637554531739246,0.8618617301280928,0.8500960656401518,0.1538013728006791,144,20,46,93
hungary,cleveland,8,32,entropy_sfda,0.7920792079207921,0.7810580803649763,0.8653846153846154,0.6474820143884892,0.9146341463414634,0.7407407407407407,0.5899459005843126,0.8612037199508685,0.8503499349396119,0.16030665127496252,150,14,49,90
hungary,cleveland,8,32,reliability_gated_sfda,0.7821782178217822,0.7741051061589752,0.8173913043478261,0.6762589928057554,0.8719512195121951,0.7401574803149606,0.5629224910759721,0.8604141077381997,0.8491263647593381,0.15035430684258902,143,21,45,94
hungary,cleveland,8,32,conservative_candidate,0.7821782178217822,0.7741051061589752,0.8173913043478261,0.6762589928057554,0.8719512195121951,0.7401574803149606,0.5629224910759721,0.8597560975609757,0.848324488091502,0.15056687520551781,143,21,45,94
hungary,switzerland,8,32,source_only,0.5853658536585366,0.6038043478260869,0.9571428571428572,0.5826086956521739,0.625,0.7243243243243244,0.10338380181136576,0.7619565217391304,0.9749878266495533,0.24736884236335754,5,3,48,67
hungary,switzerland,8,32,pseudo_label_sfda,0.5853658536585366,0.6038043478260869,0.9571428571428572,0.5826086956521739,0.625,0.7243243243243244,0.10338380181136576,0.758695652173913,0.9750770726261628,0.2505086450538462,5,3,48,67
hungary,switzerland,8,32,entropy_sfda,0.6016260162601627,0.6125,0.9583333333333334,0.6,0.625,0.7379679144385026,0.11262248234438701,0.758695652173913,0.9750336420984941,0.24696975215625372,5,3,46,69
hungary,switzerland,8,32,reliability_gated_sfda,0.5853658536585366,0.6038043478260869,0.9571428571428572,0.5826086956521739,0.625,0.7243243243243244,0.10338380181136576,0.7576086956521739,0.9744947470996452,0.2514803962942669,5,3,48,67
hungary,switzerland,8,32,conservative_candidate,0.5934959349593496,0.6081521739130435,0.9577464788732394,0.591304347826087,0.625,0.7311827956989247,0.1079762689325662,0.7597826086956522,0.9747430330799516,0.2450845008057708,5,3,47,68
hungary,va_long_beach,8,32,source_only,0.63,0.667851033030662,0.8712871287128713,0.5906040268456376,0.7450980392156863,0.704,0.29265365480104727,0.7384524279510462,0.887236928306926,0.23270663619041443,38,13,61,88
hungary,va_long_beach,8,32,pseudo_label_sfda,0.64,0.6745624424266351,0.8737864077669902,0.6040268456375839,0.7450980392156863,0.7142857142857143,0.3044770395159637,0.7379260429003816,0.886289429003387,0.2328133946681156,38,13,59,90
hungary,va_long_beach,8,32,entropy_sfda,0.625,0.6644953283326753,0.87,0.5838926174496645,0.7450980392156863,0.6987951807228916,0.2867885356257075,0.7350309251217266,0.8854619477210848,0.2543304881560527,38,13,62,87
hungary,va_long_beach,8,32,reliability_gated_sfda,0.63,0.667851033030662,0.8712871287128713,0.5906040268456376,0.7450980392156863,0.704,0.29265365480104727,0.7379260429003816,0.8867469488999052,0.23530018012251058,38,13,61,88
hungary,va_long_beach,8,32,conservative_candidate,0.63,0.667851033030662,0.8712871287128713,0.5906040268456376,0.7450980392156863,0.704,0.29265365480104727,0.73832083168838,0.8869084148254737,0.23201416659463445,38,13,61,88
hungary,cleveland,9,32,source_only,0.7887788778877888,0.7823960343919986,0.8099173553719008,0.7050359712230215,0.8597560975609756,0.7538461538461538,0.5746316390105065,0.8597560975609756,0.8459212971922758,0.15193478763103485,141,23,41,98
hungary,cleveland,9,32,pseudo_label_sfda,0.7953795379537953,0.787945253553255,0.8290598290598291,0.697841726618705,0.8780487804878049,0.7578125,0.5894131771954415,0.8629584137567995,0.849225386506207,0.156081436878339,144,20,42,97
hungary,cleveland,9,32,entropy_sfda,0.7821782178217822,0.7724600807159151,0.8348623853211009,0.6546762589928058,0.8902439024390244,0.7338709677419355,0.5657806455070125,0.86015090366731,0.8462858287868741,0.16059035116787015,146,18,48,91
hungary,cleveland,9,32,reliability_gated_sfda,0.7887788778877888,0.7823960343919986,0.8099173553719008,0.7050359712230215,0.8597560975609756,0.7538461538461538,0.5746316390105065,0.8602825057027549,0.8463287948112886,0.15193826365042692,141,23,41,98
hungary,cleveland,9,32,conservative_candidate,0.7887788778877888,0.7823960343919986,0.8099173553719008,0.7050359712230215,0.8597560975609756,0.7538461538461538,0.5746316390105065,0.8598438322512721,0.8459730073302234,0.15201435912719455,141,23,41,98
hungary,switzerland,9,32,source_only,0.6097560975609756,0.6168478260869565,0.958904109589041,0.6086956521739131,0.625,0.7446808510638298,0.11732703996153063,0.7336956521739131,0.9709960132933619,0.2409280687570572,5,3,45,70
hungary,switzerland,9,32,pseudo_label_sfda,0.6178861788617886,0.621195652173913,0.9594594594594594,0.6173913043478261,0.625,0.7513227513227513,0.12209476674090974,0.732608695652174,0.9704276341863466,0.23837143624358725,5,3,44,71
hungary,switzerland,9,32,entropy_sfda,0.6097560975609756,0.6168478260869565,0.958904109589041,0.6086956521739131,0.625,0.7446808510638298,0.11732703996153063,0.7391304347826086,0.9710768595497306,0.23851681887179543,5,3,45,70
hungary,switzerland,9,32,reliability_gated_sfda,0.5853658536585366,0.6038043478260869,0.9571428571428572,0.5826086956521739,0.625,0.7243243243243244,0.10338380181136576,0.7336956521739131,0.9709960132933619,0.24648074657897587,5,3,48,67
hungary,switzerland,9,32,conservative_candidate,0.6097560975609756,0.6168478260869565,0.958904109589041,0.6086956521739131,0.625,0.7446808510638298,0.11732703996153063,0.7336956521739131,0.9709960132933619,0.23942080530262982,5,3,45,70
hungary,va_long_beach,9,32,source_only,0.645,0.6779181471246216,0.875,0.610738255033557,0.7450980392156863,0.7193675889328063,0.3104389306973328,0.7305566521910778,0.8830425960135793,0.23065823316574097,38,13,58,91
hungary,va_long_beach,9,32,pseudo_label_sfda,0.64,0.6681142255559942,0.8666666666666667,0.610738255033557,0.7254901960784313,0.7165354330708661,0.29346494414617885,0.73081984471641,0.8839980446390995,0.22772744547900495,37,14,58,91
hungary,va_long_beach,9,32,entropy_sfda,0.64,0.6745624424266351,0.8737864077669902,0.6040268456375839,0.7450980392156863,0.7142857142857143,0.3044770395159637,0.7306882484537439,0.8833631841556585,0.2490780481218108,38,13,59,90
hungary,va_long_beach,9,32,reliability_gated_sfda,0.645,0.6779181471246216,0.875,0.610738255033557,0.7450980392156863,0.7193675889328063,0.3104389306973328,0.7300302671404132,0.8829404225810539,0.23450211467423315,38,13,58,91
hungary,va_long_beach,9,32,conservative_candidate,0.645,0.6779181471246216,0.875,0.610738255033557,0.7450980392156863,0.7193675889328063,0.3104389306973328,0.7296354783524147,0.8828476373572816,0.2303932716021565,38,13,58,91
switzerland,cleveland,0,44,source_only,0.45874587458745875,0.5,0.45874587458745875,1.0,0.0,0.6289592760180995,0.0,0.7761010703632216,0.733747783352156,0.40987181663513184,0,164,0,139
switzerland,cleveland,0,44,pseudo_label_sfda,0.45874587458745875,0.5,0.45874587458745875,1.0,0.0,0.6289592760180995,0.0,0.7813212844358658,0.741730093151882,0.46742664838683967,0,164,0,139
switzerland,cleveland,0,44,entropy_sfda,0.45874587458745875,0.5,0.45874587458745875,1.0,0.0,0.6289592760180995,0.0,0.7743025092121425,0.7392527625964245,0.46763037808729924,0,164,0,139
switzerland,cleveland,0,44,reliability_gated_sfda,0.45874587458745875,0.5,0.45874587458745875,1.0,0.0,0.6289592760180995,0.0,0.7761010703632216,0.733747783352156,0.40987181316035687,0,164,0,139
switzerland,cleveland,0,44,conservative_candidate,0.45874587458745875,0.5,0.45874587458745875,1.0,0.0,0.6289592760180995,0.0,0.7761010703632216,0.733747783352156,0.40987181316035687,0,164,0,139
switzerland,hungary,0,44,source_only,0.36054421768707484,0.5,0.36054421768707484,1.0,0.0,0.53,0.0,0.8480529907667603,0.7386527088919558,0.4878593385219574,0,188,0,106
switzerland,hungary,0,44,pseudo_label_sfda,0.36054421768707484,0.5,0.36054421768707484,1.0,0.0,0.53,0.0,0.8435869128863911,0.735512580506503,0.5553470076841985,0,188,0,106
switzerland,hungary,0,44,entropy_sfda,0.36054421768707484,0.5,0.36054421768707484,1.0,0.0,0.53,0.0,0.8298374146928944,0.7110661423095311,0.562582106885639,0,188,0,106
switzerland,hungary,0,44,reliability_gated_sfda,0.36054421768707484,0.5,0.36054421768707484,1.0,0.0,0.53,0.0,0.8480529907667603,0.7386527088919558,0.4878593750280115,0,188,0,106
switzerland,hungary,0,44,conservative_candidate,0.36054421768707484,0.5,0.36054421768707484,1.0,0.0,0.53,0.0,0.8480529907667603,0.7386527088919558,0.4878593750280115,0,188,0,106
switzerland,va_long_beach,0,44,source_only,0.745,0.5,0.745,1.0,0.0,0.8538681948424068,0.0,0.6546256086327148,0.8277976058649308,0.2161903977394104,0,51,0,149
switzerland,va_long_beach,0,44,pseudo_label_sfda,0.745,0.5,0.745,1.0,0.0,0.8538681948424068,0.0,0.6747598368206343,0.8400420890331528,0.23350760745788823,0,51,0,149
switzerland,va_long_beach,0,44,entropy_sfda,0.745,0.5,0.745,1.0,0.0,0.8538681948424068,0.0,0.6708119489406501,0.8375942814668482,0.2273719257688021,0,51,0,149
switzerland,va_long_beach,0,44,reliability_gated_sfda,0.745,0.5,0.745,1.0,0.0,0.8538681948424068,0.0,0.6546256086327148,0.8277976058649308,0.2161903913610675,0,51,0,149
switzerland,va_long_beach,0,44,conservative_candidate,0.745,0.5,0.745,1.0,0.0,0.8538681948424068,0.0,0.6546256086327148,0.8277976058649308,0.2161903913610675,0,51,0,149
switzerland,cleveland,1,44,source_only,0.45874587458745875,0.5,0.45874587458745875,1.0,0.0,0.6289592760180995,0.0,0.787155641340586,0.7785025791597692,0.41945382952690125,0,164,0,139
switzerland,cleveland,1,44,pseudo_label_sfda,0.45874587458745875,0.5,0.45874587458745875,1.0,0.0,0.6289592760180995,0.0,0.7904456922267064,0.7862214654474513,0.4823226450366972,0,164,0,139
switzerland,cleveland,1,44,entropy_sfda,0.45874587458745875,0.5,0.45874587458745875,1.0,0.0,0.6289592760180995,0.0,0.7830321108966486,0.7760181965430519,0.48074706904412223,0,164,0,139
switzerland,cleveland,1,44,reliability_gated_sfda,0.45874587458745875,0.5,0.45874587458745875,1.0,0.0,0.6289592760180995,0.0,0.787155641340586,0.7785025791597692,0.4194538298881555,0,164,0,139
switzerland,cleveland,1,44,conservative_candidate,0.45874587458745875,0.5,0.45874587458745875,1.0,0.0,0.6289592760180995,0.0,0.787155641340586,0.7785025791597692,0.4194538298881555,0,164,0,139
switzerland,hungary,1,44,source_only,0.36054421768707484,0.5,0.36054421768707484,1.0,0.0,0.53,0.0,0.8602468887996788,0.7683205957388286,0.4947354197502136,0,188,0,106
switzerland,hungary,1,44,pseudo_label_sfda,0.36054421768707484,0.5,0.36054421768707484,1.0,0.0,0.53,0.0,0.8591429144921718,0.7744780487037404,0.5645178800267705,0,188,0,106
switzerland,hungary,1,44,entropy_sfda,0.36054421768707484,0.5,0.36054421768707484,1.0,0.0,0.53,0.0,0.8478522681653955,0.7467200575413179,0.5709302012286278,0,188,0,106
switzerland,hungary,1,44,reliability_gated_sfda,0.36054421768707484,0.5,0.36054421768707484,1.0,0.0,0.53,0.0,0.8602468887996788,0.7683205957388286,0.4947353977992427,0,188,0,106
switzerland,hungary,1,44,conservative_candidate,0.36054421768707484,0.5,0.36054421768707484,1.0,0.0,0.53,0.0,0.8602468887996788,0.7683205957388286,0.4947353977992427,0,188,0,106
switzerland,va_long_beach,1,44,source_only,0.745,0.5,0.745,1.0,0.0,0.8538681948424068,0.0,0.6946308724832214,0.855833354476478,0.21118353307247162,0,51,0,149
switzerland,va_long_beach,1,44,pseudo_label_sfda,0.745,0.5,0.745,1.0,0.0,0.8538681948424068,0.0,0.7042373996578497,0.8651357800682815,0.22962409884143922,0,51,0,149
switzerland,va_long_beach,1,44,entropy_sfda,0.745,0.5,0.745,1.0,0.0,0.8538681948424068,0.0,0.7021318594551915,0.8620207400984237,0.2232731480845687,0,51,0,149
switzerland,va_long_beach,1,44,reliability_gated_sfda,0.745,0.5,0.745,1.0,0.0,0.8538681948424068,0.0,0.6946308724832214,0.855833354476478,0.2111835210994384,0,51,0,149
switzerland,va_long_beach,1,44,conservative_candidate,0.745,0.5,0.745,1.0,0.0,0.8538681948424068,0.0,0.6946308724832214,0.855833354476478,0.2111835210994384,0,51,0,149
switzerland,cleveland,2,44,source_only,0.45874587458745875,0.5,0.45874587458745875,1.0,0.0,0.6289592760180995,0.0,0.7958852430250921,0.7814107718934932,0.4064515233039856,0,164,0,139
switzerland,cleveland,2,44,pseudo_label_sfda,0.45874587458745875,0.5,0.45874587458745875,1.0,0.0,0.6289592760180995,0.0,0.8011931917880329,0.7881829090425293,0.45857875597235653,0,164,0,139
switzerland,cleveland,2,44,entropy_sfda,0.45874587458745875,0.5,0.45874587458745875,1.0,0.0,0.6289592760180995,0.0,0.7988243551500263,0.7872490922867309,0.4586493639503529,0,164,0,139
switzerland,cleveland,2,44,reliability_gated_sfda,0.45874587458745875,0.5,0.45874587458745875,1.0,0.0,0.6289592760180995,0.0,0.7958852430250921,0.7814107718934932,0.40645151545097585,0,164,0,139
switzerland,cleveland,2,44,conservative_candidate,0.45874587458745875,0.5,0.45874587458745875,1.0,0.0,0.6289592760180995,0.0,0.7958852430250921,0.7814107718934932,0.40645151545097585,0,164,0,139
switzerland,hungary,2,44,source_only,0.36054421768707484,0.5,0.36054421768707484,1.0,0.0,0.53,0.0,0.8542252107587314,0.7562243042716372,0.4789237082004547,0,188,0,106
switzerland,hungary,2,44,pseudo_label_sfda,0.36054421768707484,0.5,0.36054421768707484,1.0,0.0,0.53,0.0,0.8578883982336412,0.756907757279427,0.5384147925661806,0,188,0,106
switzerland,hungary,2,44,entropy_sfda,0.36054421768707484,0.5,0.36054421768707484,1.0,0.0,0.53,0.0,0.8526194299478121,0.7524462579564568,0.544505051212699,0,188,0,106
switzerland,hungary,2,44,reliability_gated_sfda,0.36054421768707484,0.5,0.36054421768707484,1.0,0.0,0.53,0.0,0.8542252107587314,0.7562243042716372,0.47892372499786945,0,188,0,106
switzerland,hungary,2,44,conservative_candidate,0.36054421768707484,0.5,0.36054421768707484,1.0,0.0,0.53,0.0,0.8542252107587314,0.7562243042716372,0.47892372499786945,0,188,0,106
switzerland,va_long_beach,2,44,source_only,0.745,0.5,0.745,1.0,0.0,0.8538681948424068,0.0,0.6739702592446375,0.8405315127831698,0.21696405112743378,0,51,0,149
switzerland,va_long_beach,2,44,pseudo_label_sfda,0.745,0.5,0.745,1.0,0.0,0.8538681948424068,0.0,0.6883142518752468,0.8501223888679315,0.2334350365243187,0,51,0,149
switzerland,va_long_beach,2,44,entropy_sfda,0.745,0.5,0.745,1.0,0.0,0.8538681948424068,0.0,0.6854191340965916,0.8493718702281038,0.22666765283145474,0,51,0,149
switzerland,va_long_beach,2,44,reliability_gated_sfda,0.745,0.5,0.745,1.0,0.0,0.8538681948424068,0.0,0.6739702592446375,0.8405315127831698,0.2169640547760465,0,51,0,149
switzerland,va_long_beach,2,44,conservative_candidate,0.745,0.5,0.745,1.0,0.0,0.8538681948424068,0.0,0.6739702592446375,0.8405315127831698,0.2169640547760465,0,51,0,149
switzerland,cleveland,3,44,source_only,0.45874587458745875,0.5,0.45874587458745875,1.0,0.0,0.6289592760180995,0.0,0.7710563256711703,0.7560675349233497,0.42789360880851746,0,164,0,139
switzerland,cleveland,3,44,pseudo_label_sfda,0.45874587458745875,0.5,0.45874587458745875,1.0,0.0,0.6289592760180995,0.0,0.7735128969994736,0.759513770035984,0.4804378954514548,0,164,0,139
switzerland,cleveland,3,44,entropy_sfda,0.45874587458745875,0.5,0.45874587458745875,1.0,0.0,0.6289592760180995,0.0,0.7695648359361291,0.759184025658151,0.4720744437605625,0,164,0,139
switzerland,cleveland,3,44,reliability_gated_sfda,0.45874587458745875,0.5,0.45874587458745875,1.0,0.0,0.6289592760180995,0.0,0.7710563256711703,0.7560675349233497,0.42789360625696476,0,164,0,139
switzerland,cleveland,3,44,conservative_candidate,0.45874587458745875,0.5,0.45874587458745875,1.0,0.0,0.6289592760180995,0.0,0.7710563256711703,0.7560675349233497,0.42789360625696476,0,164,0,139
switzerland,hungary,3,44,source_only,0.36054421768707484,0.5,0.36054421768707484,1.0,0.0,0.53,0.0,0.8518667201926937,0.7316462240081788,0.497212678194046,0,188,0,106
switzerland,hungary,3,44,pseudo_label_sfda,0.36054421768707484,0.5,0.36054421768707484,1.0,0.0,0.53,0.0,0.8524187073464472,0.7341620292264848,0.5579561771972033,0,188,0,106
switzerland,hungary,3,44,entropy_sfda,0.36054421768707484,0.5,0.36054421768707484,1.0,0.0,0.53,0.0,0.8446407065435567,0.7080398265412714,0.5571806186208138,0,188,0,106
switzerland,hungary,3,44,reliability_gated_sfda,0.36054421768707484,0.5,0.36054421768707484,1.0,0.0,0.53,0.0,0.8518667201926937,0.7316462240081788,0.49721267126480967,0,188,0,106
switzerland,hungary,3,44,conservative_candidate,0.36054421768707484,0.5,0.36054421768707484,1.0,0.0,0.53,0.0,0.8518667201926937,0.7316462240081788,0.49721267126480967,0,188,0,106
switzerland,va_long_beach,3,44,source_only,0.745,0.5,0.745,1.0,0.0,0.8538681948424068,0.0,0.7033162258191867,0.8593949884298379,0.2166251689195633,0,51,0,149
switzerland,va_long_beach,3,44,pseudo_label_sfda,0.745,0.5,0.745,1.0,0.0,0.8538681948424068,0.0,0.7102908277404921,0.86414550539673,0.23269947291329252,0,51,0,149
switzerland,va_long_beach,3,44,entropy_sfda,0.745,0.5,0.745,1.0,0.0,0.8538681948424068,0.0,0.7096328464271615,0.864448785838527,0.22556451975299516,0,51,0,149
switzerland,va_long_beach,3,44,reliability_gated_sfda,0.745,0.5,0.745,1.0,0.0,0.8538681948424068,0.0,0.7033162258191867,0.8593949884298379,0.21662516673176185,0,51,0,149
switzerland,va_long_beach,3,44,conservative_candidate,0.745,0.5,0.745,1.0,0.0,0.8538681948424068,0.0,0.7033162258191867,0.8593949884298379,0.21662516673176185,0,51,0,149
switzerland,cleveland,4,44,source_only,0.45874587458745875,0.5,0.45874587458745875,1.0,0.0,0.6289592760180995,0.0,0.8254957010001754,0.816645854000019,0.38816776871681213,0,164,0,139
switzerland,cleveland,4,44,pseudo_label_sfda,0.45874587458745875,0.5,0.45874587458745875,1.0,0.0,0.6289592760180995,0.0,0.829136690647482,0.8224506105907172,0.4471071607943114,0,164,0,139
switzerland,cleveland,4,44,entropy_sfda,0.45874587458745875,0.5,0.45874587458745875,1.0,0.0,0.6289592760180995,0.0,0.8224688541849446,0.817976644516345,0.4523405162686765,0,164,0,139
switzerland,cleveland,4,44,reliability_gated_sfda,0.45874587458745875,0.5,0.45874587458745875,1.0,0.0,0.6289592760180995,0.0,0.8254957010001754,0.816645854000019,0.3881677692326618,0,164,0,139
switzerland,cleveland,4,44,conservative_candidate,0.45874587458745875,0.5,0.45874587458745875,1.0,0.0,0.6289592760180995,0.0,0.8254957010001754,0.816645854000019,0.3881677692326618,0,164,0,139
switzerland,hungary,4,44,source_only,0.36054421768707484,0.5,0.36054421768707484,1.0,0.0,0.53,0.0,0.8644620634283421,0.7902535917391402,0.48024630546569824,0,188,0,106
switzerland,hungary,4,44,pseudo_label_sfda,0.36054421768707484,0.5,0.36054421768707484,1.0,0.0,0.53,0.0,0.8660678442392613,0.7935143461485139,0.5526825471479129,0,188,0,106
switzerland,hungary,4,44,entropy_sfda,0.36054421768707484,0.5,0.36054421768707484,1.0,0.0,0.53,0.0,0.8626555600160577,0.7868387612694258,0.5554847224006645,0,188,0,106
switzerland,hungary,4,44,reliability_gated_sfda,0.36054421768707484,0.5,0.36054421768707484,1.0,0.0,0.53,0.0,0.8644620634283421,0.7902535917391402,0.4802462961570179,0,188,0,106
switzerland,hungary,4,44,conservative_candidate,0.36054421768707484,0.5,0.36054421768707484,1.0,0.0,0.53,0.0,0.8644620634283421,0.7902535917391402,0.4802462961570179,0,188,0,106
switzerland,va_long_beach,4,44,source_only,0.745,0.5,0.745,1.0,0.0,0.8538681948424068,0.0,0.6958152388472167,0.8552188534796072,0.21267980337142944,0,51,0,149
switzerland,va_long_beach,4,44,pseudo_label_sfda,0.745,0.5,0.745,1.0,0.0,0.8538681948424068,0.0,0.7083168838005001,0.8642072562612361,0.23075097492989405,0,51,0,149
switzerland,va_long_beach,4,44,entropy_sfda,0.745,0.5,0.745,1.0,0.0,0.8538681948424068,0.0,0.7066061323858404,0.8622758249597413,0.22411755934213423,0,51,0,149
switzerland,va_long_beach,4,44,reliability_gated_sfda,0.745,0.5,0.745,1.0,0.0,0.8538681948424068,0.0,0.6958152388472167,0.8552188534796072,0.21267980930777583,0,51,0,149
switzerland,va_long_beach,4,44,conservative_candidate,0.745,0.5,0.745,1.0,0.0,0.8538681948424068,0.0,0.6958152388472167,0.8552188534796072,0.21267980930777583,0,51,0,149
switzerland,cleveland,5,44,source_only,0.45874587458745875,0.5,0.45874587458745875,1.0,0.0,0.6289592760180995,0.0,0.814616599403404,0.7894989037480213,0.4159359931945801,0,164,0,139
switzerland,cleveland,5,44,pseudo_label_sfda,0.45874587458745875,0.5,0.45874587458745875,1.0,0.0,0.6289592760180995,0.0,0.8143095279873661,0.7893679195291042,0.4673094700500479,0,164,0,139
switzerland,cleveland,5,44,entropy_sfda,0.45874587458745875,0.5,0.45874587458745875,1.0,0.0,0.6289592760180995,0.0,0.8116336199333216,0.7916673917201489,0.46314677268750337,0,164,0,139
switzerland,cleveland,5,44,reliability_gated_sfda,0.45874587458745875,0.5,0.45874587458745875,1.0,0.0,0.6289592760180995,0.0,0.814616599403404,0.7894989037480213,0.4159360106385202,0,164,0,139
switzerland,cleveland,5,44,conservative_candidate,0.45874587458745875,0.5,0.45874587458745875,1.0,0.0,0.6289592760180995,0.0,0.814616599403404,0.7894989037480213,0.4159360106385202,0,164,0,139
switzerland,hungary,5,44,source_only,0.36054421768707484,0.5,0.36054421768707484,1.0,0.0,0.53,0.0,0.8709855479727017,0.7870775245159976,0.4809967279434204,0,188,0,106
switzerland,hungary,5,44,pseudo_label_sfda,0.36054421768707484,0.5,0.36054421768707484,1.0,0.0,0.53,0.0,0.8760537936571658,0.7988918213312918,0.5419260527629379,0,188,0,106
switzerland,hungary,5,44,entropy_sfda,0.36054421768707484,0.5,0.36054421768707484,1.0,0.0,0.53,0.0,0.8675732637494983,0.7834191562415451,0.5438405852936489,0,188,0,106
switzerland,hungary,5,44,reliability_gated_sfda,0.36054421768707484,0.5,0.36054421768707484,1.0,0.0,0.53,0.0,0.8709855479727017,0.7870775245159976,0.48099674936432374,0,188,0,106
switzerland,hungary,5,44,conservative_candidate,0.36054421768707484,0.5,0.36054421768707484,1.0,0.0,0.53,0.0,0.8709855479727017,0.7870775245159976,0.48099674936432374,0,188,0,106
switzerland,va_long_beach,5,44,source_only,0.745,0.5,0.745,1.0,0.0,0.8538681948424068,0.0,0.7106856165284906,0.8570197825544071,0.21803656220436096,0,51,0,149
switzerland,va_long_beach,5,44,pseudo_label_sfda,0.745,0.5,0.745,1.0,0.0,0.8538681948424068,0.0,0.7181866035004606,0.8613084441850448,0.23442213586607752,0,51,0,149
switzerland,va_long_beach,5,44,entropy_sfda,0.745,0.5,0.745,1.0,0.0,0.8538681948424068,0.0,0.7156862745098039,0.8590267632019175,0.22683164031686978,0,51,0,149
switzerland,va_long_beach,5,44,reliability_gated_sfda,0.745,0.5,0.745,1.0,0.0,0.8538681948424068,0.0,0.7106856165284906,0.8570197825544071,0.2180365531420919,0,51,0,149
switzerland,va_long_beach,5,44,conservative_candidate,0.745,0.5,0.745,1.0,0.0,0.8538681948424068,0.0,0.7106856165284906,0.8570197825544071,0.2180365531420919,0,51,0,149
switzerland,cleveland,6,44,source_only,0.45874587458745875,0.5,0.45874587458745875,1.0,0.0,0.6289592760180995,0.0,0.7467538164590279,0.7041113135386143,0.44475290179252625,0,164,0,139
switzerland,cleveland,6,44,pseudo_label_sfda,0.45874587458745875,0.5,0.45874587458745875,1.0,0.0,0.6289592760180995,0.0,0.7496929285839621,0.7115216420099517,0.5047021373633886,0,164,0,139
switzerland,cleveland,6,44,entropy_sfda,0.45874587458745875,0.5,0.45874587458745875,1.0,0.0,0.6289592760180995,0.0,0.740151781014213,0.7064926725207911,0.4951986815082984,0,164,0,139
switzerland,cleveland,6,44,reliability_gated_sfda,0.45874587458745875,0.5,0.45874587458745875,1.0,0.0,0.6289592760180995,0.0,0.7467538164590279,0.7041113135386143,0.4447529324644999,0,164,0,139
switzerland,cleveland,6,44,conservative_candidate,0.45874587458745875,0.5,0.45874587458745875,1.0,0.0,0.6289592760180995,0.0,0.7467538164590279,0.7041113135386143,0.4447529324644999,0,164,0,139
switzerland,hungary,6,44,source_only,0.36054421768707484,0.5,0.36054421768707484,1.0,0.0,0.53,0.0,0.8468988358089122,0.7302084353491668,0.5173057317733765,0,188,0,106
switzerland,hungary,6,44,pseudo_label_sfda,0.36054421768707484,0.5,0.36054421768707484,1.0,0.0,0.53,0.0,0.8301886792452831,0.7169591244931373,0.5895052573673649,0,188,0,106
switzerland,hungary,6,44,entropy_sfda,0.36054421768707484,0.5,0.36054421768707484,1.0,0.0,0.53,0.0,0.8181955038137294,0.6884009606026247,0.5823283598160685,0,188,0,106
switzerland,hungary,6,44,reliability_gated_sfda,0.36054421768707484,0.5,0.36054421768707484,1.0,0.0,0.53,0.0,0.8468988358089122,0.7302084353491668,0.5173057221394872,0,188,0,106
switzerland,hungary,6,44,conservative_candidate,0.36054421768707484,0.5,0.36054421768707484,1.0,0.0,0.53,0.0,0.8468988358089122,0.7302084353491668,0.5173057221394872,0,188,0,106
switzerland,va_long_beach,6,44,source_only,0.745,0.5,0.745,1.0,0.0,0.8538681948424068,0.0,0.7168706408737993,0.8617547446449132,0.21446917951107025,0,51,0,149
switzerland,va_long_beach,6,44,pseudo_label_sfda,0.745,0.5,0.745,1.0,0.0,0.8538681948424068,0.0,0.7298986708777471,0.8659819458458768,0.23388838193164985,0,51,0,149
switzerland,va_long_beach,6,44,entropy_sfda,0.745,0.5,0.745,1.0,0.0,0.8538681948424068,0.0,0.7247664166337677,0.8623250960240951,0.22607195582977124,0,51,0,149
switzerland,va_long_beach,6,44,reliability_gated_sfda,0.745,0.5,0.745,1.0,0.0,0.8538681948424068,0.0,0.7168706408737993,0.8617547446449132,0.21446917898341356,0,51,0,149
switzerland,va_long_beach,6,44,conservative_candidate,0.745,0.5,0.745,1.0,0.0,0.8538681948424068,0.0,0.7168706408737993,0.8617547446449132,0.21446917898341356,0,51,0,149
switzerland,cleveland,7,44,source_only,0.45874587458745875,0.5,0.45874587458745875,1.0,0.0,0.6289592760180995,0.0,0.8422091595016671,0.8259413962882964,0.40402916073799133,0,164,0,139
switzerland,cleveland,7,44,pseudo_label_sfda,0.45874587458745875,0.5,0.45874587458745875,1.0,0.0,0.6289592760180995,0.0,0.8458940164941218,0.833511266073492,0.45831189223879115,0,164,0,139
switzerland,cleveland,7,44,entropy_sfda,0.45874587458745875,0.5,0.45874587458745875,1.0,0.0,0.6289592760180995,0.0,0.8431303737497807,0.8322287244908364,0.4591198993811988,0,164,0,139
switzerland,cleveland,7,44,reliability_gated_sfda,0.45874587458745875,0.5,0.45874587458745875,1.0,0.0,0.6289592760180995,0.0,0.8422091595016671,0.8259413962882964,0.40402917102609887,0,164,0,139
switzerland,cleveland,7,44,conservative_candidate,0.45874587458745875,0.5,0.45874587458745875,1.0,0.0,0.6289592760180995,0.0,0.8422091595016671,0.8259413962882964,0.40402917102609887,0,164,0,139
switzerland,hungary,7,44,source_only,0.36054421768707484,0.5,0.36054421768707484,1.0,0.0,0.53,0.0,0.8804195102368527,0.8127790980794822,0.48009783029556274,0,188,0,106
switzerland,hungary,7,44,pseudo_label_sfda,0.36054421768707484,0.5,0.36054421768707484,1.0,0.0,0.53,0.0,0.8832296266559614,0.8192617433758996,0.543111904850433,0,188,0,106
switzerland,hungary,7,44,entropy_sfda,0.36054421768707484,0.5,0.36054421768707484,1.0,0.0,0.53,0.0,0.8775090325170615,0.8100566312507377,0.5488169039447118,0,188,0,106
switzerland,hungary,7,44,reliability_gated_sfda,0.36054421768707484,0.5,0.36054421768707484,1.0,0.0,0.53,0.0,0.8804195102368527,0.8127790980794822,0.4800978240209902,0,188,0,106
switzerland,hungary,7,44,conservative_candidate,0.36054421768707484,0.5,0.36054421768707484,1.0,0.0,0.53,0.0,0.8804195102368527,0.8127790980794822,0.4800978240209902,0,188,0,106
switzerland,va_long_beach,7,44,source_only,0.745,0.5,0.745,1.0,0.0,0.8538681948424068,0.0,0.7285827082510856,0.8734624677261456,0.21592682600021362,0,51,0,149
switzerland,va_long_beach,7,44,pseudo_label_sfda,0.745,0.5,0.745,1.0,0.0,0.8538681948424068,0.0,0.7413475457297013,0.8782604880491366,0.2336335177847883,0,51,0,149
switzerland,va_long_beach,7,44,entropy_sfda,0.745,0.5,0.745,1.0,0.0,0.8538681948424068,0.0,0.739242005527043,0.8790756500052879,0.22615250648197005,0,51,0,149
switzerland,va_long_beach,7,44,reliability_gated_sfda,0.745,0.5,0.745,1.0,0.0,0.8538681948424068,0.0,0.7285827082510856,0.8734624677261456,0.2159267922224722,0,51,0,149
switzerland,va_long_beach,7,44,conservative_candidate,0.745,0.5,0.745,1.0,0.0,0.8538681948424068,0.0,0.7285827082510856,0.8734624677261456,0.2159267922224722,0,51,0,149
switzerland,cleveland,8,44,source_only,0.45874587458745875,0.5,0.45874587458745875,1.0,0.0,0.6289592760180995,0.0,0.7854009475346552,0.7694865039344109,0.3940972685813904,0,164,0,139
switzerland,cleveland,8,44,pseudo_label_sfda,0.45874587458745875,0.5,0.45874587458745875,1.0,0.0,0.6289592760180995,0.0,0.7908404983330409,0.7764141808165332,0.44585287225995807,0,164,0,139
switzerland,cleveland,8,44,entropy_sfda,0.45874587458745875,0.5,0.45874587458745875,1.0,0.0,0.6289592760180995,0.0,0.7839533251447623,0.7717056354028589,0.4535412583060792,0,164,0,139
switzerland,cleveland,8,44,reliability_gated_sfda,0.45874587458745875,0.5,0.45874587458745875,1.0,0.0,0.6289592760180995,0.0,0.7854009475346552,0.7694865039344109,0.39409728510061104,0,164,0,139
switzerland,cleveland,8,44,conservative_candidate,0.45874587458745875,0.5,0.45874587458745875,1.0,0.0,0.6289592760180995,0.0,0.7854009475346552,0.7694865039344109,0.39409728510061104,0,164,0,139
switzerland,hungary,8,44,source_only,0.36054421768707484,0.5,0.36054421768707484,1.0,0.0,0.53,0.0,0.8597952629466078,0.7780708059637703,0.47894489765167236,0,188,0,106
switzerland,hungary,8,44,pseudo_label_sfda,0.36054421768707484,0.5,0.36054421768707484,1.0,0.0,0.53,0.0,0.8566840626254516,0.7748700637109527,0.5447277252989091,0,188,0,106
switzerland,hungary,8,44,entropy_sfda,0.36054421768707484,0.5,0.36054421768707484,1.0,0.0,0.53,0.0,0.8476515455640306,0.762127673426189,0.5520365029676123,0,188,0,106
switzerland,hungary,8,44,reliability_gated_sfda,0.36054421768707484,0.5,0.36054421768707484,1.0,0.0,0.53,0.0,0.8597952629466078,0.7780708059637703,0.4789448789599221,0,188,0,106
switzerland,hungary,8,44,conservative_candidate,0.36054421768707484,0.5,0.36054421768707484,1.0,0.0,0.53,0.0,0.8597952629466078,0.7780708059637703,0.4789448789599221,0,188,0,106
switzerland,va_long_beach,8,44,source_only,0.745,0.5,0.745,1.0,0.0,0.8538681948424068,0.0,0.6859455191472563,0.8441617657489535,0.21116255223751068,0,51,0,149
switzerland,va_long_beach,8,44,pseudo_label_sfda,0.745,0.5,0.745,1.0,0.0,0.8538681948424068,0.0,0.7033162258191867,0.8554242739629276,0.2286714401849958,0,51,0,149
switzerland,va_long_beach,8,44,entropy_sfda,0.745,0.5,0.745,1.0,0.0,0.8538681948424068,0.0,0.7003553099091987,0.8526193541790409,0.22216572863921832,0,51,0,149
switzerland,va_long_beach,8,44,reliability_gated_sfda,0.745,0.5,0.745,1.0,0.0,0.8538681948424068,0.0,0.6859455191472563,0.8441617657489535,0.21116254072621823,0,51,0,149
switzerland,va_long_beach,8,44,conservative_candidate,0.745,0.5,0.745,1.0,0.0,0.8538681948424068,0.0,0.6859455191472563,0.8441617657489535,0.21116254072621823,0,51,0,149
switzerland,cleveland,9,44,source_only,0.45874587458745875,0.5,0.45874587458745875,1.0,0.0,0.6289592760180995,0.0,0.8050973855062291,0.7910963909947453,0.40373507142066956,0,164,0,139
switzerland,cleveland,9,44,pseudo_label_sfda,0.45874587458745875,0.5,0.45874587458745875,1.0,0.0,0.6289592760180995,0.0,0.801061589752588,0.7859800382013736,0.462486314977884,0,164,0,139
switzerland,cleveland,9,44,entropy_sfda,0.45874587458745875,0.5,0.45874587458745875,1.0,0.0,0.6289592760180995,0.0,0.793121600280751,0.7832975924434873,0.4648893605823819,0,164,0,139
switzerland,cleveland,9,44,reliability_gated_sfda,0.45874587458745875,0.5,0.45874587458745875,1.0,0.0,0.6289592760180995,0.0,0.8050973855062291,0.7910963909947453,0.40373503730217847,0,164,0,139
switzerland,cleveland,9,44,conservative_candidate,0.45874587458745875,0.5,0.45874587458745875,1.0,0.0,0.6289592760180995,0.0,0.8050973855062291,0.7910963909947453,0.40373503730217847,0,164,0,139
switzerland,hungary,9,44,source_only,0.36054421768707484,0.5,0.36054421768707484,1.0,0.0,0.53,0.0,0.8740465676435166,0.8008083523370679,0.4921935796737671,0,188,0,106
switzerland,hungary,9,44,pseudo_label_sfda,0.36054421768707484,0.5,0.36054421768707484,1.0,0.0,0.53,0.0,0.8729425933360097,0.8059080358828771,0.56429785123594,0,188,0,106
switzerland,hungary,9,44,entropy_sfda,0.36054421768707484,0.5,0.36054421768707484,1.0,0.0,0.53,0.0,0.867523083099157,0.7946929296576464,0.566204872797564,0,188,0,106
switzerland,hungary,9,44,reliability_gated_sfda,0.36054421768707484,0.5,0.36054421768707484,1.0,0.0,0.53,0.0,0.8740465676435166,0.8008083523370679,0.49219357744844167,0,188,0,106
switzerland,hungary,9,44,conservative_candidate,0.36054421768707484,0.5,0.36054421768707484,1.0,0.0,0.53,0.0,0.8740465676435166,0.8008083523370679,0.49219357744844167,0,188,0,106
switzerland,va_long_beach,9,44,source_only,0.745,0.5,0.745,1.0,0.0,0.8538681948424068,0.0,0.717660218449796,0.8704270697955844,0.21645081043243408,0,51,0,149
switzerland,va_long_beach,9,44,pseudo_label_sfda,0.745,0.5,0.745,1.0,0.0,0.8538681948424068,0.0,0.7280563232004212,0.8765051083830213,0.2344483549622377,0,51,0,149
switzerland,va_long_beach,9,44,entropy_sfda,0.745,0.5,0.745,1.0,0.0,0.8538681948424068,0.0,0.72331885774444,0.8737333277072,0.22774512536724012,0,51,0,149
switzerland,va_long_beach,9,44,reliability_gated_sfda,0.745,0.5,0.745,1.0,0.0,0.8538681948424068,0.0,0.717660218449796,0.8704270697955844,0.21645080125574437,0,51,0,149
switzerland,va_long_beach,9,44,conservative_candidate,0.745,0.5,0.745,1.0,0.0,0.8538681948424068,0.0,0.717660218449796,0.8704270697955844,0.21645080125574437,0,51,0,149
va_long_beach,cleveland,0,33,source_only,0.6864686468646864,0.702689068257589,0.6067961165048543,0.8992805755395683,0.5060975609756098,0.7246376811594203,0.4329823256227783,0.8366818740129847,0.816405264114565,0.20145222544670105,83,81,14,125
va_long_beach,cleveland,0,33,pseudo_label_sfda,0.6864686468646864,0.702689068257589,0.6067961165048543,0.8992805755395683,0.5060975609756098,0.7246376811594203,0.4329823256227783,0.8366818740129847,0.816405264114565,0.2014522366134419,83,81,14,125
va_long_beach,cleveland,0,33,entropy_sfda,0.5742574257425742,0.6039656080014038,0.5193798449612403,0.9640287769784173,0.24390243902439024,0.6750629722921915,0.29136199869815543,0.8289173539217406,0.8029692973180198,0.2485225345179988,40,124,5,134
va_long_beach,cleveland,0,33,reliability_gated_sfda,0.6897689768976898,0.7057378487453939,0.6097560975609756,0.8992805755395683,0.5121951219512195,0.7267441860465116,0.4383121867396335,0.8371644148096157,0.8166540173541538,0.20018293724664346,84,80,14,125
va_long_beach,cleveland,0,33,conservative_candidate,0.6897689768976898,0.7057378487453939,0.6097560975609756,0.8992805755395683,0.5121951219512195,0.7267441860465116,0.4383121867396335,0.8362870679066503,0.8161124023603255,0.20149010258115238,84,80,14,125
va_long_beach,hungary,0,33,source_only,0.7585034013605442,0.7823665194700924,0.6174496644295302,0.8679245283018868,0.6968085106382979,0.7215686274509804,0.5423728208516331,0.8728422320353272,0.8115725489093897,0.19363702833652496,131,57,14,92
va_long_beach,hungary,0,33,pseudo_label_sfda,0.7585034013605442,0.7823665194700924,0.6174496644295302,0.8679245283018868,0.6968085106382979,0.7215686274509804,0.5423728208516331,0.8728422320353272,0.8115725489093897,0.19363703064062204,131,57,14,92
va_long_beach,hungary,0,33,entropy_sfda,0.7074829931972789,0.7589321557607387,0.5555555555555556,0.9433962264150944,0.574468085106383,0.6993006993006993,0.5103394741677763,0.8810718586912887,0.8146077258634775,0.20741453920462513,108,80,6,100
va_long_beach,hungary,0,33,reliability_gated_sfda,0.7653061224489796,0.7876856684062625,0.6258503401360545,0.8679245283018868,0.7074468085106383,0.7272727272727273,0.5525387558135934,0.8727418707346447,0.8119281210700036,0.1921586611432094,133,55,14,92
va_long_beach,hungary,0,33,conservative_candidate,0.7619047619047619,0.7850260939381775,0.6216216216216216,0.8679245283018868,0.7021276595744681,0.7244094488188977,0.5474433549447532,0.8718887996788438,0.8113322264363045,0.1939637376413384,132,56,14,92
va_long_beach,switzerland,0,33,source_only,0.8617886178861789,0.6934782608695652,0.9622641509433962,0.8869565217391304,0.5,0.9230769230769231,0.27648953046104185,0.7086956521739131,0.9676021620025632,0.12184281647205353,4,4,13,102
va_long_beach,switzerland,0,33,pseudo_label_sfda,0.8617886178861789,0.6934782608695652,0.9622641509433962,0.8869565217391304,0.5,0.9230769230769231,0.27648953046104185,0.7086956521739131,0.9676021620025632,0.12184282026965151,4,4,13,102
va_long_beach,switzerland,0,33,entropy_sfda,0.8943089430894309,0.7108695652173913,0.9636363636363636,0.9217391304347826,0.5,0.9422222222222222,0.3382749146894857,0.7130434782608696,0.9676701113964934,0.09894740396748501,4,4,9,106
va_long_beach,switzerland,0,33,reliability_gated_sfda,0.8617886178861789,0.6934782608695652,0.9622641509433962,0.8869565217391304,0.5,0.9230769230769231,0.27648953046104185,0.7086956521739131,0.9676021620025632,0.1217453718357545,4,4,13,102
va_long_beach,switzerland,0,33,conservative_candidate,0.8617886178861789,0.6934782608695652,0.9622641509433962,0.8869565217391304,0.5,0.9230769230769231,0.27648953046104185,0.7086956521739131,0.9676021620025632,0.12235324960497528,4,4,13,102
va_long_beach,cleveland,1,33,source_only,0.6798679867986799,0.7004298999824531,0.5945945945945946,0.9496402877697842,0.45121951219512196,0.7313019390581718,0.45133896941673984,0.857738199684155,0.8467244671154677,0.21006916463375092,74,90,7,132
va_long_beach,cleveland,1,33,pseudo_label_sfda,0.6534653465346535,0.676039656080014,0.5739130434782609,0.9496402877697842,0.4024390243902439,0.7154471544715447,0.4102461208279013,0.8581768731356378,0.8473903945605961,0.21439515483350055,66,98,7,132
va_long_beach,cleveland,1,33,entropy_sfda,0.46204620462046203,0.5030487804878049,0.4602649006622517,1.0,0.006097560975609756,0.6303854875283447,0.05297634657770434,0.8522109141954728,0.8428465328807604,0.28701932305744265,1,163,0,139
va_long_beach,cleveland,1,33,reliability_gated_sfda,0.6864686468646864,0.7065274609580628,0.6,0.9496402877697842,0.4634146341463415,0.7353760445682451,0.46151597575776365,0.8579575364098964,0.8470704299794091,0.20993241268586343,76,88,7,132
va_long_beach,cleveland,1,33,conservative_candidate,0.6897689768976898,0.7095762414458677,0.6027397260273972,0.9496402877697842,0.4695121951219512,0.7374301675977654,0.4665945553985351,0.8584400772065274,0.8476637543036694,0.2088376203493932,77,87,7,132
va_long_beach,hungary,1,33,source_only,0.7244897959183674,0.7722300281011643,0.5714285714285714,0.9433962264150944,0.601063829787234,0.7117437722419929,0.5326051676204456,0.8932155760738659,0.8314638042397343,0.21094487607479095,113,75,6,100
va_long_beach,hungary,1,33,pseudo_label_sfda,0.7040816326530612,0.7562725812926536,0.5524861878453039,0.9433962264150944,0.5691489361702128,0.6968641114982579,0.505924238973977,0.8963769570453632,0.8367380896299814,0.21206557608291188,107,81,6,100
va_long_beach,hungary,1,33,entropy_sfda,0.391156462585034,0.523936170212766,0.3719298245614035,1.0,0.047872340425531915,0.5421994884910486,0.1334359440923317,0.8961762344439984,0.8411828432617295,0.27939481618433026,9,179,0,106
va_long_beach,hungary,1,33,reliability_gated_sfda,0.7312925170068028,0.7775491770373344,0.5780346820809249,0.9433962264150944,0.6117021276595744,0.7168458781362007,0.5416092340448205,0.8939682858289845,0.8326096680451383,0.2109320828665082,115,73,6,100
va_long_beach,hungary,1,33,conservative_candidate,0.7346938775510204,0.7802087515054195,0.5813953488372093,0.9433962264150944,0.6170212765957447,0.7194244604316546,0.5461342445918841,0.8926635889201124,0.8316165376322108,0.21043421023344047,116,72,6,100
va_long_beach,switzerland,1,33,source_only,0.9512195121951219,0.741304347826087,0.9658119658119658,0.9826086956521739,0.5,0.9741379310344828,0.5524850114241865,0.716304347826087,0.9624510418148426,0.10313411056995392,4,4,2,113
va_long_beach,switzerland,1,33,pseudo_label_sfda,0.9512195121951219,0.741304347826087,0.9658119658119658,0.9826086956521739,0.5,0.9741379310344828,0.5524850114241865,0.716304347826087,0.9624510418148426,0.10313411497919366,4,4,2,113
va_long_beach,switzerland,1,33,entropy_sfda,0.959349593495935,0.6875,0.9583333333333334,1.0,0.375,0.9787234042553191,0.59947894041409,0.7271739130434782,0.963366533019427,0.08234656047450878,3,5,0,115
va_long_beach,switzerland,1,33,reliability_gated_sfda,0.9512195121951219,0.741304347826087,0.9658119658119658,0.9826086956521739,0.5,0.9741379310344828,0.5524850114241865,0.716304347826087,0.9624510418148426,0.10313411497919366,4,4,2,113
va_long_beach,switzerland,1,33,conservative_candidate,0.9512195121951219,0.741304347826087,0.9658119658119658,0.9826086956521739,0.5,0.9741379310344828,0.5524850114241865,0.716304347826087,0.9624510418148426,0.10313411497919366,4,4,2,113
va_long_beach,cleveland,2,33,source_only,0.5874587458745875,0.6134190208808563,0.5286885245901639,0.9280575539568345,0.29878048780487804,0.6736292428198434,0.2854462189232809,0.8426478329531497,0.8430572626197577,0.22104279696941376,49,115,10,129
va_long_beach,cleveland,2,33,pseudo_label_sfda,0.5808580858085809,0.6078698017195999,0.5241935483870968,0.935251798561151,0.2804878048780488,0.6718346253229974,0.27890224820764264,0.8422091595016669,0.842562556040303,0.22442897435512577,46,118,9,130
va_long_beach,cleveland,2,33,entropy_sfda,0.49174917491749176,0.5304878048780488,0.47440273037542663,1.0,0.06097560975609756,0.6435185185185185,0.17007938074498974,0.8419459554307772,0.8434546272572174,0.2711105813768426,10,154,0,139
va_long_beach,cleveland,2,33,reliability_gated_sfda,0.5907590759075908,0.6164678013686612,0.5308641975308642,0.9280575539568345,0.3048780487804878,0.675392670157068,0.2912637488038915,0.8427355676434461,0.8430800732141328,0.2210765370261507,50,114,10,129
va_long_beach,cleveland,2,33,conservative_candidate,0.5907590759075908,0.6164678013686612,0.5308641975308642,0.9280575539568345,0.3048780487804878,0.675392670157068,0.2912637488038915,0.8425600982628532,0.8427308727156307,0.2205586440649668,50,114,10,129
va_long_beach,hungary,2,33,source_only,0.6904761904761905,0.7456342834203131,0.5405405405405406,0.9433962264150944,0.5478723404255319,0.6872852233676976,0.4883730850886591,0.8753010839020474,0.8028059224071814,0.2165149599313736,103,85,6,100
va_long_beach,hungary,2,33,pseudo_label_sfda,0.6904761904761905,0.7456342834203131,0.5405405405405406,0.9433962264150944,0.5478723404255319,0.6872852233676976,0.4883730850886591,0.8753010839020474,0.8028059224071814,0.21651495914205063,103,85,6,100
va_long_beach,hungary,2,33,entropy_sfda,0.5136054421768708,0.6176234443998394,0.4251012145748988,0.9905660377358491,0.24468085106382978,0.5949008498583569,0.3082182428094174,0.8829787234042552,0.8111883759987919,0.26187502749980374,46,142,1,105
va_long_beach,hungary,2,33,reliability_gated_sfda,0.6938775510204082,0.7503512645523887,0.543010752688172,0.9528301886792453,0.5478723404255319,0.6917808219178082,0.4987045062542715,0.8758028904054597,0.8037345533641032,0.2161189482644537,103,85,5,101
va_long_beach,hungary,2,33,conservative_candidate,0.6938775510204082,0.7482938578883982,0.5434782608695652,0.9433962264150944,0.5531914893617021,0.6896551724137931,0.4927453961843063,0.8749498193496588,0.8024710342631802,0.21662135356741316,104,84,6,100
va_long_beach,switzerland,2,33,source_only,0.8617886178861789,0.6353260869565218,0.9537037037037037,0.8956521739130435,0.375,0.9237668161434978,0.20396137268094103,0.7184782608695652,0.9710060322161148,0.12017083913087845,3,5,12,103
va_long_beach,switzerland,2,33,pseudo_label_sfda,0.8617886178861789,0.6353260869565218,0.9537037037037037,0.8956521739130435,0.375,0.9237668161434978,0.20396137268094103,0.7184782608695652,0.9710060322161148,0.1201708354249621,3,5,12,103
va_long_beach,switzerland,2,33,entropy_sfda,0.9024390243902439,0.5989130434782608,0.9478260869565217,0.9478260869565217,0.25,0.9478260869565217,0.19782608695652174,0.7228260869565217,0.9703369594895417,0.09997263981676917,2,6,6,109
va_long_beach,switzerland,2,33,reliability_gated_sfda,0.8617886178861789,0.6353260869565218,0.9537037037037037,0.8956521739130435,0.375,0.9237668161434978,0.20396137268094103,0.7184782608695652,0.9712686005143778,0.11980318806447797,3,5,12,103
va_long_beach,switzerland,2,33,conservative_candidate,0.8617886178861789,0.6353260869565218,0.9537037037037037,0.8956521739130435,0.375,0.9237668161434978,0.20396137268094103,0.717391304347826,0.9708637304856241,0.1206084722559318,3,5,12,103
va_long_beach,cleveland,3,33,source_only,0.5676567656765676,0.5984163888401474,0.5152671755725191,0.9712230215827338,0.22560975609756098,0.6733167082294265,0.28673728671547283,0.8178627829443763,0.8153616964605177,0.23436331748962402,37,127,4,135
va_long_beach,cleveland,3,33,pseudo_label_sfda,0.5643564356435643,0.5953676083523425,0.5133079847908745,0.9712230215827338,0.21951219512195122,0.6716417910447762,0.28077105984211426,0.8179505176346726,0.8162392196340147,0.2379805902030548,36,128,4,135
va_long_beach,cleveland,3,33,entropy_sfda,0.45874587458745875,0.5,0.45874587458745875,1.0,0.0,0.6289592760180995,0.0,0.8187839971924898,0.8150849872221226,0.30035713418285637,0,164,0,139
va_long_beach,cleveland,3,33,reliability_gated_sfda,0.5676567656765676,0.5984163888401474,0.5152671755725191,0.9712230215827338,0.22560975609756098,0.6733167082294265,0.28673728671547283,0.8182137217055624,0.8155927982411391,0.23490072388198474,37,127,4,135
va_long_beach,cleveland,3,33,conservative_candidate,0.5676567656765676,0.5984163888401474,0.5152671755725191,0.9712230215827338,0.22560975609756098,0.6733167082294265,0.28673728671547283,0.8184330584313037,0.8155622854733338,0.23482379596042716,37,127,4,135
va_long_beach,hungary,3,33,source_only,0.6598639455782312,0.7175832998795664,0.5157894736842106,0.9245283018867925,0.5106382978723404,0.6621621621621622,0.43701258291619594,0.8575873143315936,0.7909348687525564,0.21368785202503204,96,92,8,98
va_long_beach,hungary,3,33,pseudo_label_sfda,0.6598639455782312,0.7175832998795664,0.5157894736842106,0.9245283018867925,0.5106382978723404,0.6621621621621622,0.43701258291619594,0.8575873143315936,0.7909348687525564,0.21368784308007616,96,92,8,98
va_long_beach,hungary,3,33,entropy_sfda,0.46598639455782315,0.5803894018466479,0.40229885057471265,0.9905660377358491,0.1702127659574468,0.5722070844686649,0.24455887422497552,0.8797671617824168,0.8110503705379098,0.2583620747113725,32,156,1,105
va_long_beach,hungary,3,33,reliability_gated_sfda,0.6496598639455783,0.7075471698113207,0.5078534031413613,0.9150943396226415,0.5,0.6531986531986532,0.4177758894571904,0.8581894821356885,0.7924039173836247,0.2128613662328669,94,94,9,97
va_long_beach,hungary,3,33,conservative_candidate,0.6530612244897959,0.7122641509433962,0.5104166666666666,0.9245283018867925,0.5,0.6577181208053692,0.4282405671486896,0.8574869530309114,0.7911316313333919,0.21449338074912758,94,94,8,98
va_long_beach,switzerland,3,33,source_only,0.8617886178861789,0.6934782608695652,0.9622641509433962,0.8869565217391304,0.5,0.9230769230769231,0.27648953046104185,0.6967391304347826,0.9686952495758178,0.1292238086462021,4,4,13,102
va_long_beach,switzerland,3,33,pseudo_label_sfda,0.8617886178861789,0.6934782608695652,0.9622641509433962,0.8869565217391304,0.5,0.9230769230769231,0.27648953046104185,0.6967391304347826,0.9686952495758178,0.12922380370277267,4,4,13,102
va_long_beach,switzerland,3,33,entropy_sfda,0.8943089430894309,0.5364130434782608,0.9396551724137931,0.9478260869565217,0.125,0.9437229437229437,0.07751805626371909,0.7108695652173913,0.9701667535898889,0.10621287086072398,1,7,6,109
va_long_beach,switzerland,3,33,reliability_gated_sfda,0.8617886178861789,0.6934782608695652,0.9622641509433962,0.8869565217391304,0.5,0.9230769230769231,0.27648953046104185,0.6978260869565217,0.9688878443083518,0.1279826788383305,4,4,13,102
va_long_beach,switzerland,3,33,conservative_candidate,0.8617886178861789,0.6934782608695652,0.9622641509433962,0.8869565217391304,0.5,0.9230769230769231,0.27648953046104185,0.6967391304347826,0.9686952495758178,0.12851331081535416,4,4,13,102
va_long_beach,cleveland,4,33,source_only,0.5412541254125413,0.573477803123355,0.5,0.9640287769784173,0.18292682926829268,0.6584766584766585,0.2290941838810202,0.8392700473767327,0.837479220567086,0.21838010847568512,30,134,5,134
va_long_beach,cleveland,4,33,pseudo_label_sfda,0.5214521452145214,0.5557334620108791,0.4891304347826087,0.9712230215827338,0.1402439024390244,0.6506024096385542,0.1949570379264334,0.839313914721881,0.8369703741703423,0.2207745236982084,23,141,4,135
va_long_beach,cleveland,4,33,entropy_sfda,0.45874587458745875,0.5,0.45874587458745875,1.0,0.0,0.6289592760180995,0.0,0.8465520266713458,0.8384530086097695,0.252543445910074,0,164,0,139
va_long_beach,cleveland,4,33,reliability_gated_sfda,0.5445544554455446,0.5770749254255132,0.5018587360594795,0.9712230215827338,0.18292682926829268,0.6617647058823529,0.24336427992033763,0.8399280575539568,0.8375745947115703,0.21891694203546397,30,134,4,135
va_long_beach,cleveland,4,33,conservative_candidate,0.5412541254125413,0.5740261449377083,0.5,0.9712230215827338,0.17682926829268292,0.6601466992665037,0.23681303349181873,0.8390507106509913,0.8370617863252532,0.21857853912746322,29,135,4,135
va_long_beach,hungary,4,33,source_only,0.6360544217687075,0.7071959052589322,0.4975609756097561,0.9622641509433962,0.4521276595744681,0.6559485530546624,0.43308295105147115,0.8844841429144921,0.8251596797453873,0.22022663056850433,85,103,4,102
va_long_beach,hungary,4,33,pseudo_label_sfda,0.6326530612244898,0.704536330790847,0.49514563106796117,0.9622641509433962,0.44680851063829785,0.6538461538461539,0.42890130482599537,0.8869429947812124,0.8329142610231878,0.22070366071464573,84,104,4,102
va_long_beach,hungary,4,33,entropy_sfda,0.36394557823129253,0.5026595744680851,0.36177474402730375,1.0,0.005319148936170213,0.531328320802005,0.04386722859750868,0.8944700923323967,0.8388898025970405,0.25649492824845255,1,187,0,106
va_long_beach,hungary,4,33,reliability_gated_sfda,0.6326530612244898,0.704536330790847,0.49514563106796117,0.9622641509433962,0.44680851063829785,0.6538461538461539,0.42890130482599537,0.8860899237254114,0.8273601431004234,0.2212981051497766,84,104,4,102
va_long_beach,hungary,4,33,conservative_candidate,0.6326530612244898,0.704536330790847,0.49514563106796117,0.9622641509433962,0.44680851063829785,0.6538461538461539,0.42890130482599537,0.8842834203131272,0.825038438550298,0.22084364422506775,84,104,4,102
va_long_beach,switzerland,4,33,source_only,0.9105691056910569,0.6614130434782608,0.956140350877193,0.9478260869565217,0.375,0.9519650655021834,0.3056953659291748,0.6891304347826088,0.9653122363505396,0.12175613641738892,3,5,6,109
va_long_beach,switzerland,4,33,pseudo_label_sfda,0.9105691056910569,0.6614130434782608,0.956140350877193,0.9478260869565217,0.375,0.9519650655021834,0.3056953659291748,0.6891304347826088,0.9653122363505396,0.1217561376084685,3,5,6,109
va_long_beach,switzerland,4,33,entropy_sfda,0.926829268292683,0.4956521739130435,0.9344262295081968,0.991304347826087,0.0,0.9620253164556962,-0.023879001233902648,0.6989130434782609,0.9668342220299424,0.10158760829995903,0,8,1,114
va_long_beach,switzerland,4,33,reliability_gated_sfda,0.9105691056910569,0.6614130434782608,0.956140350877193,0.9478260869565217,0.375,0.9519650655021834,0.3056953659291748,0.6858695652173914,0.9647484779196889,0.12133350563477563,3,5,6,109
va_long_beach,switzerland,4,33,conservative_candidate,0.9105691056910569,0.6614130434782608,0.956140350877193,0.9478260869565217,0.375,0.9519650655021834,0.3056953659291748,0.6891304347826087,0.9652984576131058,0.12190455101219543,3,5,6,109
va_long_beach,cleveland,5,33,source_only,0.49174917491749176,0.5304878048780488,0.47440273037542663,1.0,0.06097560975609756,0.6435185185185185,0.17007938074498974,0.8322951394981575,0.821854446879131,0.23159807920455933,10,154,0,139
va_long_beach,cleveland,5,33,pseudo_label_sfda,0.49174917491749176,0.5304878048780488,0.47440273037542663,1.0,0.06097560975609756,0.6435185185185185,0.17007938074498974,0.8322951394981575,0.821854446879131,0.23159807943401678,10,154,0,139
va_long_beach,cleveland,5,33,entropy_sfda,0.45874587458745875,0.5,0.45874587458745875,1.0,0.0,0.6289592760180995,0.0,0.8322074048078609,0.823475984219187,0.2695177877530449,0,164,0,139
va_long_beach,cleveland,5,33,reliability_gated_sfda,0.49504950495049505,0.5335365853658537,0.476027397260274,1.0,0.06707317073170732,0.6450116009280742,0.1786859448569154,0.8322074048078609,0.8218137686801492,0.23096033322850418,11,153,0,139
va_long_beach,cleveland,5,33,conservative_candidate,0.49504950495049505,0.5335365853658537,0.476027397260274,1.0,0.06707317073170732,0.6450116009280742,0.1786859448569154,0.8322951394981575,0.8222630143316775,0.2309732379099651,11,153,0,139
va_long_beach,hungary,5,33,source_only,0.4013605442176871,0.5319148936170213,0.375886524822695,1.0,0.06382978723404255,0.5463917525773195,0.15489595509107487,0.8822260136491369,0.8279975863045559,0.23406873643398285,12,176,0,106
va_long_beach,hungary,5,33,pseudo_label_sfda,0.4013605442176871,0.5319148936170213,0.375886524822695,1.0,0.06382978723404255,0.5463917525773195,0.15489595509107487,0.8822260136491369,0.8279975863045559,0.23406874368170746,12,176,0,106
va_long_beach,hungary,5,33,entropy_sfda,0.36054421768707484,0.5,0.36054421768707484,1.0,0.0,0.53,0.0,0.8927639502207949,0.8348424586175452,0.2717257274146063,0,188,0,106
va_long_beach,hungary,5,33,reliability_gated_sfda,0.3979591836734694,0.5292553191489362,0.3745583038869258,1.0,0.05851063829787234,0.5449871465295629,0.1480393374755253,0.8809714973906063,0.8263452110291065,0.23355459043454532,11,177,0,106
va_long_beach,hungary,5,33,conservative_candidate,0.3979591836734694,0.5292553191489362,0.3745583038869258,1.0,0.05851063829787234,0.5449871465295629,0.1480393374755253,0.8808209554395826,0.826543918953652,0.23363401914291937,11,177,0,106
va_long_beach,switzerland,5,33,source_only,0.943089430894309,0.5625,0.9426229508196722,1.0,0.125,0.9704641350210971,0.3432606427373506,0.6989130434782609,0.9636447909842689,0.11496376246213913,1,7,0,115
va_long_beach,switzerland,5,33,pseudo_label_sfda,0.943089430894309,0.5625,0.9426229508196722,1.0,0.125,0.9704641350210971,0.3432606427373506,0.6989130434782609,0.9636447909842689,0.11496375952308112,1,7,0,115
va_long_beach,switzerland,5,33,entropy_sfda,0.9349593495934959,0.5,0.9349593495934959,1.0,0.0,0.9663865546218487,0.0,0.7010869565217391,0.9644344624710877,0.10046760565201156,0,8,0,115
va_long_beach,switzerland,5,33,reliability_gated_sfda,0.943089430894309,0.5625,0.9426229508196722,1.0,0.125,0.9704641350210971,0.3432606427373506,0.6989130434782609,0.9636447909842689,0.11496375952308112,1,7,0,115
va_long_beach,switzerland,5,33,conservative_candidate,0.943089430894309,0.5625,0.9426229508196722,1.0,0.125,0.9704641350210971,0.3432606427373506,0.6989130434782609,0.9636447909842689,0.11496375952308112,1,7,0,115
va_long_beach,cleveland,6,33,source_only,0.6600660066006601,0.6826855588699772,0.5782608695652174,0.9568345323741008,0.40853658536585363,0.7208672086720868,0.4257338575100411,0.8461133532198631,0.8338075484222992,0.2196541279554367,67,97,6,133
va_long_beach,cleveland,6,33,pseudo_label_sfda,0.6402640264026402,0.6643928759431479,0.5635593220338984,0.9568345323741008,0.3719512195121951,0.7093333333333334,0.39477433459955874,0.8441393226881907,0.8320792878610314,0.22442437696246065,61,103,6,133
va_long_beach,cleveland,6,33,entropy_sfda,0.45874587458745875,0.5,0.45874587458745875,1.0,0.0,0.6289592760180995,0.0,0.8299701702052992,0.8145903744428313,0.2852384479656275,0,164,0,139
va_long_beach,cleveland,6,33,reliability_gated_sfda,0.6600660066006601,0.6826855588699772,0.5782608695652174,0.9568345323741008,0.40853658536585363,0.7208672086720868,0.4257338575100411,0.8462888226004562,0.8338913130497648,0.21993574461677654,67,97,6,133
va_long_beach,cleveland,6,33,conservative_candidate,0.6600660066006601,0.6826855588699772,0.5782608695652174,0.9568345323741008,0.40853658536585363,0.7208672086720868,0.4257338575100411,0.8460256185295666,0.8335182182922283,0.2189748712491328,67,97,6,133
va_long_beach,hungary,6,33,source_only,0.7312925170068028,0.7796065837013249,0.5771428571428572,0.9528301886792453,0.6063829787234043,0.7188612099644128,0.5470370495817739,0.8896025692492974,0.8257652160308876,0.21235211193561554,114,74,5,101
va_long_beach,hungary,6,33,pseudo_label_sfda,0.7312925170068028,0.7796065837013249,0.5771428571428572,0.9528301886792453,0.6063829787234043,0.7188612099644128,0.5470370495817739,0.8896025692492974,0.8257652160308876,0.2123521191179457,114,74,5,101
va_long_beach,hungary,6,33,entropy_sfda,0.43537414965986393,0.5564532316338819,0.3888888888888889,0.9905660377358491,0.12234042553191489,0.5585106382978723,0.1979990734298641,0.8801184263348053,0.8127717457663667,0.2671485779539725,23,165,1,105
va_long_beach,hungary,6,33,reliability_gated_sfda,0.7312925170068028,0.7796065837013249,0.5771428571428572,0.9528301886792453,0.6063829787234043,0.7188612099644128,0.5470370495817739,0.8901043757527096,0.8260888442083792,0.2116190748587465,114,74,5,101
va_long_beach,hungary,6,33,conservative_candidate,0.7346938775510204,0.7802087515054195,0.5813953488372093,0.9433962264150944,0.6170212765957447,0.7194244604316546,0.5461342445918841,0.8898032918506624,0.8261081891768371,0.21170800394705233,116,72,6,100
va_long_beach,switzerland,6,33,source_only,0.9105691056910569,0.7195652173913043,0.9642857142857143,0.9391304347826087,0.5,0.9515418502202643,0.3794740632147849,0.682608695652174,0.9570810518041787,0.11863133311271667,4,4,7,108
va_long_beach,switzerland,6,33,pseudo_label_sfda,0.9105691056910569,0.7195652173913043,0.9642857142857143,0.9391304347826087,0.5,0.9515418502202643,0.3794740632147849,0.682608695652174,0.9570810518041787,0.11863132772836238,4,4,7,108
va_long_beach,switzerland,6,33,entropy_sfda,0.959349593495935,0.7456521739130435,0.9661016949152542,0.991304347826087,0.5,0.9785407725321889,0.6135055774716305,0.6793478260869565,0.9554149459426162,0.10049005913700433,4,4,1,114
va_long_beach,switzerland,6,33,reliability_gated_sfda,0.9105691056910569,0.7195652173913043,0.9642857142857143,0.9391304347826087,0.5,0.9515418502202643,0.3794740632147849,0.6815217391304348,0.9566520314188323,0.11844010416788542,4,4,7,108
va_long_beach,switzerland,6,33,conservative_candidate,0.9105691056910569,0.7195652173913043,0.9642857142857143,0.9391304347826087,0.5,0.9515418502202643,0.3794740632147849,0.6804347826086956,0.956373599206367,0.1192742942929238,4,4,7,108
va_long_beach,cleveland,7,33,source_only,0.5742574257425742,0.6067073170731707,0.5186567164179104,1.0,0.21341463414634146,0.683046683046683,0.3326994640540786,0.8541849447271451,0.8487498182691217,0.22157210111618042,35,129,0,139
va_long_beach,cleveland,7,33,pseudo_label_sfda,0.570957095709571,0.6036585365853658,0.516728624535316,1.0,0.2073170731707317,0.6813725490196079,0.32730210213532035,0.8551061589752589,0.8512021862268286,0.22187912372615362,34,130,0,139
va_long_beach,cleveland,7,33,entropy_sfda,0.45874587458745875,0.5,0.45874587458745875,1.0,0.0,0.6289592760180995,0.0,0.8569485874714862,0.8498330477620735,0.25906001266475953,0,164,0,139
va_long_beach,cleveland,7,33,reliability_gated_sfda,0.5742574257425742,0.6067073170731707,0.5186567164179104,1.0,0.21341463414634146,0.683046683046683,0.3326994640540786,0.8539656080014038,0.8484638184377612,0.22151053582332703,35,129,0,139
va_long_beach,cleveland,7,33,conservative_candidate,0.5742574257425742,0.6067073170731707,0.5186567164179104,1.0,0.21341463414634146,0.683046683046683,0.3326994640540786,0.8538778733111072,0.8483907768047162,0.2213897492449072,35,129,0,139
va_long_beach,hungary,7,33,source_only,0.6360544217687075,0.7071959052589322,0.4975609756097561,0.9622641509433962,0.4521276595744681,0.6559485530546624,0.43308295105147115,0.8853372139702931,0.8334656727869727,0.2194349318742752,85,103,4,102
va_long_beach,hungary,7,33,pseudo_label_sfda,0.6360544217687075,0.7071959052589322,0.4975609756097561,0.9622641509433962,0.4521276595744681,0.6559485530546624,0.43308295105147115,0.8853372139702931,0.8334656727869727,0.2194349217110645,85,103,4,102
va_long_beach,hungary,7,33,entropy_sfda,0.3741496598639456,0.5106382978723404,0.36551724137931035,1.0,0.02127659574468085,0.5353535353535354,0.08818708852512662,0.8938679245283018,0.8429565045476605,0.2583955733418606,4,184,0,106
va_long_beach,hungary,7,33,reliability_gated_sfda,0.6326530612244898,0.704536330790847,0.49514563106796117,0.9622641509433962,0.44680851063829785,0.6538461538461539,0.42890130482599537,0.885537936571658,0.8342647161451054,0.21990279832615384,84,104,4,102
va_long_beach,hungary,7,33,conservative_candidate,0.6360544217687075,0.7071959052589322,0.4975609756097561,0.9622641509433962,0.4521276595744681,0.6559485530546624,0.43308295105147115,0.8850361300682457,0.8333373384653735,0.21966515201324954,85,103,4,102
va_long_beach,switzerland,7,33,source_only,0.9105691056910569,0.5451086956521739,0.940677966101695,0.9652173913043478,0.125,0.9527896995708155,0.11265699763306489,0.7010869565217391,0.9664653989774461,0.11691752076148987,1,7,4,111
va_long_beach,switzerland,7,33,pseudo_label_sfda,0.9105691056910569,0.5451086956521739,0.940677966101695,0.9652173913043478,0.125,0.9527896995708155,0.11265699763306489,0.7010869565217391,0.9664653989774461,0.11691752177095978,1,7,4,111
va_long_beach,switzerland,7,33,entropy_sfda,0.943089430894309,0.5625,0.9426229508196722,1.0,0.125,0.9704641350210971,0.3432606427373506,0.7108695652173913,0.9674574443580686,0.10057671416939636,1,7,0,115
va_long_beach,switzerland,7,33,reliability_gated_sfda,0.9105691056910569,0.5451086956521739,0.940677966101695,0.9652173913043478,0.125,0.9527896995708155,0.11265699763306489,0.7010869565217391,0.9664653989774461,0.11691752177095978,1,7,4,111
va_long_beach,switzerland,7,33,conservative_candidate,0.9105691056910569,0.5451086956521739,0.940677966101695,0.9652173913043478,0.125,0.9527896995708155,0.11265699763306489,0.7010869565217391,0.9664653989774461,0.11691752177095978,1,7,4,111
va_long_beach,cleveland,8,33,source_only,0.6798679867986799,0.6998815581680997,0.5954545454545455,0.9424460431654677,0.4573170731707317,0.7298050139275766,0.44666472887430975,0.8563344446394104,0.833777065714725,0.20720888674259186,75,89,8,131
va_long_beach,cleveland,8,33,pseudo_label_sfda,0.6600660066006601,0.6826855588699772,0.5782608695652174,0.9568345323741008,0.40853658536585363,0.7208672086720868,0.4257338575100411,0.8557641691524829,0.8338022186320861,0.21110824020774552,67,97,6,133
va_long_beach,cleveland,8,33,entropy_sfda,0.48184818481848185,0.5207931216002808,0.46938775510204084,0.9928057553956835,0.04878048780487805,0.6374133949191686,0.12206301507863794,0.8496666081768731,0.8309804338394055,0.2697223097968278,8,156,1,138
va_long_beach,cleveland,8,33,reliability_gated_sfda,0.6831683168316832,0.7029303386559046,0.5981735159817352,0.9424460431654677,0.4634146341463415,0.7318435754189944,0.45179830733095205,0.8566415160554482,0.8339286541436298,0.20633855241843774,76,88,8,131
va_long_beach,cleveland,8,33,conservative_candidate,0.6831683168316832,0.7029303386559046,0.5981735159817352,0.9424460431654677,0.4634146341463415,0.7318435754189944,0.45179830733095205,0.8560712405685208,0.8333740866522028,0.2069104298960211,76,88,8,131
va_long_beach,hungary,8,33,source_only,0.7551020408163265,0.7879365716579687,0.6075949367088608,0.9056603773584906,0.6702127659574468,0.7272727272727273,0.5545755066591623,0.8936672019269369,0.8338566860816707,0.1951134204864502,126,62,10,96
va_long_beach,hungary,8,33,pseudo_label_sfda,0.7448979591836735,0.7820152549177037,0.5950920245398773,0.9150943396226415,0.648936170212766,0.7211895910780669,0.544885190018591,0.8955740666399036,0.8376142768231711,0.19725664828988446,122,66,9,97
va_long_beach,hungary,8,33,entropy_sfda,0.6224489795918368,0.7006724207145725,0.48826291079812206,0.9811320754716981,0.42021276595744683,0.6520376175548589,0.43133751441175977,0.8960256924929747,0.8385010979317393,0.23342628314373579,79,109,2,104
va_long_beach,hungary,8,33,reliability_gated_sfda,0.7585034013605442,0.7905961461260538,0.6114649681528662,0.9056603773584906,0.675531914893617,0.7300380228136882,0.5594246431984632,0.8939682858289844,0.8341040451353594,0.19396037212491157,127,61,10,96
va_long_beach,hungary,8,33,conservative_candidate,0.7619047619047619,0.7932557205941388,0.6153846153846154,0.9056603773584906,0.6808510638297872,0.732824427480916,0.5642953912470936,0.8938177438779606,0.8340038977124926,0.19462418620696764,128,60,10,96
va_long_beach,switzerland,8,33,source_only,0.9105691056910569,0.7777173913043478,0.9727272727272728,0.9304347826086956,0.625,0.9511111111111111,0.44551155001630716,0.7108695652173913,0.9664186667907524,0.11658934503793716,5,3,8,107
va_long_beach,switzerland,8,33,pseudo_label_sfda,0.9105691056910569,0.7777173913043478,0.9727272727272728,0.9304347826086956,0.625,0.9511111111111111,0.44551155001630716,0.7108695652173913,0.9664186667907524,0.11658934177551511,5,3,8,107
va_long_beach,switzerland,8,33,entropy_sfda,0.926829268292683,0.6119565217391305,0.9491525423728814,0.9739130434782609,0.25,0.9613733905579399,0.2796065242459201,0.7173913043478262,0.967293099725769,0.09305751065347106,2,6,3,112
va_long_beach,switzerland,8,33,reliability_gated_sfda,0.9105691056910569,0.7777173913043478,0.9727272727272728,0.9304347826086956,0.625,0.9511111111111111,0.44551155001630716,0.7108695652173913,0.9662948821909672,0.11652765913649597,5,3,8,107
va_long_beach,switzerland,8,33,conservative_candidate,0.9105691056910569,0.7777173913043478,0.9727272727272728,0.9304347826086956,0.625,0.9511111111111111,0.44551155001630716,0.7097826086956522,0.9660363392870088,0.11705219763712642,5,3,8,107
va_long_beach,cleveland,9,33,source_only,0.5148514851485149,0.551829268292683,0.486013986013986,1.0,0.10365853658536585,0.6541176470588236,0.2244537782044006,0.8618178627829444,0.84265269167007,0.21768827736377716,17,147,0,139
va_long_beach,cleveland,9,33,pseudo_label_sfda,0.4884488448844885,0.5274390243902439,0.47278911564625853,1.0,0.054878048780487805,0.6420323325635104,0.16107682686010133,0.8606334444639411,0.8414773571622715,0.2208204040572834,9,155,0,139
va_long_beach,cleveland,9,33,entropy_sfda,0.45874587458745875,0.5,0.45874587458745875,1.0,0.0,0.6289592760180995,0.0,0.8529566590629934,0.8354370346316338,0.26129092277940097,0,164,0,139
va_long_beach,cleveland,9,33,reliability_gated_sfda,0.5016501650165016,0.5396341463414634,0.4793103448275862,1.0,0.07926829268292683,0.6480186480186481,0.19492078570472593,0.8615107913669066,0.8426797010161786,0.21799060129817138,13,151,0,139
va_long_beach,cleveland,9,33,conservative_candidate,0.49834983498349833,0.5365853658536586,0.47766323024054985,1.0,0.07317073170731707,0.6465116279069767,0.18695178005673468,0.8616862607474997,0.8426323743726356,0.2178115339247013,12,152,0,139
va_long_beach,hungary,9,33,source_only,0.46258503401360546,0.5777298273785628,0.40076335877862596,0.9905660377358491,0.16489361702127658,0.5706521739130435,0.23967565413256117,0.8882476916900842,0.8324927810893692,0.2267249971628189,31,157,1,105
va_long_beach,hungary,9,33,pseudo_label_sfda,0.43197278911564624,0.5537936571657969,0.3874538745387454,0.9905660377358491,0.11702127659574468,0.5570291777188329,0.19237310745067498,0.8895022079486149,0.8348572553758612,0.22813427629159552,22,166,1,105
va_long_beach,hungary,9,33,entropy_sfda,0.36054421768707484,0.5,0.36054421768707484,1.0,0.0,0.53,0.0,0.8920112404656765,0.8396414410185458,0.2712057813657137,0,188,0,106
va_long_beach,hungary,9,33,reliability_gated_sfda,0.4387755102040816,0.5591128061019671,0.3903345724907063,0.9905660377358491,0.1276595744680851,0.56,0.20351540312447436,0.8883480529907669,0.832535590654005,0.22729212166578558,24,164,1,105
va_long_beach,hungary,9,33,conservative_candidate,0.43197278911564624,0.5537936571657969,0.3874538745387454,0.9905660377358491,0.11702127659574468,0.5570291777188329,0.19237310745067498,0.8887494981934966,0.8327538338466328,0.22716243821575374,22,166,1,105
va_long_beach,switzerland,9,33,source_only,0.9349593495934959,0.5,0.9349593495934959,1.0,0.0,0.9663865546218487,0.0,0.7271739130434782,0.9706245140711843,0.11146880686283112,0,8,0,115
va_long_beach,switzerland,9,33,pseudo_label_sfda,0.9349593495934959,0.5,0.9349593495934959,1.0,0.0,0.9663865546218487,0.0,0.7271739130434782,0.9706245140711843,0.11146880582133288,0,8,0,115
va_long_beach,switzerland,9,33,entropy_sfda,0.9349593495934959,0.5,0.9349593495934959,1.0,0.0,0.9663865546218487,0.0,0.7217391304347827,0.9700270834674399,0.09449680956780435,0,8,0,115
va_long_beach,switzerland,9,33,reliability_gated_sfda,0.9349593495934959,0.5,0.9349593495934959,1.0,0.0,0.9663865546218487,0.0,0.7271739130434782,0.9706245140711843,0.11146880582133288,0,8,0,115
va_long_beach,switzerland,9,33,conservative_candidate,0.9349593495934959,0.5,0.9349593495934959,1.0,0.0,0.9663865546218487,0.0,0.7271739130434782,0.9706245140711843,0.11146880582133288,0,8,0,115
