source,target,seed,method,fold,adapt_n,test_n,missingness_rate,selected_n,coverage,pseudo_positive_n,pseudo_negative_n,mean_selected_confidence,adaptation_skipped,entropy_before,entropy_after,mean_probability_before,mean_probability_after,positive_rate_before,positive_rate_after,confidence_before,confidence_after,selected_per_class,available_positive,available_negative,teacher_positive_rate,class_support_score,reliability_score,mean_abs_teacher_drift,reliability_mode,missingness_factor,teacher_drift
cleveland,hungary,0,pseudo_label_sfda,1,235,59,0.0005319148936170213,102.0,0.4340425531914894,41.0,61.0,0.9423888921737671,False,,,,,,,,,,,,,,,,,,
cleveland,hungary,0,pseudo_label_sfda,2,235,59,0.002127659574468085,108.0,0.4595744680851064,45.0,63.0,0.946300745010376,False,,,,,,,,,,,,,,,,,,
cleveland,hungary,0,pseudo_label_sfda,3,235,59,0.002127659574468085,110.0,0.46808510638297873,42.0,68.0,0.9461804032325745,False,,,,,,,,,,,,,,,,,,
cleveland,hungary,0,pseudo_label_sfda,4,235,59,0.001595744680851064,105.0,0.44680851063829785,46.0,59.0,0.9458396434783936,False,,,,,,,,,,,,,,,,,,
cleveland,hungary,0,pseudo_label_sfda,5,236,58,0.00211864406779661,107.0,0.4533898305084746,46.0,61.0,0.946552574634552,False,,,,,,,,,,,,,,,,,,
cleveland,hungary,0,entropy_sfda,1,235,59,0.0005319148936170213,,,,,,,0.39086687564849854,0.3054238259792328,0.4185502529144287,0.3766721487045288,0.39574468085106385,0.34893617021276596,0.834174633026123,0.8777204751968384,,,,,,,,,,
cleveland,hungary,0,entropy_sfda,2,235,59,0.002127659574468085,,,,,,,0.37551042437553406,0.29488232731819153,0.4379991888999939,0.40756452083587646,0.42127659574468085,0.3829787234042553,0.8425385355949402,0.8836783170700073,,,,,,,,,,
cleveland,hungary,0,entropy_sfda,3,235,59,0.002127659574468085,,,,,,,0.3782179057598114,0.2977285087108612,0.41394028067588806,0.3748381733894348,0.40425531914893614,0.34893617021276596,0.8388489484786987,0.8783425092697144,,,,,,,,,,
cleveland,hungary,0,entropy_sfda,4,235,59,0.001595744680851064,,,,,,,0.3845175802707672,0.29843398928642273,0.4282817542552948,0.3842652440071106,0.40425531914893614,0.35319148936170214,0.8353383541107178,0.8804040551185608,,,,,,,,,,
cleveland,hungary,0,entropy_sfda,5,236,58,0.00211864406779661,,,,,,,0.383905827999115,0.3045003116130829,0.445976585149765,0.41185078024864197,0.4322033898305085,0.3813559322033898,0.8340804576873779,0.8755861520767212,,,,,,,,,,
cleveland,hungary,0,reliability_gated_sfda,1,235,59,0.0005319148936170213,94.0,0.4,,,0.9429079294204712,False,0.39086687564849854,0.3821280896663666,0.4185502529144287,0.41573160886764526,0.39574468085106385,0.39148936170212767,,,47.0,93.0,142.0,0.39574468085106385,0.7914893617021277,0.7459046262672661,0.005170787684619427,,,
cleveland,hungary,0,reliability_gated_sfda,2,235,59,0.002127659574468085,94.0,0.4,,,0.9498621225357056,False,0.37551042437553406,0.3668360412120819,0.4379991888999939,0.43531593680381775,0.42127659574468085,0.41702127659574467,,,47.0,99.0,136.0,0.42127659574468085,0.8425531914893617,0.7986065769389832,0.005107259843498468,,,
cleveland,hungary,0,reliability_gated_sfda,3,235,59,0.002127659574468085,94.0,0.4,,,0.9483804702758789,False,0.3782179057598114,0.3697670102119446,0.41394028067588806,0.41109365224838257,0.40425531914893614,0.40425531914893614,,,47.0,95.0,140.0,0.40425531914893614,0.8085106382978723,0.7651442617137489,0.005011013243347406,,,
cleveland,hungary,0,reliability_gated_sfda,4,235,59,0.001595744680851064,94.0,0.4,,,0.9492382407188416,False,0.3845175802707672,0.37579911947250366,0.4282817542552948,0.4247088134288788,0.40425531914893614,0.4,,,47.0,95.0,140.0,0.40425531914893614,0.8085106382978723,0.7662445309813499,0.005608747247606516,,,
cleveland,hungary,0,reliability_gated_sfda,5,236,58,0.00211864406779661,94.0,0.3983050847457627,,,0.9500547647476196,False,0.383905827999115,0.375734806060791,0.445976585149765,0.4433289170265198,0.4322033898305085,0.4279661016949153,,,47.0,102.0,134.0,0.4322033898305085,0.864406779661017,0.8194938776214655,0.004981923848390579,,,
cleveland,hungary,0,conservative_candidate,1,235,59,0.0005319148936170213,94.0,,,,0.9429079294204712,False,0.39086687564849854,0.3888477683067322,,,0.39574468085106385,0.39148936170212767,,,47.0,,,0.39574468085106385,0.7914893617021277,0.7459046262672661,,full,0.999468085106383,0.002881178865209222
cleveland,hungary,0,conservative_candidate,2,235,59,0.002127659574468085,94.0,,,,0.9498621225357056,False,0.37551042437553406,0.3733421862125397,,,0.42127659574468085,0.41702127659574467,,,47.0,,,0.42127659574468085,0.8425531914893617,0.7986065769389832,,full,0.997872340425532,0.0027597544249147177
cleveland,hungary,0,conservative_candidate,3,235,59,0.002127659574468085,94.0,,,,0.9483804702758789,False,0.3782179057598114,0.3758842349052429,,,0.40425531914893614,0.40425531914893614,,,47.0,,,0.40425531914893614,0.8085106382978723,0.7651442617137489,,full,0.997872340425532,0.0031281085684895515
cleveland,hungary,0,conservative_candidate,4,235,59,0.001595744680851064,94.0,,,,0.9492382407188416,False,0.3845175802707672,0.38273441791534424,,,0.40425531914893614,0.4,,,47.0,,,0.40425531914893614,0.8085106382978723,0.7662445309813499,,full,0.9984042553191489,0.003502025967463851
cleveland,hungary,0,conservative_candidate,5,236,58,0.00211864406779661,94.0,,,,0.9500547647476196,False,0.383905827999115,0.3822144567966461,,,0.4322033898305085,0.4279661016949153,,,47.0,,,0.4322033898305085,0.864406779661017,0.8194938776214655,,full,0.9978813559322034,0.0027267218101769686
cleveland,switzerland,0,pseudo_label_sfda,1,98,25,0.012755102040816325,40.0,0.40816326530612246,37.0,3.0,0.936558723449707,False,,,,,,,,,,,,,,,,,,
cleveland,switzerland,0,pseudo_label_sfda,2,98,25,0.007653061224489795,36.0,0.3673469387755102,34.0,2.0,0.9347870945930481,False,,,,,,,,,,,,,,,,,,
cleveland,switzerland,0,pseudo_label_sfda,3,98,25,0.011479591836734693,31.0,0.3163265306122449,29.0,2.0,0.9306378960609436,False,,,,,,,,,,,,,,,,,,
cleveland,switzerland,0,pseudo_label_sfda,4,99,24,0.01388888888888889,34.0,0.3434343434343434,31.0,3.0,0.9415823817253113,False,,,,,,,,,,,,,,,,,,
cleveland,switzerland,0,pseudo_label_sfda,5,99,24,0.0101010101010101,39.0,0.3939393939393939,37.0,2.0,0.9364274740219116,False,,,,,,,,,,,,,,,,,,
cleveland,switzerland,0,entropy_sfda,1,98,25,0.012755102040816325,,,,,,,0.40427130460739136,0.3622656762599945,0.7296524047851562,0.7594988346099854,0.7959183673469388,0.8061224489795918,0.8287612199783325,0.851402223110199,,,,,,,,,,
cleveland,switzerland,0,entropy_sfda,2,98,25,0.007653061224489795,,,,,,,0.4175381660461426,0.3772050440311432,0.7181617021560669,0.7465502619743347,0.7551020408163265,0.7755102040816326,0.8187138438224792,0.8393498659133911,,,,,,,,,,
cleveland,switzerland,0,entropy_sfda,3,98,25,0.011479591836734693,,,,,,,0.4401358366012573,0.4006556272506714,0.7079739570617676,0.7399619221687317,0.7755102040816326,0.7857142857142857,0.8054407238960266,0.8283644914627075,,,,,,,,,,
cleveland,switzerland,0,entropy_sfda,4,99,24,0.01388888888888889,,,,,,,0.4214923679828644,0.3818119764328003,0.7091758847236633,0.7402338981628418,0.7676767676767676,0.7878787878787878,0.8152147531509399,0.837525486946106,,,,,,,,,,
cleveland,switzerland,0,entropy_sfda,5,99,24,0.0101010101010101,,,,,,,0.40357863903045654,0.36252471804618835,0.7207004427909851,0.7470905184745789,0.7676767676767676,0.7777777777777778,0.8282114863395691,0.8494299650192261,,,,,,,,,,
cleveland,switzerland,0,reliability_gated_sfda,1,98,25,0.012755102040816325,40.0,0.40816326530612246,,,0.8479120135307312,False,0.40427130460739136,0.400039404630661,0.7296524047851562,0.7283395528793335,0.7959183673469388,0.7959183673469388,,,20.0,78.0,20.0,0.7959183673469388,0.40816326530612246,0.3416721670516379,0.004023346584290266,,,
cleveland,switzerland,0,reliability_gated_sfda,2,98,25,0.007653061224489795,40.0,0.40816326530612246,,,0.8440507650375366,False,0.4175381660461426,0.4138726592063904,0.7181617021560669,0.7149722576141357,0.7551020408163265,0.7551020408163265,,,20.0,74.0,24.0,0.7551020408163265,0.48979591836734704,0.4102487475213683,0.004941032733768225,,,
cleveland,switzerland,0,reliability_gated_sfda,3,98,25,0.011479591836734693,40.0,0.40816326530612246,,,0.8378809690475464,False,0.4401358366012573,0.4365517497062683,0.7079739570617676,0.706902801990509,0.7755102040816326,0.7755102040816326,,,20.0,76.0,22.0,0.7755102040816326,0.44897959183673475,0.37187293112923436,0.0033708184491842985,,,
cleveland,switzerland,0,reliability_gated_sfda,4,99,24,0.01388888888888889,40.0,0.40404040404040403,,,0.8550131916999817,False,0.4214923679828644,0.4180734157562256,0.7091758847236633,0.7062883377075195,0.7676767676767676,0.7676767676767676,,,20.0,76.0,23.0,0.7676767676767676,0.46464646464646475,0.3917610948501881,0.004598434083163738,,,
cleveland,switzerland,0,reliability_gated_sfda,5,99,24,0.0101010101010101,40.0,0.40404040404040403,,,0.856709361076355,False,0.40357863903045654,0.3993310332298279,0.7207004427909851,0.717960774898529,0.7676767676767676,0.7676767676767676,,,20.0,76.0,23.0,0.7676767676767676,0.46464646464646475,0.3940460973096836,0.004662972409278154,,,
cleveland,switzerland,0,conservative_candidate,1,98,25,0.012755102040816325,40.0,,,,0.8479120135307312,False,0.40427130460739136,0.401593953371048,,,0.7959183673469388,0.7959183673469388,,,20.0,,,0.7959183673469388,0.40816326530612246,0.3416721670516379,,full,0.9872448979591837,0.0028503993526101112
cleveland,switzerland,0,conservative_candidate,2,98,25,0.007653061224489795,40.0,,,,0.8440507650375366,False,0.4175381660461426,0.4165987968444824,,,0.7551020408163265,0.7551020408163265,,,20.0,,,0.7551020408163265,0.48979591836734704,0.4102487475213683,,full,0.9923469387755102,0.001260278164409101
cleveland,switzerland,0,conservative_candidate,3,98,25,0.011479591836734693,40.0,,,,0.8378809690475464,False,0.4401358366012573,0.43886619806289673,,,0.7755102040816326,0.7755102040816326,,,20.0,,,0.7755102040816326,0.44897959183673475,0.37187293112923436,,full,0.9885204081632653,0.00327007076703012
cleveland,switzerland,0,conservative_candidate,4,99,24,0.01388888888888889,40.0,,,,0.8550131916999817,False,0.4214923679828644,0.42033684253692627,,,0.7676767676767676,0.7676767676767676,,,20.0,,,0.7676767676767676,0.46464646464646475,0.3917610948501881,,full,0.9861111111111112,0.002408569911494851
cleveland,switzerland,0,conservative_candidate,5,99,24,0.0101010101010101,40.0,,,,0.856709361076355,False,0.40357863903045654,0.40214213728904724,,,0.7676767676767676,0.7676767676767676,,,20.0,,,0.7676767676767676,0.46464646464646475,0.3940460973096836,,full,0.98989898989899,0.0022996056359261274
cleveland,va_long_beach,0,pseudo_label_sfda,1,160,40,0.13984375,60.0,0.375,58.0,2.0,0.9436053037643433,False,,,,,,,,,,,,,,,,,,
cleveland,va_long_beach,0,pseudo_label_sfda,2,160,40,0.13828125000000002,59.0,0.36875,58.0,1.0,0.9412571787834167,False,,,,,,,,,,,,,,,,,,
cleveland,va_long_beach,0,pseudo_label_sfda,3,160,40,0.12578125,61.0,0.38125,59.0,2.0,0.9433974027633667,False,,,,,,,,,,,,,,,,,,
cleveland,va_long_beach,0,pseudo_label_sfda,4,160,40,0.1328125,62.0,0.3875,61.0,1.0,0.9433399438858032,False,,,,,,,,,,,,,,,,,,
cleveland,va_long_beach,0,pseudo_label_sfda,5,160,40,0.14765625,58.0,0.3625,56.0,2.0,0.9443466067314148,False,,,,,,,,,,,,,,,,,,
cleveland,va_long_beach,0,entropy_sfda,1,160,40,0.13984375,,,,,,,0.4144161343574524,0.3590647578239441,0.7121368646621704,0.7422828078269958,0.75625,0.7625,0.8262704014778137,0.8572171926498413,,,,,,,,,,
cleveland,va_long_beach,0,entropy_sfda,2,160,40,0.13828125000000002,,,,,,,0.41611042618751526,0.3568740487098694,0.7327583432197571,0.7703954577445984,0.79375,0.79375,0.8280363082885742,0.8601745367050171,,,,,,,,,,
cleveland,va_long_beach,0,entropy_sfda,3,160,40,0.12578125,,,,,,,0.41610321402549744,0.35922420024871826,0.7324212193489075,0.7735069990158081,0.7875,0.79375,0.8240460157394409,0.8541519045829773,,,,,,,,,,
cleveland,va_long_beach,0,entropy_sfda,4,160,40,0.1328125,,,,,,,0.4122141897678375,0.3551502525806427,0.7327897548675537,0.7713073492050171,0.7875,0.79375,0.826313316822052,0.8573743104934692,,,,,,,,,,
cleveland,va_long_beach,0,entropy_sfda,5,160,40,0.14765625,,,,,,,0.4234781265258789,0.368838369846344,0.7053700685501099,0.7370808720588684,0.75,0.75625,0.819159209728241,0.8507516980171204,,,,,,,,,,
cleveland,va_long_beach,0,reliability_gated_sfda,1,160,40,0.13984375,64.0,0.4,,,0.8617886900901794,False,0.4144161343574524,0.4099904000759125,0.7121368646621704,0.7093414664268494,0.75625,0.75625,,,32.0,121.0,39.0,0.75625,0.48750000000000004,0.3613705523806857,0.00460741575807333,,,
cleveland,va_long_beach,0,reliability_gated_sfda,2,160,40,0.13828125000000002,64.0,0.4,,,0.8461516499519348,False,0.41611042618751526,0.4124012589454651,0.7327583432197571,0.7306536436080933,0.79375,0.79375,,,32.0,127.0,33.0,0.79375,0.4125000000000001,0.30077220611914535,0.003864506259560585,,,
cleveland,va_long_beach,0,reliability_gated_sfda,3,160,40,0.12578125,64.0,0.4,,,0.844013512134552,False,0.41610321402549744,0.4128158688545227,0.7324212193489075,0.7299330830574036,0.7875,0.7875,,,32.0,126.0,34.0,0.7875,0.42500000000000004,0.31358728596358565,0.004009991884231567,,,
cleveland,va_long_beach,0,reliability_gated_sfda,4,160,40,0.1328125,64.0,0.4,,,0.8467841148376465,False,0.4122141897678375,0.4093678593635559,0.7327897548675537,0.7296628355979919,0.7875,0.7875,,,32.0,126.0,34.0,0.7875,0.42500000000000004,0.31208625482395297,0.004281212575733662,,,
cleveland,va_long_beach,0,reliability_gated_sfda,5,160,40,0.14765625,64.0,0.4,,,0.8586083054542542,False,0.4234781265258789,0.4198147654533386,0.7053700685501099,0.7017903327941895,0.75,0.75,,,32.0,120.0,40.0,0.75,0.5,0.3659147114260122,0.004841433372348547,,,
cleveland,va_long_beach,0,conservative_candidate,1,160,40,0.13984375,64.0,,,,0.8617886900901794,False,0.4144161343574524,0.4127980172634125,,,0.75625,0.75625,,,32.0,,,0.75625,0.48750000000000004,0.3613705523806857,,full,0.86015625,0.0022500301711261272
cleveland,va_long_beach,0,conservative_candidate,2,160,40,0.13828125000000002,64.0,,,,0.8461516499519348,False,0.41611042618751526,0.41465988755226135,,,0.79375,0.79375,,,32.0,,,0.79375,0.4125000000000001,0.30077220611914535,,full,0.86171875,0.0025263226125389338
cleveland,va_long_beach,0,conservative_candidate,3,160,40,0.12578125,64.0,,,,0.844013512134552,False,0.41610321402549744,0.41477280855178833,,,0.7875,0.7875,,,32.0,,,0.7875,0.42500000000000004,0.31358728596358565,,full,0.87421875,0.0027059237472712994
cleveland,va_long_beach,0,conservative_candidate,4,160,40,0.1328125,64.0,,,,0.8467841148376465,False,0.4122141897678375,0.4119170308113098,,,0.7875,0.7875,,,32.0,,,0.7875,0.42500000000000004,0.31208625482395297,,full,0.8671875,0.001797855133190751
cleveland,va_long_beach,0,conservative_candidate,5,160,40,0.14765625,64.0,,,,0.8586083054542542,False,0.4234781265258789,0.42335081100463867,,,0.75,0.75,,,32.0,,,0.75,0.5,0.3659147114260122,,full,0.85234375,0.0019284604350104928
cleveland,hungary,1,pseudo_label_sfda,1,235,59,0.0005319148936170213,95.0,0.40425531914893614,37.0,58.0,0.9427844285964966,False,,,,,,,,,,,,,,,,,,
cleveland,hungary,1,pseudo_label_sfda,2,235,59,0.002127659574468085,102.0,0.4340425531914894,43.0,59.0,0.9445216059684753,False,,,,,,,,,,,,,,,,,,
cleveland,hungary,1,pseudo_label_sfda,3,235,59,0.002127659574468085,104.0,0.4425531914893617,37.0,67.0,0.9432744979858398,False,,,,,,,,,,,,,,,,,,
cleveland,hungary,1,pseudo_label_sfda,4,235,59,0.001595744680851064,98.0,0.41702127659574467,41.0,57.0,0.9450909495353699,False,,,,,,,,,,,,,,,,,,
cleveland,hungary,1,pseudo_label_sfda,5,236,58,0.00211864406779661,105.0,0.4449152542372881,46.0,59.0,0.9446790218353271,False,,,,,,,,,,,,,,,,,,
cleveland,hungary,1,entropy_sfda,1,235,59,0.0005319148936170213,,,,,,,0.4004363417625427,0.32135912775993347,0.4143424928188324,0.38386842608451843,0.39148936170212767,0.33617021276595743,0.8241370916366577,0.8661472797393799,,,,,,,,,,
cleveland,hungary,1,entropy_sfda,2,235,59,0.002127659574468085,,,,,,,0.3885246217250824,0.3112577795982361,0.4337529242038727,0.4152939021587372,0.42127659574468085,0.39148936170212767,0.8324556946754456,0.8726428747177124,,,,,,,,,,
cleveland,hungary,1,entropy_sfda,3,235,59,0.002127659574468085,,,,,,,0.3896223306655884,0.3132501542568207,0.40914133191108704,0.38428977131843567,0.4127659574468085,0.3617021276595745,0.8294745087623596,0.8674878478050232,,,,,,,,,,
cleveland,hungary,1,entropy_sfda,4,235,59,0.001595744680851064,,,,,,,0.3946264982223511,0.31557807326316833,0.42197465896606445,0.3916407823562622,0.4,0.34893617021276596,0.8271067142486572,0.8684608340263367,,,,,,,,,,
cleveland,hungary,1,entropy_sfda,5,236,58,0.00211864406779661,,,,,,,0.39365154504776,0.3200993835926056,0.4392203688621521,0.4178938865661621,0.4322033898305085,0.3855932203389831,0.8240930438041687,0.8627607822418213,,,,,,,,,,
cleveland,hungary,1,reliability_gated_sfda,1,235,59,0.0005319148936170213,94.0,0.4,,,0.9401805996894836,False,0.4004363417625427,0.39276161789894104,0.4143424928188324,0.4130443036556244,0.39148936170212767,0.3872340425531915,,,47.0,92.0,143.0,0.39148936170212767,0.7829787234042553,0.7357498411368114,0.00431421585381031,,,
cleveland,hungary,1,reliability_gated_sfda,2,235,59,0.002127659574468085,94.0,0.4,,,0.9462395310401917,False,0.3885246217250824,0.3805123567581177,0.4337529242038727,0.43300512433052063,0.42127659574468085,0.41702127659574467,,,47.0,99.0,136.0,0.42127659574468085,0.8425531914893617,0.7955608450109034,0.004466679412871599,,,
cleveland,hungary,1,reliability_gated_sfda,3,235,59,0.002127659574468085,94.0,0.4,,,0.942360520362854,False,0.3896223306655884,0.3819194734096527,0.40914133191108704,0.4081375300884247,0.4127659574468085,0.4085106382978723,,,47.0,97.0,138.0,0.4127659574468085,0.825531914893617,0.77629347492743,0.004228671547025442,,,
cleveland,hungary,1,reliability_gated_sfda,4,235,59,0.001595744680851064,94.0,0.4,,,0.945219874382019,False,0.3946264982223511,0.3866442143917084,0.42197465896606445,0.4201171100139618,0.4,0.4,,,47.0,94.0,141.0,0.4,0.8,0.7549692358361914,0.004638673737645149,,,
cleveland,hungary,1,reliability_gated_sfda,5,236,58,0.00211864406779661,94.0,0.3983050847457627,,,0.9485077261924744,False,0.39365154504776,0.3861001133918762,0.4392203688621521,0.4380726218223572,0.4322033898305085,0.4279661016949153,,,47.0,102.0,134.0,0.4322033898305085,0.864406779661017,0.8181594402064575,0.00429648207500577,,,
cleveland,hungary,1,conservative_candidate,1,235,59,0.0005319148936170213,94.0,,,,0.9401805996894836,False,0.4004363417625427,0.39886221289634705,,,0.39148936170212767,0.3829787234042553,,,47.0,,,0.39148936170212767,0.7829787234042553,0.7357498411368114,,full,0.999468085106383,0.00235032569617033
cleveland,hungary,1,conservative_candidate,2,235,59,0.002127659574468085,94.0,,,,0.9462395310401917,False,0.3885246217250824,0.3878445625305176,,,0.42127659574468085,0.41702127659574467,,,47.0,,,0.42127659574468085,0.8425531914893617,0.7955608450109034,,full,0.997872340425532,0.0015339575475081801
cleveland,hungary,1,conservative_candidate,3,235,59,0.002127659574468085,94.0,,,,0.942360520362854,False,0.3896223306655884,0.38736340403556824,,,0.4127659574468085,0.40425531914893614,,,47.0,,,0.4127659574468085,0.825531914893617,0.77629347492743,,full,0.997872340425532,0.0027042063884437084
cleveland,hungary,1,conservative_candidate,4,235,59,0.001595744680851064,94.0,,,,0.945219874382019,False,0.3946264982223511,0.39240995049476624,,,0.4,0.4,,,47.0,,,0.4,0.8,0.7549692358361914,,full,0.9984042553191489,0.002619541482999921
cleveland,hungary,1,conservative_candidate,5,236,58,0.00211864406779661,94.0,,,,0.9485077261924744,False,0.39365154504776,0.3919745087623596,,,0.4322033898305085,0.4279661016949153,,,47.0,,,0.4322033898305085,0.864406779661017,0.8181594402064575,,full,0.9978813559322034,0.002149911830201745
cleveland,switzerland,1,pseudo_label_sfda,1,98,25,0.012755102040816325,28.0,0.2857142857142857,26.0,2.0,0.9308925271034241,False,,,,,,,,,,,,,,,,,,
cleveland,switzerland,1,pseudo_label_sfda,2,98,25,0.007653061224489795,21.0,0.21428571428571427,20.0,1.0,0.9299876093864441,False,,,,,,,,,,,,,,,,,,
cleveland,switzerland,1,pseudo_label_sfda,3,98,25,0.011479591836734693,19.0,0.19387755102040816,18.0,1.0,0.9279822111129761,False,,,,,,,,,,,,,,,,,,
cleveland,switzerland,1,pseudo_label_sfda,4,99,24,0.01388888888888889,25.0,0.25252525252525254,23.0,2.0,0.9323924779891968,False,,,,,,,,,,,,,,,,,,
cleveland,switzerland,1,pseudo_label_sfda,5,99,24,0.0101010101010101,27.0,0.2727272727272727,25.0,2.0,0.9299636483192444,False,,,,,,,,,,,,,,,,,,
cleveland,switzerland,1,entropy_sfda,1,98,25,0.012755102040816325,,,,,,,0.4562316834926605,0.41009244322776794,0.7075734734535217,0.7435645461082458,0.7857142857142857,0.8163265306122449,0.7951350212097168,0.8219465017318726,,,,,,,,,,
cleveland,switzerland,1,entropy_sfda,2,98,25,0.007653061224489795,,,,,,,0.4708337187767029,0.4256272315979004,0.6979377865791321,0.731642484664917,0.7755102040816326,0.8163265306122449,0.7838231921195984,0.8110623359680176,,,,,,,,,,
cleveland,switzerland,1,entropy_sfda,3,98,25,0.011479591836734693,,,,,,,0.4907023310661316,0.4501224458217621,0.6900400519371033,0.7234099507331848,0.7857142857142857,0.8163265306122449,0.7682576179504395,0.7949280738830566,,,,,,,,,,
cleveland,switzerland,1,entropy_sfda,4,99,24,0.01388888888888889,,,,,,,0.46737298369407654,0.4257487654685974,0.6940745115280151,0.7249066233634949,0.7777777777777778,0.797979797979798,0.7841257452964783,0.8097537159919739,,,,,,,,,,
cleveland,switzerland,1,entropy_sfda,5,99,24,0.0101010101010101,,,,,,,0.45870405435562134,0.41462215781211853,0.700462818145752,0.7308986783027649,0.7777777777777778,0.797979797979798,0.7931447625160217,0.8193177580833435,,,,,,,,,,
cleveland,switzerland,1,reliability_gated_sfda,1,98,25,0.012755102040816325,40.0,0.40816326530612246,,,0.82457035779953,False,0.4562316834926605,0.4519692361354828,0.7075734734535217,0.7069956064224243,0.7857142857142857,0.7857142857142857,,,20.0,77.0,21.0,0.7857142857142857,0.4285714285714286,0.348879805176842,0.0035404651425778866,,,
cleveland,switzerland,1,reliability_gated_sfda,2,98,25,0.007653061224489795,40.0,0.40816326530612246,,,0.8182281255722046,False,0.4708337187767029,0.4669716954231262,0.6979377865791321,0.6956756711006165,0.7755102040816326,0.7653061224489796,,,20.0,76.0,22.0,0.7755102040816326,0.44897959183673475,0.3645562421203107,0.0045453994534909725,,,
cleveland,switzerland,1,reliability_gated_sfda,3,98,25,0.011479591836734693,40.0,0.40816326530612246,,,0.8075377345085144,False,0.4907023310661316,0.4869290292263031,0.6900400519371033,0.6892015337944031,0.7857142857142857,0.7755102040816326,,,20.0,77.0,21.0,0.7857142857142857,0.4285714285714286,0.34211465611011227,0.0036197390872985125,,,
cleveland,switzerland,1,reliability_gated_sfda,4,99,24,0.01388888888888889,40.0,0.40404040404040403,,,0.8269168734550476,False,0.46737298369407654,0.46319976449012756,0.6940745115280151,0.6927635669708252,0.7777777777777778,0.7676767676767676,,,20.0,77.0,22.0,0.7777777777777778,0.4444444444444444,0.3624141852796814,0.003999011591076851,,,
cleveland,switzerland,1,reliability_gated_sfda,5,99,24,0.0101010101010101,40.0,0.40404040404040403,,,0.8304120302200317,False,0.45870405435562134,0.4537431001663208,0.700462818145752,0.6994897723197937,0.7777777777777778,0.7676767676767676,,,20.0,77.0,22.0,0.7777777777777778,0.4444444444444444,0.3653440132954573,0.00433528795838356,,,
cleveland,switzerland,1,conservative_candidate,1,98,25,0.012755102040816325,40.0,,,,0.82457035779953,False,0.4562316834926605,0.4555804133415222,,,0.7857142857142857,0.7857142857142857,,,20.0,,,0.7857142857142857,0.4285714285714286,0.348879805176842,,full,0.9872448979591837,0.0018817716045305133
cleveland,switzerland,1,conservative_candidate,2,98,25,0.007653061224489795,40.0,,,,0.8182281255722046,False,0.4708337187767029,0.4709705710411072,,,0.7755102040816326,0.7755102040816326,,,20.0,,,0.7755102040816326,0.44897959183673475,0.3645562421203107,,full,0.9923469387755102,0.0008967960020527244
cleveland,switzerland,1,conservative_candidate,3,98,25,0.011479591836734693,40.0,,,,0.8075377345085144,False,0.4907023310661316,0.4908347725868225,,,0.7857142857142857,0.7857142857142857,,,20.0,,,0.7857142857142857,0.4285714285714286,0.34211465611011227,,full,0.9885204081632653,0.001262860605493188
cleveland,switzerland,1,conservative_candidate,4,99,24,0.01388888888888889,40.0,,,,0.8269168734550476,False,0.46737298369407654,0.4671933352947235,,,0.7777777777777778,0.7777777777777778,,,20.0,,,0.7777777777777778,0.4444444444444444,0.3624141852796814,,full,0.9861111111111112,0.0018813570495694876
cleveland,switzerland,1,conservative_candidate,5,99,24,0.0101010101010101,40.0,,,,0.8304120302200317,False,0.45870405435562134,0.4576913118362427,,,0.7777777777777778,0.7777777777777778,,,20.0,,,0.7777777777777778,0.4444444444444444,0.3653440132954573,,full,0.98989898989899,0.002060692524537444
cleveland,va_long_beach,1,pseudo_label_sfda,1,160,40,0.13984375,48.0,0.3,46.0,2.0,0.9398651123046875,False,,,,,,,,,,,,,,,,,,
cleveland,va_long_beach,1,pseudo_label_sfda,2,160,40,0.13828125000000002,49.0,0.30625,47.0,2.0,0.9401288628578186,False,,,,,,,,,,,,,,,,,,
cleveland,va_long_beach,1,pseudo_label_sfda,3,160,40,0.12578125,48.0,0.3,46.0,2.0,0.9446960091590881,False,,,,,,,,,,,,,,,,,,
cleveland,va_long_beach,1,pseudo_label_sfda,4,160,40,0.1328125,49.0,0.30625,49.0,0.0,0.9420593976974487,False,,,,,,,,,,,,,,,,,,
cleveland,va_long_beach,1,pseudo_label_sfda,5,160,40,0.14765625,50.0,0.3125,48.0,2.0,0.9412738680839539,False,,,,,,,,,,,,,,,,,,
cleveland,va_long_beach,1,entropy_sfda,1,160,40,0.13984375,,,,,,,0.4477106034755707,0.3887034058570862,0.6981194019317627,0.7316862344741821,0.75625,0.7625,0.8041221499443054,0.8387326002120972,,,,,,,,,,
cleveland,va_long_beach,1,entropy_sfda,2,160,40,0.13828125000000002,,,,,,,0.4489077031612396,0.387134313583374,0.7202898263931274,0.7602365612983704,0.79375,0.8,0.8032516241073608,0.8390849232673645,,,,,,,,,,
cleveland,va_long_beach,1,entropy_sfda,3,160,40,0.12578125,,,,,,,0.44936972856521606,0.38996753096580505,0.7214803099632263,0.7628344297409058,0.7875,0.8,0.8001629114151001,0.8335822820663452,,,,,,,,,,
cleveland,va_long_beach,1,entropy_sfda,4,160,40,0.1328125,,,,,,,0.4449687898159027,0.3849833607673645,0.7197945713996887,0.7583779096603394,0.7875,0.8,0.8042014837265015,0.8385624885559082,,,,,,,,,,
cleveland,va_long_beach,1,entropy_sfda,5,160,40,0.14765625,,,,,,,0.4533900320529938,0.39696040749549866,0.6950825452804565,0.7286454439163208,0.75,0.7625,0.7970033884048462,0.8306639790534973,,,,,,,,,,
cleveland,va_long_beach,1,reliability_gated_sfda,1,160,40,0.13984375,64.0,0.4,,,0.8500974178314209,False,0.4477106034755707,0.4430088400840759,0.6981194019317627,0.6960418224334717,0.75625,0.75625,,,32.0,121.0,39.0,0.75625,0.48750000000000004,0.3564680959400721,0.004583190660923719,,,
cleveland,va_long_beach,1,reliability_gated_sfda,2,160,40,0.13828125000000002,64.0,0.4,,,0.829585075378418,False,0.4489077031612396,0.44569092988967896,0.7202898263931274,0.7180131077766418,0.79375,0.79375,,,32.0,127.0,33.0,0.79375,0.4125000000000001,0.29488346834667034,0.003969756420701742,,,
cleveland,va_long_beach,1,reliability_gated_sfda,3,160,40,0.12578125,64.0,0.4,,,0.8251946568489075,False,0.44936972856521606,0.4453941881656647,0.7214803099632263,0.7199109196662903,0.7875,0.7875,,,32.0,126.0,34.0,0.7875,0.42500000000000004,0.30659527260228064,0.003920236136764288,,,
cleveland,va_long_beach,1,reliability_gated_sfda,4,160,40,0.1328125,64.0,0.4,,,0.8318691849708557,False,0.4449687898159027,0.4417944550514221,0.7197945713996887,0.717147946357727,0.7875,0.7875,,,32.0,126.0,34.0,0.7875,0.42500000000000004,0.30658928750781345,0.004350391216576099,,,
cleveland,va_long_beach,1,reliability_gated_sfda,5,160,40,0.14765625,64.0,0.4,,,0.8468958735466003,False,0.4533900320529938,0.44871217012405396,0.6950825452804565,0.6931056380271912,0.75,0.75,,,32.0,120.0,40.0,0.75,0.5,0.36092320235911757,0.004394811578094959,,,
cleveland,va_long_beach,1,conservative_candidate,1,160,40,0.13984375,64.0,,,,0.8500974178314209,False,0.4477106034755707,0.4472479224205017,,,0.75625,0.75625,,,32.0,,,0.75625,0.48750000000000004,0.3564680959400721,,full,0.86015625,0.0009245920809917152
cleveland,va_long_beach,1,conservative_candidate,2,160,40,0.13828125000000002,64.0,,,,0.829585075378418,False,0.4489077031612396,0.4495026469230652,,,0.79375,0.79375,,,32.0,,,0.79375,0.4125000000000001,0.29488346834667034,,full,0.86171875,0.0006552379345521331
cleveland,va_long_beach,1,conservative_candidate,3,160,40,0.12578125,64.0,,,,0.8251946568489075,False,0.44936972856521606,0.44836872816085815,,,0.7875,0.7875,,,32.0,,,0.7875,0.42500000000000004,0.30659527260228064,,full,0.87421875,0.001210118643939495
cleveland,va_long_beach,1,conservative_candidate,4,160,40,0.1328125,64.0,,,,0.8318691849708557,False,0.4449687898159027,0.4459085464477539,,,0.7875,0.7875,,,32.0,,,0.7875,0.42500000000000004,0.30658928750781345,,full,0.8671875,0.0007300528232008219
cleveland,va_long_beach,1,conservative_candidate,5,160,40,0.14765625,64.0,,,,0.8468958735466003,False,0.4533900320529938,0.4521388113498688,,,0.75,0.75,,,32.0,,,0.75,0.5,0.36092320235911757,,full,0.85234375,0.0019347515190020204
cleveland,hungary,2,pseudo_label_sfda,1,235,59,0.0005319148936170213,100.0,0.425531914893617,35.0,65.0,0.942058801651001,False,,,,,,,,,,,,,,,,,,
cleveland,hungary,2,pseudo_label_sfda,2,235,59,0.002127659574468085,109.0,0.46382978723404256,41.0,68.0,0.9458032250404358,False,,,,,,,,,,,,,,,,,,
cleveland,hungary,2,pseudo_label_sfda,3,235,59,0.002127659574468085,107.0,0.4553191489361702,35.0,72.0,0.9472594857215881,False,,,,,,,,,,,,,,,,,,
cleveland,hungary,2,pseudo_label_sfda,4,235,59,0.001595744680851064,102.0,0.4340425531914894,39.0,63.0,0.9470365047454834,False,,,,,,,,,,,,,,,,,,
cleveland,hungary,2,pseudo_label_sfda,5,236,58,0.00211864406779661,106.0,0.4491525423728814,42.0,64.0,0.9460771083831787,False,,,,,,,,,,,,,,,,,,
cleveland,hungary,2,entropy_sfda,1,235,59,0.0005319148936170213,,,,,,,0.3961789309978485,0.3017295300960541,0.4083436131477356,0.35870954394340515,0.3829787234042553,0.3276595744680851,0.8308811783790588,0.8797647953033447,,,,,,,,,,
cleveland,hungary,2,entropy_sfda,2,235,59,0.002127659574468085,,,,,,,0.37975165247917175,0.29241514205932617,0.4272650480270386,0.3902454376220703,0.4127659574468085,0.37446808510638296,0.8386508226394653,0.8838087320327759,,,,,,,,,,
cleveland,hungary,2,entropy_sfda,3,235,59,0.002127659574468085,,,,,,,0.3834376037120819,0.2968619167804718,0.40491241216659546,0.3586805760860443,0.39148936170212767,0.33617021276595743,0.8348835110664368,0.877918541431427,,,,,,,,,,
cleveland,hungary,2,entropy_sfda,4,235,59,0.001595744680851064,,,,,,,0.3877384066581726,0.29531484842300415,0.41850799322128296,0.3698582351207733,0.4,0.3404255319148936,0.8338660597801208,0.8810402750968933,,,,,,,,,,
cleveland,hungary,2,entropy_sfda,5,236,58,0.00211864406779661,,,,,,,0.3896748721599579,0.3031807839870453,0.4349762797355652,0.3884447515010834,0.4194915254237288,0.3601694915254237,0.8297288417816162,0.876128613948822,,,,,,,,,,
cleveland,hungary,2,reliability_gated_sfda,1,235,59,0.0005319148936170213,94.0,0.4,,,0.9394155740737915,False,0.3961789309978485,0.38779354095458984,0.4083436131477356,0.4065849483013153,0.3829787234042553,0.37872340425531914,,,47.0,90.0,145.0,0.3829787234042553,0.7659574468085106,0.7191696139955586,0.004819250199943781,,,
cleveland,hungary,2,reliability_gated_sfda,2,235,59,0.002127659574468085,94.0,0.4,,,0.9480955004692078,False,0.37975165247917175,0.37126410007476807,0.4272650480270386,0.42585474252700806,0.4127659574468085,0.4085106382978723,,,47.0,97.0,138.0,0.4127659574468085,0.825531914893617,0.7810178108256346,0.004839676897972822,,,
cleveland,hungary,2,reliability_gated_sfda,3,235,59,0.002127659574468085,94.0,0.4,,,0.9457001090049744,False,0.3834376037120819,0.375113308429718,0.40491241216659546,0.4025833308696747,0.39148936170212767,0.39148936170212767,,,47.0,92.0,143.0,0.39148936170212767,0.7829787234042553,0.7388876107441672,0.004973715636879206,,,
cleveland,hungary,2,reliability_gated_sfda,4,235,59,0.001595744680851064,94.0,0.4,,,0.9476186633110046,False,0.3877384066581726,0.37905511260032654,0.41850799322128296,0.4159626364707947,0.4,0.39574468085106385,,,47.0,94.0,141.0,0.4,0.8,0.7568852046956407,0.005256932694464922,,,
cleveland,hungary,2,reliability_gated_sfda,5,236,58,0.00211864406779661,94.0,0.3983050847457627,,,0.9476768970489502,False,0.3896748721599579,0.3813331425189972,0.4349762797355652,0.4329685866832733,0.4194915254237288,0.4152542372881356,,,47.0,99.0,137.0,0.4194915254237288,0.8389830508474576,0.7934003524938147,0.004924573935568333,,,
cleveland,hungary,2,conservative_candidate,1,235,59,0.0005319148936170213,94.0,,,,0.9394155740737915,False,0.3961789309978485,0.394534170627594,,,0.3829787234042553,0.37872340425531914,,,47.0,,,0.3829787234042553,0.7659574468085106,0.7191696139955586,,full,0.999468085106383,0.0012167739914730191
cleveland,hungary,2,conservative_candidate,2,235,59,0.002127659574468085,94.0,,,,0.9480955004692078,False,0.37975165247917175,0.3772716820240021,,,0.4127659574468085,0.4085106382978723,,,47.0,,,0.4127659574468085,0.825531914893617,0.7810178108256346,,full,0.997872340425532,0.0018982768524438143
cleveland,hungary,2,conservative_candidate,3,235,59,0.002127659574468085,94.0,,,,0.9457001090049744,False,0.3834376037120819,0.38074567914009094,,,0.39148936170212767,0.3872340425531915,,,47.0,,,0.39148936170212767,0.7829787234042553,0.7388876107441672,,full,0.997872340425532,0.003252454800531268
cleveland,hungary,2,conservative_candidate,4,235,59,0.001595744680851064,94.0,,,,0.9476186633110046,False,0.3877384066581726,0.38504743576049805,,,0.4,0.39574468085106385,,,47.0,,,0.4,0.8,0.7568852046956407,,full,0.9984042553191489,0.0024913412053138018
cleveland,hungary,2,conservative_candidate,5,236,58,0.00211864406779661,94.0,,,,0.9476768970489502,False,0.3896748721599579,0.38760513067245483,,,0.4194915254237288,0.4152542372881356,,,47.0,,,0.4194915254237288,0.8389830508474576,0.7934003524938147,,full,0.9978813559322034,0.001847701147198677
cleveland,switzerland,2,pseudo_label_sfda,1,98,25,0.012755102040816325,35.0,0.35714285714285715,31.0,4.0,0.9345058798789978,False,,,,,,,,,,,,,,,,,,
cleveland,switzerland,2,pseudo_label_sfda,2,98,25,0.007653061224489795,31.0,0.3163265306122449,28.0,3.0,0.9303317666053772,False,,,,,,,,,,,,,,,,,,
cleveland,switzerland,2,pseudo_label_sfda,3,98,25,0.011479591836734693,26.0,0.2653061224489796,24.0,2.0,0.9303224086761475,False,,,,,,,,,,,,,,,,,,
cleveland,switzerland,2,pseudo_label_sfda,4,99,24,0.01388888888888889,31.0,0.31313131313131315,27.0,4.0,0.936141312122345,False,,,,,,,,,,,,,,,,,,
cleveland,switzerland,2,pseudo_label_sfda,5,99,24,0.0101010101010101,33.0,0.3333333333333333,30.0,3.0,0.9350647926330566,False,,,,,,,,,,,,,,,,,,
cleveland,switzerland,2,entropy_sfda,1,98,25,0.012755102040816325,,,,,,,0.42558541893959045,0.38444623351097107,0.7175975441932678,0.7466309070587158,0.7755102040816326,0.8163265306122449,0.8142842650413513,0.8375157713890076,,,,,,,,,,
cleveland,switzerland,2,entropy_sfda,2,98,25,0.007653061224489795,,,,,,,0.43522292375564575,0.3958122432231903,0.7059074640274048,0.7332043647766113,0.7653061224489796,0.7959183673469388,0.8072155714035034,0.8298896551132202,,,,,,,,,,
cleveland,switzerland,2,entropy_sfda,3,98,25,0.011479591836734693,,,,,,,0.4549452066421509,0.41569480299949646,0.695335328578949,0.7308123707771301,0.7653061224489796,0.8061224489795918,0.7938907146453857,0.8181073069572449,,,,,,,,,,
cleveland,switzerland,2,entropy_sfda,4,99,24,0.01388888888888889,,,,,,,0.4351005256175995,0.396793395280838,0.696465253829956,0.7263942956924438,0.7575757575757576,0.7777777777777778,0.8067126274108887,0.8283251523971558,,,,,,,,,,
cleveland,switzerland,2,entropy_sfda,5,99,24,0.0101010101010101,,,,,,,0.4189947247505188,0.37888625264167786,0.7079538106918335,0.7321390509605408,0.7575757575757576,0.7676767676767676,0.8187165856361389,0.8399481177330017,,,,,,,,,,
cleveland,switzerland,2,reliability_gated_sfda,1,98,25,0.012755102040816325,40.0,0.40816326530612246,,,0.8411635160446167,False,0.42558541893959045,0.4210536479949951,0.7175975441932678,0.7166779041290283,0.7755102040816326,0.7755102040816326,,,20.0,76.0,22.0,0.7755102040816326,0.44897959183673475,0.37284809327383733,0.0039657228626310825,,,
cleveland,switzerland,2,reliability_gated_sfda,2,98,25,0.007653061224489795,40.0,0.40816326530612246,,,0.8428239822387695,False,0.43522292375564575,0.430997371673584,0.7059074640274048,0.7029011845588684,0.7653061224489796,0.7653061224489796,,,20.0,75.0,23.0,0.7653061224489796,0.4693877551020409,0.39258361979853557,0.005309246480464935,,,
cleveland,switzerland,2,reliability_gated_sfda,3,98,25,0.011479591836734693,40.0,0.40816326530612246,,,0.8367460370063782,False,0.4549452066421509,0.45130568742752075,0.695335328578949,0.692171037197113,0.7653061224489796,0.7653061224489796,,,20.0,75.0,23.0,0.7653061224489796,0.4693877551020409,0.38824963842249827,0.005178343504667282,,,
cleveland,switzerland,2,reliability_gated_sfda,4,99,24,0.01388888888888889,40.0,0.40404040404040403,,,0.8559378385543823,False,0.4351005256175995,0.431453138589859,0.696465253829956,0.6935381889343262,0.7575757575757576,0.7575757575757576,,,20.0,75.0,24.0,0.7575757575757576,0.48484848484848486,0.409236272978863,0.004568794276565313,,,
cleveland,switzerland,2,reliability_gated_sfda,5,99,24,0.0101010101010101,40.0,0.40404040404040403,,,0.8583853840827942,False,0.4189947247505188,0.4144594967365265,0.7079538106918335,0.7054139971733093,0.7575757575757576,0.7575757575757576,,,20.0,75.0,24.0,0.7575757575757576,0.48484848484848486,0.4119829452836919,0.004737779498100281,,,
cleveland,switzerland,2,conservative_candidate,1,98,25,0.012755102040816325,40.0,,,,0.8411635160446167,False,0.42558541893959045,0.4234272241592407,,,0.7755102040816326,0.7857142857142857,,,20.0,,,0.7755102040816326,0.44897959183673475,0.37284809327383733,,full,0.9872448979591837,0.003722131485119462
cleveland,switzerland,2,conservative_candidate,2,98,25,0.007653061224489795,40.0,,,,0.8428239822387695,False,0.43522292375564575,0.4342809021472931,,,0.7653061224489796,0.7755102040816326,,,20.0,,,0.7653061224489796,0.4693877551020409,0.39258361979853557,,full,0.9923469387755102,0.002218035515397787
cleveland,switzerland,2,conservative_candidate,3,98,25,0.011479591836734693,40.0,,,,0.8367460370063782,False,0.4549452066421509,0.4546784460544586,,,0.7653061224489796,0.7755102040816326,,,20.0,,,0.7653061224489796,0.4693877551020409,0.38824963842249827,,full,0.9885204081632653,0.002031906507909298
cleveland,switzerland,2,conservative_candidate,4,99,24,0.01388888888888889,40.0,,,,0.8559378385543823,False,0.4351005256175995,0.43425673246383667,,,0.7575757575757576,0.7575757575757576,,,20.0,,,0.7575757575757576,0.48484848484848486,0.409236272978863,,full,0.9861111111111112,0.003282607300207019
cleveland,switzerland,2,conservative_candidate,5,99,24,0.0101010101010101,40.0,,,,0.8583853840827942,False,0.4189947247505188,0.4176802933216095,,,0.7575757575757576,0.7676767676767676,,,20.0,,,0.7575757575757576,0.48484848484848486,0.4119829452836919,,full,0.98989898989899,0.0034544928930699825
cleveland,va_long_beach,2,pseudo_label_sfda,1,160,40,0.13984375,57.0,0.35625,55.0,2.0,0.9415051937103271,False,,,,,,,,,,,,,,,,,,
cleveland,va_long_beach,2,pseudo_label_sfda,2,160,40,0.13828125000000002,57.0,0.35625,56.0,1.0,0.9381306171417236,False,,,,,,,,,,,,,,,,,,
cleveland,va_long_beach,2,pseudo_label_sfda,3,160,40,0.12578125,57.0,0.35625,55.0,2.0,0.9428044557571411,False,,,,,,,,,,,,,,,,,,
cleveland,va_long_beach,2,pseudo_label_sfda,4,160,40,0.1328125,61.0,0.38125,60.0,1.0,0.9415692090988159,False,,,,,,,,,,,,,,,,,,
cleveland,va_long_beach,2,pseudo_label_sfda,5,160,40,0.14765625,56.0,0.35,54.0,2.0,0.9420247077941895,False,,,,,,,,,,,,,,,,,,
cleveland,va_long_beach,2,entropy_sfda,1,160,40,0.13984375,,,,,,,0.424039363861084,0.3716922998428345,0.7141597270965576,0.742012619972229,0.7625,0.76875,0.8191310167312622,0.8487386703491211,,,,,,,,,,
cleveland,va_long_beach,2,entropy_sfda,2,160,40,0.13828125000000002,,,,,,,0.4251168370246887,0.36942872405052185,0.7344703674316406,0.7729984521865845,0.79375,0.79375,0.8210375905036926,0.8503252863883972,,,,,,,,,,
cleveland,va_long_beach,2,entropy_sfda,3,160,40,0.12578125,,,,,,,0.42395156621932983,0.37061309814453125,0.7339484095573425,0.7730516195297241,0.79375,0.8,0.8179904818534851,0.8465750813484192,,,,,,,,,,
cleveland,va_long_beach,2,entropy_sfda,4,160,40,0.1328125,,,,,,,0.4191705584526062,0.36656200885772705,0.7346351742744446,0.7688806653022766,0.79375,0.8,0.8211954236030579,0.8503691554069519,,,,,,,,,,
cleveland,va_long_beach,2,entropy_sfda,5,160,40,0.14765625,,,,,,,0.4335409700870514,0.3839561343193054,0.7059113383293152,0.7342931628227234,0.75625,0.7625,0.8106161952018738,0.8399704098701477,,,,,,,,,,
cleveland,va_long_beach,2,reliability_gated_sfda,1,160,40,0.13984375,64.0,0.4,,,0.8517810106277466,False,0.424039363861084,0.41987791657447815,0.7141597270965576,0.7113394141197205,0.7625,0.7625,,,32.0,122.0,38.0,0.7625,0.4750000000000001,0.34801576096331704,0.004578678403049707,,,
cleveland,va_long_beach,2,reliability_gated_sfda,2,160,40,0.13828125000000002,64.0,0.4,,,0.834801197052002,False,0.4251168370246887,0.4215144217014313,0.7344703674316406,0.7326523065567017,0.79375,0.79375,,,32.0,127.0,33.0,0.79375,0.4125000000000001,0.2967375856591389,0.0035514873452484608,,,
cleveland,va_long_beach,2,reliability_gated_sfda,3,160,40,0.12578125,64.0,0.4,,,0.834777295589447,False,0.42395156621932983,0.420414537191391,0.7339484095573425,0.732173502445221,0.79375,0.79375,,,32.0,127.0,33.0,0.79375,0.4125000000000001,0.3010334100999172,0.003548813285306096,,,
cleveland,va_long_beach,2,reliability_gated_sfda,4,160,40,0.1328125,64.0,0.4,,,0.8384050726890564,False,0.4191705584526062,0.41550588607788086,0.7346351742744446,0.732547402381897,0.79375,0.79375,,,32.0,127.0,33.0,0.79375,0.4125000000000001,0.2999099395761733,0.0038284386973828077,,,
cleveland,va_long_beach,2,reliability_gated_sfda,5,160,40,0.14765625,64.0,0.4,,,0.8510549068450928,False,0.4335409700870514,0.4295264184474945,0.7059113383293152,0.7026011943817139,0.75625,0.75625,,,32.0,121.0,39.0,0.75625,0.48750000000000004,0.35362827374367045,0.004950219299644232,,,
cleveland,va_long_beach,2,conservative_candidate,1,160,40,0.13984375,64.0,,,,0.8517810106277466,False,0.424039363861084,0.4233519434928894,,,0.7625,0.76875,,,32.0,,,0.7625,0.4750000000000001,0.34801576096331704,,full,0.86015625,0.0031611397862434387
cleveland,va_long_beach,2,conservative_candidate,2,160,40,0.13828125000000002,64.0,,,,0.834801197052002,False,0.4251168370246887,0.42403918504714966,,,0.79375,0.79375,,,32.0,,,0.79375,0.4125000000000001,0.2967375856591389,,full,0.86171875,0.0029067122377455235
cleveland,va_long_beach,2,conservative_candidate,3,160,40,0.12578125,64.0,,,,0.834777295589447,False,0.42395156621932983,0.42264872789382935,,,0.79375,0.8,,,32.0,,,0.79375,0.4125000000000001,0.3010334100999172,,full,0.87421875,0.0032888513524085283
cleveland,va_long_beach,2,conservative_candidate,4,160,40,0.1328125,64.0,,,,0.8384050726890564,False,0.4191705584526062,0.417847216129303,,,0.79375,0.8,,,32.0,,,0.79375,0.4125000000000001,0.2999099395761733,,full,0.8671875,0.003467066679149866
cleveland,va_long_beach,2,conservative_candidate,5,160,40,0.14765625,64.0,,,,0.8510549068450928,False,0.4335409700870514,0.4325658679008484,,,0.75625,0.7625,,,32.0,,,0.75625,0.48750000000000004,0.35362827374367045,,full,0.85234375,0.0029319673776626587
cleveland,hungary,3,pseudo_label_sfda,1,235,59,0.0005319148936170213,100.0,0.425531914893617,35.0,65.0,0.9485190510749817,False,,,,,,,,,,,,,,,,,,
cleveland,hungary,3,pseudo_label_sfda,2,235,59,0.002127659574468085,105.0,0.44680851063829785,38.0,67.0,0.9515038132667542,False,,,,,,,,,,,,,,,,,,
cleveland,hungary,3,pseudo_label_sfda,3,235,59,0.002127659574468085,110.0,0.46808510638297873,36.0,74.0,0.9513084888458252,False,,,,,,,,,,,,,,,,,,
cleveland,hungary,3,pseudo_label_sfda,4,235,59,0.001595744680851064,106.0,0.451063829787234,41.0,65.0,0.9505386352539062,False,,,,,,,,,,,,,,,,,,
cleveland,hungary,3,pseudo_label_sfda,5,236,58,0.00211864406779661,111.0,0.4703389830508475,42.0,69.0,0.9502453207969666,False,,,,,,,,,,,,,,,,,,
cleveland,hungary,3,entropy_sfda,1,235,59,0.0005319148936170213,,,,,,,0.3903616964817047,0.31140974164009094,0.4170532822608948,0.37651678919792175,0.39574468085106385,0.33617021276595743,0.8295307755470276,0.8734270930290222,,,,,,,,,,
cleveland,hungary,3,entropy_sfda,2,235,59,0.002127659574468085,,,,,,,0.37517037987709045,0.2988622188568115,0.4372706413269043,0.4056330621242523,0.4297872340425532,0.37872340425531914,0.8387880921363831,0.8796341419219971,,,,,,,,,,
cleveland,hungary,3,entropy_sfda,3,235,59,0.002127659574468085,,,,,,,0.3746850788593292,0.299953430891037,0.4115581214427948,0.3729303777217865,0.4127659574468085,0.3446808510638298,0.8357084393501282,0.8754571080207825,,,,,,,,,,
cleveland,hungary,3,entropy_sfda,4,235,59,0.001595744680851064,,,,,,,0.37990593910217285,0.2995738387107849,0.42766639590263367,0.3840862214565277,0.4127659574468085,0.3446808510638298,0.8344795107841492,0.8791859745979309,,,,,,,,,,
cleveland,hungary,3,entropy_sfda,5,236,58,0.00211864406779661,,,,,,,0.3799595534801483,0.3072558343410492,0.4418877363204956,0.4049178957939148,0.4406779661016949,0.3728813559322034,0.8315017223358154,0.8722779154777527,,,,,,,,,,
cleveland,hungary,3,reliability_gated_sfda,1,235,59,0.0005319148936170213,94.0,0.4,,,0.9456809759140015,False,0.3903616964817047,0.3830145597457886,0.4170532822608948,0.4153355658054352,0.39574468085106385,0.39148936170212767,,,47.0,93.0,142.0,0.39574468085106385,0.7914893617021277,0.7480982956000183,0.00432406784966588,,,
cleveland,hungary,3,reliability_gated_sfda,2,235,59,0.002127659574468085,94.0,0.4,,,0.9519718289375305,False,0.37517037987709045,0.36763954162597656,0.4372706413269043,0.43584221601486206,0.4297872340425532,0.425531914893617,,,47.0,101.0,134.0,0.4297872340425532,0.8595744680851064,0.8165496344941944,0.00425702054053545,,,
cleveland,hungary,3,reliability_gated_sfda,3,235,59,0.002127659574468085,94.0,0.4,,,0.9509264230728149,False,0.3746850788593292,0.3673332631587982,0.4115581214427948,0.41016265749931335,0.4127659574468085,0.4127659574468085,,,47.0,97.0,138.0,0.4127659574468085,0.825531914893617,0.7833498554069999,0.00410962151363492,,,
cleveland,hungary,3,reliability_gated_sfda,4,235,59,0.001595744680851064,94.0,0.4,,,0.9524152874946594,False,0.37990593910217285,0.37221193313598633,0.42766639590263367,0.4254702031612396,0.4127659574468085,0.4127659574468085,,,47.0,97.0,138.0,0.4127659574468085,0.825531914893617,0.7849945630550709,0.0046184733510017395,,,
cleveland,hungary,3,reliability_gated_sfda,5,236,58,0.00211864406779661,94.0,0.3983050847457627,,,0.953678548336029,False,0.3799595534801483,0.37288129329681396,0.4418877363204956,0.4406135678291321,0.4406779661016949,0.4364406779661017,,,47.0,104.0,132.0,0.4406779661016949,0.8813559322033898,0.8387494615716038,0.0041184318251907825,,,
cleveland,hungary,3,conservative_candidate,1,235,59,0.0005319148936170213,94.0,,,,0.9456809759140015,False,0.3903616964817047,0.38866251707077026,,,0.39574468085106385,0.39148936170212767,,,47.0,,,0.39574468085106385,0.7914893617021277,0.7480982956000183,,full,0.999468085106383,0.0018709627911448479
cleveland,hungary,3,conservative_candidate,2,235,59,0.002127659574468085,94.0,,,,0.9519718289375305,False,0.37517037987709045,0.37362366914749146,,,0.4297872340425532,0.4297872340425532,,,47.0,,,0.4297872340425532,0.8595744680851064,0.8165496344941944,,full,0.997872340425532,0.0010736386757344007
cleveland,hungary,3,conservative_candidate,3,235,59,0.002127659574468085,94.0,,,,0.9509264230728149,False,0.3746850788593292,0.37239938974380493,,,0.4127659574468085,0.4127659574468085,,,47.0,,,0.4127659574468085,0.825531914893617,0.7833498554069999,,full,0.997872340425532,0.001615880522876978
cleveland,hungary,3,conservative_candidate,4,235,59,0.001595744680851064,94.0,,,,0.9524152874946594,False,0.37990593910217285,0.3774406909942627,,,0.4127659574468085,0.4127659574468085,,,47.0,,,0.4127659574468085,0.825531914893617,0.7849945630550709,,full,0.9984042553191489,0.0019320349674671888
cleveland,hungary,3,conservative_candidate,5,236,58,0.00211864406779661,94.0,,,,0.953678548336029,False,0.3799595534801483,0.378205269575119,,,0.4406779661016949,0.4406779661016949,,,47.0,,,0.4406779661016949,0.8813559322033898,0.8387494615716038,,full,0.9978813559322034,0.001289029256440699
cleveland,switzerland,3,pseudo_label_sfda,1,98,25,0.012755102040816325,34.0,0.3469387755102041,31.0,3.0,0.9334666132926941,False,,,,,,,,,,,,,,,,,,
cleveland,switzerland,3,pseudo_label_sfda,2,98,25,0.007653061224489795,31.0,0.3163265306122449,29.0,2.0,0.9303967356681824,False,,,,,,,,,,,,,,,,,,
cleveland,switzerland,3,pseudo_label_sfda,3,98,25,0.011479591836734693,26.0,0.2653061224489796,24.0,2.0,0.9271498322486877,False,,,,,,,,,,,,,,,,,,
cleveland,switzerland,3,pseudo_label_sfda,4,99,24,0.01388888888888889,31.0,0.31313131313131315,28.0,3.0,0.9355527758598328,False,,,,,,,,,,,,,,,,,,
cleveland,switzerland,3,pseudo_label_sfda,5,99,24,0.0101010101010101,34.0,0.3434343434343434,32.0,2.0,0.93158358335495,False,,,,,,,,,,,,,,,,,,
cleveland,switzerland,3,entropy_sfda,1,98,25,0.012755102040816325,,,,,,,0.42798179388046265,0.3930415213108063,0.7208400368690491,0.7432063221931458,0.7857142857142857,0.8061224489795918,0.8120902180671692,0.832783579826355,,,,,,,,,,
cleveland,switzerland,3,entropy_sfda,2,98,25,0.007653061224489795,,,,,,,0.4386082887649536,0.4036247432231903,0.7086799740791321,0.7314741015434265,0.7755102040816326,0.7959183673469388,0.805157482624054,0.8268577456474304,,,,,,,,,,
cleveland,switzerland,3,entropy_sfda,3,98,25,0.011479591836734693,,,,,,,0.4626960754394531,0.42967480421066284,0.696282148361206,0.719679594039917,0.7755102040816326,0.7959183673469388,0.7877501845359802,0.8093828558921814,,,,,,,,,,
cleveland,switzerland,3,entropy_sfda,4,99,24,0.01388888888888889,,,,,,,0.44412899017333984,0.4105876088142395,0.6972784399986267,0.7189046740531921,0.7575757575757576,0.7777777777777778,0.7980344295501709,0.8188957571983337,,,,,,,,,,
cleveland,switzerland,3,entropy_sfda,5,99,24,0.0101010101010101,,,,,,,0.42902615666389465,0.39454221725463867,0.7099399566650391,0.726614236831665,0.7676767676767676,0.7676767676767676,0.8122791051864624,0.8321470022201538,,,,,,,,,,
cleveland,switzerland,3,reliability_gated_sfda,1,98,25,0.012755102040816325,40.0,0.40816326530612246,,,0.8338974118232727,False,0.42798179388046265,0.4247095286846161,0.7208400368690491,0.7190909385681152,0.7857142857142857,0.7857142857142857,,,20.0,77.0,21.0,0.7857142857142857,0.4285714285714286,0.35282612796166896,0.003402961418032646,,,
cleveland,switzerland,3,reliability_gated_sfda,2,98,25,0.007653061224489795,40.0,0.40816326530612246,,,0.836216926574707,False,0.4386082887649536,0.43383684754371643,0.7086799740791321,0.7065097093582153,0.7755102040816326,0.7755102040816326,,,20.0,76.0,22.0,0.7755102040816326,0.44897959183673475,0.3725710359030791,0.004661353304982185,,,
cleveland,switzerland,3,reliability_gated_sfda,3,98,25,0.011479591836734693,40.0,0.40816326530612246,,,0.8272567987442017,False,0.4626960754394531,0.45878589153289795,0.696282148361206,0.6940675973892212,0.7755102040816326,0.7755102040816326,,,20.0,76.0,22.0,0.7755102040816326,0.44897959183673475,0.367157653545102,0.004349270835518837,,,
cleveland,switzerland,3,reliability_gated_sfda,4,99,24,0.01388888888888889,40.0,0.40404040404040403,,,0.8433680534362793,False,0.44412899017333984,0.44030144810676575,0.6972784399986267,0.6947228312492371,0.7575757575757576,0.7575757575757576,,,20.0,75.0,24.0,0.7575757575757576,0.48484848484848486,0.40322647672711,0.004312159493565559,,,
cleveland,switzerland,3,reliability_gated_sfda,5,99,24,0.0101010101010101,40.0,0.40404040404040403,,,0.8440276980400085,False,0.42902615666389465,0.42465856671333313,0.7099399566650391,0.708335280418396,0.7676767676767676,0.7676767676767676,,,20.0,76.0,23.0,0.7676767676767676,0.46464646464646475,0.38821312751396386,0.0038881690707057714,,,
cleveland,switzerland,3,conservative_candidate,1,98,25,0.012755102040816325,40.0,,,,0.8338974118232727,False,0.42798179388046265,0.4287264049053192,,,0.7857142857142857,0.7959183673469388,,,20.0,,,0.7857142857142857,0.4285714285714286,0.35282612796166896,,full,0.9872448979591837,0.0023056950885802507
cleveland,switzerland,3,conservative_candidate,2,98,25,0.007653061224489795,40.0,,,,0.836216926574707,False,0.4386082887649536,0.43772366642951965,,,0.7755102040816326,0.7857142857142857,,,20.0,,,0.7755102040816326,0.44897959183673475,0.3725710359030791,,full,0.9923469387755102,0.002810446312651038
cleveland,switzerland,3,conservative_candidate,3,98,25,0.011479591836734693,40.0,,,,0.8272567987442017,False,0.4626960754394531,0.4623819887638092,,,0.7755102040816326,0.7755102040816326,,,20.0,,,0.7755102040816326,0.44897959183673475,0.367157653545102,,full,0.9885204081632653,0.0022072079591453075
cleveland,switzerland,3,conservative_candidate,4,99,24,0.01388888888888889,40.0,,,,0.8433680534362793,False,0.44412899017333984,0.44378453493118286,,,0.7575757575757576,0.7676767676767676,,,20.0,,,0.7575757575757576,0.48484848484848486,0.40322647672711,,full,0.9861111111111112,0.0028366001788526773
cleveland,switzerland,3,conservative_candidate,5,99,24,0.0101010101010101,40.0,,,,0.8440276980400085,False,0.42902615666389465,0.4284164309501648,,,0.7676767676767676,0.7676767676767676,,,20.0,,,0.7676767676767676,0.46464646464646475,0.38821312751396386,,full,0.98989898989899,0.002661946229636669
cleveland,va_long_beach,3,pseudo_label_sfda,1,160,40,0.13984375,55.0,0.34375,54.0,1.0,0.9417806267738342,False,,,,,,,,,,,,,,,,,,
cleveland,va_long_beach,3,pseudo_label_sfda,2,160,40,0.13828125000000002,53.0,0.33125,52.0,1.0,0.9403828978538513,False,,,,,,,,,,,,,,,,,,
cleveland,va_long_beach,3,pseudo_label_sfda,3,160,40,0.12578125,54.0,0.3375,53.0,1.0,0.9439536929130554,False,,,,,,,,,,,,,,,,,,
cleveland,va_long_beach,3,pseudo_label_sfda,4,160,40,0.1328125,56.0,0.35,56.0,0.0,0.9421129822731018,False,,,,,,,,,,,,,,,,,,
cleveland,va_long_beach,3,pseudo_label_sfda,5,160,40,0.14765625,58.0,0.3625,57.0,1.0,0.9400586485862732,False,,,,,,,,,,,,,,,,,,
cleveland,va_long_beach,3,entropy_sfda,1,160,40,0.13984375,,,,,,,0.42925962805747986,0.38371986150741577,0.7053661942481995,0.7264999151229858,0.75625,0.7625,0.8136420249938965,0.8418617248535156,,,,,,,,,,
cleveland,va_long_beach,3,entropy_sfda,2,160,40,0.13828125000000002,,,,,,,0.4362680912017822,0.3880675435066223,0.7261430621147156,0.7564573884010315,0.79375,0.79375,0.8105262517929077,0.8397302627563477,,,,,,,,,,
cleveland,va_long_beach,3,entropy_sfda,3,160,40,0.12578125,,,,,,,0.4314482808113098,0.38546377420425415,0.7255419492721558,0.755329966545105,0.7875,0.79375,0.8110017776489258,0.838401198387146,,,,,,,,,,
cleveland,va_long_beach,3,entropy_sfda,4,160,40,0.1328125,,,,,,,0.43003255128860474,0.3838321268558502,0.7246869206428528,0.7519291043281555,0.7875,0.79375,0.8128746151924133,0.8411144018173218,,,,,,,,,,
cleveland,va_long_beach,3,entropy_sfda,5,160,40,0.14765625,,,,,,,0.4383889138698578,0.3936656415462494,0.6989644765853882,0.7217976450920105,0.75,0.75625,0.8061056137084961,0.8345133662223816,,,,,,,,,,
cleveland,va_long_beach,3,reliability_gated_sfda,1,160,40,0.13984375,64.0,0.4,,,0.8571642637252808,False,0.42925962805747986,0.4245759844779968,0.7053661942481995,0.7039610743522644,0.75625,0.75625,,,32.0,121.0,39.0,0.75625,0.48750000000000004,0.35943140937597495,0.0037026710342615843,,,
cleveland,va_long_beach,3,reliability_gated_sfda,2,160,40,0.13828125000000002,64.0,0.4,,,0.8324280977249146,False,0.4362680912017822,0.4324433207511902,0.7261430621147156,0.7252377867698669,0.79375,0.79375,,,32.0,127.0,33.0,0.79375,0.4125000000000001,0.2958940461825114,0.0030148401856422424,,,
cleveland,va_long_beach,3,reliability_gated_sfda,3,160,40,0.12578125,64.0,0.4,,,0.8357034921646118,False,0.4314482808113098,0.42726653814315796,0.7255419492721558,0.7250377535820007,0.7875,0.7875,,,32.0,126.0,34.0,0.7875,0.42500000000000004,0.3104997564735823,0.0031555723398923874,,,
cleveland,va_long_beach,3,reliability_gated_sfda,4,160,40,0.1328125,64.0,0.4,,,0.8391663432121277,False,0.43003255128860474,0.42629900574684143,0.7246869206428528,0.7230952978134155,0.7875,0.7875,,,32.0,126.0,34.0,0.7875,0.42500000000000004,0.3092786893830635,0.003415962215512991,,,
cleveland,va_long_beach,3,reliability_gated_sfda,5,160,40,0.14765625,64.0,0.4,,,0.8523798584938049,False,0.4383889138698578,0.43429893255233765,0.6989644765853882,0.696625828742981,0.75,0.75,,,32.0,120.0,40.0,0.75,0.5,0.3632603225065395,0.004040240775793791,,,
cleveland,va_long_beach,3,conservative_candidate,1,160,40,0.13984375,64.0,,,,0.8571642637252808,False,0.42925962805747986,0.4278687536716461,,,0.75625,0.7625,,,32.0,,,0.75625,0.48750000000000004,0.35943140937597495,,full,0.86015625,0.0036508918274194
cleveland,va_long_beach,3,conservative_candidate,2,160,40,0.13828125000000002,64.0,,,,0.8324280977249146,False,0.4362680912017822,0.435492604970932,,,0.79375,0.79375,,,32.0,,,0.79375,0.4125000000000001,0.2958940461825114,,full,0.86171875,0.0026590360794216394
cleveland,va_long_beach,3,conservative_candidate,3,160,40,0.12578125,64.0,,,,0.8357034921646118,False,0.4314482808113098,0.4295714497566223,,,0.7875,0.79375,,,32.0,,,0.7875,0.42500000000000004,0.3104997564735823,,full,0.87421875,0.003931839019060135
cleveland,va_long_beach,3,conservative_candidate,4,160,40,0.1328125,64.0,,,,0.8391663432121277,False,0.43003255128860474,0.4291004240512848,,,0.7875,0.79375,,,32.0,,,0.7875,0.42500000000000004,0.3092786893830635,,full,0.8671875,0.0024577558506280184
cleveland,va_long_beach,3,conservative_candidate,5,160,40,0.14765625,64.0,,,,0.8523798584938049,False,0.4383889138698578,0.43775320053100586,,,0.75,0.75625,,,32.0,,,0.75,0.5,0.3632603225065395,,full,0.85234375,0.0020344580989331007
cleveland,hungary,4,pseudo_label_sfda,1,235,59,0.0005319148936170213,111.0,0.4723404255319149,42.0,69.0,0.9446446895599365,False,,,,,,,,,,,,,,,,,,
cleveland,hungary,4,pseudo_label_sfda,2,235,59,0.002127659574468085,114.0,0.4851063829787234,47.0,67.0,0.948864221572876,False,,,,,,,,,,,,,,,,,,
cleveland,hungary,4,pseudo_label_sfda,3,235,59,0.002127659574468085,116.0,0.49361702127659574,42.0,74.0,0.947476863861084,False,,,,,,,,,,,,,,,,,,
cleveland,hungary,4,pseudo_label_sfda,4,235,59,0.001595744680851064,113.0,0.4808510638297872,46.0,67.0,0.9476016163825989,False,,,,,,,,,,,,,,,,,,
cleveland,hungary,4,pseudo_label_sfda,5,236,58,0.00211864406779661,114.0,0.4830508474576271,47.0,67.0,0.9490604996681213,False,,,,,,,,,,,,,,,,,,
cleveland,hungary,4,entropy_sfda,1,235,59,0.0005319148936170213,,,,,,,0.3758048117160797,0.2954307496547699,0.41611918807029724,0.3768632709980011,0.37872340425531914,0.3446808510638298,0.8415311574935913,0.8832238912582397,,,,,,,,,,
cleveland,hungary,4,entropy_sfda,2,235,59,0.002127659574468085,,,,,,,0.3616349697113037,0.285457044839859,0.43405190110206604,0.40797778964042664,0.4,0.3829787234042553,0.8497635722160339,0.8882472515106201,,,,,,,,,,
cleveland,hungary,4,entropy_sfda,3,235,59,0.002127659574468085,,,,,,,0.36790022253990173,0.2938082814216614,0.4120740294456482,0.3764893114566803,0.3872340425531915,0.34893617021276596,0.842979371547699,0.8804583549499512,,,,,,,,,,
cleveland,hungary,4,entropy_sfda,4,235,59,0.001595744680851064,,,,,,,0.3698335289955139,0.28977444767951965,0.4259401559829712,0.3835931718349457,0.3872340425531915,0.35319148936170214,0.8430134057998657,0.8855149149894714,,,,,,,,,,
cleveland,hungary,4,entropy_sfda,5,236,58,0.00211864406779661,,,,,,,0.37031999230384827,0.29763251543045044,0.44510602951049805,0.41383257508277893,0.4194915254237288,0.3813559322033898,0.8411440849304199,0.8789443373680115,,,,,,,,,,
cleveland,hungary,4,reliability_gated_sfda,1,235,59,0.0005319148936170213,94.0,0.4,,,0.9484447836875916,False,0.3758048117160797,0.3681086003780365,0.41611918807029724,0.4146776497364044,0.37872340425531914,0.37872340425531914,,,47.0,89.0,146.0,0.37872340425531914,0.7574468085106383,0.7180143486684455,0.00422848341986537,,,
cleveland,hungary,4,reliability_gated_sfda,2,235,59,0.002127659574468085,94.0,0.4,,,0.9547675848007202,False,0.3616349697113037,0.3543039560317993,0.43405190110206604,0.4338451027870178,0.4,0.4,,,47.0,94.0,141.0,0.4,0.8,0.7621889315260219,0.0038120343815535307,,,
cleveland,hungary,4,reliability_gated_sfda,3,235,59,0.002127659574468085,94.0,0.4,,,0.9518905282020569,False,0.36790022253990173,0.36055514216423035,0.4120740294456482,0.4109213948249817,0.3872340425531915,0.3872340425531915,,,47.0,91.0,144.0,0.3872340425531915,0.774468085106383,0.7356403051722153,0.003949451260268688,,,
cleveland,hungary,4,reliability_gated_sfda,4,235,59,0.001595744680851064,94.0,0.4,,,0.9540889859199524,False,0.3698335289955139,0.36227157711982727,0.4259401559829712,0.4243963062763214,0.3872340425531915,0.3872340425531915,,,47.0,91.0,144.0,0.3872340425531915,0.774468085106383,0.7377323558987293,0.004244476091116667,,,
cleveland,hungary,4,reliability_gated_sfda,5,236,58,0.00211864406779661,94.0,0.3983050847457627,,,0.9555661082267761,False,0.37031999230384827,0.3632514476776123,0.44510602951049805,0.4444977641105652,0.4194915254237288,0.4194915254237288,,,47.0,99.0,137.0,0.4194915254237288,0.8389830508474576,0.8000052438327051,0.0037267557345330715,,,
cleveland,hungary,4,conservative_candidate,1,235,59,0.0005319148936170213,94.0,,,,0.9484447836875916,False,0.3758048117160797,0.3744383454322815,,,0.37872340425531914,0.37446808510638296,,,47.0,,,0.37872340425531914,0.7574468085106383,0.7180143486684455,,full,0.999468085106383,0.0022961616050451994
cleveland,hungary,4,conservative_candidate,2,235,59,0.002127659574468085,94.0,,,,0.9547675848007202,False,0.3616349697113037,0.36061856150627136,,,0.4,0.4,,,47.0,,,0.4,0.8,0.7621889315260219,,full,0.997872340425532,0.0009549203095957637
cleveland,hungary,4,conservative_candidate,3,235,59,0.002127659574468085,94.0,,,,0.9518905282020569,False,0.36790022253990173,0.3661567270755768,,,0.3872340425531915,0.3829787234042553,,,47.0,,,0.3872340425531915,0.774468085106383,0.7356403051722153,,full,0.997872340425532,0.002320946427062154
cleveland,hungary,4,conservative_candidate,4,235,59,0.001595744680851064,94.0,,,,0.9540889859199524,False,0.3698335289955139,0.367934912443161,,,0.3872340425531915,0.3872340425531915,,,47.0,,,0.3872340425531915,0.774468085106383,0.7377323558987293,,full,0.9984042553191489,0.0019653288181871176
cleveland,hungary,4,conservative_candidate,5,236,58,0.00211864406779661,94.0,,,,0.9555661082267761,False,0.37031999230384827,0.3696177303791046,,,0.4194915254237288,0.4194915254237288,,,47.0,,,0.4194915254237288,0.8389830508474576,0.8000052438327051,,full,0.9978813559322034,0.0008699834579601884
cleveland,switzerland,4,pseudo_label_sfda,1,98,25,0.012755102040816325,38.0,0.3877551020408163,36.0,2.0,0.9438687562942505,False,,,,,,,,,,,,,,,,,,
cleveland,switzerland,4,pseudo_label_sfda,2,98,25,0.007653061224489795,34.0,0.3469387755102041,33.0,1.0,0.9426857233047485,False,,,,,,,,,,,,,,,,,,
cleveland,switzerland,4,pseudo_label_sfda,3,98,25,0.011479591836734693,29.0,0.29591836734693877,28.0,1.0,0.9372019171714783,False,,,,,,,,,,,,,,,,,,
cleveland,switzerland,4,pseudo_label_sfda,4,99,24,0.01388888888888889,33.0,0.3333333333333333,31.0,2.0,0.9473050236701965,False,,,,,,,,,,,,,,,,,,
cleveland,switzerland,4,pseudo_label_sfda,5,99,24,0.0101010101010101,38.0,0.3838383838383838,36.0,2.0,0.9426301717758179,False,,,,,,,,,,,,,,,,,,
cleveland,switzerland,4,entropy_sfda,1,98,25,0.012755102040816325,,,,,,,0.4014081656932831,0.35720911622047424,0.7284416556358337,0.7615476250648499,0.7755102040816326,0.7959183673469388,0.8281252384185791,0.8494773507118225,,,,,,,,,,
cleveland,switzerland,4,entropy_sfda,2,98,25,0.007653061224489795,,,,,,,0.413727343082428,0.3732363283634186,0.7203879356384277,0.75110924243927,0.7755102040816326,0.7857142857142857,0.8205415606498718,0.84125816822052,,,,,,,,,,
cleveland,switzerland,4,entropy_sfda,3,98,25,0.011479591836734693,,,,,,,0.4371263086795807,0.3944515585899353,0.7095547914505005,0.743842601776123,0.7755102040816326,0.7959183673469388,0.8070230484008789,0.830676257610321,,,,,,,,,,
cleveland,switzerland,4,entropy_sfda,4,99,24,0.01388888888888889,,,,,,,0.4185262620449066,0.37806758284568787,0.7105960845947266,0.7435014247894287,0.7676767676767676,0.7777777777777778,0.8158524036407471,0.8368308544158936,,,,,,,,,,
cleveland,switzerland,4,entropy_sfda,5,99,24,0.0101010101010101,,,,,,,0.40313488245010376,0.3609181344509125,0.7227949500083923,0.7514235973358154,0.7676767676767676,0.7878787878787878,0.8265263438224792,0.8473179340362549,,,,,,,,,,
cleveland,switzerland,4,reliability_gated_sfda,1,98,25,0.012755102040816325,40.0,0.40816326530612246,,,0.8511579632759094,False,0.4014081656932831,0.39728957414627075,0.7284416556358337,0.7281079888343811,0.7755102040816326,0.7755102040816326,,,20.0,76.0,22.0,0.7755102040816326,0.44897959183673475,0.37727816010678333,0.003165425732731819,,,
cleveland,switzerland,4,reliability_gated_sfda,2,98,25,0.007653061224489795,40.0,0.40816326530612246,,,0.8490456342697144,False,0.413727343082428,0.41007789969444275,0.7203879356384277,0.7178193926811218,0.7755102040816326,0.7755102040816326,,,20.0,76.0,22.0,0.7755102040816326,0.44897959183673475,0.37828678353187295,0.004445234313607216,,,
cleveland,switzerland,4,reliability_gated_sfda,3,98,25,0.011479591836734693,40.0,0.40816326530612246,,,0.841239333152771,False,0.4371263086795807,0.43338823318481445,0.7095547914505005,0.7085815072059631,0.7755102040816326,0.7755102040816326,,,20.0,76.0,22.0,0.7755102040816326,0.44897959183673475,0.3733634587217499,0.003446002956479788,,,
cleveland,switzerland,4,reliability_gated_sfda,4,99,24,0.01388888888888889,40.0,0.40404040404040403,,,0.8569695353507996,False,0.4185262620449066,0.4158439338207245,0.7105960845947266,0.7072198987007141,0.7676767676767676,0.7676767676767676,,,20.0,76.0,23.0,0.7676767676767676,0.46464646464646475,0.3926574778978272,0.004583760630339384,,,
cleveland,switzerland,4,reliability_gated_sfda,5,99,24,0.0101010101010101,40.0,0.40404040404040403,,,0.8560082316398621,False,0.40313488245010376,0.3995373547077179,0.7227949500083923,0.7201491594314575,0.7676767676767676,0.7676767676767676,,,20.0,76.0,23.0,0.7676767676767676,0.46464646464646475,0.3937236106756963,0.00428034458309412,,,
cleveland,switzerland,4,conservative_candidate,1,98,25,0.012755102040816325,40.0,,,,0.8511579632759094,False,0.4014081656932831,0.3991157114505768,,,0.7755102040816326,0.7755102040816326,,,20.0,,,0.7755102040816326,0.44897959183673475,0.37727816010678333,,full,0.9872448979591837,0.004366787150502205
cleveland,switzerland,4,conservative_candidate,2,98,25,0.007653061224489795,40.0,,,,0.8490456342697144,False,0.413727343082428,0.4117085337638855,,,0.7755102040816326,0.7755102040816326,,,20.0,,,0.7755102040816326,0.44897959183673475,0.37828678353187295,,full,0.9923469387755102,0.003315950511023402
cleveland,switzerland,4,conservative_candidate,3,98,25,0.011479591836734693,40.0,,,,0.841239333152771,False,0.4371263086795807,0.43556681275367737,,,0.7755102040816326,0.7755102040816326,,,20.0,,,0.7755102040816326,0.44897959183673475,0.3733634587217499,,full,0.9885204081632653,0.0034423370379954576
cleveland,switzerland,4,conservative_candidate,4,99,24,0.01388888888888889,40.0,,,,0.8569695353507996,False,0.4185262620449066,0.4174153208732605,,,0.7676767676767676,0.7676767676767676,,,20.0,,,0.7676767676767676,0.46464646464646475,0.3926574778978272,,full,0.9861111111111112,0.0025730577763170004
cleveland,switzerland,4,conservative_candidate,5,99,24,0.0101010101010101,40.0,,,,0.8560082316398621,False,0.40313488245010376,0.401516318321228,,,0.7676767676767676,0.7676767676767676,,,20.0,,,0.7676767676767676,0.46464646464646475,0.3937236106756963,,full,0.98989898989899,0.0027021325659006834
cleveland,va_long_beach,4,pseudo_label_sfda,1,160,40,0.13984375,60.0,0.375,58.0,2.0,0.9515842795372009,False,,,,,,,,,,,,,,,,,,
cleveland,va_long_beach,4,pseudo_label_sfda,2,160,40,0.13828125000000002,57.0,0.35625,56.0,1.0,0.951285183429718,False,,,,,,,,,,,,,,,,,,
cleveland,va_long_beach,4,pseudo_label_sfda,3,160,40,0.12578125,57.0,0.35625,55.0,2.0,0.9549758434295654,False,,,,,,,,,,,,,,,,,,
cleveland,va_long_beach,4,pseudo_label_sfda,4,160,40,0.1328125,59.0,0.36875,58.0,1.0,0.9543204307556152,False,,,,,,,,,,,,,,,,,,
cleveland,va_long_beach,4,pseudo_label_sfda,5,160,40,0.14765625,59.0,0.36875,57.0,2.0,0.9523413181304932,False,,,,,,,,,,,,,,,,,,
cleveland,va_long_beach,4,entropy_sfda,1,160,40,0.13984375,,,,,,,0.4047733247280121,0.34923261404037476,0.7024103403091431,0.7325657606124878,0.75625,0.75625,0.829916775226593,0.8609892129898071,,,,,,,,,,
cleveland,va_long_beach,4,entropy_sfda,2,160,40,0.13828125000000002,,,,,,,0.40992528200149536,0.3502197861671448,0.7219240069389343,0.761939525604248,0.79375,0.79375,0.8287646174430847,0.8623393774032593,,,,,,,,,,
cleveland,va_long_beach,4,entropy_sfda,3,160,40,0.12578125,,,,,,,0.40849804878234863,0.3510972857475281,0.723534107208252,0.766787052154541,0.7875,0.7875,0.826567530632019,0.8566377758979797,,,,,,,,,,
cleveland,va_long_beach,4,entropy_sfda,4,160,40,0.1328125,,,,,,,0.40425318479537964,0.3468737006187439,0.7211904525756836,0.760511040687561,0.7875,0.7875,0.8291460871696472,0.8609910011291504,,,,,,,,,,
cleveland,va_long_beach,4,entropy_sfda,5,160,40,0.14765625,,,,,,,0.41370248794555664,0.3601911962032318,0.6953839063644409,0.7265456914901733,0.75,0.75,0.8233083486557007,0.854293167591095,,,,,,,,,,
cleveland,va_long_beach,4,reliability_gated_sfda,1,160,40,0.13984375,64.0,0.4,,,0.8796482086181641,False,0.4047733247280121,0.4001739025115967,0.7024103403091431,0.7001345157623291,0.75625,0.75625,,,32.0,121.0,39.0,0.75625,0.48750000000000004,0.36885951591655614,0.004194738809019327,,,
cleveland,va_long_beach,4,reliability_gated_sfda,2,160,40,0.13828125000000002,64.0,0.4,,,0.8659593462944031,False,0.40992528200149536,0.4051899015903473,0.7219240069389343,0.7213467359542847,0.79375,0.79375,,,32.0,127.0,33.0,0.79375,0.4125000000000001,0.3078130297438475,0.003286995692178607,,,
cleveland,va_long_beach,4,reliability_gated_sfda,3,160,40,0.12578125,64.0,0.4,,,0.86151123046875,False,0.40849804878234863,0.4045087397098541,0.723534107208252,0.7220298051834106,0.7875,0.7875,,,32.0,126.0,34.0,0.7875,0.42500000000000004,0.3200884401798249,0.003511197166517377,,,
cleveland,va_long_beach,4,reliability_gated_sfda,4,160,40,0.1328125,64.0,0.4,,,0.8682563304901123,False,0.40425318479537964,0.40075236558914185,0.7211904525756836,0.7185301184654236,0.7875,0.7875,,,32.0,126.0,34.0,0.7875,0.42500000000000004,0.3199999405536801,0.003991263918578625,,,
cleveland,va_long_beach,4,reliability_gated_sfda,5,160,40,0.14765625,64.0,0.4,,,0.8767967224121094,False,0.41370248794555664,0.4090138375759125,0.6953839063644409,0.6931098103523254,0.75,0.75,,,32.0,120.0,40.0,0.75,0.5,0.37366610318422316,0.0041250018402934074,,,
cleveland,va_long_beach,4,conservative_candidate,1,160,40,0.13984375,64.0,,,,0.8796482086181641,False,0.4047733247280121,0.40292519330978394,,,0.75625,0.75625,,,32.0,,,0.75625,0.48750000000000004,0.36885951591655614,,full,0.86015625,0.0028167483396828175
cleveland,va_long_beach,4,conservative_candidate,2,160,40,0.13828125000000002,64.0,,,,0.8659593462944031,False,0.40992528200149536,0.4069361090660095,,,0.79375,0.79375,,,32.0,,,0.79375,0.4125000000000001,0.3078130297438475,,full,0.86171875,0.004708719905465841
cleveland,va_long_beach,4,conservative_candidate,3,160,40,0.12578125,64.0,,,,0.86151123046875,False,0.40849804878234863,0.40584325790405273,,,0.7875,0.7875,,,32.0,,,0.7875,0.42500000000000004,0.3200884401798249,,full,0.87421875,0.00433504581451416
cleveland,va_long_beach,4,conservative_candidate,4,160,40,0.1328125,64.0,,,,0.8682563304901123,False,0.40425318479537964,0.4027125835418701,,,0.7875,0.7875,,,32.0,,,0.7875,0.42500000000000004,0.3199999405536801,,full,0.8671875,0.0025311114732176065
cleveland,va_long_beach,4,conservative_candidate,5,160,40,0.14765625,64.0,,,,0.8767967224121094,False,0.41370248794555664,0.41151514649391174,,,0.75,0.75,,,32.0,,,0.75,0.5,0.37366610318422316,,full,0.85234375,0.003757814411073923
cleveland,hungary,5,pseudo_label_sfda,1,235,59,0.0005319148936170213,104.0,0.4425531914893617,37.0,67.0,0.9450167417526245,False,,,,,,,,,,,,,,,,,,
cleveland,hungary,5,pseudo_label_sfda,2,235,59,0.002127659574468085,111.0,0.4723404255319149,42.0,69.0,0.9477472901344299,False,,,,,,,,,,,,,,,,,,
cleveland,hungary,5,pseudo_label_sfda,3,235,59,0.002127659574468085,113.0,0.4808510638297872,38.0,75.0,0.9479829668998718,False,,,,,,,,,,,,,,,,,,
cleveland,hungary,5,pseudo_label_sfda,4,235,59,0.001595744680851064,111.0,0.4723404255319149,44.0,67.0,0.9457002878189087,False,,,,,,,,,,,,,,,,,,
cleveland,hungary,5,pseudo_label_sfda,5,236,58,0.00211864406779661,109.0,0.461864406779661,43.0,66.0,0.9481249451637268,False,,,,,,,,,,,,,,,,,,
cleveland,hungary,5,entropy_sfda,1,235,59,0.0005319148936170213,,,,,,,0.38751116394996643,0.3128025233745575,0.4248184859752655,0.3825359642505646,0.4085106382978723,0.3574468085106383,0.8338667154312134,0.8718087673187256,,,,,,,,,,
cleveland,hungary,5,entropy_sfda,2,235,59,0.002127659574468085,,,,,,,0.37252891063690186,0.30239686369895935,0.4427087903022766,0.41095998883247375,0.43829787234042555,0.39574468085106385,0.8418073654174805,0.8765345811843872,,,,,,,,,,
cleveland,hungary,5,entropy_sfda,3,235,59,0.002127659574468085,,,,,,,0.3739810287952423,0.3036854565143585,0.41894665360450745,0.38124796748161316,0.41702127659574467,0.3659574468085106,0.8404913544654846,0.8727607131004333,,,,,,,,,,
cleveland,hungary,5,entropy_sfda,4,235,59,0.001595744680851064,,,,,,,0.38352373242378235,0.30975738167762756,0.43391042947769165,0.39118054509162903,0.425531914893617,0.37872340425531914,0.8346744179725647,0.8714352250099182,,,,,,,,,,
cleveland,hungary,5,entropy_sfda,5,236,58,0.00211864406779661,,,,,,,0.38074809312820435,0.31356281042099,0.450981080532074,0.4167270362377167,0.4533898305084746,0.4110169491525424,0.8347537517547607,0.8678427338600159,,,,,,,,,,
cleveland,hungary,5,reliability_gated_sfda,1,235,59,0.0005319148936170213,94.0,0.4,,,0.9441317319869995,False,0.38751116394996643,0.3807239532470703,0.4248184859752655,0.4229426383972168,0.4085106382978723,0.4085106382978723,,,47.0,96.0,139.0,0.4085106382978723,0.8170212765957446,0.7709654067122812,0.003983798436820507,,,
cleveland,hungary,5,reliability_gated_sfda,2,235,59,0.002127659574468085,94.0,0.4,,,0.9507589936256409,False,0.37252891063690186,0.3657035231590271,0.4427087903022766,0.4411000907421112,0.43829787234042555,0.43829787234042555,,,47.0,103.0,132.0,0.43829787234042555,0.8765957446808511,0.8316580299696485,0.00399595033377409,,,
cleveland,hungary,5,reliability_gated_sfda,3,235,59,0.002127659574468085,94.0,0.4,,,0.9484118819236755,False,0.3739810287952423,0.36760586500167847,0.41894665360450745,0.4182080924510956,0.41702127659574467,0.41702127659574467,,,47.0,98.0,137.0,0.41702127659574467,0.8340425531914893,0.7893328549927746,0.00351279741153121,,,
cleveland,hungary,5,reliability_gated_sfda,4,235,59,0.001595744680851064,94.0,0.4,,,0.9498988389968872,False,0.38352373242378235,0.3769313097000122,0.43391042947769165,0.4322967529296875,0.425531914893617,0.425531914893617,,,47.0,100.0,135.0,0.425531914893617,0.851063829787234,0.8071345046614564,0.003963930532336235,,,
cleveland,hungary,5,reliability_gated_sfda,5,236,58,0.00211864406779661,94.0,0.3983050847457627,,,0.9507832527160645,False,0.38074809312820435,0.3742087185382843,0.450981080532074,0.44945991039276123,0.4533898305084746,0.4533898305084746,,,47.0,107.0,129.0,0.4533898305084746,0.9067796610169492,0.8603243246755872,0.0038657954428344965,,,
cleveland,hungary,5,conservative_candidate,1,235,59,0.0005319148936170213,94.0,,,,0.9441317319869995,False,0.38751116394996643,0.3864385187625885,,,0.4085106382978723,0.4085106382978723,,,47.0,,,0.4085106382978723,0.8170212765957446,0.7709654067122812,,full,0.999468085106383,0.0016256138915196061
cleveland,hungary,5,conservative_candidate,2,235,59,0.002127659574468085,94.0,,,,0.9507589936256409,False,0.37252891063690186,0.3716912865638733,,,0.43829787234042555,0.43829787234042555,,,47.0,,,0.43829787234042555,0.8765957446808511,0.8316580299696485,,full,0.997872340425532,0.0017225584015250206
cleveland,hungary,5,conservative_candidate,3,235,59,0.002127659574468085,94.0,,,,0.9484118819236755,False,0.3739810287952423,0.37395039200782776,,,0.41702127659574467,0.41702127659574467,,,47.0,,,0.41702127659574467,0.8340425531914893,0.7893328549927746,,full,0.997872340425532,0.0006643021479249001
cleveland,hungary,5,conservative_candidate,4,235,59,0.001595744680851064,94.0,,,,0.9498988389968872,False,0.38352373242378235,0.3829427659511566,,,0.425531914893617,0.425531914893617,,,47.0,,,0.425531914893617,0.851063829787234,0.8071345046614564,,full,0.9984042553191489,0.0007583692204207182
cleveland,hungary,5,conservative_candidate,5,236,58,0.00211864406779661,94.0,,,,0.9507832527160645,False,0.38074809312820435,0.38000914454460144,,,0.4533898305084746,0.4533898305084746,,,47.0,,,0.4533898305084746,0.9067796610169492,0.8603243246755872,,full,0.9978813559322034,0.0009889884386211634
cleveland,switzerland,5,pseudo_label_sfda,1,98,25,0.012755102040816325,33.0,0.336734693877551,31.0,2.0,0.9329415559768677,False,,,,,,,,,,,,,,,,,,
cleveland,switzerland,5,pseudo_label_sfda,2,98,25,0.007653061224489795,28.0,0.2857142857142857,27.0,1.0,0.9322009086608887,False,,,,,,,,,,,,,,,,,,
cleveland,switzerland,5,pseudo_label_sfda,3,98,25,0.011479591836734693,26.0,0.2653061224489796,25.0,1.0,0.9244715571403503,False,,,,,,,,,,,,,,,,,,
cleveland,switzerland,5,pseudo_label_sfda,4,99,24,0.01388888888888889,32.0,0.32323232323232326,30.0,2.0,0.9325911998748779,False,,,,,,,,,,,,,,,,,,
cleveland,switzerland,5,pseudo_label_sfda,5,99,24,0.0101010101010101,33.0,0.3333333333333333,31.0,2.0,0.9332846403121948,False,,,,,,,,,,,,,,,,,,
cleveland,switzerland,5,entropy_sfda,1,98,25,0.012755102040816325,,,,,,,0.4218418598175049,0.38987240195274353,0.7276519536972046,0.7477458119392395,0.7959183673469388,0.7959183673469388,0.8198333978652954,0.8382901549339294,,,,,,,,,,
cleveland,switzerland,5,entropy_sfda,2,98,25,0.007653061224489795,,,,,,,0.43396109342575073,0.402651309967041,0.719264805316925,0.7370691299438477,0.7959183673469388,0.7959183673469388,0.8110260367393494,0.8303309082984924,,,,,,,,,,
cleveland,switzerland,5,entropy_sfda,3,98,25,0.011479591836734693,,,,,,,0.45432591438293457,0.42322468757629395,0.7135874629020691,0.7362514138221741,0.8061224489795918,0.8163265306122449,0.7980209589004517,0.8180508017539978,,,,,,,,,,
cleveland,switzerland,5,entropy_sfda,4,99,24,0.01388888888888889,,,,,,,0.4330751895904541,0.40268591046333313,0.714241087436676,0.7321911454200745,0.7878787878787878,0.7878787878787878,0.8100259304046631,0.8282283544540405,,,,,,,,,,
cleveland,switzerland,5,entropy_sfda,5,99,24,0.0101010101010101,,,,,,,0.4201793074607849,0.38881734013557434,0.7216956615447998,0.7380237579345703,0.797979797979798,0.797979797979798,0.8203352093696594,0.8387029767036438,,,,,,,,,,
cleveland,switzerland,5,reliability_gated_sfda,1,98,25,0.012755102040816325,40.0,0.40816326530612246,,,0.8339616060256958,False,0.4218418598175049,0.4193056523799896,0.7276519536972046,0.7265801429748535,0.7959183673469388,0.7959183673469388,,,20.0,78.0,20.0,0.7959183673469388,0.40816326530612246,0.3360507512827408,0.002658233977854252,,,
cleveland,switzerland,5,reliability_gated_sfda,2,98,25,0.007653061224489795,40.0,0.40816326530612246,,,0.8313241004943848,False,0.43396109342575073,0.430929958820343,0.719264805316925,0.717326819896698,0.7959183673469388,0.7857142857142857,,,20.0,78.0,20.0,0.7959183673469388,0.40816326530612246,0.3367191535738397,0.0036426375154405832,,,
cleveland,switzerland,5,reliability_gated_sfda,3,98,25,0.011479591836734693,38.0,0.3877551020408163,,,0.8237432837486267,False,0.45432591438293457,0.45201921463012695,0.7135874629020691,0.7119923830032349,0.8061224489795918,0.8061224489795918,,,19.0,79.0,19.0,0.8061224489795918,0.3877551020408163,0.3157439570282832,0.0031003705225884914,,,
cleveland,switzerland,5,reliability_gated_sfda,4,99,24,0.01388888888888889,40.0,0.40404040404040403,,,0.838697075843811,False,0.4330751895904541,0.4308986961841583,0.714241087436676,0.7120882272720337,0.7878787878787878,0.7878787878787878,,,20.0,78.0,21.0,0.7878787878787878,0.4242424242424243,0.35086906287405234,0.0030760704539716244,,,
cleveland,switzerland,5,reliability_gated_sfda,5,99,24,0.0101010101010101,40.0,0.40404040404040403,,,0.8435193300247192,False,0.4201793074607849,0.4175317585468292,0.7216956615447998,0.7197673320770264,0.797979797979798,0.7878787878787878,,,20.0,79.0,20.0,0.797979797979798,0.404040404040404,0.3373733061623201,0.0031087573152035475,,,
cleveland,switzerland,5,conservative_candidate,1,98,25,0.012755102040816325,40.0,,,,0.8339616060256958,False,0.4218418598175049,0.42180243134498596,,,0.7959183673469388,0.7959183673469388,,,20.0,,,0.7959183673469388,0.40816326530612246,0.3360507512827408,,full,0.9872448979591837,0.001793638220988214
cleveland,switzerland,5,conservative_candidate,2,98,25,0.007653061224489795,40.0,,,,0.8313241004943848,False,0.43396109342575073,0.4333500862121582,,,0.7959183673469388,0.7959183673469388,,,20.0,,,0.7959183673469388,0.40816326530612246,0.3367191535738397,,full,0.9923469387755102,0.0017068240558728576
cleveland,switzerland,5,conservative_candidate,3,98,25,0.011479591836734693,38.0,,,,0.8237432837486267,False,0.45432591438293457,0.454537570476532,,,0.8061224489795918,0.8061224489795918,,,19.0,,,0.8061224489795918,0.3877551020408163,0.3157439570282832,,full,0.9885204081632653,0.0022713104262948036
cleveland,switzerland,5,conservative_candidate,4,99,24,0.01388888888888889,40.0,,,,0.838697075843811,False,0.4330751895904541,0.4335431456565857,,,0.7878787878787878,0.797979797979798,,,20.0,,,0.7878787878787878,0.4242424242424243,0.35086906287405234,,full,0.9861111111111112,0.002272436860948801
cleveland,switzerland,5,conservative_candidate,5,99,24,0.0101010101010101,40.0,,,,0.8435193300247192,False,0.4201793074607849,0.4202931225299835,,,0.797979797979798,0.797979797979798,,,20.0,,,0.797979797979798,0.404040404040404,0.3373733061623201,,full,0.98989898989899,0.0018262092489749193
cleveland,va_long_beach,5,pseudo_label_sfda,1,160,40,0.13984375,58.0,0.3625,54.0,4.0,0.9334248900413513,False,,,,,,,,,,,,,,,,,,
cleveland,va_long_beach,5,pseudo_label_sfda,2,160,40,0.13828125000000002,55.0,0.34375,52.0,3.0,0.9339555501937866,False,,,,,,,,,,,,,,,,,,
cleveland,va_long_beach,5,pseudo_label_sfda,3,160,40,0.12578125,56.0,0.35,52.0,4.0,0.9360953569412231,False,,,,,,,,,,,,,,,,,,
cleveland,va_long_beach,5,pseudo_label_sfda,4,160,40,0.1328125,59.0,0.36875,57.0,2.0,0.9348210692405701,False,,,,,,,,,,,,,,,,,,
cleveland,va_long_beach,5,pseudo_label_sfda,5,160,40,0.14765625,56.0,0.35,53.0,3.0,0.9351149797439575,False,,,,,,,,,,,,,,,,,,
cleveland,va_long_beach,5,entropy_sfda,1,160,40,0.13984375,,,,,,,0.4289373457431793,0.38565492630004883,0.7028251886367798,0.7222049832344055,0.7625,0.7625,0.8196336627006531,0.8455036282539368,,,,,,,,,,
cleveland,va_long_beach,5,entropy_sfda,2,160,40,0.13828125000000002,,,,,,,0.4328518509864807,0.38797491788864136,0.7238588333129883,0.7503436207771301,0.79375,0.79375,0.8178104162216187,0.8439280390739441,,,,,,,,,,
cleveland,va_long_beach,5,entropy_sfda,3,160,40,0.12578125,,,,,,,0.43358954787254333,0.38962334394454956,0.7249048948287964,0.7547714114189148,0.79375,0.79375,0.8142045736312866,0.8391748666763306,,,,,,,,,,
cleveland,va_long_beach,5,entropy_sfda,4,160,40,0.1328125,,,,,,,0.4280855059623718,0.38461244106292725,0.7232519388198853,0.7488247156143188,0.79375,0.79375,0.8189838528633118,0.8446488380432129,,,,,,,,,,
cleveland,va_long_beach,5,entropy_sfda,5,160,40,0.14765625,,,,,,,0.4374789297580719,0.39478442072868347,0.6968890428543091,0.715824544429779,0.75625,0.75625,0.8124988675117493,0.838967502117157,,,,,,,,,,
cleveland,va_long_beach,5,reliability_gated_sfda,1,160,40,0.13984375,64.0,0.4,,,0.8614749908447266,False,0.4289373457431793,0.4254182279109955,0.7028251886367798,0.700231671333313,0.7625,0.7625,,,32.0,122.0,38.0,0.7625,0.4750000000000001,0.35197647135704757,0.003746224567294121,,,
cleveland,va_long_beach,5,reliability_gated_sfda,2,160,40,0.13828125000000002,64.0,0.4,,,0.8402637243270874,False,0.4328518509864807,0.4294961094856262,0.7238588333129883,0.7229204177856445,0.79375,0.79375,,,32.0,127.0,33.0,0.79375,0.4125000000000001,0.29867929005646154,0.0028860808815807104,,,
cleveland,va_long_beach,5,reliability_gated_sfda,3,160,40,0.12578125,64.0,0.4,,,0.8360216617584229,False,0.43358954787254333,0.43068188428878784,0.7249048948287964,0.7242268323898315,0.79375,0.79375,,,32.0,127.0,33.0,0.79375,0.4125000000000001,0.3014821474975907,0.002502766437828541,,,
cleveland,va_long_beach,5,reliability_gated_sfda,4,160,40,0.1328125,64.0,0.4,,,0.8448082208633423,False,0.4280855059623718,0.42540448904037476,0.7232519388198853,0.7213829159736633,0.79375,0.79375,,,32.0,127.0,33.0,0.79375,0.4125000000000001,0.30220044072484603,0.002924747299402952,,,
cleveland,va_long_beach,5,reliability_gated_sfda,5,160,40,0.14765625,64.0,0.4,,,0.8601795434951782,False,0.4374789297580719,0.4341050684452057,0.6968890428543091,0.6941083669662476,0.75625,0.75625,,,32.0,121.0,39.0,0.75625,0.48750000000000004,0.35741972066578453,0.0037663429975509644,,,
cleveland,va_long_beach,5,conservative_candidate,1,160,40,0.13984375,64.0,,,,0.8614749908447266,False,0.4289373457431793,0.42897629737854004,,,0.7625,0.7625,,,32.0,,,0.7625,0.4750000000000001,0.35197647135704757,,full,0.86015625,0.002211916958913207
cleveland,va_long_beach,5,conservative_candidate,2,160,40,0.13828125000000002,64.0,,,,0.8402637243270874,False,0.4328518509864807,0.43185630440711975,,,0.79375,0.79375,,,32.0,,,0.79375,0.4125000000000001,0.29867929005646154,,full,0.86171875,0.0030441484414041042
cleveland,va_long_beach,5,conservative_candidate,3,160,40,0.12578125,64.0,,,,0.8360216617584229,False,0.43358954787254333,0.43271368741989136,,,0.79375,0.79375,,,32.0,,,0.79375,0.4125000000000001,0.3014821474975907,,full,0.87421875,0.0032433513551950455
cleveland,va_long_beach,5,conservative_candidate,4,160,40,0.1328125,64.0,,,,0.8448082208633423,False,0.4280855059623718,0.42827945947647095,,,0.79375,0.79375,,,32.0,,,0.79375,0.4125000000000001,0.30220044072484603,,full,0.8671875,0.002052451018244028
cleveland,va_long_beach,5,conservative_candidate,5,160,40,0.14765625,64.0,,,,0.8601795434951782,False,0.4374789297580719,0.43735218048095703,,,0.75625,0.75625,,,32.0,,,0.75625,0.48750000000000004,0.35741972066578453,,full,0.85234375,0.0023319243919104338
cleveland,hungary,6,pseudo_label_sfda,1,235,59,0.0005319148936170213,90.0,0.3829787234042553,25.0,65.0,0.9387458562850952,False,,,,,,,,,,,,,,,,,,
cleveland,hungary,6,pseudo_label_sfda,2,235,59,0.002127659574468085,94.0,0.4,29.0,65.0,0.9420371651649475,False,,,,,,,,,,,,,,,,,,
cleveland,hungary,6,pseudo_label_sfda,3,235,59,0.002127659574468085,95.0,0.40425531914893614,23.0,72.0,0.9431160092353821,False,,,,,,,,,,,,,,,,,,
cleveland,hungary,6,pseudo_label_sfda,4,235,59,0.001595744680851064,94.0,0.4,32.0,62.0,0.9401566386222839,False,,,,,,,,,,,,,,,,,,
cleveland,hungary,6,pseudo_label_sfda,5,236,58,0.00211864406779661,95.0,0.4025423728813559,31.0,64.0,0.9420429468154907,False,,,,,,,,,,,,,,,,,,
cleveland,hungary,6,entropy_sfda,1,235,59,0.0005319148936170213,,,,,,,0.41284963488578796,0.3337867856025696,0.41035884618759155,0.3693212866783142,0.39148936170212767,0.33617021276595743,0.8204786777496338,0.8639000654220581,,,,,,,,,,
cleveland,hungary,6,entropy_sfda,2,235,59,0.002127659574468085,,,,,,,0.4016639292240143,0.32636985182762146,0.42857006192207336,0.3975340723991394,0.425531914893617,0.37446808510638296,0.8271790146827698,0.8675124049186707,,,,,,,,,,
cleveland,hungary,6,entropy_sfda,3,235,59,0.002127659574468085,,,,,,,0.401541531085968,0.32716915011405945,0.40601634979248047,0.36847221851348877,0.4127659574468085,0.3404255319148936,0.8250810503959656,0.8631002902984619,,,,,,,,,,
cleveland,hungary,6,entropy_sfda,4,235,59,0.001595744680851064,,,,,,,0.4082798659801483,0.32904133200645447,0.41915613412857056,0.3763268291950226,0.4085106382978723,0.34893617021276596,0.8218511939048767,0.8647230267524719,,,,,,,,,,
cleveland,hungary,6,entropy_sfda,5,236,58,0.00211864406779661,,,,,,,0.40777143836021423,0.3360767066478729,0.4352045953273773,0.40485239028930664,0.4364406779661017,0.3728813559322034,0.8207282423973083,0.8585664629936218,,,,,,,,,,
cleveland,hungary,6,reliability_gated_sfda,1,235,59,0.0005319148936170213,94.0,0.4,,,0.9278901815414429,False,0.41284963488578796,0.4051808714866638,0.41035884618759155,0.4081246852874756,0.39148936170212767,0.3872340425531915,,,47.0,92.0,143.0,0.39148936170212767,0.7829787234042553,0.7261318239144687,0.004658900201320648,,,
cleveland,hungary,6,reliability_gated_sfda,2,235,59,0.002127659574468085,94.0,0.4,,,0.9338434338569641,False,0.4016639292240143,0.3942548930644989,0.42857006192207336,0.4270264208316803,0.425531914893617,0.42127659574468085,,,47.0,100.0,135.0,0.425531914893617,0.851063829787234,0.7930693897309483,0.004368632100522518,,,
cleveland,hungary,6,reliability_gated_sfda,3,235,59,0.002127659574468085,94.0,0.4,,,0.9309892058372498,False,0.401541531085968,0.394216388463974,0.40601634979248047,0.4043087661266327,0.4127659574468085,0.4085106382978723,,,47.0,97.0,138.0,0.4127659574468085,0.825531914893617,0.7669260650276868,0.004218516871333122,,,
cleveland,hungary,6,reliability_gated_sfda,4,235,59,0.001595744680851064,94.0,0.4,,,0.9343655109405518,False,0.4082798659801483,0.4007570743560791,0.41915613412857056,0.41721054911613464,0.4085106382978723,0.40425531914893614,,,47.0,96.0,139.0,0.4085106382978723,0.8170212765957446,0.7621783166473513,0.004566575400531292,,,
cleveland,hungary,6,reliability_gated_sfda,5,236,58,0.00211864406779661,94.0,0.3983050847457627,,,0.9356592297554016,False,0.40777143836021423,0.40067026019096375,0.4352045953273773,0.43362492322921753,0.4364406779661017,0.4364406779661017,,,47.0,103.0,133.0,0.4364406779661017,0.8728813559322034,0.8149891592416655,0.004268217831850052,,,
cleveland,hungary,6,conservative_candidate,1,235,59,0.0005319148936170213,94.0,,,,0.9278901815414429,False,0.41284963488578796,0.41111645102500916,,,0.39148936170212767,0.3872340425531915,,,47.0,,,0.39148936170212767,0.7829787234042553,0.7261318239144687,,full,0.999468085106383,0.002303076209500432
cleveland,hungary,6,conservative_candidate,2,235,59,0.002127659574468085,94.0,,,,0.9338434338569641,False,0.4016639292240143,0.39983320236206055,,,0.425531914893617,0.42127659574468085,,,47.0,,,0.425531914893617,0.851063829787234,0.7930693897309483,,full,0.997872340425532,0.002355122473090887
cleveland,hungary,6,conservative_candidate,3,235,59,0.002127659574468085,94.0,,,,0.9309892058372498,False,0.401541531085968,0.40086039900779724,,,0.4127659574468085,0.4085106382978723,,,47.0,,,0.4127659574468085,0.825531914893617,0.7669260650276868,,full,0.997872340425532,0.0018921226728707552
cleveland,hungary,6,conservative_candidate,4,235,59,0.001595744680851064,94.0,,,,0.9343655109405518,False,0.4082798659801483,0.4070705473423004,,,0.4085106382978723,0.40425531914893614,,,47.0,,,0.4085106382978723,0.8170212765957446,0.7621783166473513,,full,0.9984042553191489,0.0016499499324709177
cleveland,hungary,6,conservative_candidate,5,236,58,0.00211864406779661,94.0,,,,0.9356592297554016,False,0.40777143836021423,0.40718770027160645,,,0.4364406779661017,0.4364406779661017,,,47.0,,,0.4364406779661017,0.8728813559322034,0.8149891592416655,,full,0.9978813559322034,0.0016017238376662135
cleveland,switzerland,6,pseudo_label_sfda,1,98,25,0.012755102040816325,18.0,0.1836734693877551,16.0,2.0,0.9295486807823181,False,,,,,,,,,,,,,,,,,,
cleveland,switzerland,6,pseudo_label_sfda,2,98,25,0.007653061224489795,15.0,0.15306122448979592,14.0,1.0,0.9277265071868896,False,,,,,,,,,,,,,,,,,,
cleveland,switzerland,6,pseudo_label_sfda,3,98,25,0.011479591836734693,10.0,0.10204081632653061,9.0,1.0,0.9250930547714233,False,,,,,,,,,,,,,,,,,,
cleveland,switzerland,6,pseudo_label_sfda,4,99,24,0.01388888888888889,16.0,0.16161616161616163,14.0,2.0,0.9316046237945557,False,,,,,,,,,,,,,,,,,,
cleveland,switzerland,6,pseudo_label_sfda,5,99,24,0.0101010101010101,17.0,0.1717171717171717,15.0,2.0,0.9302912354469299,False,,,,,,,,,,,,,,,,,,
cleveland,switzerland,6,entropy_sfda,1,98,25,0.012755102040816325,,,,,,,0.4633136987686157,0.43228858709335327,0.6973916888237,0.7173439264297485,0.7857142857142857,0.7857142857142857,0.7947927117347717,0.8144683837890625,,,,,,,,,,
cleveland,switzerland,6,entropy_sfda,2,98,25,0.007653061224489795,,,,,,,0.4756973087787628,0.4448557198047638,0.6898953914642334,0.7075348496437073,0.7755102040816326,0.7755102040816326,0.7855127453804016,0.8058179616928101,,,,,,,,,,
cleveland,switzerland,6,entropy_sfda,3,98,25,0.011479591836734693,,,,,,,0.4957379996776581,0.4675886332988739,0.6790573596954346,0.6957180500030518,0.7755102040816326,0.7755102040816326,0.7706215381622314,0.7901184558868408,,,,,,,,,,
cleveland,switzerland,6,entropy_sfda,4,99,24,0.01388888888888889,,,,,,,0.47758904099464417,0.4471539855003357,0.680776059627533,0.6948123574256897,0.7575757575757576,0.7575757575757576,0.7824985384941101,0.8023908138275146,,,,,,,,,,
cleveland,switzerland,6,entropy_sfda,5,99,24,0.0101010101010101,,,,,,,0.4671318829059601,0.4362335205078125,0.6892570853233337,0.7054365277290344,0.7676767676767676,0.7676767676767676,0.7912818789482117,0.8110107779502869,,,,,,,,,,
cleveland,switzerland,6,reliability_gated_sfda,1,98,25,0.012755102040816325,40.0,0.40816326530612246,,,0.829237163066864,False,0.4633136987686157,0.46043699979782104,0.6973916888237,0.6946569085121155,0.7857142857142857,0.7857142857142857,,,20.0,77.0,21.0,0.7857142857142857,0.4285714285714286,0.35085435361538964,0.0039784861728549,,,
cleveland,switzerland,6,reliability_gated_sfda,2,98,25,0.007653061224489795,40.0,0.40816326530612246,,,0.8225369453430176,False,0.4756973087787628,0.4718516170978546,0.6898953914642334,0.6878653764724731,0.7755102040816326,0.7653061224489796,,,20.0,76.0,22.0,0.7755102040816326,0.44897959183673475,0.3664760088632625,0.0041826809756457806,,,
cleveland,switzerland,6,reliability_gated_sfda,3,98,25,0.011479591836734693,40.0,0.40816326530612246,,,0.8143266439437866,False,0.4957379996776581,0.4927113950252533,0.6790573596954346,0.6767730116844177,0.7755102040816326,0.7755102040816326,,,20.0,76.0,22.0,0.7755102040816326,0.44897959183673475,0.3614189212630561,0.003881261684000492,,,
cleveland,switzerland,6,reliability_gated_sfda,4,99,24,0.01388888888888889,40.0,0.40404040404040403,,,0.8307113647460938,False,0.47758904099464417,0.47395583987236023,0.680776059627533,0.6782336235046387,0.7575757575757576,0.7474747474747475,,,20.0,75.0,24.0,0.7575757575757576,0.48484848484848486,0.3971751306193445,0.004349989350885153,,,
cleveland,switzerland,6,reliability_gated_sfda,5,99,24,0.0101010101010101,40.0,0.40404040404040403,,,0.8334196209907532,False,0.4671318829059601,0.4639912545681,0.6892570853233337,0.6868202686309814,0.7676767676767676,0.7575757575757576,,,20.0,76.0,23.0,0.7676767676767676,0.46464646464646475,0.3833339099506496,0.003850727342069149,,,
cleveland,switzerland,6,conservative_candidate,1,98,25,0.012755102040816325,40.0,,,,0.829237163066864,False,0.4633136987686157,0.4645964503288269,,,0.7857142857142857,0.7857142857142857,,,20.0,,,0.7857142857142857,0.4285714285714286,0.35085435361538964,,full,0.9872448979591837,0.0009554438292980194
cleveland,switzerland,6,conservative_candidate,2,98,25,0.007653061224489795,40.0,,,,0.8225369453430176,False,0.4756973087787628,0.4762645959854126,,,0.7755102040816326,0.7755102040816326,,,20.0,,,0.7755102040816326,0.44897959183673475,0.3664760088632625,,full,0.9923469387755102,0.0021112423855811357
cleveland,switzerland,6,conservative_candidate,3,98,25,0.011479591836734693,40.0,,,,0.8143266439437866,False,0.4957379996776581,0.4969842731952667,,,0.7755102040816326,0.7755102040816326,,,20.0,,,0.7755102040816326,0.44897959183673475,0.3614189212630561,,full,0.9885204081632653,0.0018801797414198518
cleveland,switzerland,6,conservative_candidate,4,99,24,0.01388888888888889,40.0,,,,0.8307113647460938,False,0.47758904099464417,0.47842133045196533,,,0.7575757575757576,0.7575757575757576,,,20.0,,,0.7575757575757576,0.48484848484848486,0.3971751306193445,,full,0.9861111111111112,0.0015597216552123427
cleveland,switzerland,6,conservative_candidate,5,99,24,0.0101010101010101,40.0,,,,0.8334196209907532,False,0.4671318829059601,0.46881380677223206,,,0.7676767676767676,0.7676767676767676,,,20.0,,,0.7676767676767676,0.46464646464646475,0.3833339099506496,,full,0.98989898989899,0.002062383573502302
cleveland,va_long_beach,6,pseudo_label_sfda,1,160,40,0.13984375,40.0,0.25,37.0,3.0,0.9318521618843079,False,,,,,,,,,,,,,,,,,,
cleveland,va_long_beach,6,pseudo_label_sfda,2,160,40,0.13828125000000002,38.0,0.2375,36.0,2.0,0.9314476847648621,False,,,,,,,,,,,,,,,,,,
cleveland,va_long_beach,6,pseudo_label_sfda,3,160,40,0.12578125,42.0,0.2625,39.0,3.0,0.9332293272018433,False,,,,,,,,,,,,,,,,,,
cleveland,va_long_beach,6,pseudo_label_sfda,4,160,40,0.1328125,40.0,0.25,38.0,2.0,0.9351658821105957,False,,,,,,,,,,,,,,,,,,
cleveland,va_long_beach,6,pseudo_label_sfda,5,160,40,0.14765625,40.0,0.25,38.0,2.0,0.9330538511276245,False,,,,,,,,,,,,,,,,,,
cleveland,va_long_beach,6,entropy_sfda,1,160,40,0.13984375,,,,,,,0.4609338343143463,0.4160849153995514,0.6785989999771118,0.695074200630188,0.7625,0.7625,0.7977216839790344,0.8269163966178894,,,,,,,,,,
cleveland,va_long_beach,6,entropy_sfda,2,160,40,0.13828125000000002,,,,,,,0.4660155177116394,0.4205508232116699,0.6979198455810547,0.7208017706871033,0.79375,0.79375,0.7948080897331238,0.8253481984138489,,,,,,,,,,
cleveland,va_long_beach,6,entropy_sfda,3,160,40,0.12578125,,,,,,,0.467334508895874,0.42422765493392944,0.7013508081436157,0.7259671092033386,0.79375,0.79375,0.7909121513366699,0.8194734454154968,,,,,,,,,,
cleveland,va_long_beach,6,entropy_sfda,4,160,40,0.1328125,,,,,,,0.4605562090873718,0.416046142578125,0.6978803873062134,0.7196122407913208,0.79375,0.79375,0.7970067262649536,0.8265376091003418,,,,,,,,,,
cleveland,va_long_beach,6,entropy_sfda,5,160,40,0.14765625,,,,,,,0.46651536226272583,0.42317038774490356,0.6749504208564758,0.6918754577636719,0.75625,0.75625,0.7926390767097473,0.8218578100204468,,,,,,,,,,
cleveland,va_long_beach,6,reliability_gated_sfda,1,160,40,0.13984375,64.0,0.4,,,0.8605351448059082,False,0.4609338343143463,0.45674973726272583,0.6785989999771118,0.6759289503097534,0.7625,0.7625,,,32.0,122.0,38.0,0.7625,0.4750000000000001,0.3515924744959921,0.004370777867734432,,,
cleveland,va_long_beach,6,reliability_gated_sfda,2,160,40,0.13828125000000002,64.0,0.4,,,0.8388354778289795,False,0.4660155177116394,0.4629289507865906,0.6979198455810547,0.6953938007354736,0.79375,0.79375,,,32.0,127.0,33.0,0.79375,0.4125000000000001,0.29817160700680695,0.0037659313529729843,,,
cleveland,va_long_beach,6,reliability_gated_sfda,3,160,40,0.12578125,64.0,0.4,,,0.8321845531463623,False,0.467334508895874,0.46481838822364807,0.7013508081436157,0.698525607585907,0.79375,0.79375,,,32.0,127.0,33.0,0.79375,0.4125000000000001,0.30009842767613015,0.003798347432166338,,,
cleveland,va_long_beach,6,reliability_gated_sfda,4,160,40,0.1328125,64.0,0.4,,,0.8441734313964844,False,0.4605562090873718,0.4573553502559662,0.6978803873062134,0.6951953768730164,0.79375,0.79375,,,32.0,127.0,33.0,0.79375,0.4125000000000001,0.3019733671098948,0.003967152442783117,,,
cleveland,va_long_beach,6,reliability_gated_sfda,5,160,40,0.14765625,64.0,0.4,,,0.8576627373695374,False,0.46651536226272583,0.4630144238471985,0.6749504208564758,0.67156583070755,0.75625,0.75625,,,32.0,121.0,39.0,0.75625,0.48750000000000004,0.3563739434798481,0.004560352303087711,,,
cleveland,va_long_beach,6,conservative_candidate,1,160,40,0.13984375,64.0,,,,0.8605351448059082,False,0.4609338343143463,0.46149349212646484,,,0.7625,0.7625,,,32.0,,,0.7625,0.4750000000000001,0.3515924744959921,,full,0.86015625,0.001863899058662355
cleveland,va_long_beach,6,conservative_candidate,2,160,40,0.13828125000000002,64.0,,,,0.8388354778289795,False,0.4660155177116394,0.46690669655799866,,,0.79375,0.79375,,,32.0,,,0.79375,0.4125000000000001,0.29817160700680695,,full,0.86171875,0.0013752499362453818
cleveland,va_long_beach,6,conservative_candidate,3,160,40,0.12578125,64.0,,,,0.8321845531463623,False,0.467334508895874,0.46842002868652344,,,0.79375,0.79375,,,32.0,,,0.79375,0.4125000000000001,0.30009842767613015,,full,0.87421875,0.0017168562626466155
cleveland,va_long_beach,6,conservative_candidate,4,160,40,0.1328125,64.0,,,,0.8441734313964844,False,0.4605562090873718,0.4613381028175354,,,0.79375,0.79375,,,32.0,,,0.79375,0.4125000000000001,0.3019733671098948,,full,0.8671875,0.0015021797735244036
cleveland,va_long_beach,6,conservative_candidate,5,160,40,0.14765625,64.0,,,,0.8576627373695374,False,0.46651536226272583,0.467674195766449,,,0.75625,0.75625,,,32.0,,,0.75625,0.48750000000000004,0.3563739434798481,,full,0.85234375,0.001497184275649488
cleveland,hungary,7,pseudo_label_sfda,1,235,59,0.0005319148936170213,92.0,0.39148936170212767,25.0,67.0,0.945443868637085,False,,,,,,,,,,,,,,,,,,
cleveland,hungary,7,pseudo_label_sfda,2,235,59,0.002127659574468085,99.0,0.42127659574468085,30.0,69.0,0.9481498003005981,False,,,,,,,,,,,,,,,,,,
cleveland,hungary,7,pseudo_label_sfda,3,235,59,0.002127659574468085,98.0,0.41702127659574467,24.0,74.0,0.9507286548614502,False,,,,,,,,,,,,,,,,,,
cleveland,hungary,7,pseudo_label_sfda,4,235,59,0.001595744680851064,99.0,0.42127659574468085,33.0,66.0,0.9462760090827942,False,,,,,,,,,,,,,,,,,,
cleveland,hungary,7,pseudo_label_sfda,5,236,58,0.00211864406779661,100.0,0.423728813559322,32.0,68.0,0.9473471641540527,False,,,,,,,,,,,,,,,,,,
cleveland,hungary,7,entropy_sfda,1,235,59,0.0005319148936170213,,,,,,,0.40141934156417847,0.31535080075263977,0.398713618516922,0.3521988093852997,0.3872340425531915,0.32340425531914896,0.8246273994445801,0.8719832897186279,,,,,,,,,,
cleveland,hungary,7,entropy_sfda,2,235,59,0.002127659574468085,,,,,,,0.3888162076473236,0.3085387647151947,0.4163670241832733,0.38109704852104187,0.4085106382978723,0.3702127659574468,0.8319761753082275,0.8747923374176025,,,,,,,,,,
cleveland,hungary,7,entropy_sfda,3,235,59,0.002127659574468085,,,,,,,0.3887898623943329,0.3091469705104828,0.3942824900150299,0.35291048884391785,0.40425531914893614,0.33617021276595743,0.828728973865509,0.8706152439117432,,,,,,,,,,
cleveland,hungary,7,entropy_sfda,4,235,59,0.001595744680851064,,,,,,,0.3951009511947632,0.30754029750823975,0.406940758228302,0.35847610235214233,0.40425531914893614,0.3404255319148936,0.8265810608863831,0.8748540878295898,,,,,,,,,,
cleveland,hungary,7,entropy_sfda,5,236,58,0.00211864406779661,,,,,,,0.3956166207790375,0.31808018684387207,0.4236193299293518,0.38402992486953735,0.4364406779661017,0.3644067796610169,0.8244194388389587,0.8667066693305969,,,,,,,,,,
cleveland,hungary,7,reliability_gated_sfda,1,235,59,0.0005319148936170213,94.0,0.4,,,0.9325101971626282,False,0.40141934156417847,0.39431437849998474,0.398713618516922,0.39828425645828247,0.3872340425531915,0.3872340425531915,,,47.0,91.0,144.0,0.3872340425531915,0.774468085106383,0.7218152381287489,0.004052543547004461,,,
cleveland,hungary,7,reliability_gated_sfda,2,235,59,0.002127659574468085,94.0,0.4,,,0.9405246376991272,False,0.3888162076473236,0.381503164768219,0.4163670241832733,0.41618114709854126,0.4085106382978723,0.40425531914893614,,,47.0,96.0,139.0,0.4085106382978723,0.8170212765957446,0.7667936856091535,0.004177827853709459,,,
cleveland,hungary,7,reliability_gated_sfda,3,235,59,0.002127659574468085,94.0,0.4,,,0.9366791844367981,False,0.3887898623943329,0.38178983330726624,0.3942824900150299,0.3941762149333954,0.40425531914893614,0.4,,,47.0,95.0,140.0,0.40425531914893614,0.8085106382978723,0.7557037765972212,0.003941598813980818,,,
cleveland,hungary,7,reliability_gated_sfda,4,235,59,0.001595744680851064,94.0,0.4,,,0.9406830072402954,False,0.3951009511947632,0.38762110471725464,0.406940758228302,0.4060445725917816,0.40425531914893614,0.39574468085106385,,,47.0,95.0,140.0,0.40425531914893614,0.8085106382978723,0.7593385714624412,0.004411505535244942,,,
cleveland,hungary,7,reliability_gated_sfda,5,236,58,0.00211864406779661,94.0,0.3983050847457627,,,0.9415713548660278,False,0.3956166207790375,0.38863688707351685,0.4236193299293518,0.4233844578266144,0.4364406779661017,0.4322033898305085,,,47.0,103.0,133.0,0.4364406779661017,0.8728813559322034,0.8201388095844514,0.0040006255730986595,,,
cleveland,hungary,7,conservative_candidate,1,235,59,0.0005319148936170213,94.0,,,,0.9325101971626282,False,0.40141934156417847,0.4009610414505005,,,0.3872340425531915,0.3872340425531915,,,47.0,,,0.3872340425531915,0.774468085106383,0.7218152381287489,,full,0.999468085106383,0.0007717215921729803
cleveland,hungary,7,conservative_candidate,2,235,59,0.002127659574468085,94.0,,,,0.9405246376991272,False,0.3888162076473236,0.38815364241600037,,,0.4085106382978723,0.40425531914893614,,,47.0,,,0.4085106382978723,0.8170212765957446,0.7667936856091535,,full,0.997872340425532,0.0011059633689001203
cleveland,hungary,7,conservative_candidate,3,235,59,0.002127659574468085,94.0,,,,0.9366791844367981,False,0.3887898623943329,0.3878423571586609,,,0.40425531914893614,0.40425531914893614,,,47.0,,,0.40425531914893614,0.8085106382978723,0.7557037765972212,,full,0.997872340425532,0.0011771616991609335
cleveland,hungary,7,conservative_candidate,4,235,59,0.001595744680851064,94.0,,,,0.9406830072402954,False,0.3951009511947632,0.3939533531665802,,,0.40425531914893614,0.4,,,47.0,,,0.40425531914893614,0.8085106382978723,0.7593385714624412,,full,0.9984042553191489,0.0013202755944803357
cleveland,hungary,7,conservative_candidate,5,236,58,0.00211864406779661,94.0,,,,0.9415713548660278,False,0.3956166207790375,0.3950888514518738,,,0.4364406779661017,0.4364406779661017,,,47.0,,,0.4364406779661017,0.8728813559322034,0.8201388095844514,,full,0.9978813559322034,0.0009251456358470023
cleveland,switzerland,7,pseudo_label_sfda,1,98,25,0.012755102040816325,22.0,0.22448979591836735,18.0,4.0,0.9289876818656921,False,,,,,,,,,,,,,,,,,,
cleveland,switzerland,7,pseudo_label_sfda,2,98,25,0.007653061224489795,17.0,0.17346938775510204,14.0,3.0,0.9275174736976624,False,,,,,,,,,,,,,,,,,,
cleveland,switzerland,7,pseudo_label_sfda,3,98,25,0.011479591836734693,13.0,0.1326530612244898,11.0,2.0,0.9244663715362549,False,,,,,,,,,,,,,,,,,,
cleveland,switzerland,7,pseudo_label_sfda,4,99,24,0.01388888888888889,19.0,0.1919191919191919,16.0,3.0,0.9302343130111694,False,,,,,,,,,,,,,,,,,,
cleveland,switzerland,7,pseudo_label_sfda,5,99,24,0.0101010101010101,21.0,0.21212121212121213,17.0,4.0,0.9301045536994934,False,,,,,,,,,,,,,,,,,,
cleveland,switzerland,7,entropy_sfda,1,98,25,0.012755102040816325,,,,,,,0.4666648805141449,0.4312508702278137,0.6883521676063538,0.7092713117599487,0.7857142857142857,0.7959183673469388,0.7901248335838318,0.8139184713363647,,,,,,,,,,
cleveland,switzerland,7,entropy_sfda,2,98,25,0.007653061224489795,,,,,,,0.47979098558425903,0.44221004843711853,0.6796353459358215,0.6974928975105286,0.7755102040816326,0.7755102040816326,0.7823212146759033,0.8087334632873535,,,,,,,,,,
cleveland,switzerland,7,entropy_sfda,3,98,25,0.011479591836734693,,,,,,,0.4990975856781006,0.46498167514801025,0.6699739694595337,0.6912143230438232,0.7755102040816326,0.7857142857142857,0.7672791481018066,0.7923610210418701,,,,,,,,,,
cleveland,switzerland,7,entropy_sfda,4,99,24,0.01388888888888889,,,,,,,0.47840219736099243,0.44558480381965637,0.673956573009491,0.6941735744476318,0.7575757575757576,0.7676767676767676,0.7816724181175232,0.8040155172348022,,,,,,,,,,
cleveland,switzerland,7,entropy_sfda,5,99,24,0.0101010101010101,,,,,,,0.4667603373527527,0.4288997948169708,0.6841272711753845,0.7051217555999756,0.7676767676767676,0.7777777777777778,0.7915552854537964,0.8164675235748291,,,,,,,,,,
cleveland,switzerland,7,reliability_gated_sfda,1,98,25,0.012755102040816325,40.0,0.40816326530612246,,,0.836016833782196,False,0.4666648805141449,0.46303239464759827,0.6883521676063538,0.6871857047080994,0.7857142857142857,0.7857142857142857,,,20.0,77.0,21.0,0.7857142857142857,0.4285714285714286,0.35372286589691315,0.0036087087355554104,,,
cleveland,switzerland,7,reliability_gated_sfda,2,98,25,0.007653061224489795,40.0,0.40816326530612246,,,0.8296966552734375,False,0.47979098558425903,0.47621768712997437,0.6796353459358215,0.6771003603935242,0.7755102040816326,0.7755102040816326,,,20.0,76.0,22.0,0.7755102040816326,0.44897959183673475,0.3696659712531278,0.0043621305376291275,,,
cleveland,switzerland,7,reliability_gated_sfda,3,98,25,0.011479591836734693,40.0,0.40816326530612246,,,0.8214815855026245,False,0.4990975856781006,0.49583807587623596,0.6699739694595337,0.668346107006073,0.7755102040816326,0.7755102040816326,,,20.0,76.0,22.0,0.7755102040816326,0.44897959183673475,0.3645944667018885,0.0037341532297432423,,,
cleveland,switzerland,7,reliability_gated_sfda,4,99,24,0.01388888888888889,40.0,0.40404040404040403,,,0.8376771807670593,False,0.47840219736099243,0.47500842809677124,0.673956573009491,0.6713903546333313,0.7575757575757576,0.7575757575757576,,,20.0,75.0,24.0,0.7575757575757576,0.48484848484848486,0.40050558811084996,0.004348686896264553,,,
cleveland,switzerland,7,reliability_gated_sfda,5,99,24,0.0101010101010101,40.0,0.40404040404040403,,,0.840844452381134,False,0.4667603373527527,0.46265414357185364,0.6841272711753845,0.6822566986083984,0.7676767676767676,0.7676767676767676,,,20.0,76.0,23.0,0.7676767676767676,0.46464646464646475,0.3867489839132898,0.004266834817826748,,,
cleveland,switzerland,7,conservative_candidate,1,98,25,0.012755102040816325,40.0,,,,0.836016833782196,False,0.4666648805141449,0.46711769700050354,,,0.7857142857142857,0.7959183673469388,,,20.0,,,0.7857142857142857,0.4285714285714286,0.35372286589691315,,full,0.9872448979591837,0.0022184199187904596
cleveland,switzerland,7,conservative_candidate,2,98,25,0.007653061224489795,40.0,,,,0.8296966552734375,False,0.47979098558425903,0.4809844493865967,,,0.7755102040816326,0.7755102040816326,,,20.0,,,0.7755102040816326,0.44897959183673475,0.3696659712531278,,full,0.9923469387755102,0.0019468372920528054
cleveland,switzerland,7,conservative_candidate,3,98,25,0.011479591836734693,40.0,,,,0.8214815855026245,False,0.4990975856781006,0.5003834962844849,,,0.7755102040816326,0.7857142857142857,,,20.0,,,0.7755102040816326,0.44897959183673475,0.3645944667018885,,full,0.9885204081632653,0.002885271329432726
cleveland,switzerland,7,conservative_candidate,4,99,24,0.01388888888888889,40.0,,,,0.8376771807670593,False,0.47840219736099243,0.4791496992111206,,,0.7575757575757576,0.7575757575757576,,,20.0,,,0.7575757575757576,0.48484848484848486,0.40050558811084996,,full,0.9861111111111112,0.0017592202639207244
cleveland,switzerland,7,conservative_candidate,5,99,24,0.0101010101010101,40.0,,,,0.840844452381134,False,0.4667603373527527,0.4672356843948364,,,0.7676767676767676,0.7777777777777778,,,20.0,,,0.7676767676767676,0.46464646464646475,0.3867489839132898,,full,0.98989898989899,0.0024200102780014277
cleveland,va_long_beach,7,pseudo_label_sfda,1,160,40,0.13984375,42.0,0.2625,36.0,6.0,0.9312086701393127,False,,,,,,,,,,,,,,,,,,
cleveland,va_long_beach,7,pseudo_label_sfda,2,160,40,0.13828125000000002,37.0,0.23125,33.0,4.0,0.9318910837173462,False,,,,,,,,,,,,,,,,,,
cleveland,va_long_beach,7,pseudo_label_sfda,3,160,40,0.12578125,43.0,0.26875,38.0,5.0,0.9335399270057678,False,,,,,,,,,,,,,,,,,,
cleveland,va_long_beach,7,pseudo_label_sfda,4,160,40,0.1328125,40.0,0.25,36.0,4.0,0.9358246922492981,False,,,,,,,,,,,,,,,,,,
cleveland,va_long_beach,7,pseudo_label_sfda,5,160,40,0.14765625,42.0,0.2625,37.0,5.0,0.9327534437179565,False,,,,,,,,,,,,,,,,,,
cleveland,va_long_beach,7,entropy_sfda,1,160,40,0.13984375,,,,,,,0.4523831307888031,0.4015839099884033,0.6698766946792603,0.6923233866691589,0.75625,0.7625,0.804141640663147,0.8358335494995117,,,,,,,,,,
cleveland,va_long_beach,7,entropy_sfda,2,160,40,0.13828125000000002,,,,,,,0.45959940552711487,0.407015860080719,0.6937333345413208,0.7244423627853394,0.79375,0.8,0.8003982305526733,0.8346705436706543,,,,,,,,,,
cleveland,va_long_beach,7,entropy_sfda,3,160,40,0.12578125,,,,,,,0.4603389799594879,0.41055622696876526,0.6933726072311401,0.7258502840995789,0.7875,0.8,0.796615481376648,0.8287487030029297,,,,,,,,,,
cleveland,va_long_beach,7,entropy_sfda,4,160,40,0.1328125,,,,,,,0.45288199186325073,0.4021631181240082,0.6918180584907532,0.719135582447052,0.7875,0.79375,0.802605926990509,0.834936797618866,,,,,,,,,,
cleveland,va_long_beach,7,entropy_sfda,5,160,40,0.14765625,,,,,,,0.4586213529109955,0.4095532298088074,0.6663309335708618,0.687822699546814,0.75,0.75625,0.7979414463043213,0.8294496536254883,,,,,,,,,,
cleveland,va_long_beach,7,reliability_gated_sfda,1,160,40,0.13984375,64.0,0.4,,,0.8747574090957642,False,0.4523831307888031,0.4480264186859131,0.6698766946792603,0.6673024296760559,0.75625,0.75625,,,32.0,121.0,39.0,0.75625,0.48750000000000004,0.3668086756754201,0.004348538815975189,,,
cleveland,va_long_beach,7,reliability_gated_sfda,2,160,40,0.13828125000000002,64.0,0.4,,,0.8504172563552856,False,0.45959940552711487,0.4559903144836426,0.6937333345413208,0.6920434236526489,0.79375,0.79375,,,32.0,127.0,33.0,0.79375,0.4125000000000001,0.3022884542390239,0.0035171527415513992,,,
cleveland,va_long_beach,7,reliability_gated_sfda,3,160,40,0.12578125,64.0,0.4,,,0.8480186462402344,False,0.4603389799594879,0.4566580653190613,0.6933726072311401,0.6916685700416565,0.7875,0.7875,,,32.0,126.0,34.0,0.7875,0.42500000000000004,0.31507536537945274,0.0035730942618101835,,,
cleveland,va_long_beach,7,reliability_gated_sfda,4,160,40,0.1328125,64.0,0.4,,,0.8576486706733704,False,0.45288199186325073,0.4489692747592926,0.6918180584907532,0.6898385882377625,0.7875,0.7875,,,32.0,126.0,34.0,0.7875,0.42500000000000004,0.31609043780481444,0.003814892377704382,,,
cleveland,va_long_beach,7,reliability_gated_sfda,5,160,40,0.14765625,64.0,0.4,,,0.8731358051300049,False,0.4586213529109955,0.4542103707790375,0.6663309335708618,0.6637704968452454,0.75,0.75,,,32.0,120.0,40.0,0.75,0.5,0.3721059232018888,0.0043878136202692986,,,
cleveland,va_long_beach,7,conservative_candidate,1,160,40,0.13984375,64.0,,,,0.8747574090957642,False,0.4523831307888031,0.45356807112693787,,,0.75625,0.75625,,,32.0,,,0.75625,0.48750000000000004,0.3668086756754201,,full,0.86015625,0.0017012942116707563
cleveland,va_long_beach,7,conservative_candidate,2,160,40,0.13828125000000002,64.0,,,,0.8504172563552856,False,0.45959940552711487,0.46025586128234863,,,0.79375,0.79375,,,32.0,,,0.79375,0.4125000000000001,0.3022884542390239,,full,0.86171875,0.002010356169193983
cleveland,va_long_beach,7,conservative_candidate,3,160,40,0.12578125,64.0,,,,0.8480186462402344,False,0.4603389799594879,0.46017780900001526,,,0.7875,0.7875,,,32.0,,,0.7875,0.42500000000000004,0.31507536537945274,,full,0.87421875,0.002577798906713724
cleveland,va_long_beach,7,conservative_candidate,4,160,40,0.1328125,64.0,,,,0.8576486706733704,False,0.45288199186325073,0.453278124332428,,,0.7875,0.7875,,,32.0,,,0.7875,0.42500000000000004,0.31609043780481444,,full,0.8671875,0.001991399796679616
cleveland,va_long_beach,7,conservative_candidate,5,160,40,0.14765625,64.0,,,,0.8731358051300049,False,0.4586213529109955,0.45887666940689087,,,0.75,0.75,,,32.0,,,0.75,0.5,0.3721059232018888,,full,0.85234375,0.0015823919093236327
cleveland,hungary,8,pseudo_label_sfda,1,235,59,0.0005319148936170213,105.0,0.44680851063829785,36.0,69.0,0.9464987516403198,False,,,,,,,,,,,,,,,,,,
cleveland,hungary,8,pseudo_label_sfda,2,235,59,0.002127659574468085,110.0,0.46808510638297873,39.0,71.0,0.9493836760520935,False,,,,,,,,,,,,,,,,,,
cleveland,hungary,8,pseudo_label_sfda,3,235,59,0.002127659574468085,112.0,0.4765957446808511,36.0,76.0,0.950515627861023,False,,,,,,,,,,,,,,,,,,
cleveland,hungary,8,pseudo_label_sfda,4,235,59,0.001595744680851064,107.0,0.4553191489361702,41.0,66.0,0.9494229555130005,False,,,,,,,,,,,,,,,,,,
cleveland,hungary,8,pseudo_label_sfda,5,236,58,0.00211864406779661,106.0,0.4491525423728814,40.0,66.0,0.9513086080551147,False,,,,,,,,,,,,,,,,,,
cleveland,hungary,8,entropy_sfda,1,235,59,0.0005319148936170213,,,,,,,0.3818093538284302,0.29701805114746094,0.4154474139213562,0.3671766519546509,0.3872340425531915,0.3446808510638298,0.8360864520072937,0.880918562412262,,,,,,,,,,
cleveland,hungary,8,entropy_sfda,2,235,59,0.002127659574468085,,,,,,,0.3676345646381378,0.2878609597682953,0.4348565340042114,0.40237632393836975,0.4127659574468085,0.39148936170212767,0.8449664115905762,0.8857865929603577,,,,,,,,,,
cleveland,hungary,8,entropy_sfda,3,235,59,0.002127659574468085,,,,,,,0.36879825592041016,0.29011550545692444,0.4113084077835083,0.36946189403533936,0.4,0.3617021276595745,0.8413888216018677,0.8807227611541748,,,,,,,,,,
cleveland,hungary,8,entropy_sfda,4,235,59,0.001595744680851064,,,,,,,0.37496110796928406,0.29041367769241333,0.4259633719921112,0.3803911507129669,0.4,0.3617021276595745,0.838947057723999,0.8839813470840454,,,,,,,,,,
cleveland,hungary,8,entropy_sfda,5,236,58,0.00211864406779661,,,,,,,0.37526842951774597,0.2981097102165222,0.4428960382938385,0.40441185235977173,0.423728813559322,0.3898305084745763,0.836897611618042,0.8786097168922424,,,,,,,,,,
cleveland,hungary,8,reliability_gated_sfda,1,235,59,0.0005319148936170213,94.0,0.4,,,0.945462167263031,False,0.3818093538284302,0.37414368987083435,0.4154474139213562,0.41366082429885864,0.3872340425531915,0.37872340425531914,,,47.0,91.0,144.0,0.3872340425531915,0.774468085106383,0.7318407900323151,0.004268702119588852,,,
cleveland,hungary,8,reliability_gated_sfda,2,235,59,0.002127659574468085,94.0,0.4,,,0.9512748122215271,False,0.3676345646381378,0.359548419713974,0.4348565340042114,0.43300098180770874,0.4127659574468085,0.4127659574468085,,,47.0,97.0,138.0,0.4127659574468085,0.825531914893617,0.7836368498396367,0.004550283309072256,,,
cleveland,hungary,8,reliability_gated_sfda,3,235,59,0.002127659574468085,94.0,0.4,,,0.9496738314628601,False,0.36879825592041016,0.36128631234169006,0.4113084077835083,0.41008514165878296,0.4,0.39148936170212767,,,47.0,94.0,141.0,0.4,0.8,0.7581225990741811,0.003991625737398863,,,
cleveland,hungary,8,reliability_gated_sfda,4,235,59,0.001595744680851064,94.0,0.4,,,0.9514943361282349,False,0.37496110796928406,0.3667401969432831,0.4259633719921112,0.42333224415779114,0.4,0.39148936170212767,,,47.0,94.0,141.0,0.4,0.8,0.7599807952819987,0.004882734268903732,,,
cleveland,hungary,8,reliability_gated_sfda,5,236,58,0.00211864406779661,94.0,0.3983050847457627,,,0.9523360729217529,False,0.37526842951774597,0.36760175228118896,0.4428960382938385,0.4408376216888428,0.423728813559322,0.4152542372881356,,,47.0,100.0,136.0,0.423728813559322,0.847457627118644,0.8053545862290751,0.004475555848330259,,,
cleveland,hungary,8,conservative_candidate,1,235,59,0.0005319148936170213,94.0,,,,0.945462167263031,False,0.3818093538284302,0.38055419921875,,,0.3872340425531915,0.37872340425531914,,,47.0,,,0.3872340425531915,0.774468085106383,0.7318407900323151,,full,0.999468085106383,0.0016632701735943556
cleveland,hungary,8,conservative_candidate,2,235,59,0.002127659574468085,94.0,,,,0.9512748122215271,False,0.3676345646381378,0.3654519021511078,,,0.4127659574468085,0.4127659574468085,,,47.0,,,0.4127659574468085,0.825531914893617,0.7836368498396367,,full,0.997872340425532,0.00215708464384079
cleveland,hungary,8,conservative_candidate,3,235,59,0.002127659574468085,94.0,,,,0.9496738314628601,False,0.36879825592041016,0.3677516579627991,,,0.4,0.39574468085106385,,,47.0,,,0.4,0.8,0.7581225990741811,,full,0.997872340425532,0.0012660373467952013
cleveland,hungary,8,conservative_candidate,4,235,59,0.001595744680851064,94.0,,,,0.9514943361282349,False,0.37496110796928406,0.37316563725471497,,,0.4,0.39148936170212767,,,47.0,,,0.4,0.8,0.7599807952819987,,full,0.9984042553191489,0.002088545821607113
cleveland,hungary,8,conservative_candidate,5,236,58,0.00211864406779661,94.0,,,,0.9523360729217529,False,0.37526842951774597,0.3738924562931061,,,0.423728813559322,0.4152542372881356,,,47.0,,,0.423728813559322,0.847457627118644,0.8053545862290751,,full,0.9978813559322034,0.0018263169331476092
cleveland,switzerland,8,pseudo_label_sfda,1,98,25,0.012755102040816325,37.0,0.37755102040816324,34.0,3.0,0.9312074780464172,False,,,,,,,,,,,,,,,,,,
cleveland,switzerland,8,pseudo_label_sfda,2,98,25,0.007653061224489795,33.0,0.336734693877551,31.0,2.0,0.9299308061599731,False,,,,,,,,,,,,,,,,,,
cleveland,switzerland,8,pseudo_label_sfda,3,98,25,0.011479591836734693,30.0,0.30612244897959184,28.0,2.0,0.9251165986061096,False,,,,,,,,,,,,,,,,,,
cleveland,switzerland,8,pseudo_label_sfda,4,99,24,0.01388888888888889,33.0,0.3333333333333333,30.0,3.0,0.9352630376815796,False,,,,,,,,,,,,,,,,,,
cleveland,switzerland,8,pseudo_label_sfda,5,99,24,0.0101010101010101,35.0,0.35353535353535354,33.0,2.0,0.9319701194763184,False,,,,,,,,,,,,,,,,,,
cleveland,switzerland,8,entropy_sfda,1,98,25,0.012755102040816325,,,,,,,0.4154767096042633,0.37837329506874084,0.7248634696006775,0.7515579462051392,0.7857142857142857,0.8163265306122449,0.8233913779258728,0.8445830345153809,,,,,,,,,,
cleveland,switzerland,8,entropy_sfda,2,98,25,0.007653061224489795,,,,,,,0.42956799268722534,0.3934881389141083,0.717212438583374,0.7363124489784241,0.7653061224489796,0.7857142857142857,0.8132566213607788,0.8348392844200134,,,,,,,,,,
cleveland,switzerland,8,entropy_sfda,3,98,25,0.011479591836734693,,,,,,,0.45139122009277344,0.4160583019256592,0.7075768113136292,0.7333592176437378,0.7755102040816326,0.826530612244898,0.7981930375099182,0.820441722869873,,,,,,,,,,
cleveland,switzerland,8,entropy_sfda,4,99,24,0.01388888888888889,,,,,,,0.43303248286247253,0.39654409885406494,0.7074406147003174,0.7309696674346924,0.7676767676767676,0.797979797979798,0.8087688684463501,0.831445038318634,,,,,,,,,,
cleveland,switzerland,8,entropy_sfda,5,99,24,0.0101010101010101,,,,,,,0.4188251793384552,0.3804630637168884,0.7167292833328247,0.7391281127929688,0.7676767676767676,0.797979797979798,0.8204864263534546,0.8424158692359924,,,,,,,,,,
cleveland,switzerland,8,reliability_gated_sfda,1,98,25,0.012755102040816325,40.0,0.40816326530612246,,,0.8428451418876648,False,0.4154767096042633,0.41154932975769043,0.7248634696006775,0.7243072390556335,0.7857142857142857,0.7857142857142857,,,20.0,77.0,21.0,0.7857142857142857,0.4285714285714286,0.35661195689926345,0.003153257304802537,,,
cleveland,switzerland,8,reliability_gated_sfda,2,98,25,0.007653061224489795,40.0,0.40816326530612246,,,0.8370277285575867,False,0.42956799268722534,0.4252707064151764,0.717212438583374,0.7152016162872314,0.7653061224489796,0.7653061224489796,,,20.0,75.0,23.0,0.7653061224489796,0.4693877551020409,0.38988375090611876,0.004393355455249548,,,
cleveland,switzerland,8,reliability_gated_sfda,3,98,25,0.011479591836734693,40.0,0.40816326530612246,,,0.8270405530929565,False,0.45139122009277344,0.44759422540664673,0.7075768113136292,0.705962598323822,0.7755102040816326,0.7755102040816326,,,20.0,76.0,22.0,0.7755102040816326,0.44897959183673475,0.36706167821311203,0.0038565092254430056,,,
cleveland,switzerland,8,reliability_gated_sfda,4,99,24,0.01388888888888889,40.0,0.40404040404040403,,,0.847562313079834,False,0.43303248286247253,0.43013644218444824,0.7074406147003174,0.7035506367683411,0.7676767676767676,0.7676767676767676,,,20.0,76.0,23.0,0.7676767676767676,0.46464646464646475,0.3883471541131788,0.00486366543918848,,,
cleveland,switzerland,8,reliability_gated_sfda,5,99,24,0.0101010101010101,40.0,0.40404040404040403,,,0.8494973182678223,False,0.4188251793384552,0.4143497049808502,0.7167292833328247,0.7157200574874878,0.7676767676767676,0.7676767676767676,,,20.0,76.0,23.0,0.7676767676767676,0.46464646464646475,0.39072889610767714,0.0035492952447384596,,,
cleveland,switzerland,8,conservative_candidate,1,98,25,0.012755102040816325,40.0,,,,0.8428451418876648,False,0.4154767096042633,0.414014607667923,,,0.7857142857142857,0.7857142857142857,,,20.0,,,0.7857142857142857,0.4285714285714286,0.35661195689926345,,full,0.9872448979591837,0.003009020583704114
cleveland,switzerland,8,conservative_candidate,2,98,25,0.007653061224489795,40.0,,,,0.8370277285575867,False,0.42956799268722534,0.42799112200737,,,0.7653061224489796,0.7755102040816326,,,20.0,,,0.7653061224489796,0.4693877551020409,0.38988375090611876,,full,0.9923469387755102,0.0031977100297808647
cleveland,switzerland,8,conservative_candidate,3,98,25,0.011479591836734693,40.0,,,,0.8270405530929565,False,0.45139122009277344,0.45084142684936523,,,0.7755102040816326,0.7857142857142857,,,20.0,,,0.7755102040816326,0.44897959183673475,0.36706167821311203,,full,0.9885204081632653,0.002794456435367465
cleveland,switzerland,8,conservative_candidate,4,99,24,0.01388888888888889,40.0,,,,0.847562313079834,False,0.43303248286247253,0.4333474040031433,,,0.7676767676767676,0.7777777777777778,,,20.0,,,0.7676767676767676,0.46464646464646475,0.3883471541131788,,full,0.9861111111111112,0.0016810180386528373
cleveland,switzerland,8,conservative_candidate,5,99,24,0.0101010101010101,40.0,,,,0.8494973182678223,False,0.4188251793384552,0.4178631603717804,,,0.7676767676767676,0.797979797979798,,,20.0,,,0.7676767676767676,0.46464646464646475,0.39072889610767714,,full,0.98989898989899,0.003789238864555955
cleveland,va_long_beach,8,pseudo_label_sfda,1,160,40,0.13984375,61.0,0.38125,57.0,4.0,0.9365173578262329,False,,,,,,,,,,,,,,,,,,
cleveland,va_long_beach,8,pseudo_label_sfda,2,160,40,0.13828125000000002,59.0,0.36875,56.0,3.0,0.935603678226471,False,,,,,,,,,,,,,,,,,,
cleveland,va_long_beach,8,pseudo_label_sfda,3,160,40,0.12578125,61.0,0.38125,57.0,4.0,0.9373195767402649,False,,,,,,,,,,,,,,,,,,
cleveland,va_long_beach,8,pseudo_label_sfda,4,160,40,0.1328125,60.0,0.375,58.0,2.0,0.9379803538322449,False,,,,,,,,,,,,,,,,,,
cleveland,va_long_beach,8,pseudo_label_sfda,5,160,40,0.14765625,59.0,0.36875,56.0,3.0,0.9379507303237915,False,,,,,,,,,,,,,,,,,,
cleveland,va_long_beach,8,entropy_sfda,1,160,40,0.13984375,,,,,,,0.4198037087917328,0.36898934841156006,0.7006152272224426,0.7220024466514587,0.7625,0.7625,0.8255430459976196,0.8554414510726929,,,,,,,,,,
cleveland,va_long_beach,8,entropy_sfda,2,160,40,0.13828125000000002,,,,,,,0.4253588616847992,0.3724301755428314,0.7229613065719604,0.7529921531677246,0.79375,0.8,0.8232051730155945,0.854072093963623,,,,,,,,,,
cleveland,va_long_beach,8,entropy_sfda,3,160,40,0.12578125,,,,,,,0.4237552583217621,0.37357988953590393,0.7232245206832886,0.752530574798584,0.79375,0.8,0.8209060430526733,0.8501325845718384,,,,,,,,,,
cleveland,va_long_beach,8,entropy_sfda,4,160,40,0.1328125,,,,,,,0.42041102051734924,0.3693884015083313,0.7222460508346558,0.750525176525116,0.79375,0.8,0.8233819007873535,0.8533713221549988,,,,,,,,,,
cleveland,va_long_beach,8,entropy_sfda,5,160,40,0.14765625,,,,,,,0.42777347564697266,0.3784348964691162,0.6966094970703125,0.7183612585067749,0.75625,0.75625,0.8189020156860352,0.848651111125946,,,,,,,,,,
cleveland,va_long_beach,8,reliability_gated_sfda,1,160,40,0.13984375,64.0,0.4,,,0.8716052770614624,False,0.4198037087917328,0.4148639738559723,0.7006152272224426,0.6986441016197205,0.7625,0.75,,,32.0,122.0,38.0,0.7625,0.4750000000000001,0.3561154451337643,0.004137344658374786,,,
cleveland,va_long_beach,8,reliability_gated_sfda,2,160,40,0.13828125000000002,64.0,0.4,,,0.8514336943626404,False,0.4253588616847992,0.42062824964523315,0.7229613065719604,0.7224429845809937,0.79375,0.79375,,,32.0,127.0,33.0,0.79375,0.4125000000000001,0.3026497562607984,0.0033848814200609922,,,
cleveland,va_long_beach,8,reliability_gated_sfda,3,160,40,0.12578125,64.0,0.4,,,0.8495239019393921,False,0.4237552583217621,0.41951704025268555,0.7232245206832886,0.7223283648490906,0.79375,0.78125,,,32.0,127.0,33.0,0.79375,0.4125000000000001,0.3063512610050385,0.003298536641523242,,,
cleveland,va_long_beach,8,reliability_gated_sfda,4,160,40,0.1328125,64.0,0.4,,,0.8542348146438599,False,0.42041102051734924,0.41624680161476135,0.7222460508346558,0.7205407619476318,0.79375,0.78125,,,32.0,127.0,33.0,0.79375,0.4125000000000001,0.3055724732461386,0.0036551952362060547,,,
cleveland,va_long_beach,8,reliability_gated_sfda,5,160,40,0.14765625,64.0,0.4,,,0.8686352968215942,False,0.42777347564697266,0.4235171675682068,0.6966094970703125,0.6939078569412231,0.75625,0.74375,,,32.0,121.0,39.0,0.75625,0.48750000000000004,0.36093323480919937,0.004199853632599115,,,
cleveland,va_long_beach,8,conservative_candidate,1,160,40,0.13984375,64.0,,,,0.8716052770614624,False,0.4198037087917328,0.41856202483177185,,,0.7625,0.7625,,,32.0,,,0.7625,0.4750000000000001,0.3561154451337643,,full,0.86015625,0.003967154771089554
cleveland,va_long_beach,8,conservative_candidate,2,160,40,0.13828125000000002,64.0,,,,0.8514336943626404,False,0.4253588616847992,0.4232564866542816,,,0.79375,0.79375,,,32.0,,,0.79375,0.4125000000000001,0.3026497562607984,,full,0.86171875,0.004645239561796188
cleveland,va_long_beach,8,conservative_candidate,3,160,40,0.12578125,64.0,,,,0.8495239019393921,False,0.4237552583217621,0.42190465331077576,,,0.79375,0.79375,,,32.0,,,0.79375,0.4125000000000001,0.3063512610050385,,full,0.87421875,0.00442670751363039
cleveland,va_long_beach,8,conservative_candidate,4,160,40,0.1328125,64.0,,,,0.8542348146438599,False,0.42041102051734924,0.4194585680961609,,,0.79375,0.79375,,,32.0,,,0.79375,0.4125000000000001,0.3055724732461386,,full,0.8671875,0.0033966735936701298
cleveland,va_long_beach,8,conservative_candidate,5,160,40,0.14765625,64.0,,,,0.8686352968215942,False,0.42777347564697266,0.4273458421230316,,,0.75625,0.75625,,,32.0,,,0.75625,0.48750000000000004,0.36093323480919937,,full,0.85234375,0.00275611924007535
cleveland,hungary,9,pseudo_label_sfda,1,235,59,0.0005319148936170213,104.0,0.4425531914893617,36.0,68.0,0.9447886347770691,False,,,,,,,,,,,,,,,,,,
cleveland,hungary,9,pseudo_label_sfda,2,235,59,0.002127659574468085,108.0,0.4595744680851064,38.0,70.0,0.9485401511192322,False,,,,,,,,,,,,,,,,,,
cleveland,hungary,9,pseudo_label_sfda,3,235,59,0.002127659574468085,110.0,0.46808510638297873,34.0,76.0,0.9484800100326538,False,,,,,,,,,,,,,,,,,,
cleveland,hungary,9,pseudo_label_sfda,4,235,59,0.001595744680851064,107.0,0.4553191489361702,40.0,67.0,0.9482207894325256,False,,,,,,,,,,,,,,,,,,
cleveland,hungary,9,pseudo_label_sfda,5,236,58,0.00211864406779661,111.0,0.4703389830508475,40.0,71.0,0.9481714367866516,False,,,,,,,,,,,,,,,,,,
cleveland,hungary,9,entropy_sfda,1,235,59,0.0005319148936170213,,,,,,,0.38452330231666565,0.2915452718734741,0.39987844228744507,0.34345105290412903,0.37872340425531914,0.3191489361702128,0.836929202079773,0.8855193853378296,,,,,,,,,,
cleveland,hungary,9,entropy_sfda,2,235,59,0.002127659574468085,,,,,,,0.37233245372772217,0.28714197874069214,0.4207306206226349,0.3791293501853943,0.4127659574468085,0.3574468085106383,0.8429298996925354,0.8861700296401978,,,,,,,,,,
cleveland,hungary,9,entropy_sfda,3,235,59,0.002127659574468085,,,,,,,0.3739463686943054,0.2875975966453552,0.3974473476409912,0.34611621499061584,0.39574468085106385,0.32340425531914896,0.8400929570198059,0.8825967907905579,,,,,,,,,,
cleveland,hungary,9,entropy_sfda,4,235,59,0.001595744680851064,,,,,,,0.37887340784072876,0.2878465950489044,0.4095934331417084,0.3567490875720978,0.4,0.33191489361702126,0.8379032611846924,0.8840813040733337,,,,,,,,,,
cleveland,hungary,9,entropy_sfda,5,236,58,0.00211864406779661,,,,,,,0.3781968653202057,0.2951761782169342,0.4259028732776642,0.3788721561431885,0.4194915254237288,0.3516949152542373,0.8358050584793091,0.8802860975265503,,,,,,,,,,
cleveland,hungary,9,reliability_gated_sfda,1,235,59,0.0005319148936170213,94.0,0.4,,,0.9429916739463806,False,0.38452330231666565,0.37575563788414,0.39987844228744507,0.39677247405052185,0.37872340425531914,0.37446808510638296,,,47.0,89.0,146.0,0.37872340425531914,0.7574468085106383,0.7138861051413634,0.00519592547789216,,,
cleveland,hungary,9,reliability_gated_sfda,2,235,59,0.002127659574468085,94.0,0.4,,,0.9492844343185425,False,0.37233245372772217,0.3640347123146057,0.4207306206226349,0.41899725794792175,0.4127659574468085,0.4085106382978723,,,47.0,97.0,138.0,0.4127659574468085,0.825531914893617,0.7819972253590485,0.00456527853384614,,,
cleveland,hungary,9,reliability_gated_sfda,3,235,59,0.002127659574468085,94.0,0.4,,,0.9464328289031982,False,0.3739463686943054,0.3659365475177765,0.3974473476409912,0.39567509293556213,0.39574468085106385,0.39574468085106385,,,47.0,93.0,142.0,0.39574468085106385,0.7914893617021277,0.7474977039071218,0.004378065001219511,,,
cleveland,hungary,9,reliability_gated_sfda,4,235,59,0.001595744680851064,94.0,0.4,,,0.9491355419158936,False,0.37887340784072876,0.37072956562042236,0.4095934331417084,0.4074085056781769,0.4,0.39574468085106385,,,47.0,94.0,141.0,0.4,0.8,0.7580967711387797,0.004620701540261507,,,
cleveland,hungary,9,reliability_gated_sfda,5,236,58,0.00211864406779661,94.0,0.3983050847457627,,,0.9503663778305054,False,0.3781968653202057,0.3701935410499573,0.4259028732776642,0.4239318072795868,0.4194915254237288,0.4152542372881356,,,47.0,99.0,137.0,0.4194915254237288,0.8389830508474576,0.7956520007156462,0.004531622864305973,,,
cleveland,hungary,9,conservative_candidate,1,235,59,0.0005319148936170213,94.0,,,,0.9429916739463806,False,0.38452330231666565,0.3811385929584503,,,0.37872340425531914,0.37446808510638296,,,47.0,,,0.37872340425531914,0.7574468085106383,0.7138861051413634,,full,0.999468085106383,0.004862956702709198
cleveland,hungary,9,conservative_candidate,2,235,59,0.002127659574468085,94.0,,,,0.9492844343185425,False,0.37233245372772217,0.3694242537021637,,,0.4127659574468085,0.4085106382978723,,,47.0,,,0.4127659574468085,0.825531914893617,0.7819972253590485,,full,0.997872340425532,0.002928271656855941
cleveland,hungary,9,conservative_candidate,3,235,59,0.002127659574468085,94.0,,,,0.9464328289031982,False,0.3739463686943054,0.37122389674186707,,,0.39574468085106385,0.39574468085106385,,,47.0,,,0.39574468085106385,0.7914893617021277,0.7474977039071218,,full,0.997872340425532,0.0032210396602749825
cleveland,hungary,9,conservative_candidate,4,235,59,0.001595744680851064,94.0,,,,0.9491355419158936,False,0.37887340784072876,0.37672340869903564,,,0.4,0.39574468085106385,,,47.0,,,0.4,0.8,0.7580967711387797,,full,0.9984042553191489,0.002278195461258292
cleveland,hungary,9,conservative_candidate,5,236,58,0.00211864406779661,94.0,,,,0.9503663778305054,False,0.3781968653202057,0.3761526346206665,,,0.4194915254237288,0.4152542372881356,,,47.0,,,0.4194915254237288,0.8389830508474576,0.7956520007156462,,full,0.9978813559322034,0.002472660271450877
cleveland,switzerland,9,pseudo_label_sfda,1,98,25,0.012755102040816325,30.0,0.30612244897959184,26.0,4.0,0.9313912987709045,False,,,,,,,,,,,,,,,,,,
cleveland,switzerland,9,pseudo_label_sfda,2,98,25,0.007653061224489795,23.0,0.23469387755102042,21.0,2.0,0.9315111637115479,False,,,,,,,,,,,,,,,,,,
cleveland,switzerland,9,pseudo_label_sfda,3,98,25,0.011479591836734693,21.0,0.21428571428571427,18.0,3.0,0.9275591969490051,False,,,,,,,,,,,,,,,,,,
cleveland,switzerland,9,pseudo_label_sfda,4,99,24,0.01388888888888889,27.0,0.2727272727272727,23.0,4.0,0.9320567846298218,False,,,,,,,,,,,,,,,,,,
cleveland,switzerland,9,pseudo_label_sfda,5,99,24,0.0101010101010101,27.0,0.2727272727272727,24.0,3.0,0.9318627119064331,False,,,,,,,,,,,,,,,,,,
cleveland,switzerland,9,entropy_sfda,1,98,25,0.012755102040816325,,,,,,,0.44481974840164185,0.40477636456489563,0.7014561891555786,0.7354807257652283,0.7448979591836735,0.826530612244898,0.800661027431488,0.8240258097648621,,,,,,,,,,
cleveland,switzerland,9,entropy_sfda,2,98,25,0.007653061224489795,,,,,,,0.4573376178741455,0.420531690120697,0.6922220587730408,0.7194152474403381,0.7346938775510204,0.7653061224489796,0.7936707139015198,0.8144387006759644,,,,,,,,,,
cleveland,switzerland,9,entropy_sfda,3,98,25,0.011479591836734693,,,,,,,0.4743478298187256,0.43606036901474,0.6798703670501709,0.7184291481971741,0.7346938775510204,0.8061224489795918,0.7801096439361572,0.8043180704116821,,,,,,,,,,
cleveland,switzerland,9,entropy_sfda,4,99,24,0.01388888888888889,,,,,,,0.45661216974258423,0.4167841076850891,0.685646116733551,0.7234482169151306,0.7373737373737373,0.7878787878787878,0.7928626537322998,0.8159436583518982,,,,,,,,,,
cleveland,switzerland,9,entropy_sfda,5,99,24,0.0101010101010101,,,,,,,0.44502389430999756,0.4041019380092621,0.6946921944618225,0.7282627820968628,0.7474747474747475,0.797979797979798,0.8022400140762329,0.8255252242088318,,,,,,,,,,
cleveland,switzerland,9,reliability_gated_sfda,1,98,25,0.012755102040816325,40.0,0.40816326530612246,,,0.838168740272522,False,0.44481974840164185,0.4397529661655426,0.7014561891555786,0.7020594477653503,0.7448979591836735,0.7346938775510204,,,20.0,73.0,25.0,0.7448979591836735,0.510204081632653,0.42218255737904253,0.003789458889514208,,,
cleveland,switzerland,9,reliability_gated_sfda,2,98,25,0.007653061224489795,40.0,0.40816326530612246,,,0.8349592089653015,False,0.4573376178741455,0.45291560888290405,0.6922220587730408,0.6893690228462219,0.7346938775510204,0.7244897959183674,,,20.0,72.0,26.0,0.7346938775510204,0.5306122448979591,0.43964897123464486,0.005306928884238005,,,
cleveland,switzerland,9,reliability_gated_sfda,3,98,25,0.011479591836734693,40.0,0.40816326530612246,,,0.83143550157547,False,0.4743478298187256,0.4710269868373871,0.6798703670501709,0.676444947719574,0.7346938775510204,0.7142857142857143,,,20.0,72.0,26.0,0.7346938775510204,0.5306122448979591,0.43610540807855364,0.0051516396924853325,,,
cleveland,switzerland,9,reliability_gated_sfda,4,99,24,0.01388888888888889,40.0,0.40404040404040403,,,0.843646228313446,False,0.45661216974258423,0.4530417025089264,0.685646116733551,0.682309627532959,0.7373737373737373,0.7171717171717171,,,20.0,73.0,26.0,0.7373737373737373,0.5252525252525253,0.4369727658436087,0.005045853555202484,,,
cleveland,switzerland,9,reliability_gated_sfda,5,99,24,0.0101010101010101,40.0,0.40404040404040403,,,0.8471136093139648,False,0.44502389430999756,0.44101598858833313,0.6946921944618225,0.6920403242111206,0.7474747474747475,0.7272727272727273,,,20.0,74.0,25.0,0.7474747474747475,0.505050505050505,0.42351358898463703,0.004628726746886969,,,
cleveland,switzerland,9,conservative_candidate,1,98,25,0.012755102040816325,40.0,,,,0.838168740272522,False,0.44481974840164185,0.44200530648231506,,,0.7448979591836735,0.7755102040816326,,,20.0,,,0.7448979591836735,0.510204081632653,0.42218255737904253,,full,0.9872448979591837,0.005970591213554144
cleveland,switzerland,9,conservative_candidate,2,98,25,0.007653061224489795,40.0,,,,0.8349592089653015,False,0.4573376178741455,0.4554782807826996,,,0.7346938775510204,0.7448979591836735,,,20.0,,,0.7346938775510204,0.5306122448979591,0.43964897123464486,,full,0.9923469387755102,0.00404335418716073
cleveland,switzerland,9,conservative_candidate,3,98,25,0.011479591836734693,40.0,,,,0.83143550157547,False,0.4743478298187256,0.4735860526561737,,,0.7346938775510204,0.7448979591836735,,,20.0,,,0.7346938775510204,0.5306122448979591,0.43610540807855364,,full,0.9885204081632653,0.002493720967322588
cleveland,switzerland,9,conservative_candidate,4,99,24,0.01388888888888889,40.0,,,,0.843646228313446,False,0.45661216974258423,0.45577433705329895,,,0.7373737373737373,0.7373737373737373,,,20.0,,,0.7373737373737373,0.5252525252525253,0.4369727658436087,,full,0.9861111111111112,0.003499358193948865
cleveland,switzerland,9,conservative_candidate,5,99,24,0.0101010101010101,40.0,,,,0.8471136093139648,False,0.44502389430999756,0.44428637623786926,,,0.7474747474747475,0.7575757575757576,,,20.0,,,0.7474747474747475,0.505050505050505,0.42351358898463703,,full,0.98989898989899,0.0035340937320142984
cleveland,va_long_beach,9,pseudo_label_sfda,1,160,40,0.13984375,51.0,0.31875,49.0,2.0,0.9397689700126648,False,,,,,,,,,,,,,,,,,,
cleveland,va_long_beach,9,pseudo_label_sfda,2,160,40,0.13828125000000002,48.0,0.3,47.0,1.0,0.938934326171875,False,,,,,,,,,,,,,,,,,,
cleveland,va_long_beach,9,pseudo_label_sfda,3,160,40,0.12578125,50.0,0.3125,48.0,2.0,0.9421463012695312,False,,,,,,,,,,,,,,,,,,
cleveland,va_long_beach,9,pseudo_label_sfda,4,160,40,0.1328125,53.0,0.33125,52.0,1.0,0.940593957901001,False,,,,,,,,,,,,,,,,,,
cleveland,va_long_beach,9,pseudo_label_sfda,5,160,40,0.14765625,50.0,0.3125,48.0,2.0,0.9415874481201172,False,,,,,,,,,,,,,,,,,,
cleveland,va_long_beach,9,entropy_sfda,1,160,40,0.13984375,,,,,,,0.4319123327732086,0.3793790340423584,0.6883489489555359,0.7197498083114624,0.75625,0.75625,0.8177076578140259,0.8491848111152649,,,,,,,,,,
cleveland,va_long_beach,9,entropy_sfda,2,160,40,0.13828125000000002,,,,,,,0.43750134110450745,0.38114508986473083,0.7125510573387146,0.7528718709945679,0.79375,0.79375,0.8148294687271118,0.848979115486145,,,,,,,,,,
cleveland,va_long_beach,9,entropy_sfda,3,160,40,0.12578125,,,,,,,0.4340594410896301,0.3805832862854004,0.7095860242843628,0.7493353486061096,0.7875,0.7875,0.8148699998855591,0.8462146520614624,,,,,,,,,,
cleveland,va_long_beach,9,entropy_sfda,4,160,40,0.1328125,,,,,,,0.4299207627773285,0.37744051218032837,0.7083956599235535,0.7440087199211121,0.7875,0.7875,0.8174289464950562,0.849099338054657,,,,,,,,,,
cleveland,va_long_beach,9,entropy_sfda,5,160,40,0.14765625,,,,,,,0.4374874234199524,0.3872324824333191,0.6827716827392578,0.7113001942634583,0.75,0.75,0.8125028610229492,0.8437124490737915,,,,,,,,,,
cleveland,va_long_beach,9,reliability_gated_sfda,1,160,40,0.13984375,64.0,0.4,,,0.8746285438537598,False,0.4319123327732086,0.4280054569244385,0.6883489489555359,0.6848667860031128,0.75625,0.75625,,,32.0,121.0,39.0,0.75625,0.48750000000000004,0.36675463910680267,0.004832664038985968,,,
cleveland,va_long_beach,9,reliability_gated_sfda,2,160,40,0.13828125000000002,64.0,0.4,,,0.8512395024299622,False,0.43750134110450745,0.43398362398147583,0.7125510573387146,0.7106758952140808,0.79375,0.79375,,,32.0,127.0,33.0,0.79375,0.4125000000000001,0.30258072899363475,0.0035928948782384396,,,
cleveland,va_long_beach,9,reliability_gated_sfda,3,160,40,0.12578125,64.0,0.4,,,0.8557693958282471,False,0.4340594410896301,0.43153372406959534,0.7095860242843628,0.7061076164245605,0.7875,0.7875,,,32.0,126.0,34.0,0.7875,0.42500000000000004,0.31795510189142084,0.004358503967523575,,,
cleveland,va_long_beach,9,reliability_gated_sfda,4,160,40,0.1328125,64.0,0.4,,,0.8606231212615967,False,0.4299207627773285,0.4268907904624939,0.7083956599235535,0.7053365707397461,0.7875,0.7875,,,32.0,126.0,34.0,0.7875,0.42500000000000004,0.3171866855118424,0.00418496411293745,,,
cleveland,va_long_beach,9,reliability_gated_sfda,5,160,40,0.14765625,64.0,0.4,,,0.8728015422821045,False,0.4374874234199524,0.4338114857673645,0.6827716827392578,0.6788333058357239,0.75,0.75,,,32.0,120.0,40.0,0.75,0.5,0.37196346977725625,0.005027615465223789,,,
cleveland,va_long_beach,9,conservative_candidate,1,160,40,0.13984375,64.0,,,,0.8746285438537598,False,0.4319123327732086,0.43113914132118225,,,0.75625,0.75625,,,32.0,,,0.75625,0.48750000000000004,0.36675463910680267,,full,0.86015625,0.0029719907324761152
cleveland,va_long_beach,9,conservative_candidate,2,160,40,0.13828125000000002,64.0,,,,0.8512395024299622,False,0.43750134110450745,0.43600979447364807,,,0.79375,0.79375,,,32.0,,,0.79375,0.4125000000000001,0.30258072899363475,,full,0.86171875,0.0038093277253210545
cleveland,va_long_beach,9,conservative_candidate,3,160,40,0.12578125,64.0,,,,0.8557693958282471,False,0.4340594410896301,0.43319040536880493,,,0.7875,0.7875,,,32.0,,,0.7875,0.42500000000000004,0.31795510189142084,,full,0.87421875,0.0021341554820537567
cleveland,va_long_beach,9,conservative_candidate,4,160,40,0.1328125,64.0,,,,0.8606231212615967,False,0.4299207627773285,0.4292382299900055,,,0.7875,0.7875,,,32.0,,,0.7875,0.42500000000000004,0.3171866855118424,,full,0.8671875,0.0030871673952788115
cleveland,va_long_beach,9,conservative_candidate,5,160,40,0.14765625,64.0,,,,0.8728015422821045,False,0.4374874234199524,0.43696027994155884,,,0.75,0.75,,,32.0,,,0.75,0.5,0.37196346977725625,,full,0.85234375,0.0027328375726938248
hungary,cleveland,0,pseudo_label_sfda,1,242,61,0.0,92.0,0.38016528925619836,33.0,59.0,0.94283127784729,False,,,,,,,,,,,,,,,,,,
hungary,cleveland,0,pseudo_label_sfda,2,242,61,0.0,91.0,0.3760330578512397,38.0,53.0,0.9418410658836365,False,,,,,,,,,,,,,,,,,,
hungary,cleveland,0,pseudo_label_sfda,3,242,61,0.0,94.0,0.3884297520661157,38.0,56.0,0.9407206773757935,False,,,,,,,,,,,,,,,,,,
hungary,cleveland,0,pseudo_label_sfda,4,243,60,0.0,93.0,0.38271604938271603,39.0,54.0,0.9411269426345825,False,,,,,,,,,,,,,,,,,,
hungary,cleveland,0,pseudo_label_sfda,5,243,60,0.0,94.0,0.3868312757201646,40.0,54.0,0.9402668476104736,False,,,,,,,,,,,,,,,,,,
hungary,cleveland,0,entropy_sfda,1,242,61,0.0,,,,,,,0.40739667415618896,0.3243541419506073,0.4012221693992615,0.3698276877403259,0.34710743801652894,0.3305785123966942,0.8229736089706421,0.8671380877494812,,,,,,,,,,
hungary,cleveland,0,entropy_sfda,2,242,61,0.0,,,,,,,0.41509225964546204,0.33405327796936035,0.40408292412757874,0.3705443739891052,0.35537190082644626,0.33884297520661155,0.8167580962181091,0.8598570823669434,,,,,,,,,,
hungary,cleveland,0,entropy_sfda,3,242,61,0.0,,,,,,,0.4053388833999634,0.32257968187332153,0.41020315885543823,0.3846156597137451,0.3677685950413223,0.35537190082644626,0.8268320560455322,0.8694521188735962,,,,,,,,,,
hungary,cleveland,0,entropy_sfda,4,243,60,0.0,,,,,,,0.4109402298927307,0.32450780272483826,0.40528029203414917,0.3665093183517456,0.345679012345679,0.32510288065843623,0.820552408695221,0.8679517507553101,,,,,,,,,,
hungary,cleveland,0,entropy_sfda,5,243,60,0.0,,,,,,,0.41672807931900024,0.33376118540763855,0.4179893434047699,0.3853919804096222,0.3662551440329218,0.35390946502057613,0.8153679966926575,0.8605482578277588,,,,,,,,,,
hungary,cleveland,0,reliability_gated_sfda,1,242,61,0.0,96.0,0.39669421487603307,,,0.9343156814575195,False,0.40739667415618896,0.399772971868515,0.4012221693992615,0.4020480811595917,0.34710743801652894,0.34710743801652894,,,48.0,84.0,158.0,0.34710743801652894,0.6942148760330579,0.6486158449787739,0.005021333694458008,,,
hungary,cleveland,0,reliability_gated_sfda,2,242,61,0.0,96.0,0.39669421487603307,,,0.9347594380378723,False,0.41509225964546204,0.40754467248916626,0.40408292412757874,0.40446266531944275,0.35537190082644626,0.35537190082644626,,,48.0,86.0,156.0,0.35537190082644626,0.7107438016528925,0.6643744766219588,0.004950497765094042,,,
hungary,cleveland,0,reliability_gated_sfda,3,242,61,0.0,96.0,0.39669421487603307,,,0.9362978935241699,False,0.4053388833999634,0.3975287079811096,0.41020315885543823,0.41054806113243103,0.3677685950413223,0.3677685950413223,,,48.0,89.0,153.0,0.3677685950413223,0.7355371900826446,0.6886819216830671,0.0048331161960959435,,,
hungary,cleveland,0,reliability_gated_sfda,4,243,60,0.0,98.0,0.40329218106995884,,,0.935820996761322,False,0.4109402298927307,0.40325042605400085,0.40528029203414917,0.4050256609916687,0.345679012345679,0.345679012345679,,,49.0,84.0,159.0,0.345679012345679,0.691358024691358,0.6469873557856053,0.004736599046736956,,,
hungary,cleveland,0,reliability_gated_sfda,5,243,60,0.0,98.0,0.40329218106995884,,,0.9358550310134888,False,0.41672807931900024,0.40890049934387207,0.4179893434047699,0.41776108741760254,0.3662551440329218,0.3662551440329218,,,49.0,89.0,154.0,0.3662551440329218,0.7325102880658436,0.6855234383555596,0.004897028207778931,,,
hungary,cleveland,0,conservative_candidate,1,242,61,0.0,96.0,,,,0.9343156814575195,False,0.40739667415618896,0.40600359439849854,,,0.34710743801652894,0.34710743801652894,,,48.0,,,0.34710743801652894,0.6942148760330579,0.6486158449787739,,full,1.0,0.0017945249564945698
hungary,cleveland,0,conservative_candidate,2,242,61,0.0,96.0,,,,0.9347594380378723,False,0.41509225964546204,0.4137372374534607,,,0.35537190082644626,0.35537190082644626,,,48.0,,,0.35537190082644626,0.7107438016528925,0.6643744766219588,,full,1.0,0.002232698956504464
hungary,cleveland,0,conservative_candidate,3,242,61,0.0,96.0,,,,0.9362978935241699,False,0.4053388833999634,0.4036756455898285,,,0.3677685950413223,0.3677685950413223,,,48.0,,,0.3677685950413223,0.7355371900826446,0.6886819216830671,,full,1.0,0.0023423018865287304
hungary,cleveland,0,conservative_candidate,4,243,60,0.0,98.0,,,,0.935820996761322,False,0.4109402298927307,0.40924134850502014,,,0.345679012345679,0.345679012345679,,,49.0,,,0.345679012345679,0.691358024691358,0.6469873557856053,,full,1.0,0.0023496306966990232
hungary,cleveland,0,conservative_candidate,5,243,60,0.0,98.0,,,,0.9358550310134888,False,0.41672807931900024,0.4151551127433777,,,0.3662551440329218,0.3662551440329218,,,49.0,,,0.3662551440329218,0.7325102880658436,0.6855234383555596,,full,1.0,0.0024084881879389286
hungary,switzerland,0,pseudo_label_sfda,1,98,25,0.012755102040816325,21.0,0.21428571428571427,18.0,3.0,0.9365457892417908,False,,,,,,,,,,,,,,,,,,
hungary,switzerland,0,pseudo_label_sfda,2,98,25,0.007653061224489795,20.0,0.20408163265306123,15.0,5.0,0.9371132850646973,False,,,,,,,,,,,,,,,,,,
hungary,switzerland,0,pseudo_label_sfda,3,98,25,0.011479591836734693,19.0,0.19387755102040816,14.0,5.0,0.9342837333679199,False,,,,,,,,,,,,,,,,,,
hungary,switzerland,0,pseudo_label_sfda,4,99,24,0.01388888888888889,22.0,0.2222222222222222,16.0,6.0,0.938503623008728,False,,,,,,,,,,,,,,,,,,
hungary,switzerland,0,pseudo_label_sfda,5,99,24,0.0101010101010101,22.0,0.2222222222222222,17.0,5.0,0.9387515783309937,False,,,,,,,,,,,,,,,,,,
hungary,switzerland,0,entropy_sfda,1,98,25,0.012755102040816325,,,,,,,0.48189252614974976,0.45237937569618225,0.5535739064216614,0.5623912811279297,0.5612244897959183,0.5612244897959183,0.7758394479751587,0.7959263324737549,,,,,,,,,,
hungary,switzerland,0,entropy_sfda,2,98,25,0.007653061224489795,,,,,,,0.49470192193984985,0.46599718928337097,0.5526074171066284,0.5728492140769958,0.5714285714285714,0.5714285714285714,0.7633450031280518,0.7826857566833496,,,,,,,,,,
hungary,switzerland,0,entropy_sfda,3,98,25,0.011479591836734693,,,,,,,0.498214453458786,0.4693271517753601,0.5212540030479431,0.5304792523384094,0.5102040816326531,0.5102040816326531,0.7627404928207397,0.7837585806846619,,,,,,,,,,
hungary,switzerland,0,entropy_sfda,4,99,24,0.01388888888888889,,,,,,,0.4953968822956085,0.46484851837158203,0.5500357151031494,0.5595897436141968,0.5555555555555556,0.5555555555555556,0.7597440481185913,0.7815977334976196,,,,,,,,,,
hungary,switzerland,0,entropy_sfda,5,99,24,0.0101010101010101,,,,,,,0.4795036315917969,0.4492274224758148,0.557282030582428,0.5771535634994507,0.5656565656565656,0.5858585858585859,0.772408127784729,0.7915107607841492,,,,,,,,,,
hungary,switzerland,0,reliability_gated_sfda,1,98,25,0.012755102040816325,40.0,0.40816326530612246,,,0.8958905935287476,False,0.48189252614974976,0.47619137167930603,0.5535739064216614,0.5498709678649902,0.5612244897959183,0.5612244897959183,,,20.0,55.0,43.0,0.5612244897959183,0.8775510204081634,0.776161774620569,0.00514069152995944,,,
hungary,switzerland,0,reliability_gated_sfda,2,98,25,0.007653061224489795,40.0,0.40816326530612246,,,0.8914909362792969,False,0.49470192193984985,0.4894613027572632,0.5526074171066284,0.5502738356590271,0.5714285714285714,0.5714285714285714,,,20.0,56.0,42.0,0.5714285714285714,0.8571428571428572,0.7582871156253203,0.0045656925067305565,,,
hungary,switzerland,0,reliability_gated_sfda,3,98,25,0.011479591836734693,40.0,0.40816326530612246,,,0.8940669298171997,False,0.498214453458786,0.49204596877098083,0.5212540030479431,0.5181785225868225,0.5102040816326531,0.5102040816326531,,,20.0,50.0,48.0,0.5102040816326531,0.9795918367346939,0.8657666021761721,0.005357792135328054,,,
hungary,switzerland,0,reliability_gated_sfda,4,99,24,0.01388888888888889,40.0,0.40404040404040403,,,0.8934332132339478,False,0.4953968822956085,0.4900210201740265,0.5500357151031494,0.5461442470550537,0.5555555555555556,0.5555555555555556,,,20.0,55.0,44.0,0.5555555555555556,0.8888888888888888,0.7831328165383986,0.005509964190423489,,,
hungary,switzerland,0,reliability_gated_sfda,5,99,24,0.0101010101010101,40.0,0.40404040404040403,,,0.9006767272949219,False,0.4795036315917969,0.47392091155052185,0.557282030582428,0.5539733171463013,0.5656565656565656,0.5656565656565656,,,20.0,56.0,43.0,0.5656565656565656,0.8686868686868687,0.7745029545599023,0.005051945801824331,,,
hungary,switzerland,0,conservative_candidate,1,98,25,0.012755102040816325,40.0,,,,0.8958905935287476,False,0.48189252614974976,0.4819318950176239,,,0.5612244897959183,0.5612244897959183,,,20.0,,,0.5612244897959183,0.8775510204081634,0.776161774620569,,full,0.9872448979591837,0.0008821358205750585
hungary,switzerland,0,conservative_candidate,2,98,25,0.007653061224489795,40.0,,,,0.8914909362792969,False,0.49470192193984985,0.49503329396247864,,,0.5714285714285714,0.5714285714285714,,,20.0,,,0.5714285714285714,0.8571428571428572,0.7582871156253203,,full,0.9923469387755102,0.0007746699848212302
hungary,switzerland,0,conservative_candidate,3,98,25,0.011479591836734693,40.0,,,,0.8940669298171997,False,0.498214453458786,0.4984433650970459,,,0.5102040816326531,0.5102040816326531,,,20.0,,,0.5102040816326531,0.9795918367346939,0.8657666021761721,,full,0.9885204081632653,0.0025323929730802774
hungary,switzerland,0,conservative_candidate,4,99,24,0.01388888888888889,40.0,,,,0.8934332132339478,False,0.4953968822956085,0.49557188153266907,,,0.5555555555555556,0.5555555555555556,,,20.0,,,0.5555555555555556,0.8888888888888888,0.7831328165383986,,full,0.9861111111111112,0.0018024875316768885
hungary,switzerland,0,conservative_candidate,5,99,24,0.0101010101010101,40.0,,,,0.9006767272949219,False,0.4795036315917969,0.4799520969390869,,,0.5656565656565656,0.5656565656565656,,,20.0,,,0.5656565656565656,0.8686868686868687,0.7745029545599023,,full,0.98989898989899,0.0010867082746699452
hungary,va_long_beach,0,pseudo_label_sfda,1,160,40,0.13984375,46.0,0.2875,40.0,6.0,0.9408302903175354,False,,,,,,,,,,,,,,,,,,
hungary,va_long_beach,0,pseudo_label_sfda,2,160,40,0.13828125000000002,46.0,0.2875,39.0,7.0,0.9380055069923401,False,,,,,,,,,,,,,,,,,,
hungary,va_long_beach,0,pseudo_label_sfda,3,160,40,0.12578125,45.0,0.28125,39.0,6.0,0.9428566098213196,False,,,,,,,,,,,,,,,,,,
hungary,va_long_beach,0,pseudo_label_sfda,4,160,40,0.1328125,51.0,0.31875,42.0,9.0,0.9426242709159851,False,,,,,,,,,,,,,,,,,,
hungary,va_long_beach,0,pseudo_label_sfda,5,160,40,0.14765625,48.0,0.3,40.0,8.0,0.9411894679069519,False,,,,,,,,,,,,,,,,,,
hungary,va_long_beach,0,entropy_sfda,1,160,40,0.13984375,,,,,,,0.4398524761199951,0.38402801752090454,0.5493184924125671,0.5492254495620728,0.53125,0.525,0.8091762661933899,0.8424791097640991,,,,,,,,,,
hungary,va_long_beach,0,entropy_sfda,2,160,40,0.13828125000000002,,,,,,,0.4419211745262146,0.3862420916557312,0.5576667785644531,0.5600662231445312,0.5375,0.5375,0.8096275329589844,0.842756450176239,,,,,,,,,,
hungary,va_long_beach,0,entropy_sfda,3,160,40,0.12578125,,,,,,,0.44252175092697144,0.38879507780075073,0.5634694695472717,0.5680578947067261,0.55,0.55,0.8057233095169067,0.8379030227661133,,,,,,,,,,
hungary,va_long_beach,0,entropy_sfda,4,160,40,0.1328125,,,,,,,0.4307447373867035,0.37737175822257996,0.5623226165771484,0.5642421841621399,0.5375,0.53125,0.8140569925308228,0.8452089428901672,,,,,,,,,,
hungary,va_long_beach,0,entropy_sfda,5,160,40,0.14765625,,,,,,,0.4351658821105957,0.3794420659542084,0.534534752368927,0.5235973596572876,0.49375,0.4875,0.8112956881523132,0.8451107144355774,,,,,,,,,,
hungary,va_long_beach,0,reliability_gated_sfda,1,160,40,0.13984375,64.0,0.4,,,0.9118084907531738,False,0.4398524761199951,0.43201979994773865,0.5493184924125671,0.5474824905395508,0.53125,0.53125,,,32.0,85.0,75.0,0.53125,0.9375,0.7352791613666341,0.005276415031403303,,,
hungary,va_long_beach,0,reliability_gated_sfda,2,160,40,0.13828125000000002,64.0,0.4,,,0.9069894552230835,False,0.4419211745262146,0.4344637393951416,0.5576667785644531,0.555427610874176,0.5375,0.5375,,,32.0,86.0,74.0,0.5375,0.925,0.7229520831466653,0.00507197342813015,,,
hungary,va_long_beach,0,reliability_gated_sfda,3,160,40,0.12578125,64.0,0.4,,,0.9085949063301086,False,0.44252175092697144,0.43546217679977417,0.5634694695472717,0.5611649751663208,0.55,0.55,,,32.0,88.0,72.0,0.55,0.8999999999999999,0.7148796329414472,0.004954590927809477,,,
hungary,va_long_beach,0,reliability_gated_sfda,4,160,40,0.1328125,64.0,0.4,,,0.9161356687545776,False,0.4307447373867035,0.4232022166252136,0.5623226165771484,0.5608507990837097,0.5375,0.5375,,,32.0,86.0,74.0,0.5375,0.925,0.7348767952295021,0.0049744038842618465,,,
hungary,va_long_beach,0,reliability_gated_sfda,5,160,40,0.14765625,64.0,0.4,,,0.9159983396530151,False,0.4351658821105957,0.4274463653564453,0.534534752368927,0.5319862961769104,0.49375,0.49375,,,32.0,79.0,81.0,0.49375,0.9875,0.7709861415659544,0.005302407778799534,,,
hungary,va_long_beach,0,conservative_candidate,1,160,40,0.13984375,64.0,,,,0.9118084907531738,False,0.4398524761199951,0.4386991560459137,,,0.53125,0.53125,,,32.0,,,0.53125,0.9375,0.7352791613666341,,full,0.86015625,0.0012483071768656373
hungary,va_long_beach,0,conservative_candidate,2,160,40,0.13828125000000002,64.0,,,,0.9069894552230835,False,0.4419211745262146,0.4408879280090332,,,0.5375,0.5375,,,32.0,,,0.5375,0.925,0.7229520831466653,,full,0.86171875,0.0011923094280064106
hungary,va_long_beach,0,conservative_candidate,3,160,40,0.12578125,64.0,,,,0.9085949063301086,False,0.44252175092697144,0.44224080443382263,,,0.55,0.55,,,32.0,,,0.55,0.8999999999999999,0.7148796329414472,,full,0.87421875,0.0020155415404587984
hungary,va_long_beach,0,conservative_candidate,4,160,40,0.1328125,64.0,,,,0.9161356687545776,False,0.4307447373867035,0.42948970198631287,,,0.5375,0.5375,,,32.0,,,0.5375,0.925,0.7348767952295021,,full,0.8671875,0.0015731353778392076
hungary,va_long_beach,0,conservative_candidate,5,160,40,0.14765625,64.0,,,,0.9159983396530151,False,0.4351658821105957,0.43361204862594604,,,0.49375,0.49375,,,32.0,,,0.49375,0.9875,0.7709861415659544,,full,0.85234375,0.0016838337760418653
hungary,cleveland,1,pseudo_label_sfda,1,242,61,0.0,103.0,0.4256198347107438,36.0,67.0,0.9446361660957336,False,,,,,,,,,,,,,,,,,,
hungary,cleveland,1,pseudo_label_sfda,2,242,61,0.0,99.0,0.4090909090909091,39.0,60.0,0.9451478719711304,False,,,,,,,,,,,,,,,,,,
hungary,cleveland,1,pseudo_label_sfda,3,242,61,0.0,106.0,0.4380165289256198,41.0,65.0,0.9429789185523987,False,,,,,,,,,,,,,,,,,,
hungary,cleveland,1,pseudo_label_sfda,4,243,60,0.0,102.0,0.41975308641975306,40.0,62.0,0.9436991214752197,False,,,,,,,,,,,,,,,,,,
hungary,cleveland,1,pseudo_label_sfda,5,243,60,0.0,106.0,0.43621399176954734,44.0,62.0,0.9426684379577637,False,,,,,,,,,,,,,,,,,,
hungary,cleveland,1,entropy_sfda,1,242,61,0.0,,,,,,,0.39985018968582153,0.32634949684143066,0.40789443254470825,0.3793039321899414,0.3760330578512397,0.34710743801652894,0.8242303133010864,0.8640261292457581,,,,,,,,,,
hungary,cleveland,1,entropy_sfda,2,242,61,0.0,,,,,,,0.4066460430622101,0.33305302262306213,0.4120400846004486,0.3759227395057678,0.3760330578512397,0.34710743801652894,0.8194266557693481,0.8593723773956299,,,,,,,,,,
hungary,cleveland,1,entropy_sfda,3,242,61,0.0,,,,,,,0.3965233564376831,0.3222140371799469,0.41781526803970337,0.3876904547214508,0.38016528925619836,0.36363636363636365,0.828566312789917,0.8684262633323669,,,,,,,,,,
hungary,cleveland,1,entropy_sfda,4,243,60,0.0,,,,,,,0.4027298092842102,0.3252141773700714,0.41397979855537415,0.37694868445396423,0.37037037037037035,0.3374485596707819,0.8246781229972839,0.8684742450714111,,,,,,,,,,
hungary,cleveland,1,entropy_sfda,5,243,60,0.0,,,,,,,0.40721750259399414,0.33404144644737244,0.4272615313529968,0.3980187177658081,0.3950617283950617,0.37037037037037035,0.8189246654510498,0.8587562441825867,,,,,,,,,,
hungary,cleveland,1,reliability_gated_sfda,1,242,61,0.0,96.0,0.39669421487603307,,,0.9430999159812927,False,0.39985018968582153,0.39319470524787903,0.40789443254470825,0.4083736836910248,0.3760330578512397,0.3760330578512397,,,48.0,91.0,151.0,0.3760330578512397,0.7520661157024794,0.7092734905313854,0.004147661849856377,,,
hungary,cleveland,1,reliability_gated_sfda,2,242,61,0.0,96.0,0.39669421487603307,,,0.9438899159431458,False,0.4066460430622101,0.3997751772403717,0.4120400846004486,0.41136693954467773,0.3760330578512397,0.3760330578512397,,,48.0,91.0,151.0,0.3760330578512397,0.7520661157024794,0.7098676227341014,0.004167649894952774,,,
hungary,cleveland,1,reliability_gated_sfda,3,242,61,0.0,96.0,0.39669421487603307,,,0.9449436068534851,False,0.3965233564376831,0.38943392038345337,0.41781526803970337,0.41709017753601074,0.38016528925619836,0.38016528925619836,,,48.0,92.0,150.0,0.38016528925619836,0.7603305785123967,0.7184695192605011,0.004083711188286543,,,
hungary,cleveland,1,reliability_gated_sfda,4,243,60,0.0,98.0,0.40329218106995884,,,0.9426597356796265,False,0.4027298092842102,0.39596250653266907,0.41397979855537415,0.41342195868492126,0.37037037037037035,0.37037037037037035,,,49.0,90.0,153.0,0.37037037037037035,0.7407407407407407,0.6982664708737973,0.004057491198182106,,,
hungary,cleveland,1,reliability_gated_sfda,5,243,60,0.0,98.0,0.40329218106995884,,,0.9439573287963867,False,0.40721750259399414,0.4005575180053711,0.4272615313529968,0.42705655097961426,0.3950617283950617,0.3950617283950617,,,49.0,96.0,147.0,0.3950617283950617,0.7901234567901234,0.7458428276909722,0.003998410422354937,,,
hungary,cleveland,1,conservative_candidate,1,242,61,0.0,96.0,,,,0.9430999159812927,False,0.39985018968582153,0.3996528387069702,,,0.3760330578512397,0.3677685950413223,,,48.0,,,0.3760330578512397,0.7520661157024794,0.7092734905313854,,full,1.0,0.0014980715932324529
hungary,cleveland,1,conservative_candidate,2,242,61,0.0,96.0,,,,0.9438899159431458,False,0.4066460430622101,0.4062904417514801,,,0.3760330578512397,0.3677685950413223,,,48.0,,,0.3760330578512397,0.7520661157024794,0.7098676227341014,,full,1.0,0.0017970144981518388
hungary,cleveland,1,conservative_candidate,3,242,61,0.0,96.0,,,,0.9449436068534851,False,0.3965233564376831,0.39619535207748413,,,0.38016528925619836,0.3760330578512397,,,48.0,,,0.38016528925619836,0.7603305785123967,0.7184695192605011,,full,1.0,0.0025283116847276688
hungary,cleveland,1,conservative_candidate,4,243,60,0.0,98.0,,,,0.9426597356796265,False,0.4027298092842102,0.40166810154914856,,,0.37037037037037035,0.36213991769547327,,,49.0,,,0.37037037037037035,0.7407407407407407,0.6982664708737973,,full,1.0,0.0024912774097174406
hungary,cleveland,1,conservative_candidate,5,243,60,0.0,98.0,,,,0.9439573287963867,False,0.40721750259399414,0.40689074993133545,,,0.3950617283950617,0.39094650205761317,,,49.0,,,0.3950617283950617,0.7901234567901234,0.7458428276909722,,full,1.0,0.001721587497740984
hungary,switzerland,1,pseudo_label_sfda,1,98,25,0.012755102040816325,16.0,0.16326530612244897,14.0,2.0,0.9460036754608154,False,,,,,,,,,,,,,,,,,,
hungary,switzerland,1,pseudo_label_sfda,2,98,25,0.007653061224489795,16.0,0.16326530612244897,12.0,4.0,0.9391858577728271,False,,,,,,,,,,,,,,,,,,
hungary,switzerland,1,pseudo_label_sfda,3,98,25,0.011479591836734693,13.0,0.1326530612244898,10.0,3.0,0.9392102360725403,False,,,,,,,,,,,,,,,,,,
hungary,switzerland,1,pseudo_label_sfda,4,99,24,0.01388888888888889,18.0,0.18181818181818182,14.0,4.0,0.9420374631881714,False,,,,,,,,,,,,,,,,,,
hungary,switzerland,1,pseudo_label_sfda,5,99,24,0.0101010101010101,17.0,0.1717171717171717,14.0,3.0,0.9433386325836182,False,,,,,,,,,,,,,,,,,,
hungary,switzerland,1,entropy_sfda,1,98,25,0.012755102040816325,,,,,,,0.5009465217590332,0.4735023081302643,0.5713208317756653,0.5873802304267883,0.5714285714285714,0.5918367346938775,0.7564129829406738,0.7741058468818665,,,,,,,,,,
hungary,switzerland,1,entropy_sfda,2,98,25,0.007653061224489795,,,,,,,0.513451874256134,0.48772841691970825,0.5682946443557739,0.5874031782150269,0.5714285714285714,0.5816326530612245,0.7460528612136841,0.7625772356987,,,,,,,,,,
hungary,switzerland,1,entropy_sfda,3,98,25,0.011479591836734693,,,,,,,0.5178734660148621,0.49178850650787354,0.5484392046928406,0.5574061274528503,0.5306122448979592,0.5306122448979592,0.7441418170928955,0.7618110179901123,,,,,,,,,,
hungary,switzerland,1,entropy_sfda,4,99,24,0.01388888888888889,,,,,,,0.5081701874732971,0.4805494248867035,0.5706966519355774,0.5899974703788757,0.5656565656565656,0.5656565656565656,0.746982753276825,0.7635305523872375,,,,,,,,,,
hungary,switzerland,1,entropy_sfda,5,99,24,0.0101010101010101,,,,,,,0.4989934265613556,0.46994632482528687,0.5750129818916321,0.5963721871376038,0.5656565656565656,0.5959595959595959,0.7549080848693848,0.77109694480896,,,,,,,,,,
hungary,switzerland,1,reliability_gated_sfda,1,98,25,0.012755102040816325,40.0,0.40816326530612246,,,0.8752676844596863,False,0.5009465217590332,0.4957565665245056,0.5713208317756653,0.5690037608146667,0.5714285714285714,0.5714285714285714,,,20.0,56.0,42.0,0.5714285714285714,0.8571428571428572,0.7406601907126062,0.004721151199191809,,,
hungary,switzerland,1,reliability_gated_sfda,2,98,25,0.007653061224489795,40.0,0.40816326530612246,,,0.8671222925186157,False,0.513451874256134,0.5087551474571228,0.5682946443557739,0.5660824179649353,0.5714285714285714,0.5714285714285714,,,20.0,56.0,42.0,0.5714285714285714,0.8571428571428572,0.737559559307015,0.00455057667568326,,,
hungary,switzerland,1,reliability_gated_sfda,3,98,25,0.011479591836734693,40.0,0.40816326530612246,,,0.871415913105011,False,0.5178734660148621,0.5124416947364807,0.5484392046928406,0.5466762185096741,0.5306122448979592,0.5306122448979592,,,20.0,52.0,46.0,0.5306122448979592,0.9387755102040816,0.8086728785452321,0.004709108266979456,,,
hungary,switzerland,1,reliability_gated_sfda,4,99,24,0.01388888888888889,40.0,0.40404040404040403,,,0.8736831545829773,False,0.5081701874732971,0.5034456253051758,0.5706966519355774,0.5680862069129944,0.5656565656565656,0.5656565656565656,,,20.0,56.0,43.0,0.5656565656565656,0.8686868686868687,0.7484160131711083,0.0047904085367918015,,,
hungary,switzerland,1,reliability_gated_sfda,5,99,24,0.0101010101010101,40.0,0.40404040404040403,,,0.8798602223396301,False,0.4989934265613556,0.4941506087779999,0.5750129818916321,0.5721876621246338,0.5656565656565656,0.5555555555555556,,,20.0,56.0,43.0,0.5656565656565656,0.8686868686868687,0.7566025868664834,0.00480261305347085,,,
hungary,switzerland,1,conservative_candidate,1,98,25,0.012755102040816325,40.0,,,,0.8752676844596863,False,0.5009465217590332,0.5012277960777283,,,0.5714285714285714,0.5714285714285714,,,20.0,,,0.5714285714285714,0.8571428571428572,0.7406601907126062,,full,0.9872448979591837,0.0018575808499008417
hungary,switzerland,1,conservative_candidate,2,98,25,0.007653061224489795,40.0,,,,0.8671222925186157,False,0.513451874256134,0.5138972997665405,,,0.5714285714285714,0.5714285714285714,,,20.0,,,0.5714285714285714,0.8571428571428572,0.737559559307015,,full,0.9923469387755102,0.0013818965526297688
hungary,switzerland,1,conservative_candidate,3,98,25,0.011479591836734693,40.0,,,,0.871415913105011,False,0.5178734660148621,0.5184446573257446,,,0.5306122448979592,0.5306122448979592,,,20.0,,,0.5306122448979592,0.9387755102040816,0.8086728785452321,,full,0.9885204081632653,0.0011535255471244454
hungary,switzerland,1,conservative_candidate,4,99,24,0.01388888888888889,40.0,,,,0.8736831545829773,False,0.5081701874732971,0.5087043642997742,,,0.5656565656565656,0.5656565656565656,,,20.0,,,0.5656565656565656,0.8686868686868687,0.7484160131711083,,full,0.9861111111111112,0.0007533440366387367
hungary,switzerland,1,conservative_candidate,5,99,24,0.0101010101010101,40.0,,,,0.8798602223396301,False,0.4989934265613556,0.4998742938041687,,,0.5656565656565656,0.5656565656565656,,,20.0,,,0.5656565656565656,0.8686868686868687,0.7566025868664834,,full,0.98989898989899,0.0011366151738911867
hungary,va_long_beach,1,pseudo_label_sfda,1,160,40,0.13984375,37.0,0.23125,29.0,8.0,0.939518392086029,False,,,,,,,,,,,,,,,,,,
hungary,va_long_beach,1,pseudo_label_sfda,2,160,40,0.13828125000000002,37.0,0.23125,32.0,5.0,0.9402984380722046,False,,,,,,,,,,,,,,,,,,
hungary,va_long_beach,1,pseudo_label_sfda,3,160,40,0.12578125,36.0,0.225,31.0,5.0,0.9456771016120911,False,,,,,,,,,,,,,,,,,,
hungary,va_long_beach,1,pseudo_label_sfda,4,160,40,0.1328125,41.0,0.25625,34.0,7.0,0.9426783919334412,False,,,,,,,,,,,,,,,,,,
hungary,va_long_beach,1,pseudo_label_sfda,5,160,40,0.14765625,41.0,0.25625,34.0,7.0,0.9424852728843689,False,,,,,,,,,,,,,,,,,,
hungary,va_long_beach,1,entropy_sfda,1,160,40,0.13984375,,,,,,,0.47654882073402405,0.42583417892456055,0.5502933263778687,0.5506069660186768,0.53125,0.525,0.7788035869598389,0.8117206692695618,,,,,,,,,,
hungary,va_long_beach,1,entropy_sfda,2,160,40,0.13828125000000002,,,,,,,0.4763287603855133,0.42656078934669495,0.5613240599632263,0.5611034035682678,0.53125,0.53125,0.778250515460968,0.8114486932754517,,,,,,,,,,
hungary,va_long_beach,1,entropy_sfda,3,160,40,0.12578125,,,,,,,0.4762646555900574,0.42686423659324646,0.5653687715530396,0.5655470490455627,0.55,0.54375,0.7764328122138977,0.809240996837616,,,,,,,,,,
hungary,va_long_beach,1,entropy_sfda,4,160,40,0.1328125,,,,,,,0.46664419770240784,0.41664233803749084,0.5662549734115601,0.566260814666748,0.54375,0.5375,0.7834814190864563,0.8159124255180359,,,,,,,,,,
hungary,va_long_beach,1,entropy_sfda,5,160,40,0.14765625,,,,,,,0.4683592915534973,0.4171678423881531,0.5402259826660156,0.5295960307121277,0.49375,0.4875,0.7827064394950867,0.8172386288642883,,,,,,,,,,
hungary,va_long_beach,1,reliability_gated_sfda,1,160,40,0.13984375,64.0,0.4,,,0.8971329927444458,False,0.47654882073402405,0.46926164627075195,0.5502933263778687,0.5486065745353699,0.53125,0.53125,,,32.0,85.0,75.0,0.53125,0.9375,0.7234448913659435,0.005312697496265173,,,
hungary,va_long_beach,1,reliability_gated_sfda,2,160,40,0.13828125000000002,64.0,0.4,,,0.8935226202011108,False,0.4763287603855133,0.4693974554538727,0.5613240599632263,0.5593693852424622,0.53125,0.53125,,,32.0,85.0,75.0,0.53125,0.9375,0.7218423706653994,0.005192902870476246,,,
hungary,va_long_beach,1,reliability_gated_sfda,3,160,40,0.12578125,64.0,0.4,,,0.892291784286499,False,0.4762646555900574,0.469839483499527,0.5653687715530396,0.5624251961708069,0.55,0.55,,,32.0,88.0,72.0,0.55,0.8999999999999999,0.7020523874647915,0.0054323142394423485,,,
hungary,va_long_beach,1,reliability_gated_sfda,4,160,40,0.1328125,64.0,0.4,,,0.8981361985206604,False,0.46664419770240784,0.45974045991897583,0.5662549734115601,0.5644235014915466,0.54375,0.54375,,,32.0,87.0,73.0,0.54375,0.9125000000000001,0.7107028922473547,0.0052039846777915955,,,
hungary,va_long_beach,1,reliability_gated_sfda,5,160,40,0.14765625,64.0,0.4,,,0.904276967048645,False,0.4683592915534973,0.46120086312294006,0.5402259826660156,0.5379152894020081,0.49375,0.49375,,,32.0,79.0,81.0,0.49375,0.9875,0.7611203858687077,0.005356916692107916,,,
hungary,va_long_beach,1,conservative_candidate,1,160,40,0.13984375,64.0,,,,0.8971329927444458,False,0.47654882073402405,0.47732535004615784,,,0.53125,0.53125,,,32.0,,,0.53125,0.9375,0.7234448913659435,,full,0.86015625,0.0007430600235238671
hungary,va_long_beach,1,conservative_candidate,2,160,40,0.13828125000000002,64.0,,,,0.8935226202011108,False,0.4763287603855133,0.476419061422348,,,0.53125,0.53125,,,32.0,,,0.53125,0.9375,0.7218423706653994,,full,0.86171875,0.0006753457128070295
hungary,va_long_beach,1,conservative_candidate,3,160,40,0.12578125,64.0,,,,0.892291784286499,False,0.4762646555900574,0.476729154586792,,,0.55,0.55,,,32.0,,,0.55,0.8999999999999999,0.7020523874647915,,full,0.87421875,0.0008776385220699012
hungary,va_long_beach,1,conservative_candidate,4,160,40,0.1328125,64.0,,,,0.8981361985206604,False,0.46664419770240784,0.4664718508720398,,,0.54375,0.54375,,,32.0,,,0.54375,0.9125000000000001,0.7107028922473547,,full,0.8671875,0.0013489816337823868
hungary,va_long_beach,1,conservative_candidate,5,160,40,0.14765625,64.0,,,,0.904276967048645,False,0.4683592915534973,0.46788692474365234,,,0.49375,0.49375,,,32.0,,,0.49375,0.9875,0.7611203858687077,,full,0.85234375,0.0008929995819926262
hungary,cleveland,2,pseudo_label_sfda,1,242,61,0.0,98.0,0.4049586776859504,37.0,61.0,0.9462937116622925,False,,,,,,,,,,,,,,,,,,
hungary,cleveland,2,pseudo_label_sfda,2,242,61,0.0,93.0,0.384297520661157,39.0,54.0,0.946385383605957,False,,,,,,,,,,,,,,,,,,
hungary,cleveland,2,pseudo_label_sfda,3,242,61,0.0,99.0,0.4090909090909091,42.0,57.0,0.9445450901985168,False,,,,,,,,,,,,,,,,,,
hungary,cleveland,2,pseudo_label_sfda,4,243,60,0.0,98.0,0.40329218106995884,43.0,55.0,0.9443041086196899,False,,,,,,,,,,,,,,,,,,
hungary,cleveland,2,pseudo_label_sfda,5,243,60,0.0,96.0,0.3950617283950617,43.0,53.0,0.9440887570381165,False,,,,,,,,,,,,,,,,,,
hungary,cleveland,2,entropy_sfda,1,242,61,0.0,,,,,,,0.40764909982681274,0.32312437891960144,0.41037309169769287,0.36943212151527405,0.36363636363636365,0.3347107438016529,0.818257749080658,0.8655108213424683,,,,,,,,,,
hungary,cleveland,2,entropy_sfda,2,242,61,0.0,,,,,,,0.4171246588230133,0.33107006549835205,0.4170922636985779,0.3696589469909668,0.3677685950413223,0.3305785123966942,0.8114887475967407,0.8600635528564453,,,,,,,,,,
hungary,cleveland,2,entropy_sfda,3,242,61,0.0,,,,,,,0.40516701340675354,0.32096153497695923,0.42134782671928406,0.3856714963912964,0.38016528925619836,0.371900826446281,0.8223117589950562,0.8677970767021179,,,,,,,,,,
hungary,cleveland,2,entropy_sfda,4,243,60,0.0,,,,,,,0.41376960277557373,0.3242354393005371,0.41838154196739197,0.3699429929256439,0.35802469135802467,0.3292181069958848,0.81597900390625,0.8681010007858276,,,,,,,,,,
hungary,cleveland,2,entropy_sfda,5,243,60,0.0,,,,,,,0.4165399670600891,0.3318322002887726,0.4313372075557709,0.3885931670665741,0.3950617283950617,0.35802469135802467,0.8126552700996399,0.8598252534866333,,,,,,,,,,
hungary,cleveland,2,reliability_gated_sfda,1,242,61,0.0,96.0,0.39669421487603307,,,0.94048672914505,False,0.40764909982681274,0.4004855155944824,0.41037309169769287,0.41139864921569824,0.36363636363636365,0.3677685950413223,,,48.0,88.0,154.0,0.36363636363636365,0.7272727272727273,0.6839903484691273,0.005051282700151205,,,
hungary,cleveland,2,reliability_gated_sfda,2,242,61,0.0,96.0,0.39669421487603307,,,0.9406644701957703,False,0.4171246588230133,0.4102622866630554,0.4170922636985779,0.41818875074386597,0.3677685950413223,0.371900826446281,,,48.0,89.0,153.0,0.3677685950413223,0.7355371900826446,0.6918937012183765,0.005114718805998564,,,
hungary,cleveland,2,reliability_gated_sfda,3,242,61,0.0,96.0,0.39669421487603307,,,0.9434178471565247,False,0.40516701340675354,0.39730146527290344,0.42134782671928406,0.42140570282936096,0.38016528925619836,0.38016528925619836,,,48.0,92.0,150.0,0.38016528925619836,0.7603305785123967,0.7173094375074403,0.005014422349631786,,,
hungary,cleveland,2,reliability_gated_sfda,4,243,60,0.0,98.0,0.40329218106995884,,,0.9415199160575867,False,0.41376960277557373,0.40636545419692993,0.41838154196739197,0.41869890689849854,0.35802469135802467,0.36213991769547327,,,49.0,87.0,156.0,0.35802469135802467,0.7160493827160493,0.6741747547079016,0.004998960066586733,,,
hungary,cleveland,2,reliability_gated_sfda,5,243,60,0.0,98.0,0.40329218106995884,,,0.9416429400444031,False,0.4165399670600891,0.40893280506134033,0.4313372075557709,0.43157273530960083,0.3950617283950617,0.3991769547325103,,,49.0,96.0,147.0,0.3950617283950617,0.7901234567901234,0.7440141748498987,0.004951767157763243,,,
hungary,cleveland,2,conservative_candidate,1,242,61,0.0,96.0,,,,0.94048672914505,False,0.40764909982681274,0.4065524637699127,,,0.36363636363636365,0.36363636363636365,,,48.0,,,0.36363636363636365,0.7272727272727273,0.6839903484691273,,full,1.0,0.0011387330014258623
hungary,cleveland,2,conservative_candidate,2,242,61,0.0,96.0,,,,0.9406644701957703,False,0.4171246588230133,0.41614699363708496,,,0.3677685950413223,0.3677685950413223,,,48.0,,,0.3677685950413223,0.7355371900826446,0.6918937012183765,,full,1.0,0.0012666198890656233
hungary,cleveland,2,conservative_candidate,3,242,61,0.0,96.0,,,,0.9434178471565247,False,0.40516701340675354,0.4024242162704468,,,0.38016528925619836,0.38016528925619836,,,48.0,,,0.38016528925619836,0.7603305785123967,0.7173094375074403,,full,1.0,0.0022449532989412546
hungary,cleveland,2,conservative_candidate,4,243,60,0.0,98.0,,,,0.9415199160575867,False,0.41376960277557373,0.41180577874183655,,,0.35802469135802467,0.36213991769547327,,,49.0,,,0.35802469135802467,0.7160493827160493,0.6741747547079016,,full,1.0,0.0018489507492631674
hungary,cleveland,2,conservative_candidate,5,243,60,0.0,98.0,,,,0.9416429400444031,False,0.4165399670600891,0.4148073196411133,,,0.3950617283950617,0.3950617283950617,,,49.0,,,0.3950617283950617,0.7901234567901234,0.7440141748498987,,full,1.0,0.0016411669785156846
hungary,switzerland,2,pseudo_label_sfda,1,98,25,0.012755102040816325,23.0,0.23469387755102042,18.0,5.0,0.9332815408706665,False,,,,,,,,,,,,,,,,,,
hungary,switzerland,2,pseudo_label_sfda,2,98,25,0.007653061224489795,19.0,0.19387755102040816,13.0,6.0,0.9396317005157471,False,,,,,,,,,,,,,,,,,,
hungary,switzerland,2,pseudo_label_sfda,3,98,25,0.011479591836734693,20.0,0.20408163265306123,13.0,7.0,0.9325417280197144,False,,,,,,,,,,,,,,,,,,
hungary,switzerland,2,pseudo_label_sfda,4,99,24,0.01388888888888889,24.0,0.24242424242424243,16.0,8.0,0.9352938532829285,False,,,,,,,,,,,,,,,,,,
hungary,switzerland,2,pseudo_label_sfda,5,99,24,0.0101010101010101,22.0,0.2222222222222222,16.0,6.0,0.9386835694313049,False,,,,,,,,,,,,,,,,,,
hungary,switzerland,2,entropy_sfda,1,98,25,0.012755102040816325,,,,,,,0.4825575053691864,0.4517383575439453,0.5976074934005737,0.6141194105148315,0.6122448979591837,0.6122448979591837,0.7699925303459167,0.7886710166931152,,,,,,,,,,
hungary,switzerland,2,entropy_sfda,2,98,25,0.007653061224489795,,,,,,,0.49501684308052063,0.46303683519363403,0.59705650806427,0.6256665587425232,0.6224489795918368,0.6326530612244898,0.759014904499054,0.7782859802246094,,,,,,,,,,
hungary,switzerland,2,entropy_sfda,3,98,25,0.011479591836734693,,,,,,,0.5007423758506775,0.47097888588905334,0.5690488815307617,0.5859520435333252,0.6020408163265306,0.6020408163265306,0.756497859954834,0.7766731381416321,,,,,,,,,,
hungary,switzerland,2,entropy_sfda,4,99,24,0.01388888888888889,,,,,,,0.4918105900287628,0.4607304632663727,0.5946148037910461,0.6228310465812683,0.6161616161616161,0.6363636363636364,0.7571373581886292,0.7758285999298096,,,,,,,,,,
hungary,switzerland,2,entropy_sfda,5,99,24,0.0101010101010101,,,,,,,0.48178231716156006,0.4469161331653595,0.5991749167442322,0.6277965307235718,0.6363636363636364,0.6464646464646465,0.7680597305297852,0.7910239696502686,,,,,,,,,,
hungary,switzerland,2,reliability_gated_sfda,1,98,25,0.012755102040816325,40.0,0.40816326530612246,,,0.8808029294013977,False,0.4825575053691864,0.4773486256599426,0.5976074934005737,0.5937982201576233,0.6122448979591837,0.6020408163265306,,,20.0,60.0,38.0,0.6122448979591837,0.7755102040816326,0.6743590108172092,0.005373003426939249,,,
hungary,switzerland,2,reliability_gated_sfda,2,98,25,0.007653061224489795,40.0,0.40816326530612246,,,0.8729346394538879,False,0.49501684308052063,0.4905957579612732,0.59705650806427,0.5931835770606995,0.6224489795918368,0.6020408163265306,,,20.0,61.0,37.0,0.6224489795918368,0.7551020408163265,0.6541101762630054,0.005304974503815174,,,
hungary,switzerland,2,reliability_gated_sfda,3,98,25,0.011479591836734693,40.0,0.40816326530612246,,,0.8811981081962585,False,0.5007423758506775,0.49558818340301514,0.5690488815307617,0.5657455921173096,0.6020408163265306,0.5816326530612245,,,20.0,59.0,39.0,0.6020408163265306,0.7959183673469388,0.6933104128548498,0.005322825163602829,,,
hungary,switzerland,2,reliability_gated_sfda,4,99,24,0.01388888888888889,40.0,0.40404040404040403,,,0.8805648684501648,False,0.4918105900287628,0.48713818192481995,0.5946148037910461,0.5912471413612366,0.6161616161616161,0.6060606060606061,,,20.0,61.0,38.0,0.6161616161616161,0.7676767676767677,0.666600453164575,0.005135459825396538,,,
hungary,switzerland,2,reliability_gated_sfda,5,99,24,0.0101010101010101,40.0,0.40404040404040403,,,0.8871650695800781,False,0.48178231716156006,0.47653332352638245,0.5991749167442322,0.5966429114341736,0.6363636363636364,0.6161616161616161,,,20.0,63.0,36.0,0.6363636363636364,0.7272727272727273,0.6386936772734447,0.004921892657876015,,,
hungary,switzerland,2,conservative_candidate,1,98,25,0.012755102040816325,40.0,,,,0.8808029294013977,False,0.4825575053691864,0.4827621281147003,,,0.6122448979591837,0.6122448979591837,,,20.0,,,0.6122448979591837,0.7755102040816326,0.6743590108172092,,full,0.9872448979591837,0.0036739709321409464
hungary,switzerland,2,conservative_candidate,2,98,25,0.007653061224489795,40.0,,,,0.8729346394538879,False,0.49501684308052063,0.49501991271972656,,,0.6224489795918368,0.6224489795918368,,,20.0,,,0.6224489795918368,0.7551020408163265,0.6541101762630054,,full,0.9923469387755102,0.0019520241767168045
hungary,switzerland,2,conservative_candidate,3,98,25,0.011479591836734693,40.0,,,,0.8811981081962585,False,0.5007423758506775,0.5011931657791138,,,0.6020408163265306,0.6020408163265306,,,20.0,,,0.6020408163265306,0.7959183673469388,0.6933104128548498,,full,0.9885204081632653,0.0019501788774505258
hungary,switzerland,2,conservative_candidate,4,99,24,0.01388888888888889,40.0,,,,0.8805648684501648,False,0.4918105900287628,0.4918202757835388,,,0.6161616161616161,0.6161616161616161,,,20.0,,,0.6161616161616161,0.7676767676767677,0.666600453164575,,full,0.9861111111111112,0.003208951326087117
hungary,switzerland,2,conservative_candidate,5,99,24,0.0101010101010101,40.0,,,,0.8871650695800781,False,0.48178231716156006,0.48138707876205444,,,0.6363636363636364,0.6363636363636364,,,20.0,,,0.6363636363636364,0.7272727272727273,0.6386936772734447,,full,0.98989898989899,0.003947810269892216
hungary,va_long_beach,2,pseudo_label_sfda,1,160,40,0.13984375,44.0,0.275,38.0,6.0,0.943442702293396,False,,,,,,,,,,,,,,,,,,
hungary,va_long_beach,2,pseudo_label_sfda,2,160,40,0.13828125000000002,45.0,0.28125,37.0,8.0,0.9399023056030273,False,,,,,,,,,,,,,,,,,,
hungary,va_long_beach,2,pseudo_label_sfda,3,160,40,0.12578125,45.0,0.28125,38.0,7.0,0.9447691440582275,False,,,,,,,,,,,,,,,,,,
hungary,va_long_beach,2,pseudo_label_sfda,4,160,40,0.1328125,49.0,0.30625,39.0,10.0,0.9463028907775879,False,,,,,,,,,,,,,,,,,,
hungary,va_long_beach,2,pseudo_label_sfda,5,160,40,0.14765625,49.0,0.30625,40.0,9.0,0.9421855211257935,False,,,,,,,,,,,,,,,,,,
hungary,va_long_beach,2,entropy_sfda,1,160,40,0.13984375,,,,,,,0.4519626498222351,0.39741989970207214,0.5730732083320618,0.5704202651977539,0.54375,0.55,0.7921786308288574,0.8267017602920532,,,,,,,,,,
hungary,va_long_beach,2,entropy_sfda,2,160,40,0.13828125000000002,,,,,,,0.456371009349823,0.40302953124046326,0.5833072662353516,0.5858578681945801,0.56875,0.58125,0.7897445559501648,0.8242238759994507,,,,,,,,,,
hungary,va_long_beach,2,entropy_sfda,3,160,40,0.12578125,,,,,,,0.45377475023269653,0.4018913209438324,0.5869201421737671,0.5886106491088867,0.575,0.575,0.7894399166107178,0.82373046875,,,,,,,,,,
hungary,va_long_beach,2,entropy_sfda,4,160,40,0.1328125,,,,,,,0.4445934295654297,0.39265960454940796,0.5862809419631958,0.5888450741767883,0.5625,0.56875,0.7939907908439636,0.8268277049064636,,,,,,,,,,
hungary,va_long_beach,2,entropy_sfda,5,160,40,0.14765625,,,,,,,0.448661744594574,0.3942946791648865,0.5596135258674622,0.5450602769851685,0.525,0.5125,0.7938044667243958,0.8297055959701538,,,,,,,,,,
hungary,va_long_beach,2,reliability_gated_sfda,1,160,40,0.13984375,64.0,0.4,,,0.9063510894775391,False,0.4519626498222351,0.44448480010032654,0.5730732083320618,0.5703865885734558,0.54375,0.54375,,,32.0,87.0,73.0,0.54375,0.9125000000000001,0.7113882433064282,0.005635639652609825,,,
hungary,va_long_beach,2,reliability_gated_sfda,2,160,40,0.13828125000000002,64.0,0.4,,,0.9011987447738647,False,0.456371009349823,0.4496048390865326,0.5833072662353516,0.5794704556465149,0.56875,0.56875,,,32.0,91.0,69.0,0.56875,0.8625,0.6698001256689895,0.005755589343607426,,,
hungary,va_long_beach,2,reliability_gated_sfda,3,160,40,0.12578125,64.0,0.4,,,0.9022536277770996,False,0.45377475023269653,0.4469861090183258,0.5869201421737671,0.5841792225837708,0.575,0.575,,,32.0,92.0,68.0,0.575,0.8500000000000001,0.6704519828595222,0.005234207957983017,,,
hungary,va_long_beach,2,reliability_gated_sfda,4,160,40,0.1328125,64.0,0.4,,,0.9099099636077881,False,0.4445934295654297,0.43795567750930786,0.5862809419631958,0.5832513570785522,0.5625,0.5625,,,32.0,90.0,70.0,0.5625,0.875,0.6904297282453626,0.005224703811109066,,,
hungary,va_long_beach,2,reliability_gated_sfda,5,160,40,0.14765625,64.0,0.4,,,0.9118248224258423,False,0.448661744594574,0.44125232100486755,0.5596135258674622,0.5557421445846558,0.525,0.525,,,32.0,84.0,76.0,0.525,0.95,0.7383287790650501,0.005884559825062752,,,
hungary,va_long_beach,2,conservative_candidate,1,160,40,0.13984375,64.0,,,,0.9063510894775391,False,0.4519626498222351,0.4507144093513489,,,0.54375,0.55,,,32.0,,,0.54375,0.9125000000000001,0.7113882433064282,,full,0.86015625,0.002910629380494356
hungary,va_long_beach,2,conservative_candidate,2,160,40,0.13828125000000002,64.0,,,,0.9011987447738647,False,0.456371009349823,0.45573973655700684,,,0.56875,0.56875,,,32.0,,,0.56875,0.8625,0.6698001256689895,,full,0.86171875,0.000929828907828778
hungary,va_long_beach,2,conservative_candidate,3,160,40,0.12578125,64.0,,,,0.9022536277770996,False,0.45377475023269653,0.4525359272956848,,,0.575,0.59375,,,32.0,,,0.575,0.8500000000000001,0.6704519828595222,,full,0.87421875,0.003955484367907047
hungary,va_long_beach,2,conservative_candidate,4,160,40,0.1328125,64.0,,,,0.9099099636077881,False,0.4445934295654297,0.44384700059890747,,,0.5625,0.58125,,,32.0,,,0.5625,0.875,0.6904297282453626,,full,0.8671875,0.002733831526711583
hungary,va_long_beach,2,conservative_candidate,5,160,40,0.14765625,64.0,,,,0.9118248224258423,False,0.448661744594574,0.4481325149536133,,,0.525,0.525,,,32.0,,,0.525,0.95,0.7383287790650501,,full,0.85234375,0.0011496074730530381
hungary,cleveland,3,pseudo_label_sfda,1,242,61,0.0,100.0,0.4132231404958678,35.0,65.0,0.9474719762802124,False,,,,,,,,,,,,,,,,,,
hungary,cleveland,3,pseudo_label_sfda,2,242,61,0.0,99.0,0.4090909090909091,37.0,62.0,0.9454513788223267,False,,,,,,,,,,,,,,,,,,
hungary,cleveland,3,pseudo_label_sfda,3,242,61,0.0,103.0,0.4256198347107438,38.0,65.0,0.9457404017448425,False,,,,,,,,,,,,,,,,,,
hungary,cleveland,3,pseudo_label_sfda,4,243,60,0.0,100.0,0.411522633744856,39.0,61.0,0.944980263710022,False,,,,,,,,,,,,,,,,,,
hungary,cleveland,3,pseudo_label_sfda,5,243,60,0.0,98.0,0.40329218106995884,39.0,59.0,0.9443082809448242,False,,,,,,,,,,,,,,,,,,
hungary,cleveland,3,entropy_sfda,1,242,61,0.0,,,,,,,0.4017470180988312,0.31855061650276184,0.4104728698730469,0.3625961244106293,0.371900826446281,0.34297520661157027,0.8220182061195374,0.86758953332901,,,,,,,,,,
hungary,cleveland,3,entropy_sfda,2,242,61,0.0,,,,,,,0.4109666049480438,0.3267308473587036,0.4186982214450836,0.36698710918426514,0.3925619834710744,0.34710743801652894,0.8150205612182617,0.8615649938583374,,,,,,,,,,
hungary,cleveland,3,entropy_sfda,3,242,61,0.0,,,,,,,0.3974795341491699,0.3142712116241455,0.4202362596988678,0.3759247362613678,0.384297520661157,0.359504132231405,0.8266389966011047,0.8721034526824951,,,,,,,,,,
hungary,cleveland,3,entropy_sfda,4,243,60,0.0,,,,,,,0.40785861015319824,0.31872496008872986,0.4191625714302063,0.3639551103115082,0.37448559670781895,0.3292181069958848,0.8188650608062744,0.8700992465019226,,,,,,,,,,
hungary,cleveland,3,entropy_sfda,5,243,60,0.0,,,,,,,0.4112139642238617,0.3281397521495819,0.43270233273506165,0.38398057222366333,0.4074074074074074,0.3662551440329218,0.815605640411377,0.8615511655807495,,,,,,,,,,
hungary,cleveland,3,reliability_gated_sfda,1,242,61,0.0,96.0,0.39669421487603307,,,0.9413447976112366,False,0.4017470180988312,0.39396265149116516,0.4104728698730469,0.40902218222618103,0.371900826446281,0.371900826446281,,,48.0,90.0,152.0,0.371900826446281,0.743801652892562,0.7001738164050519,0.004923281725496054,,,
hungary,cleveland,3,reliability_gated_sfda,2,242,61,0.0,96.0,0.39669421487603307,,,0.941265344619751,False,0.4109666049480438,0.4037233591079712,0.4186982214450836,0.4176858961582184,0.3925619834710744,0.3925619834710744,,,48.0,95.0,147.0,0.3925619834710744,0.7851239669421488,0.7390099813130276,0.004982651676982641,,,
hungary,cleveland,3,reliability_gated_sfda,3,242,61,0.0,96.0,0.39669421487603307,,,0.9439414143562317,False,0.3974795341491699,0.3899122476577759,0.4202362596988678,0.4190170466899872,0.384297520661157,0.38016528925619836,,,48.0,93.0,149.0,0.384297520661157,0.768595041322314,0.7255086903729715,0.004721312317997217,,,
hungary,cleveland,3,reliability_gated_sfda,4,243,60,0.0,98.0,0.40329218106995884,,,0.9415647387504578,False,0.40785861015319824,0.40002205967903137,0.4191625714302063,0.41715922951698303,0.37448559670781895,0.37037037037037035,,,49.0,91.0,152.0,0.37448559670781895,0.7489711934156379,0.7052048660600136,0.005053822882473469,,,
hungary,cleveland,3,reliability_gated_sfda,5,243,60,0.0,98.0,0.40329218106995884,,,0.9412680864334106,False,0.4112139642238617,0.40349695086479187,0.43270233273506165,0.43102216720581055,0.4074074074074074,0.40329218106995884,,,49.0,99.0,144.0,0.4074074074074074,0.8148148148148148,0.7669591815383345,0.005064868833869696,,,
hungary,cleveland,3,conservative_candidate,1,242,61,0.0,96.0,,,,0.9413447976112366,False,0.4017470180988312,0.39925819635391235,,,0.371900826446281,0.371900826446281,,,48.0,,,0.371900826446281,0.743801652892562,0.7001738164050519,,full,1.0,0.0025107876863330603
hungary,cleveland,3,conservative_candidate,2,242,61,0.0,96.0,,,,0.941265344619751,False,0.4109666049480438,0.4092540442943573,,,0.3925619834710744,0.3925619834710744,,,48.0,,,0.3925619834710744,0.7851239669421488,0.7390099813130276,,full,1.0,0.001829810324124992
hungary,cleveland,3,conservative_candidate,3,242,61,0.0,96.0,,,,0.9439414143562317,False,0.3974795341491699,0.3952944278717041,,,0.384297520661157,0.384297520661157,,,48.0,,,0.384297520661157,0.768595041322314,0.7255086903729715,,full,1.0,0.0016618467634543777
hungary,cleveland,3,conservative_candidate,4,243,60,0.0,98.0,,,,0.9415647387504578,False,0.40785861015319824,0.4061461091041565,,,0.37448559670781895,0.37448559670781895,,,49.0,,,0.37448559670781895,0.7489711934156379,0.7052048660600136,,full,1.0,0.0016485960222780704
hungary,cleveland,3,conservative_candidate,5,243,60,0.0,98.0,,,,0.9412680864334106,False,0.4112139642238617,0.40980085730552673,,,0.4074074074074074,0.4074074074074074,,,49.0,,,0.4074074074074074,0.8148148148148148,0.7669591815383345,,full,1.0,0.0014563591685146093
hungary,switzerland,3,pseudo_label_sfda,1,98,25,0.012755102040816325,18.0,0.1836734693877551,16.0,2.0,0.93099045753479,False,,,,,,,,,,,,,,,,,,
hungary,switzerland,3,pseudo_label_sfda,2,98,25,0.007653061224489795,17.0,0.17346938775510204,13.0,4.0,0.929828941822052,False,,,,,,,,,,,,,,,,,,
hungary,switzerland,3,pseudo_label_sfda,3,98,25,0.011479591836734693,13.0,0.1326530612244898,10.0,3.0,0.931290328502655,False,,,,,,,,,,,,,,,,,,
hungary,switzerland,3,pseudo_label_sfda,4,99,24,0.01388888888888889,18.0,0.18181818181818182,14.0,4.0,0.934424638748169,False,,,,,,,,,,,,,,,,,,
hungary,switzerland,3,pseudo_label_sfda,5,99,24,0.0101010101010101,18.0,0.18181818181818182,15.0,3.0,0.9324885606765747,False,,,,,,,,,,,,,,,,,,
hungary,switzerland,3,entropy_sfda,1,98,25,0.012755102040816325,,,,,,,0.49389395117759705,0.46537283062934875,0.5849556922912598,0.5933085083961487,0.5714285714285714,0.5816326530612245,0.7658244371414185,0.7848846316337585,,,,,,,,,,
hungary,switzerland,3,entropy_sfda,2,98,25,0.007653061224489795,,,,,,,0.5102005004882812,0.48304206132888794,0.5834182500839233,0.6003323793411255,0.5918367346938775,0.6122448979591837,0.7526906728744507,0.7705968022346497,,,,,,,,,,
hungary,switzerland,3,entropy_sfda,3,98,25,0.011479591836734693,,,,,,,0.5152871012687683,0.48909541964530945,0.5502440929412842,0.549312174320221,0.5306122448979592,0.5306122448979592,0.7508677244186401,0.7706366777420044,,,,,,,,,,
hungary,switzerland,3,entropy_sfda,4,99,24,0.01388888888888889,,,,,,,0.5006130337715149,0.4737620949745178,0.5816861987113953,0.5921592712402344,0.5656565656565656,0.5656565656565656,0.7581037878990173,0.7754855751991272,,,,,,,,,,
hungary,switzerland,3,entropy_sfda,5,99,24,0.0101010101010101,,,,,,,0.4978080987930298,0.4695097804069519,0.5853256583213806,0.5965046882629395,0.5858585858585859,0.5959595959595959,0.7603628039360046,0.7788180708885193,,,,,,,,,,
hungary,switzerland,3,reliability_gated_sfda,1,98,25,0.012755102040816325,40.0,0.40816326530612246,,,0.8757685422897339,False,0.49389395117759705,0.4881801903247833,0.5849556922912598,0.5807986259460449,0.5714285714285714,0.5714285714285714,,,20.0,56.0,42.0,0.5714285714285714,0.8571428571428572,0.7410840215731641,0.005825208965688944,,,
hungary,switzerland,3,reliability_gated_sfda,2,98,25,0.007653061224489795,40.0,0.40816326530612246,,,0.8645588159561157,False,0.5102005004882812,0.505379855632782,0.5834182500839233,0.5804164409637451,0.5918367346938775,0.5918367346938775,,,20.0,58.0,40.0,0.5918367346938775,0.8163265306122449,0.7003610566574948,0.005086875520646572,,,
hungary,switzerland,3,reliability_gated_sfda,3,98,25,0.011479591836734693,40.0,0.40816326530612246,,,0.8711776733398438,False,0.5152871012687683,0.509373664855957,0.5502440929412842,0.5462002158164978,0.5306122448979592,0.5306122448979592,,,20.0,52.0,46.0,0.5306122448979592,0.9387755102040816,0.8084517923408326,0.006115919444710016,,,
hungary,switzerland,3,reliability_gated_sfda,4,99,24,0.01388888888888889,40.0,0.40404040404040403,,,0.8745557069778442,False,0.5006130337715149,0.4952924847602844,0.5816861987113953,0.5788928270339966,0.5656565656565656,0.5656565656565656,,,20.0,56.0,43.0,0.5656565656565656,0.8686868686868687,0.7491634605508862,0.005144861526787281,,,
hungary,switzerland,3,reliability_gated_sfda,5,99,24,0.0101010101010101,40.0,0.40404040404040403,,,0.8767280578613281,False,0.4978080987930298,0.49241048097610474,0.5853256583213806,0.5817790031433105,0.5858585858585859,0.5858585858585859,,,20.0,58.0,41.0,0.5858585858585859,0.8282828282828283,0.7188436560528143,0.00544922286644578,,,
hungary,switzerland,3,conservative_candidate,1,98,25,0.012755102040816325,40.0,,,,0.8757685422897339,False,0.49389395117759705,0.49381697177886963,,,0.5714285714285714,0.5714285714285714,,,20.0,,,0.5714285714285714,0.8571428571428572,0.7410840215731641,,full,0.9872448979591837,0.002844960195943713
hungary,switzerland,3,conservative_candidate,2,98,25,0.007653061224489795,40.0,,,,0.8645588159561157,False,0.5102005004882812,0.5098294019699097,,,0.5918367346938775,0.5918367346938775,,,20.0,,,0.5918367346938775,0.8163265306122449,0.7003610566574948,,full,0.9923469387755102,0.003054812317714095
hungary,switzerland,3,conservative_candidate,3,98,25,0.011479591836734693,40.0,,,,0.8711776733398438,False,0.5152871012687683,0.5146479606628418,,,0.5306122448979592,0.5306122448979592,,,20.0,,,0.5306122448979592,0.9387755102040816,0.8084517923408326,,full,0.9885204081632653,0.00210052658803761
hungary,switzerland,3,conservative_candidate,4,99,24,0.01388888888888889,40.0,,,,0.8745557069778442,False,0.5006130337715149,0.5006162524223328,,,0.5656565656565656,0.5656565656565656,,,20.0,,,0.5656565656565656,0.8686868686868687,0.7491634605508862,,full,0.9861111111111112,0.0041868253611028194
hungary,switzerland,3,conservative_candidate,5,99,24,0.0101010101010101,40.0,,,,0.8767280578613281,False,0.4978080987930298,0.4977104365825653,,,0.5858585858585859,0.5858585858585859,,,20.0,,,0.5858585858585859,0.8282828282828283,0.7188436560528143,,full,0.98989898989899,0.0036756510380655527
hungary,va_long_beach,3,pseudo_label_sfda,1,160,40,0.13984375,49.0,0.30625,39.0,10.0,0.9327535629272461,False,,,,,,,,,,,,,,,,,,
hungary,va_long_beach,3,pseudo_label_sfda,2,160,40,0.13828125000000002,49.0,0.30625,40.0,9.0,0.9306930303573608,False,,,,,,,,,,,,,,,,,,
hungary,va_long_beach,3,pseudo_label_sfda,3,160,40,0.12578125,51.0,0.31875,41.0,10.0,0.9336720705032349,False,,,,,,,,,,,,,,,,,,
hungary,va_long_beach,3,pseudo_label_sfda,4,160,40,0.1328125,53.0,0.33125,41.0,12.0,0.9349477291107178,False,,,,,,,,,,,,,,,,,,
hungary,va_long_beach,3,pseudo_label_sfda,5,160,40,0.14765625,50.0,0.3125,39.0,11.0,0.9345526695251465,False,,,,,,,,,,,,,,,,,,
hungary,va_long_beach,3,entropy_sfda,1,160,40,0.13984375,,,,,,,0.45771360397338867,0.4046454429626465,0.5626904964447021,0.5525156259536743,0.54375,0.53125,0.7954252362251282,0.8298273086547852,,,,,,,,,,
hungary,va_long_beach,3,entropy_sfda,2,160,40,0.13828125000000002,,,,,,,0.46243467926979065,0.4096847474575043,0.5711638331413269,0.5638532042503357,0.55,0.55,0.7922379970550537,0.8275659680366516,,,,,,,,,,
hungary,va_long_beach,3,entropy_sfda,3,160,40,0.12578125,,,,,,,0.46149247884750366,0.41134676337242126,0.5744935870170593,0.5678013563156128,0.55625,0.55625,0.7896503210067749,0.8231837153434753,,,,,,,,,,
hungary,va_long_beach,3,entropy_sfda,4,160,40,0.1328125,,,,,,,0.4535179138183594,0.40257930755615234,0.5760917067527771,0.5688222050666809,0.5625,0.5625,0.7939274907112122,0.8271225094795227,,,,,,,,,,
hungary,va_long_beach,3,entropy_sfda,5,160,40,0.14765625,,,,,,,0.4576694965362549,0.4048086702823639,0.5505531430244446,0.5334088206291199,0.5125,0.50625,0.7932953834533691,0.8290684819221497,,,,,,,,,,
hungary,va_long_beach,3,reliability_gated_sfda,1,160,40,0.13984375,64.0,0.4,,,0.8966737985610962,False,0.45771360397338867,0.45021191239356995,0.5626904964447021,0.5602952241897583,0.54375,0.54375,,,32.0,87.0,73.0,0.54375,0.9125000000000001,0.7037926094897557,0.005520320497453213,,,
hungary,va_long_beach,3,reliability_gated_sfda,2,160,40,0.13828125000000002,64.0,0.4,,,0.8904139995574951,False,0.46243467926979065,0.4553098678588867,0.5711638331413269,0.5682468414306641,0.55,0.55,,,32.0,88.0,72.0,0.55,0.8999999999999999,0.6905577948130667,0.005532650742679834,,,
hungary,va_long_beach,3,reliability_gated_sfda,3,160,40,0.12578125,64.0,0.4,,,0.8934045433998108,False,0.46149247884750366,0.4546327590942383,0.5744935870170593,0.5710484385490417,0.55625,0.55625,,,32.0,89.0,71.0,0.55625,0.8875,0.6931650153180817,0.005651307292282581,,,
hungary,va_long_beach,3,reliability_gated_sfda,4,160,40,0.1328125,64.0,0.4,,,0.8987570405006409,False,0.4535179138183594,0.446585476398468,0.5760917067527771,0.5734314322471619,0.5625,0.5625,,,32.0,90.0,70.0,0.5625,0.875,0.6819670121767558,0.005400607828050852,,,
hungary,va_long_beach,3,reliability_gated_sfda,5,160,40,0.14765625,64.0,0.4,,,0.9005763530731201,False,0.4576694965362549,0.4502810537815094,0.5505531430244446,0.547372043132782,0.5125,0.5125,,,32.0,82.0,78.0,0.5125,0.9750000000000001,0.7484106102911756,0.0057342154905200005,,,
hungary,va_long_beach,3,conservative_candidate,1,160,40,0.13984375,64.0,,,,0.8966737985610962,False,0.45771360397338867,0.4567463994026184,,,0.54375,0.54375,,,32.0,,,0.54375,0.9125000000000001,0.7037926094897557,,full,0.86015625,0.0025236508809030056
hungary,va_long_beach,3,conservative_candidate,2,160,40,0.13828125000000002,64.0,,,,0.8904139995574951,False,0.46243467926979065,0.46205559372901917,,,0.55,0.55,,,32.0,,,0.55,0.8999999999999999,0.6905577948130667,,full,0.86171875,0.0019941539503633976
hungary,va_long_beach,3,conservative_candidate,3,160,40,0.12578125,64.0,,,,0.8934045433998108,False,0.46149247884750366,0.4611443877220154,,,0.55625,0.55625,,,32.0,,,0.55625,0.8875,0.6931650153180817,,full,0.87421875,0.0033255494199693203
hungary,va_long_beach,3,conservative_candidate,4,160,40,0.1328125,64.0,,,,0.8987570405006409,False,0.4535179138183594,0.45260652899742126,,,0.5625,0.5625,,,32.0,,,0.5625,0.875,0.6819670121767558,,full,0.8671875,0.0021741525270044804
hungary,va_long_beach,3,conservative_candidate,5,160,40,0.14765625,64.0,,,,0.9005763530731201,False,0.4576694965362549,0.45686158537864685,,,0.5125,0.5125,,,32.0,,,0.5125,0.9750000000000001,0.7484106102911756,,full,0.85234375,0.0014038437511771917
hungary,cleveland,4,pseudo_label_sfda,1,242,61,0.0,96.0,0.39669421487603307,35.0,61.0,0.9435409903526306,False,,,,,,,,,,,,,,,,,,
hungary,cleveland,4,pseudo_label_sfda,2,242,61,0.0,92.0,0.38016528925619836,36.0,56.0,0.9430135488510132,False,,,,,,,,,,,,,,,,,,
hungary,cleveland,4,pseudo_label_sfda,3,242,61,0.0,93.0,0.384297520661157,37.0,56.0,0.9449983835220337,False,,,,,,,,,,,,,,,,,,
hungary,cleveland,4,pseudo_label_sfda,4,243,60,0.0,93.0,0.38271604938271603,38.0,55.0,0.9428126811981201,False,,,,,,,,,,,,,,,,,,
hungary,cleveland,4,pseudo_label_sfda,5,243,60,0.0,94.0,0.3868312757201646,38.0,56.0,0.9427952170372009,False,,,,,,,,,,,,,,,,,,
hungary,cleveland,4,entropy_sfda,1,242,61,0.0,,,,,,,0.4129733145236969,0.3302934467792511,0.40559664368629456,0.3674280047416687,0.371900826446281,0.3347107438016529,0.816638708114624,0.8616836071014404,,,,,,,,,,
hungary,cleveland,4,entropy_sfda,2,242,61,0.0,,,,,,,0.420813649892807,0.3372010886669159,0.4103551208972931,0.3671618103981018,0.38016528925619836,0.3305785123966942,0.8116406798362732,0.8570321798324585,,,,,,,,,,
hungary,cleveland,4,entropy_sfda,3,242,61,0.0,,,,,,,0.41016799211502075,0.3277236819267273,0.4148107171058655,0.38451099395751953,0.384297520661157,0.35537190082644626,0.81956547498703,0.8639553189277649,,,,,,,,,,
hungary,cleveland,4,entropy_sfda,4,243,60,0.0,,,,,,,0.41706088185310364,0.32941779494285583,0.4115133285522461,0.36791330575942993,0.36213991769547327,0.32098765432098764,0.8153607249259949,0.8648861050605774,,,,,,,,,,
hungary,cleveland,4,entropy_sfda,5,243,60,0.0,,,,,,,0.4218398630619049,0.3392776846885681,0.42522087693214417,0.39137938618659973,0.3991769547325103,0.3662551440329218,0.8097102046012878,0.8553789258003235,,,,,,,,,,
hungary,cleveland,4,reliability_gated_sfda,1,242,61,0.0,96.0,0.39669421487603307,,,0.9359790682792664,False,0.4129733145236969,0.40575146675109863,0.40559664368629456,0.40655410289764404,0.371900826446281,0.371900826446281,,,48.0,90.0,152.0,0.371900826446281,0.743801652892562,0.6961827780589585,0.004729042295366526,,,
hungary,cleveland,4,reliability_gated_sfda,2,242,61,0.0,96.0,0.39669421487603307,,,0.9356936812400818,False,0.420813649892807,0.4136873483657837,0.4103551208972931,0.41094520688056946,0.38016528925619836,0.38016528925619836,,,48.0,92.0,150.0,0.38016528925619836,0.7603305785123967,0.7114365179676655,0.004662115126848221,,,
hungary,cleveland,4,reliability_gated_sfda,3,242,61,0.0,96.0,0.39669421487603307,,,0.9394166469573975,False,0.41016799211502075,0.40298739075660706,0.4148107171058655,0.4163101017475128,0.384297520661157,0.384297520661157,,,48.0,93.0,149.0,0.384297520661157,0.768595041322314,0.7220309765870906,0.00480820145457983,,,
hungary,cleveland,4,reliability_gated_sfda,4,243,60,0.0,98.0,0.40329218106995884,,,0.936739444732666,False,0.41706088185310364,0.4097656011581421,0.4115133285522461,0.4121719002723694,0.36213991769547327,0.36213991769547327,,,49.0,88.0,155.0,0.36213991769547327,0.7242798353909465,0.678461490835182,0.004661248996853828,,,
hungary,cleveland,4,reliability_gated_sfda,5,243,60,0.0,98.0,0.40329218106995884,,,0.9374140501022339,False,0.4218398630619049,0.41439709067344666,0.42522087693214417,0.42566823959350586,0.3991769547325103,0.3991769547325103,,,49.0,97.0,146.0,0.3991769547325103,0.7983539094650206,0.7483881716865571,0.004637459758669138,,,
hungary,cleveland,4,conservative_candidate,1,242,61,0.0,96.0,,,,0.9359790682792664,False,0.4129733145236969,0.4117175042629242,,,0.371900826446281,0.371900826446281,,,48.0,,,0.371900826446281,0.743801652892562,0.6961827780589585,,full,1.0,0.0013807755894958973
hungary,cleveland,4,conservative_candidate,2,242,61,0.0,96.0,,,,0.9356936812400818,False,0.420813649892807,0.4190891981124878,,,0.38016528925619836,0.38016528925619836,,,48.0,,,0.38016528925619836,0.7603305785123967,0.7114365179676655,,full,1.0,0.0016926407115533948
hungary,cleveland,4,conservative_candidate,3,242,61,0.0,96.0,,,,0.9394166469573975,False,0.41016799211502075,0.409345805644989,,,0.384297520661157,0.384297520661157,,,48.0,,,0.384297520661157,0.768595041322314,0.7220309765870906,,full,1.0,0.001275397022254765
hungary,cleveland,4,conservative_candidate,4,243,60,0.0,98.0,,,,0.936739444732666,False,0.41706088185310364,0.41619452834129333,,,0.36213991769547327,0.36213991769547327,,,49.0,,,0.36213991769547327,0.7242798353909465,0.678461490835182,,full,1.0,0.0009675190085545182
hungary,cleveland,4,conservative_candidate,5,243,60,0.0,98.0,,,,0.9374140501022339,False,0.4218398630619049,0.42087239027023315,,,0.3991769547325103,0.3991769547325103,,,49.0,,,0.3991769547325103,0.7983539094650206,0.7483881716865571,,full,1.0,0.0010010366095229983
hungary,switzerland,4,pseudo_label_sfda,1,98,25,0.012755102040816325,17.0,0.17346938775510204,14.0,3.0,0.9393191337585449,False,,,,,,,,,,,,,,,,,,
hungary,switzerland,4,pseudo_label_sfda,2,98,25,0.007653061224489795,17.0,0.17346938775510204,11.0,6.0,0.9377773404121399,False,,,,,,,,,,,,,,,,,,
hungary,switzerland,4,pseudo_label_sfda,3,98,25,0.011479591836734693,14.0,0.14285714285714285,9.0,5.0,0.9401481747627258,False,,,,,,,,,,,,,,,,,,
hungary,switzerland,4,pseudo_label_sfda,4,99,24,0.01388888888888889,18.0,0.18181818181818182,13.0,5.0,0.9394513368606567,False,,,,,,,,,,,,,,,,,,
hungary,switzerland,4,pseudo_label_sfda,5,99,24,0.0101010101010101,18.0,0.18181818181818182,13.0,5.0,0.9385912418365479,False,,,,,,,,,,,,,,,,,,
hungary,switzerland,4,entropy_sfda,1,98,25,0.012755102040816325,,,,,,,0.5007714033126831,0.4730391502380371,0.5519891977310181,0.5627028942108154,0.5510204081632653,0.5612244897959183,0.7612335085868835,0.7810247540473938,,,,,,,,,,
hungary,switzerland,4,entropy_sfda,2,98,25,0.007653061224489795,,,,,,,0.513268232345581,0.4851730763912201,0.5519415140151978,0.5705327987670898,0.5612244897959183,0.5816326530612245,0.7501393556594849,0.771503210067749,,,,,,,,,,
hungary,switzerland,4,entropy_sfda,3,98,25,0.011479591836734693,,,,,,,0.5162881016731262,0.4895959198474884,0.5226729512214661,0.5248787999153137,0.5102040816326531,0.5102040816326531,0.748253583908081,0.7690897583961487,,,,,,,,,,
hungary,switzerland,4,entropy_sfda,4,99,24,0.01388888888888889,,,,,,,0.5132145881652832,0.4832146465778351,0.5476602911949158,0.5724236369132996,0.5454545454545454,0.5656565656565656,0.7461461424827576,0.7678740620613098,,,,,,,,,,
hungary,switzerland,4,entropy_sfda,5,99,24,0.0101010101010101,,,,,,,0.5027235150337219,0.47024956345558167,0.5566104650497437,0.5786844491958618,0.5555555555555556,0.5757575757575758,0.7557717561721802,0.7793068289756775,,,,,,,,,,
hungary,switzerland,4,reliability_gated_sfda,1,98,25,0.012755102040816325,40.0,0.40816326530612246,,,0.8852331042289734,False,0.5007714033126831,0.49525296688079834,0.5519891977310181,0.5496330857276917,0.5510204081632653,0.5510204081632653,,,20.0,54.0,44.0,0.5510204081632653,0.8979591836734695,0.7847641242612954,0.004829151090234518,,,
hungary,switzerland,4,reliability_gated_sfda,2,98,25,0.007653061224489795,40.0,0.40816326530612246,,,0.8780637979507446,False,0.513268232345581,0.5078888535499573,0.5519415140151978,0.5504253506660461,0.5612244897959183,0.5612244897959183,,,20.0,55.0,43.0,0.5612244897959183,0.8775510204081634,0.7646487478301804,0.004665976855903864,,,
hungary,switzerland,4,reliability_gated_sfda,3,98,25,0.011479591836734693,40.0,0.40816326530612246,,,0.8790606260299683,False,0.5162881016731262,0.5100610852241516,0.5226729512214661,0.5232871174812317,0.5102040816326531,0.5102040816326531,,,20.0,50.0,48.0,0.5102040816326531,0.9795918367346939,0.8512353000914936,0.005018043797463179,,,
hungary,switzerland,4,reliability_gated_sfda,4,99,24,0.01388888888888889,40.0,0.40404040404040403,,,0.8839836120605469,False,0.5132145881652832,0.5075659155845642,0.5476602911949158,0.5472859740257263,0.5454545454545454,0.5454545454545454,,,20.0,54.0,45.0,0.5454545454545454,0.9090909090909092,0.7924600562663995,0.004675906617194414,,,
hungary,switzerland,4,reliability_gated_sfda,5,99,24,0.0101010101010101,40.0,0.40404040404040403,,,0.8851385116577148,False,0.5027235150337219,0.49684563279151917,0.5566104650497437,0.5548402667045593,0.5555555555555556,0.5555555555555556,,,20.0,55.0,44.0,0.5555555555555556,0.8888888888888888,0.7788424165428153,0.0048387134447693825,,,
hungary,switzerland,4,conservative_candidate,1,98,25,0.012755102040816325,40.0,,,,0.8852331042289734,False,0.5007714033126831,0.5009686946868896,,,0.5510204081632653,0.5510204081632653,,,20.0,,,0.5510204081632653,0.8979591836734695,0.7847641242612954,,full,0.9872448979591837,0.0011318254983052611
hungary,switzerland,4,conservative_candidate,2,98,25,0.007653061224489795,40.0,,,,0.8780637979507446,False,0.513268232345581,0.5132573246955872,,,0.5612244897959183,0.5612244897959183,,,20.0,,,0.5612244897959183,0.8775510204081634,0.7646487478301804,,full,0.9923469387755102,0.0022293084766715765
hungary,switzerland,4,conservative_candidate,3,98,25,0.011479591836734693,40.0,,,,0.8790606260299683,False,0.5162881016731262,0.5160287022590637,,,0.5102040816326531,0.5204081632653061,,,20.0,,,0.5102040816326531,0.9795918367346939,0.8512353000914936,,full,0.9885204081632653,0.004635932389646769
hungary,switzerland,4,conservative_candidate,4,99,24,0.01388888888888889,40.0,,,,0.8839836120605469,False,0.5132145881652832,0.513023853302002,,,0.5454545454545454,0.5454545454545454,,,20.0,,,0.5454545454545454,0.9090909090909092,0.7924600562663995,,full,0.9861111111111112,0.003272458678111434
hungary,switzerland,4,conservative_candidate,5,99,24,0.0101010101010101,40.0,,,,0.8851385116577148,False,0.5027235150337219,0.5026167631149292,,,0.5555555555555556,0.5555555555555556,,,20.0,,,0.5555555555555556,0.8888888888888888,0.7788424165428153,,full,0.98989898989899,0.0011290657566860318
hungary,va_long_beach,4,pseudo_label_sfda,1,160,40,0.13984375,39.0,0.24375,32.0,7.0,0.9443634152412415,False,,,,,,,,,,,,,,,,,,
hungary,va_long_beach,4,pseudo_label_sfda,2,160,40,0.13828125000000002,39.0,0.24375,31.0,8.0,0.9444230794906616,False,,,,,,,,,,,,,,,,,,
hungary,va_long_beach,4,pseudo_label_sfda,3,160,40,0.12578125,39.0,0.24375,31.0,8.0,0.9485878348350525,False,,,,,,,,,,,,,,,,,,
hungary,va_long_beach,4,pseudo_label_sfda,4,160,40,0.1328125,45.0,0.28125,34.0,11.0,0.9475999474525452,False,,,,,,,,,,,,,,,,,,
hungary,va_long_beach,4,pseudo_label_sfda,5,160,40,0.14765625,42.0,0.2625,32.0,10.0,0.9473731517791748,False,,,,,,,,,,,,,,,,,,
hungary,va_long_beach,4,entropy_sfda,1,160,40,0.13984375,,,,,,,0.4550936818122864,0.4008285105228424,0.5317513346672058,0.5282005667686462,0.5125,0.51875,0.7947715520858765,0.8283166885375977,,,,,,,,,,
hungary,va_long_beach,4,entropy_sfda,2,160,40,0.13828125000000002,,,,,,,0.45712804794311523,0.4047154486179352,0.5400892496109009,0.5378566980361938,0.525,0.53125,0.7928021550178528,0.8253057599067688,,,,,,,,,,
hungary,va_long_beach,4,entropy_sfda,3,160,40,0.12578125,,,,,,,0.45544928312301636,0.4030398428440094,0.5447577238082886,0.5413709878921509,0.53125,0.5375,0.7920721173286438,0.8246086239814758,,,,,,,,,,
hungary,va_long_beach,4,entropy_sfda,4,160,40,0.1328125,,,,,,,0.4462244510650635,0.3940952718257904,0.5436009168624878,0.5398293137550354,0.525,0.525,0.7983667254447937,0.8304316401481628,,,,,,,,,,
hungary,va_long_beach,4,entropy_sfda,5,160,40,0.14765625,,,,,,,0.4484919607639313,0.3934049904346466,0.5210984945297241,0.5057751536369324,0.48125,0.48125,0.7985970973968506,0.8336275219917297,,,,,,,,,,
hungary,va_long_beach,4,reliability_gated_sfda,1,160,40,0.13984375,64.0,0.4,,,0.912412703037262,False,0.4550936818122864,0.44675999879837036,0.5317513346672058,0.5309077501296997,0.5125,0.5125,,,32.0,82.0,78.0,0.5125,0.9750000000000001,0.7651970518694725,0.005477104801684618,,,
hungary,va_long_beach,4,reliability_gated_sfda,2,160,40,0.13828125000000002,64.0,0.4,,,0.9092721939086914,False,0.45712804794311523,0.4494783282279968,0.5400892496109009,0.5378619432449341,0.525,0.525,,,32.0,84.0,76.0,0.525,0.95,0.7443600534275173,0.005428585689514875,,,
hungary,va_long_beach,4,reliability_gated_sfda,3,160,40,0.12578125,64.0,0.4,,,0.9099805355072021,False,0.45544928312301636,0.4479822516441345,0.5447577238082886,0.5423962473869324,0.53125,0.53125,,,32.0,85.0,75.0,0.53125,0.9375,0.7458019183832221,0.005401084665209055,,,
hungary,va_long_beach,4,reliability_gated_sfda,4,160,40,0.1328125,64.0,0.4,,,0.917527437210083,False,0.4462244510650635,0.438798725605011,0.5436009168624878,0.5424167513847351,0.525,0.525,,,32.0,84.0,76.0,0.525,0.95,0.7558849082328378,0.004917891230434179,,,
hungary,va_long_beach,4,reliability_gated_sfda,5,160,40,0.14765625,64.0,0.4,,,0.918607234954834,False,0.4484919607639313,0.44056206941604614,0.5210984945297241,0.5193463563919067,0.48125,0.48125,,,32.0,77.0,83.0,0.48125,0.9625,0.7536077928403393,0.005324880126863718,,,
hungary,va_long_beach,4,conservative_candidate,1,160,40,0.13984375,64.0,,,,0.912412703037262,False,0.4550936818122864,0.45374464988708496,,,0.5125,0.5125,,,32.0,,,0.5125,0.9750000000000001,0.7651970518694725,,full,0.86015625,0.0033206932712346315
hungary,va_long_beach,4,conservative_candidate,2,160,40,0.13828125000000002,64.0,,,,0.9092721939086914,False,0.45712804794311523,0.45658379793167114,,,0.525,0.525,,,32.0,,,0.525,0.95,0.7443600534275173,,full,0.86171875,0.0011443037074059248
hungary,va_long_beach,4,conservative_candidate,3,160,40,0.12578125,64.0,,,,0.9099805355072021,False,0.45544928312301636,0.4547352194786072,,,0.53125,0.53125,,,32.0,,,0.53125,0.9375,0.7458019183832221,,full,0.87421875,0.0020120362751185894
hungary,va_long_beach,4,conservative_candidate,4,160,40,0.1328125,64.0,,,,0.917527437210083,False,0.4462244510650635,0.4447266459465027,,,0.525,0.525,,,32.0,,,0.525,0.95,0.7558849082328378,,full,0.8671875,0.0036157555878162384
hungary,va_long_beach,4,conservative_candidate,5,160,40,0.14765625,64.0,,,,0.918607234954834,False,0.4484919607639313,0.44691210985183716,,,0.48125,0.48125,,,32.0,,,0.48125,0.9625,0.7536077928403393,,full,0.85234375,0.0016101440414786339
hungary,cleveland,5,pseudo_label_sfda,1,242,61,0.0,99.0,0.4090909090909091,25.0,74.0,0.9401223063468933,False,,,,,,,,,,,,,,,,,,
hungary,cleveland,5,pseudo_label_sfda,2,242,61,0.0,93.0,0.384297520661157,24.0,69.0,0.9401441812515259,False,,,,,,,,,,,,,,,,,,
hungary,cleveland,5,pseudo_label_sfda,3,242,61,0.0,99.0,0.4090909090909091,25.0,74.0,0.9390982389450073,False,,,,,,,,,,,,,,,,,,
hungary,cleveland,5,pseudo_label_sfda,4,243,60,0.0,98.0,0.40329218106995884,27.0,71.0,0.9385960698127747,False,,,,,,,,,,,,,,,,,,
hungary,cleveland,5,pseudo_label_sfda,5,243,60,0.0,95.0,0.39094650205761317,27.0,68.0,0.9380244016647339,False,,,,,,,,,,,,,,,,,,
hungary,cleveland,5,entropy_sfda,1,242,61,0.0,,,,,,,0.41149580478668213,0.33441394567489624,0.38671422004699707,0.34599706530570984,0.3512396694214876,0.3181818181818182,0.8192133903503418,0.8628880381584167,,,,,,,,,,
hungary,cleveland,5,entropy_sfda,2,242,61,0.0,,,,,,,0.4173092842102051,0.3401038944721222,0.3898254334926605,0.3469168543815613,0.36363636363636365,0.32644628099173556,0.8152421116828918,0.8568006753921509,,,,,,,,,,
hungary,cleveland,5,entropy_sfda,3,242,61,0.0,,,,,,,0.40983471274375916,0.3342321217060089,0.39497050642967224,0.35761967301368713,0.371900826446281,0.33884297520661155,0.8219811320304871,0.8621848821640015,,,,,,,,,,
hungary,cleveland,5,entropy_sfda,4,243,60,0.0,,,,,,,0.41463860869407654,0.3339144289493561,0.3916299343109131,0.3464536964893341,0.36213991769547327,0.3168724279835391,0.8175657987594604,0.8623253703117371,,,,,,,,,,
hungary,cleveland,5,entropy_sfda,5,243,60,0.0,,,,,,,0.4211353361606598,0.345761775970459,0.4046041965484619,0.3639812469482422,0.38271604938271603,0.345679012345679,0.8124884366989136,0.853749692440033,,,,,,,,,,
hungary,cleveland,5,reliability_gated_sfda,1,242,61,0.0,96.0,0.39669421487603307,,,0.9221901893615723,False,0.41149580478668213,0.40595975518226624,0.38671422004699707,0.38813042640686035,0.3512396694214876,0.359504132231405,,,48.0,85.0,157.0,0.3512396694214876,0.7024793388429752,0.6478195545101954,0.004169727675616741,,,
hungary,cleveland,5,reliability_gated_sfda,2,242,61,0.0,96.0,0.39669421487603307,,,0.9231886267662048,False,0.4173092842102051,0.41148608922958374,0.3898254334926605,0.39077091217041016,0.36363636363636365,0.371900826446281,,,48.0,88.0,154.0,0.36363636363636365,0.7272727272727273,0.6714099103754217,0.004152041859924793,,,
hungary,cleveland,5,reliability_gated_sfda,3,242,61,0.0,96.0,0.39669421487603307,,,0.9247387051582336,False,0.40983471274375916,0.4039684236049652,0.39497050642967224,0.3962624967098236,0.371900826446281,0.371900826446281,,,48.0,90.0,152.0,0.371900826446281,0.743801652892562,0.6878221773904217,0.004182384815067053,,,
hungary,cleveland,5,reliability_gated_sfda,4,243,60,0.0,98.0,0.40329218106995884,,,0.9247715473175049,False,0.41463860869407654,0.40846478939056396,0.3916299343109131,0.3921239674091339,0.36213991769547327,0.3662551440329218,,,49.0,88.0,155.0,0.36213991769547327,0.7242798353909465,0.6697933840653534,0.004183867946267128,,,
hungary,cleveland,5,reliability_gated_sfda,5,243,60,0.0,98.0,0.40329218106995884,,,0.9242734313011169,False,0.4211353361606598,0.4152800738811493,0.4046041965484619,0.4054064452648163,0.38271604938271603,0.39094650205761317,,,49.0,93.0,150.0,0.38271604938271603,0.7654320987654321,0.7074685523539413,0.0040322765707969666,,,
hungary,cleveland,5,conservative_candidate,1,242,61,0.0,96.0,,,,0.9221901893615723,False,0.41149580478668213,0.4114621877670288,,,0.3512396694214876,0.3512396694214876,,,48.0,,,0.3512396694214876,0.7024793388429752,0.6478195545101954,,full,1.0,0.0009114237618632615
hungary,cleveland,5,conservative_candidate,2,242,61,0.0,96.0,,,,0.9231886267662048,False,0.4173092842102051,0.41640493273735046,,,0.36363636363636365,0.36363636363636365,,,48.0,,,0.36363636363636365,0.7272727272727273,0.6714099103754217,,full,1.0,0.0011658580042421818
hungary,cleveland,5,conservative_candidate,3,242,61,0.0,96.0,,,,0.9247387051582336,False,0.40983471274375916,0.4093225598335266,,,0.371900826446281,0.371900826446281,,,48.0,,,0.371900826446281,0.743801652892562,0.6878221773904217,,full,1.0,0.0011623473837971687
hungary,cleveland,5,conservative_candidate,4,243,60,0.0,98.0,,,,0.9247715473175049,False,0.41463860869407654,0.41378408670425415,,,0.36213991769547327,0.35802469135802467,,,49.0,,,0.36213991769547327,0.7242798353909465,0.6697933840653534,,full,1.0,0.0014839464565739036
hungary,cleveland,5,conservative_candidate,5,243,60,0.0,98.0,,,,0.9242734313011169,False,0.4211353361606598,0.42097288370132446,,,0.38271604938271603,0.38271604938271603,,,49.0,,,0.38271604938271603,0.7654320987654321,0.7074685523539413,,full,1.0,0.001036052592098713
hungary,switzerland,5,pseudo_label_sfda,1,98,25,0.012755102040816325,11.0,0.11224489795918367,9.0,2.0,0.9309104681015015,False,,,,,,,,,,,,,,,,,,
hungary,switzerland,5,pseudo_label_sfda,2,98,25,0.007653061224489795,12.0,0.12244897959183673,7.0,5.0,0.9344081282615662,False,,,,,,,,,,,,,,,,,,
hungary,switzerland,5,pseudo_label_sfda,3,98,25,0.011479591836734693,11.0,0.11224489795918367,7.0,4.0,0.9301790595054626,False,,,,,,,,,,,,,,,,,,
hungary,switzerland,5,pseudo_label_sfda,4,99,24,0.01388888888888889,13.0,0.13131313131313133,8.0,5.0,0.9354833960533142,False,,,,,,,,,,,,,,,,,,
hungary,switzerland,5,pseudo_label_sfda,5,99,24,0.0101010101010101,13.0,0.13131313131313133,9.0,4.0,0.9340041279792786,False,,,,,,,,,,,,,,,,,,
hungary,switzerland,5,entropy_sfda,1,98,25,0.012755102040816325,,,,,,,0.5121362805366516,0.48435136675834656,0.5667728781700134,0.57152259349823,0.5918367346938775,0.5816326530612245,0.7532917857170105,0.7735338807106018,,,,,,,,,,
hungary,switzerland,5,entropy_sfda,2,98,25,0.007653061224489795,,,,,,,0.5244608521461487,0.5003520846366882,0.5634347200393677,0.57358318567276,0.6020408163265306,0.6122448979591837,0.7410418391227722,0.7594921588897705,,,,,,,,,,
hungary,switzerland,5,entropy_sfda,3,98,25,0.011479591836734693,,,,,,,0.5259726643562317,0.502647340297699,0.5392647385597229,0.5420897603034973,0.5612244897959183,0.5510204081632653,0.739073634147644,0.7567223310470581,,,,,,,,,,
hungary,switzerland,5,entropy_sfda,4,99,24,0.01388888888888889,,,,,,,0.5176934003829956,0.4942373037338257,0.5658129453659058,0.573281466960907,0.5959595959595959,0.5959595959595959,0.7436921000480652,0.7610923647880554,,,,,,,,,,
hungary,switzerland,5,entropy_sfda,5,99,24,0.0101010101010101,,,,,,,0.5109225511550903,0.4842957854270935,0.5729318261146545,0.5863979458808899,0.6161616161616161,0.6363636363636364,0.7498244643211365,0.7693767547607422,,,,,,,,,,
hungary,switzerland,5,reliability_gated_sfda,1,98,25,0.012755102040816325,40.0,0.40816326530612246,,,0.8711560964584351,False,0.5121362805366516,0.5072357654571533,0.5667728781700134,0.5638378858566284,0.5918367346938775,0.5816326530612245,,,20.0,58.0,40.0,0.5918367346938775,0.8163265306122449,0.7020770706568396,0.004795145709067583,,,
hungary,switzerland,5,reliability_gated_sfda,2,98,25,0.007653061224489795,40.0,0.40816326530612246,,,0.8617691993713379,False,0.5244608521461487,0.5197880268096924,0.5634347200393677,0.5621907114982605,0.6020408163265306,0.5918367346938775,,,20.0,59.0,39.0,0.6020408163265306,0.7959183673469388,0.6806487153093798,0.0044321357272565365,,,
hungary,switzerland,5,reliability_gated_sfda,3,98,25,0.011479591836734693,40.0,0.40816326530612246,,,0.8703158497810364,False,0.5259726643562317,0.5212924480438232,0.5392647385597229,0.5363705158233643,0.5612244897959183,0.5612244897959183,,,20.0,55.0,43.0,0.5612244897959183,0.8775510204081634,0.7549790632536714,0.004754562862217426,,,
hungary,switzerland,5,reliability_gated_sfda,4,99,24,0.01388888888888889,40.0,0.40404040404040403,,,0.8723567128181458,False,0.5176934003829956,0.5131840705871582,0.5658129453659058,0.5644044876098633,0.5959595959595959,0.5959595959595959,,,20.0,59.0,40.0,0.5959595959595959,0.8080808080808082,0.6951439574645158,0.004247120115906,,,
hungary,switzerland,5,reliability_gated_sfda,5,99,24,0.0101010101010101,40.0,0.40404040404040403,,,0.8747890591621399,False,0.5109225511550903,0.506136417388916,0.5729318261146545,0.5720587372779846,0.6161616161616161,0.6161616161616161,,,20.0,61.0,38.0,0.6161616161616161,0.7676767676767677,0.6647718511008691,0.004232289735227823,,,
hungary,switzerland,5,conservative_candidate,1,98,25,0.012755102040816325,40.0,,,,0.8711560964584351,False,0.5121362805366516,0.5126611590385437,,,0.5918367346938775,0.5918367346938775,,,20.0,,,0.5918367346938775,0.8163265306122449,0.7020770706568396,,full,0.9872448979591837,0.0020377279724925756
hungary,switzerland,5,conservative_candidate,2,98,25,0.007653061224489795,40.0,,,,0.8617691993713379,False,0.5244608521461487,0.5247926115989685,,,0.6020408163265306,0.6122448979591837,,,20.0,,,0.6020408163265306,0.7959183673469388,0.6806487153093798,,full,0.9923469387755102,0.003018317511305213
hungary,switzerland,5,conservative_candidate,3,98,25,0.011479591836734693,40.0,,,,0.8703158497810364,False,0.5259726643562317,0.5268826484680176,,,0.5612244897959183,0.5714285714285714,,,20.0,,,0.5612244897959183,0.8775510204081634,0.7549790632536714,,full,0.9885204081632653,0.0020785268861800432
hungary,switzerland,5,conservative_candidate,4,99,24,0.01388888888888889,40.0,,,,0.8723567128181458,False,0.5176934003829956,0.5179288983345032,,,0.5959595959595959,0.6060606060606061,,,20.0,,,0.5959595959595959,0.8080808080808082,0.6951439574645158,,full,0.9861111111111112,0.003263286082074046
hungary,switzerland,5,conservative_candidate,5,99,24,0.0101010101010101,40.0,,,,0.8747890591621399,False,0.5109225511550903,0.5107846260070801,,,0.6161616161616161,0.6262626262626263,,,20.0,,,0.6161616161616161,0.7676767676767677,0.6647718511008691,,full,0.98989898989899,0.0033262590877711773
hungary,va_long_beach,5,pseudo_label_sfda,1,160,40,0.13984375,32.0,0.2,20.0,12.0,0.9337116479873657,False,,,,,,,,,,,,,,,,,,
hungary,va_long_beach,5,pseudo_label_sfda,2,160,40,0.13828125000000002,30.0,0.1875,18.0,12.0,0.9320202469825745,False,,,,,,,,,,,,,,,,,,
hungary,va_long_beach,5,pseudo_label_sfda,3,160,40,0.12578125,34.0,0.2125,22.0,12.0,0.9329929351806641,False,,,,,,,,,,,,,,,,,,
hungary,va_long_beach,5,pseudo_label_sfda,4,160,40,0.1328125,37.0,0.23125,23.0,14.0,0.9356198906898499,False,,,,,,,,,,,,,,,,,,
hungary,va_long_beach,5,pseudo_label_sfda,5,160,40,0.14765625,35.0,0.21875,21.0,14.0,0.933975338935852,False,,,,,,,,,,,,,,,,,,
hungary,va_long_beach,5,entropy_sfda,1,160,40,0.13984375,,,,,,,0.47099679708480835,0.4189908504486084,0.5410155057907104,0.5307729840278625,0.525,0.525,0.7867950201034546,0.820496678352356,,,,,,,,,,
hungary,va_long_beach,5,entropy_sfda,2,160,40,0.13828125000000002,,,,,,,0.4712238907814026,0.41930150985717773,0.5480878949165344,0.5355141758918762,0.5375,0.53125,0.7883976697921753,0.8222705721855164,,,,,,,,,,
hungary,va_long_beach,5,entropy_sfda,3,160,40,0.12578125,,,,,,,0.4737204611301422,0.42491888999938965,0.5563130974769592,0.5444616079330444,0.5375,0.5375,0.7839792966842651,0.8162211179733276,,,,,,,,,,
hungary,va_long_beach,5,entropy_sfda,4,160,40,0.1328125,,,,,,,0.46357259154319763,0.4135378301143646,0.5560351610183716,0.5471912622451782,0.5375,0.53125,0.7909600138664246,0.8230184316635132,,,,,,,,,,
hungary,va_long_beach,5,entropy_sfda,5,160,40,0.14765625,,,,,,,0.4659939706325531,0.4129723608493805,0.5275405049324036,0.5064331293106079,0.4875,0.48125,0.7891471982002258,0.8243961334228516,,,,,,,,,,
hungary,va_long_beach,5,reliability_gated_sfda,1,160,40,0.13984375,64.0,0.4,,,0.8976938128471375,False,0.47099679708480835,0.463906466960907,0.5410155057907104,0.5402885675430298,0.525,0.525,,,32.0,84.0,76.0,0.525,0.95,0.7335490965214557,0.004993746522814035,,,
hungary,va_long_beach,5,reliability_gated_sfda,2,160,40,0.13828125000000002,64.0,0.4,,,0.8936883211135864,False,0.4712238907814026,0.4643440246582031,0.5480878949165344,0.5462480783462524,0.5375,0.5375,,,32.0,86.0,74.0,0.5375,0.925,0.7123498842376285,0.004853179212659597,,,
hungary,va_long_beach,5,reliability_gated_sfda,3,160,40,0.12578125,64.0,0.4,,,0.8916783332824707,False,0.4737204611301422,0.4670012891292572,0.5563130974769592,0.5540145039558411,0.5375,0.5375,,,32.0,86.0,74.0,0.5375,0.925,0.7210577740799636,0.0050210547633469105,,,
hungary,va_long_beach,5,reliability_gated_sfda,4,160,40,0.1328125,64.0,0.4,,,0.8998258113861084,False,0.46357259154319763,0.45690304040908813,0.5560351610183716,0.5543962121009827,0.5375,0.5375,,,32.0,86.0,74.0,0.5375,0.925,0.7217938686255366,0.004823130555450916,,,
hungary,va_long_beach,5,reliability_gated_sfda,5,160,40,0.14765625,64.0,0.4,,,0.9017717838287354,False,0.4659939706325531,0.458838552236557,0.5275405049324036,0.5257920026779175,0.4875,0.4875,,,32.0,78.0,82.0,0.4875,0.975,0.7494040552759542,0.0050633130595088005,,,
hungary,va_long_beach,5,conservative_candidate,1,160,40,0.13984375,64.0,,,,0.8976938128471375,False,0.47099679708480835,0.4703438878059387,,,0.525,0.5375,,,32.0,,,0.525,0.95,0.7335490965214557,,full,0.86015625,0.0029801256023347378
hungary,va_long_beach,5,conservative_candidate,2,160,40,0.13828125000000002,64.0,,,,0.8936883211135864,False,0.4712238907814026,0.47075003385543823,,,0.5375,0.5375,,,32.0,,,0.5375,0.925,0.7123498842376285,,full,0.86171875,0.002340273465961218
hungary,va_long_beach,5,conservative_candidate,3,160,40,0.12578125,64.0,,,,0.8916783332824707,False,0.4737204611301422,0.4732762277126312,,,0.5375,0.54375,,,32.0,,,0.5375,0.925,0.7210577740799636,,full,0.87421875,0.0021019731648266315
hungary,va_long_beach,5,conservative_candidate,4,160,40,0.1328125,64.0,,,,0.8998258113861084,False,0.46357259154319763,0.4634321630001068,,,0.5375,0.54375,,,32.0,,,0.5375,0.925,0.7217938686255366,,full,0.8671875,0.0022663832642138004
hungary,va_long_beach,5,conservative_candidate,5,160,40,0.14765625,64.0,,,,0.9017717838287354,False,0.4659939706325531,0.46554940938949585,,,0.4875,0.49375,,,32.0,,,0.4875,0.975,0.7494040552759542,,full,0.85234375,0.002405979670584202
hungary,cleveland,6,pseudo_label_sfda,1,242,61,0.0,92.0,0.38016528925619836,34.0,58.0,0.9464757442474365,False,,,,,,,,,,,,,,,,,,
hungary,cleveland,6,pseudo_label_sfda,2,242,61,0.0,87.0,0.359504132231405,34.0,53.0,0.9451143145561218,False,,,,,,,,,,,,,,,,,,
hungary,cleveland,6,pseudo_label_sfda,3,242,61,0.0,89.0,0.3677685950413223,34.0,55.0,0.9461188912391663,False,,,,,,,,,,,,,,,,,,
hungary,cleveland,6,pseudo_label_sfda,4,243,60,0.0,89.0,0.3662551440329218,36.0,53.0,0.9450945258140564,False,,,,,,,,,,,,,,,,,,
hungary,cleveland,6,pseudo_label_sfda,5,243,60,0.0,87.0,0.35802469135802467,34.0,53.0,0.9448528289794922,False,,,,,,,,,,,,,,,,,,
hungary,cleveland,6,entropy_sfda,1,242,61,0.0,,,,,,,0.41815292835235596,0.3345562517642975,0.4445008337497711,0.39805173873901367,0.4256198347107438,0.3884297520661157,0.810482919216156,0.8567072153091431,,,,,,,,,,
hungary,cleveland,6,entropy_sfda,2,242,61,0.0,,,,,,,0.42913520336151123,0.3424266576766968,0.4452812969684601,0.3891976773738861,0.43388429752066116,0.3884297520661157,0.8036057949066162,0.8513283133506775,,,,,,,,,,
hungary,cleveland,6,entropy_sfda,3,242,61,0.0,,,,,,,0.4171021580696106,0.3324700891971588,0.4491313397884369,0.4054369330406189,0.4380165289256198,0.40082644628099173,0.8128716349601746,0.858741044998169,,,,,,,,,,
hungary,cleveland,6,entropy_sfda,4,243,60,0.0,,,,,,,0.42544642090797424,0.33570435643196106,0.44617560505867004,0.38736751675605774,0.4279835390946502,0.3662551440329218,0.8055320978164673,0.8550671339035034,,,,,,,,,,
hungary,cleveland,6,entropy_sfda,5,243,60,0.0,,,,,,,0.42945215106010437,0.3472200334072113,0.45978695154190063,0.41552039980888367,0.45267489711934156,0.411522633744856,0.8030093908309937,0.8488944172859192,,,,,,,,,,
hungary,cleveland,6,reliability_gated_sfda,1,242,61,0.0,96.0,0.39669421487603307,,,0.9374289512634277,False,0.41815292835235596,0.41048765182495117,0.4445008337497711,0.44447964429855347,0.4256198347107438,0.4297520661157025,,,48.0,103.0,139.0,0.4256198347107438,0.8512396694214877,0.7979767105796121,0.004858846310526133,,,
hungary,cleveland,6,reliability_gated_sfda,2,242,61,0.0,96.0,0.39669421487603307,,,0.9356423020362854,False,0.42913520336151123,0.4214429557323456,0.4452812969684601,0.44515812397003174,0.43388429752066116,0.43388429752066116,,,48.0,105.0,137.0,0.43388429752066116,0.8677685950413223,0.811921005899256,0.004973873030394316,,,
hungary,cleveland,6,reliability_gated_sfda,3,242,61,0.0,96.0,0.39669421487603307,,,0.9375901222229004,False,0.4171021580696106,0.40925708413124084,0.4491313397884369,0.44904008507728577,0.4380165289256198,0.44214876033057854,,,48.0,106.0,136.0,0.4380165289256198,0.8760330578512396,0.821359941782045,0.004817861132323742,,,
hungary,cleveland,6,reliability_gated_sfda,4,243,60,0.0,98.0,0.40329218106995884,,,0.9362881779670715,False,0.42544642090797424,0.4174381494522095,0.44617560505867004,0.44494861364364624,0.4279835390946502,0.4279835390946502,,,49.0,104.0,139.0,0.4279835390946502,0.8559670781893004,0.8014318560376579,0.004980413243174553,,,
hungary,cleveland,6,reliability_gated_sfda,5,243,60,0.0,98.0,0.40329218106995884,,,0.9348878860473633,False,0.42945215106010437,0.4215066432952881,0.45978695154190063,0.45911291241645813,0.45267489711934156,0.45267489711934156,,,49.0,110.0,133.0,0.45267489711934156,0.9053497942386831,0.8464005552692178,0.004933367017656565,,,
hungary,cleveland,6,conservative_candidate,1,242,61,0.0,96.0,,,,0.9374289512634277,False,0.41815292835235596,0.41725412011146545,,,0.4256198347107438,0.4297520661157025,,,48.0,,,0.4256198347107438,0.8512396694214877,0.7979767105796121,,full,1.0,0.0014343116199597716
hungary,cleveland,6,conservative_candidate,2,242,61,0.0,96.0,,,,0.9356423020362854,False,0.42913520336151123,0.4285094439983368,,,0.43388429752066116,0.43388429752066116,,,48.0,,,0.43388429752066116,0.8677685950413223,0.811921005899256,,full,1.0,0.0017243610927835107
hungary,cleveland,6,conservative_candidate,3,242,61,0.0,96.0,,,,0.9375901222229004,False,0.4171021580696106,0.41635361313819885,,,0.4380165289256198,0.44214876033057854,,,48.0,,,0.4380165289256198,0.8760330578512396,0.821359941782045,,full,1.0,0.0014268615050241351
hungary,cleveland,6,conservative_candidate,4,243,60,0.0,98.0,,,,0.9362881779670715,False,0.42544642090797424,0.4239473044872284,,,0.4279835390946502,0.43209876543209874,,,49.0,,,0.4279835390946502,0.8559670781893004,0.8014318560376579,,full,1.0,0.001506132772192359
hungary,cleveland,6,conservative_candidate,5,243,60,0.0,98.0,,,,0.9348878860473633,False,0.42945215106010437,0.4284839928150177,,,0.45267489711934156,0.4567901234567901,,,49.0,,,0.45267489711934156,0.9053497942386831,0.8464005552692178,,full,1.0,0.0012737129582092166
hungary,switzerland,6,pseudo_label_sfda,1,98,25,0.012755102040816325,12.0,0.12244897959183673,9.0,3.0,0.9324491620063782,False,,,,,,,,,,,,,,,,,,
hungary,switzerland,6,pseudo_label_sfda,2,98,25,0.007653061224489795,13.0,0.1326530612244898,7.0,6.0,0.9323577284812927,False,,,,,,,,,,,,,,,,,,
hungary,switzerland,6,pseudo_label_sfda,3,98,25,0.011479591836734693,12.0,0.12244897959183673,7.0,5.0,0.9270269870758057,False,,,,,,,,,,,,,,,,,,
hungary,switzerland,6,pseudo_label_sfda,4,99,24,0.01388888888888889,14.0,0.1414141414141414,9.0,5.0,0.9358506202697754,False,,,,,,,,,,,,,,,,,,
hungary,switzerland,6,pseudo_label_sfda,5,99,24,0.0101010101010101,13.0,0.13131313131313133,8.0,5.0,0.9329507350921631,False,,,,,,,,,,,,,,,,,,
hungary,switzerland,6,entropy_sfda,1,98,25,0.012755102040816325,,,,,,,0.5245481133460999,0.49652981758117676,0.5780304670333862,0.5884091258049011,0.5816326530612245,0.5816326530612245,0.7452144026756287,0.7657959461212158,,,,,,,,,,
hungary,switzerland,6,entropy_sfda,2,98,25,0.007653061224489795,,,,,,,0.5304785370826721,0.5022839307785034,0.5807705521583557,0.5999428629875183,0.6122448979591837,0.6224489795918368,0.7390106320381165,0.7592638731002808,,,,,,,,,,
hungary,switzerland,6,entropy_sfda,3,98,25,0.011479591836734693,,,,,,,0.5355183482170105,0.5087223649024963,0.5522946715354919,0.5511723160743713,0.5510204081632653,0.5510204081632653,0.7358683943748474,0.757539689540863,,,,,,,,,,
hungary,switzerland,6,entropy_sfda,4,99,24,0.01388888888888889,,,,,,,0.5309150815010071,0.5012340545654297,0.5742202401161194,0.5848630666732788,0.5858585858585859,0.5858585858585859,0.7354321479797363,0.7581818699836731,,,,,,,,,,
hungary,switzerland,6,entropy_sfda,5,99,24,0.0101010101010101,,,,,,,0.522266685962677,0.49276500940322876,0.5806370377540588,0.5848501920700073,0.5959595959595959,0.5959595959595959,0.7454037070274353,0.7674694061279297,,,,,,,,,,
hungary,switzerland,6,reliability_gated_sfda,1,98,25,0.012755102040816325,40.0,0.40816326530612246,,,0.8541069030761719,False,0.5245481133460999,0.5186688899993896,0.5780304670333862,0.576521098613739,0.5816326530612245,0.5816326530612245,,,20.0,57.0,41.0,0.5816326530612245,0.8367346938775511,0.7055453056596012,0.0052584195509552956,,,
hungary,switzerland,6,reliability_gated_sfda,2,98,25,0.007653061224489795,40.0,0.40816326530612246,,,0.8476381301879883,False,0.5304785370826721,0.5258008241653442,0.5807705521583557,0.5784801244735718,0.6122448979591837,0.6122448979591837,,,20.0,60.0,38.0,0.6122448979591837,0.7755102040816326,0.6523212640794899,0.00480603938922286,,,
hungary,switzerland,6,reliability_gated_sfda,3,98,25,0.011479591836734693,40.0,0.40816326530612246,,,0.8525182604789734,False,0.5355183482170105,0.5297772884368896,0.5522946715354919,0.5491203665733337,0.5510204081632653,0.5510204081632653,,,20.0,54.0,44.0,0.5510204081632653,0.8979591836734695,0.7567386683239534,0.005760954227298498,,,
hungary,switzerland,6,reliability_gated_sfda,4,99,24,0.01388888888888889,40.0,0.40404040404040403,,,0.8539555668830872,False,0.5309150815010071,0.5259297490119934,0.5742202401161194,0.5720255374908447,0.5858585858585859,0.5858585858585859,,,20.0,58.0,41.0,0.5858585858585859,0.8282828282828283,0.6974928886634868,0.005014517344534397,,,
hungary,switzerland,6,reliability_gated_sfda,5,99,24,0.0101010101010101,40.0,0.40404040404040403,,,0.8578147888183594,False,0.522266685962677,0.5165286064147949,0.5806370377540588,0.5796056389808655,0.5959595959595959,0.5959595959595959,,,20.0,59.0,40.0,0.5959595959595959,0.8080808080808082,0.6861818125023915,0.004940344952046871,,,
hungary,switzerland,6,conservative_candidate,1,98,25,0.012755102040816325,40.0,,,,0.8541069030761719,False,0.5245481133460999,0.5243690013885498,,,0.5816326530612245,0.5816326530612245,,,20.0,,,0.5816326530612245,0.8367346938775511,0.7055453056596012,,full,0.9872448979591837,0.003812850685790181
hungary,switzerland,6,conservative_candidate,2,98,25,0.007653061224489795,40.0,,,,0.8476381301879883,False,0.5304785370826721,0.5313053131103516,,,0.6122448979591837,0.6122448979591837,,,20.0,,,0.6122448979591837,0.7755102040816326,0.6523212640794899,,full,0.9923469387755102,0.0024316217750310898
hungary,switzerland,6,conservative_candidate,3,98,25,0.011479591836734693,40.0,,,,0.8525182604789734,False,0.5355183482170105,0.5347847938537598,,,0.5510204081632653,0.5510204081632653,,,20.0,,,0.5510204081632653,0.8979591836734695,0.7567386683239534,,full,0.9885204081632653,0.0012155603617429733
hungary,switzerland,6,conservative_candidate,4,99,24,0.01388888888888889,40.0,,,,0.8539555668830872,False,0.5309150815010071,0.5308800339698792,,,0.5858585858585859,0.5858585858585859,,,20.0,,,0.5858585858585859,0.8282828282828283,0.6974928886634868,,full,0.9861111111111112,0.002191447652876377
hungary,switzerland,6,conservative_candidate,5,99,24,0.0101010101010101,40.0,,,,0.8578147888183594,False,0.522266685962677,0.5219903588294983,,,0.5959595959595959,0.5959595959595959,,,20.0,,,0.5959595959595959,0.8080808080808082,0.6861818125023915,,full,0.98989898989899,0.003933516331017017
hungary,va_long_beach,6,pseudo_label_sfda,1,160,40,0.13984375,32.0,0.2,21.0,11.0,0.9391367435455322,False,,,,,,,,,,,,,,,,,,
hungary,va_long_beach,6,pseudo_label_sfda,2,160,40,0.13828125000000002,30.0,0.1875,20.0,10.0,0.9379057288169861,False,,,,,,,,,,,,,,,,,,
hungary,va_long_beach,6,pseudo_label_sfda,3,160,40,0.12578125,35.0,0.21875,24.0,11.0,0.9384354948997498,False,,,,,,,,,,,,,,,,,,
hungary,va_long_beach,6,pseudo_label_sfda,4,160,40,0.1328125,37.0,0.23125,25.0,12.0,0.9402395486831665,False,,,,,,,,,,,,,,,,,,
hungary,va_long_beach,6,pseudo_label_sfda,5,160,40,0.14765625,34.0,0.2125,22.0,12.0,0.941192090511322,False,,,,,,,,,,,,,,,,,,
hungary,va_long_beach,6,entropy_sfda,1,160,40,0.13984375,,,,,,,0.4842988848686218,0.43051785230636597,0.5641461610794067,0.5539003610610962,0.56875,0.5625,0.7770841717720032,0.8134362101554871,,,,,,,,,,
hungary,va_long_beach,6,entropy_sfda,2,160,40,0.13828125000000002,,,,,,,0.4861472547054291,0.432097852230072,0.570014476776123,0.5603187084197998,0.5625,0.55625,0.7765557169914246,0.813999354839325,,,,,,,,,,
hungary,va_long_beach,6,entropy_sfda,3,160,40,0.12578125,,,,,,,0.48414546251296997,0.43262138962745667,0.5764952898025513,0.5674796104431152,0.575,0.575,0.7760789394378662,0.8118785619735718,,,,,,,,,,
hungary,va_long_beach,6,entropy_sfda,4,160,40,0.1328125,,,,,,,0.47566089034080505,0.42288607358932495,0.5749057531356812,0.5690023899078369,0.58125,0.575,0.7817781567573547,0.8169468641281128,,,,,,,,,,
hungary,va_long_beach,6,entropy_sfda,5,160,40,0.14765625,,,,,,,0.4803905487060547,0.4251291751861572,0.5540068745613098,0.5329092741012573,0.5375,0.525,0.7770504951477051,0.8153272867202759,,,,,,,,,,
hungary,va_long_beach,6,reliability_gated_sfda,1,160,40,0.13984375,64.0,0.4,,,0.8894041776657104,False,0.4842988848686218,0.47704213857650757,0.5641461610794067,0.5610212683677673,0.56875,0.56875,,,32.0,91.0,69.0,0.56875,0.8625,0.6598354098934215,0.006038857623934746,,,
hungary,va_long_beach,6,reliability_gated_sfda,2,160,40,0.13828125000000002,64.0,0.4,,,0.8833153247833252,False,0.4861472547054291,0.4789882302284241,0.570014476776123,0.5661040544509888,0.5625,0.5625,,,32.0,90.0,70.0,0.5625,0.875,0.6660232053371146,0.006302899215370417,,,
hungary,va_long_beach,6,reliability_gated_sfda,3,160,40,0.12578125,64.0,0.4,,,0.8836264610290527,False,0.48414546251296997,0.4774818420410156,0.5764952898025513,0.5729519128799438,0.575,0.575,,,32.0,92.0,68.0,0.575,0.8500000000000001,0.6566103971935809,0.005928663536906242,,,
hungary,va_long_beach,6,reliability_gated_sfda,4,160,40,0.1328125,64.0,0.4,,,0.8927892446517944,False,0.47566089034080505,0.46878212690353394,0.5749057531356812,0.5722054243087769,0.58125,0.58125,,,32.0,93.0,67.0,0.58125,0.8374999999999999,0.6484056262183002,0.005694096442312002,,,
hungary,va_long_beach,6,reliability_gated_sfda,5,160,40,0.14765625,64.0,0.4,,,0.8959840536117554,False,0.4803905487060547,0.47287625074386597,0.5540068745613098,0.5504722595214844,0.5375,0.5375,,,32.0,86.0,74.0,0.5375,0.925,0.7064099275809712,0.006382810417562723,,,
hungary,va_long_beach,6,conservative_candidate,1,160,40,0.13984375,64.0,,,,0.8894041776657104,False,0.4842988848686218,0.48418673872947693,,,0.56875,0.56875,,,32.0,,,0.56875,0.8625,0.6598354098934215,,full,0.86015625,0.0020618357229977846
hungary,va_long_beach,6,conservative_candidate,2,160,40,0.13828125000000002,64.0,,,,0.8833153247833252,False,0.4861472547054291,0.4854278564453125,,,0.5625,0.5625,,,32.0,,,0.5625,0.875,0.6660232053371146,,full,0.86171875,0.0010405537905171514
hungary,va_long_beach,6,conservative_candidate,3,160,40,0.12578125,64.0,,,,0.8836264610290527,False,0.48414546251296997,0.48354023694992065,,,0.575,0.575,,,32.0,,,0.575,0.8500000000000001,0.6566103971935809,,full,0.87421875,0.0027498151175677776
hungary,va_long_beach,6,conservative_candidate,4,160,40,0.1328125,64.0,,,,0.8927892446517944,False,0.47566089034080505,0.47540760040283203,,,0.58125,0.58125,,,32.0,,,0.58125,0.8374999999999999,0.6484056262183002,,full,0.8671875,0.0022864690981805325
hungary,va_long_beach,6,conservative_candidate,5,160,40,0.14765625,64.0,,,,0.8959840536117554,False,0.4803905487060547,0.4795006811618805,,,0.5375,0.5375,,,32.0,,,0.5375,0.925,0.7064099275809712,,full,0.85234375,0.002208118559792638
hungary,cleveland,7,pseudo_label_sfda,1,242,61,0.0,101.0,0.41735537190082644,31.0,70.0,0.9486497640609741,False,,,,,,,,,,,,,,,,,,
hungary,cleveland,7,pseudo_label_sfda,2,242,61,0.0,98.0,0.4049586776859504,33.0,65.0,0.946697473526001,False,,,,,,,,,,,,,,,,,,
hungary,cleveland,7,pseudo_label_sfda,3,242,61,0.0,103.0,0.4256198347107438,33.0,70.0,0.9468286037445068,False,,,,,,,,,,,,,,,,,,
hungary,cleveland,7,pseudo_label_sfda,4,243,60,0.0,101.0,0.4156378600823045,35.0,66.0,0.9459832310676575,False,,,,,,,,,,,,,,,,,,
hungary,cleveland,7,pseudo_label_sfda,5,243,60,0.0,101.0,0.4156378600823045,36.0,65.0,0.9454079866409302,False,,,,,,,,,,,,,,,,,,
hungary,cleveland,7,entropy_sfda,1,242,61,0.0,,,,,,,0.40331149101257324,0.3206210732460022,0.4049871265888214,0.3609146773815155,0.371900826446281,0.34710743801652894,0.8192936778068542,0.8656008243560791,,,,,,,,,,
hungary,cleveland,7,entropy_sfda,2,242,61,0.0,,,,,,,0.41315245628356934,0.3293413519859314,0.4104026257991791,0.36072754859924316,0.38016528925619836,0.34710743801652894,0.812441885471344,0.8600906729698181,,,,,,,,,,
hungary,cleveland,7,entropy_sfda,3,242,61,0.0,,,,,,,0.4021178185939789,0.31981393694877625,0.4148414134979248,0.3755972981452942,0.38016528925619836,0.3512396694214876,0.8206920623779297,0.8682000637054443,,,,,,,,,,
hungary,cleveland,7,entropy_sfda,4,243,60,0.0,,,,,,,0.4106576144695282,0.3230814039707184,0.41211220622062683,0.3600528836250305,0.37037037037037035,0.34156378600823045,0.8145356178283691,0.8648670315742493,,,,,,,,,,
hungary,cleveland,7,entropy_sfda,5,243,60,0.0,,,,,,,0.4134814441204071,0.33273234963417053,0.42432525753974915,0.3832966983318329,0.3950617283950617,0.37037037037037035,0.8121094703674316,0.858633816242218,,,,,,,,,,
hungary,cleveland,7,reliability_gated_sfda,1,242,61,0.0,96.0,0.39669421487603307,,,0.9371935725212097,False,0.40331149101257324,0.3965604305267334,0.4049871265888214,0.40647944808006287,0.371900826446281,0.38016528925619836,,,48.0,90.0,152.0,0.371900826446281,0.743801652892562,0.6970861283215609,0.0046411496587097645,,,
hungary,cleveland,7,reliability_gated_sfda,2,242,61,0.0,96.0,0.39669421487603307,,,0.9372091293334961,False,0.41315245628356934,0.4067345857620239,0.4104026257991791,0.4122319519519806,0.38016528925619836,0.3925619834710744,,,48.0,92.0,150.0,0.38016528925619836,0.7603305785123967,0.7125887594932367,0.004726812709122896,,,
hungary,cleveland,7,reliability_gated_sfda,3,242,61,0.0,96.0,0.39669421487603307,,,0.9402041435241699,False,0.4021178185939789,0.39534443616867065,0.4148414134979248,0.41650521755218506,0.38016528925619836,0.384297520661157,,,48.0,92.0,150.0,0.38016528925619836,0.7603305785123967,0.7148659603654846,0.004682445432990789,,,
hungary,cleveland,7,reliability_gated_sfda,4,243,60,0.0,98.0,0.40329218106995884,,,0.9392068982124329,False,0.4106576144695282,0.40351641178131104,0.41211220622062683,0.4122462570667267,0.37037037037037035,0.37448559670781895,,,49.0,90.0,153.0,0.37037037037037035,0.7407407407407407,0.695708813490691,0.004547190852463245,,,
hungary,cleveland,7,reliability_gated_sfda,5,243,60,0.0,98.0,0.40329218106995884,,,0.9391784071922302,False,0.4134814441204071,0.40666940808296204,0.42432525753974915,0.4257279634475708,0.3950617283950617,0.3991769547325103,,,49.0,96.0,147.0,0.3950617283950617,0.7901234567901234,0.7420668896333671,0.004700265359133482,,,
hungary,cleveland,7,conservative_candidate,1,242,61,0.0,96.0,,,,0.9371935725212097,False,0.40331149101257324,0.4020313024520874,,,0.371900826446281,0.371900826446281,,,48.0,,,0.371900826446281,0.743801652892562,0.6970861283215609,,full,1.0,0.0013843391789123416
hungary,cleveland,7,conservative_candidate,2,242,61,0.0,96.0,,,,0.9372091293334961,False,0.41315245628356934,0.41277778148651123,,,0.38016528925619836,0.384297520661157,,,48.0,,,0.38016528925619836,0.7603305785123967,0.7125887594932367,,full,1.0,0.0010562691604718566
hungary,cleveland,7,conservative_candidate,3,242,61,0.0,96.0,,,,0.9402041435241699,False,0.4021178185939789,0.401459664106369,,,0.38016528925619836,0.38016528925619836,,,48.0,,,0.38016528925619836,0.7603305785123967,0.7148659603654846,,full,1.0,0.0011239866726100445
hungary,cleveland,7,conservative_candidate,4,243,60,0.0,98.0,,,,0.9392068982124329,False,0.4106576144695282,0.4096274673938751,,,0.37037037037037035,0.37037037037037035,,,49.0,,,0.37037037037037035,0.7407407407407407,0.695708813490691,,full,1.0,0.0018842010758817196
hungary,cleveland,7,conservative_candidate,5,243,60,0.0,98.0,,,,0.9391784071922302,False,0.4134814441204071,0.41269710659980774,,,0.3950617283950617,0.3950617283950617,,,49.0,,,0.3950617283950617,0.7901234567901234,0.7420668896333671,,full,1.0,0.0012307584984228015
hungary,switzerland,7,pseudo_label_sfda,1,98,25,0.012755102040816325,17.0,0.17346938775510204,14.0,3.0,0.933258593082428,False,,,,,,,,,,,,,,,,,,
hungary,switzerland,7,pseudo_label_sfda,2,98,25,0.007653061224489795,16.0,0.16326530612244897,11.0,5.0,0.9317437410354614,False,,,,,,,,,,,,,,,,,,
hungary,switzerland,7,pseudo_label_sfda,3,98,25,0.011479591836734693,14.0,0.14285714285714285,9.0,5.0,0.9312869906425476,False,,,,,,,,,,,,,,,,,,
hungary,switzerland,7,pseudo_label_sfda,4,99,24,0.01388888888888889,19.0,0.1919191919191919,13.0,6.0,0.9307657480239868,False,,,,,,,,,,,,,,,,,,
hungary,switzerland,7,pseudo_label_sfda,5,99,24,0.0101010101010101,18.0,0.18181818181818182,13.0,5.0,0.9319478273391724,False,,,,,,,,,,,,,,,,,,
hungary,switzerland,7,entropy_sfda,1,98,25,0.012755102040816325,,,,,,,0.49671730399131775,0.4683416187763214,0.594597339630127,0.5992666482925415,0.6428571428571429,0.6326530612244898,0.7636612057685852,0.7835850119590759,,,,,,,,,,
hungary,switzerland,7,entropy_sfda,2,98,25,0.007653061224489795,,,,,,,0.5111330151557922,0.48242509365081787,0.5933518409729004,0.6130346059799194,0.6632653061224489,0.673469387755102,0.7504743337631226,0.7713974714279175,,,,,,,,,,
hungary,switzerland,7,entropy_sfda,3,98,25,0.011479591836734693,,,,,,,0.5167084336280823,0.489721417427063,0.5683853626251221,0.5769208669662476,0.6224489795918368,0.6122448979591837,0.7452566027641296,0.7649561762809753,,,,,,,,,,
hungary,switzerland,7,entropy_sfda,4,99,24,0.01388888888888889,,,,,,,0.5107389688491821,0.48124733567237854,0.5925986766815186,0.609123170375824,0.6565656565656566,0.6464646464646465,0.7449057698249817,0.7666652202606201,,,,,,,,,,
hungary,switzerland,7,entropy_sfda,5,99,24,0.0101010101010101,,,,,,,0.5008372068405151,0.4704569876194,0.5964015126228333,0.6110736131668091,0.6666666666666666,0.6767676767676768,0.7563707828521729,0.7783056497573853,,,,,,,,,,
hungary,switzerland,7,reliability_gated_sfda,1,98,25,0.012755102040816325,40.0,0.40816326530612246,,,0.8726814985275269,False,0.49671730399131775,0.49203673005104065,0.594597339630127,0.5898969769477844,0.6428571428571429,0.6224489795918368,,,20.0,63.0,35.0,0.6428571428571429,0.7142857142857142,0.6153931121176255,0.0057169850915670395,,,
hungary,switzerland,7,reliability_gated_sfda,2,98,25,0.007653061224489795,40.0,0.40816326530612246,,,0.8630544543266296,False,0.5111330151557922,0.5065932869911194,0.5933518409729004,0.5908753275871277,0.6632653061224489,0.6632653061224489,,,20.0,65.0,33.0,0.6632653061224489,0.6734693877551021,0.5767924838708323,0.0045817033387720585,,,
hungary,switzerland,7,reliability_gated_sfda,3,98,25,0.011479591836734693,40.0,0.40816326530612246,,,0.8682343363761902,False,0.5167084336280823,0.5117191672325134,0.5683853626251221,0.5648448467254639,0.6224489795918368,0.6020408163265306,,,20.0,61.0,37.0,0.6224489795918368,0.7551020408163265,0.6480794355369442,0.005444446578621864,,,
hungary,switzerland,7,reliability_gated_sfda,4,99,24,0.01388888888888889,40.0,0.40404040404040403,,,0.8682937622070312,False,0.5107389688491821,0.5062566995620728,0.5925986766815186,0.589952826499939,0.6565656565656566,0.6464646464646465,,,20.0,65.0,34.0,0.6565656565656566,0.6868686868686869,0.5881204102042014,0.004893323872238398,,,
hungary,switzerland,7,reliability_gated_sfda,5,99,24,0.0101010101010101,40.0,0.40404040404040403,,,0.8742256164550781,False,0.5008372068405151,0.49651214480400085,0.5964015126228333,0.5912684202194214,0.6666666666666666,0.6464646464646465,,,20.0,66.0,33.0,0.6666666666666666,0.6666666666666667,0.5769300364484692,0.006043406669050455,,,
hungary,switzerland,7,conservative_candidate,1,98,25,0.012755102040816325,40.0,,,,0.8726814985275269,False,0.49671730399131775,0.49715444445610046,,,0.6428571428571429,0.6428571428571429,,,20.0,,,0.6428571428571429,0.7142857142857142,0.6153931121176255,,full,0.9872448979591837,0.00254037301056087
hungary,switzerland,7,conservative_candidate,2,98,25,0.007653061224489795,40.0,,,,0.8630544543266296,False,0.5111330151557922,0.511221170425415,,,0.6632653061224489,0.6632653061224489,,,20.0,,,0.6632653061224489,0.6734693877551021,0.5767924838708323,,full,0.9923469387755102,0.005007670260965824
hungary,switzerland,7,conservative_candidate,3,98,25,0.011479591836734693,40.0,,,,0.8682343363761902,False,0.5167084336280823,0.5167675614356995,,,0.6224489795918368,0.6224489795918368,,,20.0,,,0.6224489795918368,0.7551020408163265,0.6480794355369442,,full,0.9885204081632653,0.002405434148386121
hungary,switzerland,7,conservative_candidate,4,99,24,0.01388888888888889,40.0,,,,0.8682937622070312,False,0.5107389688491821,0.5105730295181274,,,0.6565656565656566,0.6565656565656566,,,20.0,,,0.6565656565656566,0.6868686868686869,0.5881204102042014,,full,0.9861111111111112,0.004491712432354689
hungary,switzerland,7,conservative_candidate,5,99,24,0.0101010101010101,40.0,,,,0.8742256164550781,False,0.5008372068405151,0.5016584992408752,,,0.6666666666666666,0.6666666666666666,,,20.0,,,0.6666666666666666,0.6666666666666667,0.5769300364484692,,full,0.98989898989899,0.0023514535278081894
hungary,va_long_beach,7,pseudo_label_sfda,1,160,40,0.13984375,42.0,0.2625,34.0,8.0,0.9382052421569824,False,,,,,,,,,,,,,,,,,,
hungary,va_long_beach,7,pseudo_label_sfda,2,160,40,0.13828125000000002,41.0,0.25625,32.0,9.0,0.9369698762893677,False,,,,,,,,,,,,,,,,,,
hungary,va_long_beach,7,pseudo_label_sfda,3,160,40,0.12578125,42.0,0.2625,33.0,9.0,0.9398111701011658,False,,,,,,,,,,,,,,,,,,
hungary,va_long_beach,7,pseudo_label_sfda,4,160,40,0.1328125,47.0,0.29375,35.0,12.0,0.941475510597229,False,,,,,,,,,,,,,,,,,,
hungary,va_long_beach,7,pseudo_label_sfda,5,160,40,0.14765625,44.0,0.275,34.0,10.0,0.9395477175712585,False,,,,,,,,,,,,,,,,,,
hungary,va_long_beach,7,entropy_sfda,1,160,40,0.13984375,,,,,,,0.45694130659103394,0.40242689847946167,0.570170521736145,0.5571666955947876,0.53125,0.53125,0.7910167574882507,0.827964186668396,,,,,,,,,,
hungary,va_long_beach,7,entropy_sfda,2,160,40,0.13828125000000002,,,,,,,0.46074971556663513,0.40767568349838257,0.5788075923919678,0.5712593197822571,0.54375,0.54375,0.7892540693283081,0.8252981305122375,,,,,,,,,,
hungary,va_long_beach,7,entropy_sfda,3,160,40,0.12578125,,,,,,,0.4602230489253998,0.40917539596557617,0.5832353830337524,0.5742394924163818,0.55625,0.55625,0.788284420967102,0.8232361078262329,,,,,,,,,,
hungary,va_long_beach,7,entropy_sfda,4,160,40,0.1328125,,,,,,,0.45055246353149414,0.39846065640449524,0.581252932548523,0.5720549821853638,0.54375,0.54375,0.7929976582527161,0.828360378742218,,,,,,,,,,
hungary,va_long_beach,7,entropy_sfda,5,160,40,0.14765625,,,,,,,0.4559595584869385,0.3998219668865204,0.5570980906486511,0.5336545705795288,0.5,0.49375,0.7895278334617615,0.8298615217208862,,,,,,,,,,
hungary,va_long_beach,7,reliability_gated_sfda,1,160,40,0.13984375,64.0,0.4,,,0.9062161445617676,False,0.45694130659103394,0.44924697279930115,0.570170521736145,0.5668198466300964,0.53125,0.53125,,,32.0,85.0,75.0,0.53125,0.9375,0.7307695130584762,0.00616182666271925,,,
hungary,va_long_beach,7,reliability_gated_sfda,2,160,40,0.13828125000000002,64.0,0.4,,,0.8993512988090515,False,0.46074971556663513,0.45363205671310425,0.5788075923919678,0.5751357674598694,0.54375,0.54375,,,32.0,87.0,73.0,0.54375,0.9125000000000001,0.7071764377813088,0.005952891893684864,,,
hungary,va_long_beach,7,reliability_gated_sfda,3,160,40,0.12578125,64.0,0.4,,,0.8982563018798828,False,0.4602230489253998,0.45375198125839233,0.5832353830337524,0.5790313482284546,0.55625,0.55625,,,32.0,89.0,71.0,0.55625,0.8875,0.6969293450005353,0.005911196116358042,,,
hungary,va_long_beach,7,reliability_gated_sfda,4,160,40,0.1328125,64.0,0.4,,,0.907965362071991,False,0.45055246353149414,0.44400209188461304,0.581252932548523,0.5770596265792847,0.54375,0.54375,,,32.0,87.0,73.0,0.54375,0.9125000000000001,0.7184807938348968,0.00595665629953146,,,
hungary,va_long_beach,7,reliability_gated_sfda,5,160,40,0.14765625,64.0,0.4,,,0.9106636047363281,False,0.4559595584869385,0.4484562277793884,0.5570980906486511,0.5531530380249023,0.5,0.5,,,32.0,80.0,80.0,0.5,1.0,0.7761984318494797,0.006223275326192379,,,
hungary,va_long_beach,7,conservative_candidate,1,160,40,0.13984375,64.0,,,,0.9062161445617676,False,0.45694130659103394,0.4568629264831543,,,0.53125,0.53125,,,32.0,,,0.53125,0.9375,0.7307695130584762,,full,0.86015625,0.002639979822561145
hungary,va_long_beach,7,conservative_candidate,2,160,40,0.13828125000000002,64.0,,,,0.8993512988090515,False,0.46074971556663513,0.4609758257865906,,,0.54375,0.54375,,,32.0,,,0.54375,0.9125000000000001,0.7071764377813088,,full,0.86171875,0.0028081610798835754
hungary,va_long_beach,7,conservative_candidate,3,160,40,0.12578125,64.0,,,,0.8982563018798828,False,0.4602230489253998,0.46076735854148865,,,0.55625,0.55625,,,32.0,,,0.55625,0.8875,0.6969293450005353,,full,0.87421875,0.003465447574853897
hungary,va_long_beach,7,conservative_candidate,4,160,40,0.1328125,64.0,,,,0.907965362071991,False,0.45055246353149414,0.45105046033859253,,,0.54375,0.54375,,,32.0,,,0.54375,0.9125000000000001,0.7184807938348968,,full,0.8671875,0.002179053844884038
hungary,va_long_beach,7,conservative_candidate,5,160,40,0.14765625,64.0,,,,0.9106636047363281,False,0.4559595584869385,0.45606184005737305,,,0.5,0.5,,,32.0,,,0.5,1.0,0.7761984318494797,,full,0.85234375,0.0025076379533857107
hungary,cleveland,8,pseudo_label_sfda,1,242,61,0.0,92.0,0.38016528925619836,31.0,61.0,0.9394838213920593,False,,,,,,,,,,,,,,,,,,
hungary,cleveland,8,pseudo_label_sfda,2,242,61,0.0,88.0,0.36363636363636365,33.0,55.0,0.9378736615180969,False,,,,,,,,,,,,,,,,,,
hungary,cleveland,8,pseudo_label_sfda,3,242,61,0.0,90.0,0.371900826446281,32.0,58.0,0.9398636817932129,False,,,,,,,,,,,,,,,,,,
hungary,cleveland,8,pseudo_label_sfda,4,243,60,0.0,87.0,0.35802469135802467,33.0,54.0,0.9381884932518005,False,,,,,,,,,,,,,,,,,,
hungary,cleveland,8,pseudo_label_sfda,5,243,60,0.0,91.0,0.37448559670781895,35.0,56.0,0.9357241988182068,False,,,,,,,,,,,,,,,,,,
hungary,cleveland,8,entropy_sfda,1,242,61,0.0,,,,,,,0.42383620142936707,0.33510318398475647,0.4053262174129486,0.35838279128074646,0.3677685950413223,0.33884297520661155,0.8103064894676208,0.8605535626411438,,,,,,,,,,
hungary,cleveland,8,entropy_sfda,2,242,61,0.0,,,,,,,0.4338320195674896,0.34439414739608765,0.41324761509895325,0.3627646565437317,0.3760330578512397,0.33884297520661155,0.802709698677063,0.8535453677177429,,,,,,,,,,
hungary,cleveland,8,entropy_sfda,3,242,61,0.0,,,,,,,0.4206370711326599,0.3328462839126587,0.41813215613365173,0.37837061285972595,0.38016528925619836,0.36363636363636365,0.8143558502197266,0.8629496693611145,,,,,,,,,,
hungary,cleveland,8,entropy_sfda,4,243,60,0.0,,,,,,,0.43173468112945557,0.3382115662097931,0.41553470492362976,0.3634183406829834,0.37037037037037035,0.3333333333333333,0.8056880235671997,0.8605872988700867,,,,,,,,,,
hungary,cleveland,8,entropy_sfda,5,243,60,0.0,,,,,,,0.43459826707839966,0.34852129220962524,0.4280072748661041,0.3864595890045166,0.40329218106995884,0.3662551440329218,0.8020665049552917,0.8506278991699219,,,,,,,,,,
hungary,cleveland,8,reliability_gated_sfda,1,242,61,0.0,96.0,0.39669421487603307,,,0.9278233647346497,False,0.42383620142936707,0.4162392020225525,0.4053262174129486,0.40579935908317566,0.3677685950413223,0.3677685950413223,,,48.0,89.0,153.0,0.3677685950413223,0.7355371900826446,0.6824485905899489,0.00514859426766634,,,
hungary,cleveland,8,reliability_gated_sfda,2,242,61,0.0,96.0,0.39669421487603307,,,0.9281463623046875,False,0.4338320195674896,0.4264525771141052,0.41324761509895325,0.4133222699165344,0.3760330578512397,0.3760330578512397,,,48.0,91.0,151.0,0.3760330578512397,0.7520661157024794,0.6980274295018725,0.005088022444397211,,,
hungary,cleveland,8,reliability_gated_sfda,3,242,61,0.0,96.0,0.39669421487603307,,,0.9312713742256165,False,0.4206370711326599,0.41277608275413513,0.41813215613365173,0.4182128608226776,0.38016528925619836,0.38016528925619836,,,48.0,92.0,150.0,0.38016528925619836,0.7603305785123967,0.7080741027169977,0.005105867050588131,,,
hungary,cleveland,8,reliability_gated_sfda,4,243,60,0.0,98.0,0.40329218106995884,,,0.9283201098442078,False,0.43173468112945557,0.42400795221328735,0.41553470492362976,0.41527655720710754,0.37037037037037035,0.37037037037037035,,,49.0,90.0,153.0,0.37037037037037035,0.7407407407407407,0.6876445258105243,0.0051027326844632626,,,
hungary,cleveland,8,reliability_gated_sfda,5,243,60,0.0,98.0,0.40329218106995884,,,0.928466796875,False,0.43459826707839966,0.42677193880081177,0.4280072748661041,0.42783790826797485,0.40329218106995884,0.40329218106995884,,,49.0,98.0,145.0,0.40329218106995884,0.8065843621399177,0.7488867991255144,0.005150170065462589,,,
hungary,cleveland,8,conservative_candidate,1,242,61,0.0,96.0,,,,0.9278233647346497,False,0.42383620142936707,0.4223244786262512,,,0.3677685950413223,0.3677685950413223,,,48.0,,,0.3677685950413223,0.7355371900826446,0.6824485905899489,,full,1.0,0.0017715675057843328
hungary,cleveland,8,conservative_candidate,2,242,61,0.0,96.0,,,,0.9281463623046875,False,0.4338320195674896,0.4325782060623169,,,0.3760330578512397,0.3760330578512397,,,48.0,,,0.3760330578512397,0.7520661157024794,0.6980274295018725,,full,1.0,0.001600738032720983
hungary,cleveland,8,conservative_candidate,3,242,61,0.0,96.0,,,,0.9312713742256165,False,0.4206370711326599,0.41922539472579956,,,0.38016528925619836,0.38016528925619836,,,48.0,,,0.38016528925619836,0.7603305785123967,0.7080741027169977,,full,1.0,0.0015436907997354865
hungary,cleveland,8,conservative_candidate,4,243,60,0.0,98.0,,,,0.9283201098442078,False,0.43173468112945557,0.4307807385921478,,,0.37037037037037035,0.37037037037037035,,,49.0,,,0.37037037037037035,0.7407407407407407,0.6876445258105243,,full,1.0,0.0013290210627019405
hungary,cleveland,8,conservative_candidate,5,243,60,0.0,98.0,,,,0.928466796875,False,0.43459826707839966,0.4328157901763916,,,0.40329218106995884,0.3991769547325103,,,49.0,,,0.40329218106995884,0.8065843621399177,0.7488867991255144,,full,1.0,0.0018006120808422565
hungary,switzerland,8,pseudo_label_sfda,1,98,25,0.012755102040816325,15.0,0.15306122448979592,11.0,4.0,0.9273122549057007,False,,,,,,,,,,,,,,,,,,
hungary,switzerland,8,pseudo_label_sfda,2,98,25,0.007653061224489795,15.0,0.15306122448979592,9.0,6.0,0.9281110763549805,False,,,,,,,,,,,,,,,,,,
hungary,switzerland,8,pseudo_label_sfda,3,98,25,0.011479591836734693,14.0,0.14285714285714285,8.0,6.0,0.9286378622055054,False,,,,,,,,,,,,,,,,,,
hungary,switzerland,8,pseudo_label_sfda,4,99,24,0.01388888888888889,17.0,0.1717171717171717,10.0,7.0,0.931054413318634,False,,,,,,,,,,,,,,,,,,
hungary,switzerland,8,pseudo_label_sfda,5,99,24,0.0101010101010101,15.0,0.15151515151515152,10.0,5.0,0.9322285056114197,False,,,,,,,,,,,,,,,,,,
hungary,switzerland,8,entropy_sfda,1,98,25,0.012755102040816325,,,,,,,0.5095597505569458,0.48289376497268677,0.562006413936615,0.5693437457084656,0.5816326530612245,0.5918367346938775,0.7507220506668091,0.7690334916114807,,,,,,,,,,
hungary,switzerland,8,entropy_sfda,2,98,25,0.007653061224489795,,,,,,,0.5223810076713562,0.4968874156475067,0.5597836375236511,0.5757818818092346,0.5816326530612245,0.6020408163265306,0.7393872737884521,0.7579081058502197,,,,,,,,,,
hungary,switzerland,8,entropy_sfda,3,98,25,0.011479591836734693,,,,,,,0.524354875087738,0.49660277366638184,0.531244158744812,0.528311014175415,0.5306122448979592,0.5204081632653061,0.7367953658103943,0.7581501603126526,,,,,,,,,,
hungary,switzerland,8,entropy_sfda,4,99,24,0.01388888888888889,,,,,,,0.5160989165306091,0.48866406083106995,0.5606870055198669,0.5741714835166931,0.5757575757575758,0.5858585858585859,0.7403010129928589,0.7589790225028992,,,,,,,,,,
hungary,switzerland,8,entropy_sfda,5,99,24,0.0101010101010101,,,,,,,0.5102514624595642,0.4817613661289215,0.5668271780014038,0.5786014795303345,0.5757575757575758,0.5858585858585859,0.7456973791122437,0.7647818922996521,,,,,,,,,,
hungary,switzerland,8,reliability_gated_sfda,1,98,25,0.012755102040816325,40.0,0.40816326530612246,,,0.8761404156684875,False,0.5095597505569458,0.5043240785598755,0.562006413936615,0.5581425428390503,0.5816326530612245,0.5816326530612245,,,20.0,57.0,41.0,0.5816326530612245,0.8367346938775511,0.723746354405034,0.00542784109711647,,,
hungary,switzerland,8,reliability_gated_sfda,2,98,25,0.007653061224489795,40.0,0.40816326530612246,,,0.8684670329093933,False,0.5223810076713562,0.5170011520385742,0.5597836375236511,0.5577065348625183,0.5816326530612245,0.5816326530612245,,,20.0,57.0,41.0,0.5816326530612245,0.8367346938775511,0.7211151972028277,0.0049914107657969,,,
hungary,switzerland,8,reliability_gated_sfda,3,98,25,0.011479591836734693,40.0,0.40816326530612246,,,0.8721572756767273,False,0.524354875087738,0.5185925960540771,0.531244158744812,0.5289052724838257,0.5306122448979592,0.5306122448979592,,,20.0,52.0,46.0,0.5306122448979592,0.9387755102040816,0.8093608620854676,0.005278317257761955,,,
hungary,switzerland,8,reliability_gated_sfda,4,99,24,0.01388888888888889,40.0,0.40404040404040403,,,0.8792684674263,False,0.5160989165306091,0.5107921957969666,0.5606870055198669,0.5588648915290833,0.5757575757575758,0.5757575757575758,,,20.0,57.0,42.0,0.5757575757575758,0.8484848484848484,0.7356842227455743,0.004789243917912245,,,
hungary,switzerland,8,reliability_gated_sfda,5,99,24,0.0101010101010101,40.0,0.40404040404040403,,,0.8778735399246216,False,0.5102514624595642,0.5045867562294006,0.5668271780014038,0.5641314387321472,0.5757575757575758,0.5757575757575758,,,20.0,57.0,42.0,0.5757575757575758,0.8484848484848484,0.7373385349106708,0.005316738970577717,,,
hungary,switzerland,8,conservative_candidate,1,98,25,0.012755102040816325,40.0,,,,0.8761404156684875,False,0.5095597505569458,0.5096896886825562,,,0.5816326530612245,0.5816326530612245,,,20.0,,,0.5816326530612245,0.8367346938775511,0.723746354405034,,full,0.9872448979591837,0.002040480263531208
hungary,switzerland,8,conservative_candidate,2,98,25,0.007653061224489795,40.0,,,,0.8684670329093933,False,0.5223810076713562,0.5222209095954895,,,0.5816326530612245,0.5918367346938775,,,20.0,,,0.5816326530612245,0.8367346938775511,0.7211151972028277,,full,0.9923469387755102,0.0032729366794228554
hungary,switzerland,8,conservative_candidate,3,98,25,0.011479591836734693,40.0,,,,0.8721572756767273,False,0.524354875087738,0.5248528718948364,,,0.5306122448979592,0.5408163265306123,,,20.0,,,0.5306122448979592,0.9387755102040816,0.8093608620854676,,full,0.9885204081632653,0.0028974907472729683
hungary,switzerland,8,conservative_candidate,4,99,24,0.01388888888888889,40.0,,,,0.8792684674263,False,0.5160989165306091,0.5159016847610474,,,0.5757575757575758,0.5858585858585859,,,20.0,,,0.5757575757575758,0.8484848484848484,0.7356842227455743,,full,0.9861111111111112,0.003752306802198291
hungary,switzerland,8,conservative_candidate,5,99,24,0.0101010101010101,40.0,,,,0.8778735399246216,False,0.5102514624595642,0.509989857673645,,,0.5757575757575758,0.5858585858585859,,,20.0,,,0.5757575757575758,0.8484848484848484,0.7373385349106708,,full,0.98989898989899,0.0016119900392368436
hungary,va_long_beach,8,pseudo_label_sfda,1,160,40,0.13984375,31.0,0.19375,23.0,8.0,0.9368603229522705,False,,,,,,,,,,,,,,,,,,
hungary,va_long_beach,8,pseudo_label_sfda,2,160,40,0.13828125000000002,32.0,0.2,23.0,9.0,0.9361736178398132,False,,,,,,,,,,,,,,,,,,
hungary,va_long_beach,8,pseudo_label_sfda,3,160,40,0.12578125,35.0,0.21875,26.0,9.0,0.9377152323722839,False,,,,,,,,,,,,,,,,,,
hungary,va_long_beach,8,pseudo_label_sfda,4,160,40,0.1328125,38.0,0.2375,27.0,11.0,0.9401180148124695,False,,,,,,,,,,,,,,,,,,
hungary,va_long_beach,8,pseudo_label_sfda,5,160,40,0.14765625,36.0,0.225,25.0,11.0,0.9375740885734558,False,,,,,,,,,,,,,,,,,,
hungary,va_long_beach,8,entropy_sfda,1,160,40,0.13984375,,,,,,,0.4759982228279114,0.41933155059814453,0.5332746505737305,0.5185761451721191,0.50625,0.50625,0.781447172164917,0.8192040324211121,,,,,,,,,,
hungary,va_long_beach,8,entropy_sfda,2,160,40,0.13828125000000002,,,,,,,0.47777119278907776,0.42300301790237427,0.5414354205131531,0.524987518787384,0.5125,0.50625,0.7800720930099487,0.8177458643913269,,,,,,,,,,
hungary,va_long_beach,8,entropy_sfda,3,160,40,0.12578125,,,,,,,0.47451990842819214,0.42015790939331055,0.5471765995025635,0.5329582691192627,0.51875,0.51875,0.7807542085647583,0.817662239074707,,,,,,,,,,
hungary,va_long_beach,8,entropy_sfda,4,160,40,0.1328125,,,,,,,0.4648813307285309,0.4104219377040863,0.5458544492721558,0.5304839015007019,0.51875,0.51875,0.788422167301178,0.8246200680732727,,,,,,,,,,
hungary,va_long_beach,8,entropy_sfda,5,160,40,0.14765625,,,,,,,0.46889743208885193,0.41052523255348206,0.5206897854804993,0.49448737502098083,0.46875,0.46875,0.7859059572219849,0.8263334035873413,,,,,,,,,,
hungary,va_long_beach,8,reliability_gated_sfda,1,160,40,0.13984375,64.0,0.4,,,0.8999249935150146,False,0.4759982228279114,0.46795654296875,0.5332746505737305,0.5317181348800659,0.50625,0.50625,,,32.0,81.0,79.0,0.50625,0.9875,0.76440015635686,0.0057382406666874886,,,
hungary,va_long_beach,8,reliability_gated_sfda,2,160,40,0.13828125000000002,64.0,0.4,,,0.8967090249061584,False,0.47777119278907776,0.4699886739253998,0.5414354205131531,0.539860725402832,0.5125,0.5125,,,32.0,82.0,78.0,0.5125,0.9750000000000001,0.7533932055544574,0.005578838754445314,,,
hungary,va_long_beach,8,reliability_gated_sfda,3,160,40,0.12578125,64.0,0.4,,,0.8998987674713135,False,0.47451990842819214,0.4670962691307068,0.5471765995025635,0.5445733070373535,0.51875,0.51875,,,32.0,83.0,77.0,0.51875,0.9624999999999999,0.7572068115393631,0.0055314102210104465,,,
hungary,va_long_beach,8,reliability_gated_sfda,4,160,40,0.1328125,64.0,0.4,,,0.9061136841773987,False,0.4648813307285309,0.45723333954811096,0.5458544492721558,0.544590175151825,0.51875,0.51875,,,32.0,83.0,77.0,0.51875,0.9624999999999999,0.7563040682289283,0.005299335811287165,,,
hungary,va_long_beach,8,reliability_gated_sfda,5,160,40,0.14765625,64.0,0.4,,,0.9062849879264832,False,0.46889743208885193,0.4610665738582611,0.5206897854804993,0.5186839699745178,0.46875,0.46875,,,32.0,75.0,85.0,0.46875,0.9375,0.7241871986043407,0.005553755909204483,,,
hungary,va_long_beach,8,conservative_candidate,1,160,40,0.13984375,64.0,,,,0.8999249935150146,False,0.4759982228279114,0.4751191735267639,,,0.50625,0.50625,,,32.0,,,0.50625,0.9875,0.76440015635686,,full,0.86015625,0.0014961499255150557
hungary,va_long_beach,8,conservative_candidate,2,160,40,0.13828125000000002,64.0,,,,0.8967090249061584,False,0.47777119278907776,0.47762376070022583,,,0.5125,0.5125,,,32.0,,,0.5125,0.9750000000000001,0.7533932055544574,,full,0.86171875,0.00252782111056149
hungary,va_long_beach,8,conservative_candidate,3,160,40,0.12578125,64.0,,,,0.8998987674713135,False,0.47451990842819214,0.4737399220466614,,,0.51875,0.51875,,,32.0,,,0.51875,0.9624999999999999,0.7572068115393631,,full,0.87421875,0.002532665152102709
hungary,va_long_beach,8,conservative_candidate,4,160,40,0.1328125,64.0,,,,0.9061136841773987,False,0.4648813307285309,0.46364402770996094,,,0.51875,0.51875,,,32.0,,,0.51875,0.9624999999999999,0.7563040682289283,,full,0.8671875,0.0032016485929489136
hungary,va_long_beach,8,conservative_candidate,5,160,40,0.14765625,64.0,,,,0.9062849879264832,False,0.46889743208885193,0.46839866042137146,,,0.46875,0.46875,,,32.0,,,0.46875,0.9375,0.7241871986043407,,full,0.85234375,0.0010848022066056728
hungary,cleveland,9,pseudo_label_sfda,1,242,61,0.0,104.0,0.4297520661157025,37.0,67.0,0.9422214031219482,False,,,,,,,,,,,,,,,,,,
hungary,cleveland,9,pseudo_label_sfda,2,242,61,0.0,102.0,0.4214876033057851,41.0,61.0,0.9413856863975525,False,,,,,,,,,,,,,,,,,,
hungary,cleveland,9,pseudo_label_sfda,3,242,61,0.0,106.0,0.4380165289256198,42.0,64.0,0.9408992528915405,False,,,,,,,,,,,,,,,,,,
hungary,cleveland,9,pseudo_label_sfda,4,243,60,0.0,102.0,0.41975308641975306,42.0,60.0,0.9413577318191528,False,,,,,,,,,,,,,,,,,,
hungary,cleveland,9,pseudo_label_sfda,5,243,60,0.0,102.0,0.41975308641975306,42.0,60.0,0.940936267375946,False,,,,,,,,,,,,,,,,,,
hungary,cleveland,9,entropy_sfda,1,242,61,0.0,,,,,,,0.4002784490585327,0.32270607352256775,0.4215381145477295,0.375193327665329,0.384297520661157,0.34297520661157027,0.8239925503730774,0.8665410280227661,,,,,,,,,,
hungary,cleveland,9,entropy_sfda,2,242,61,0.0,,,,,,,0.41110390424728394,0.33371055126190186,0.42611226439476013,0.37563356757164,0.40082644628099173,0.34710743801652894,0.8170261979103088,0.8579016327857971,,,,,,,,,,
hungary,cleveland,9,entropy_sfda,3,242,61,0.0,,,,,,,0.3988588750362396,0.32260194420814514,0.43221768736839294,0.3945506811141968,0.40082644628099173,0.3760330578512397,0.8263692855834961,0.8660942316055298,,,,,,,,,,
hungary,cleveland,9,entropy_sfda,4,243,60,0.0,,,,,,,0.4071313440799713,0.32472655177116394,0.4278278052806854,0.3736262619495392,0.39094650205761317,0.3333333333333333,0.8211195468902588,0.8656376600265503,,,,,,,,,,
hungary,cleveland,9,entropy_sfda,5,243,60,0.0,,,,,,,0.41197118163108826,0.3375871181488037,0.4423423707485199,0.40483108162879944,0.41975308641975306,0.38271604938271603,0.815676212310791,0.8552262783050537,,,,,,,,,,
hungary,cleveland,9,reliability_gated_sfda,1,242,61,0.0,96.0,0.39669421487603307,,,0.9398916363716125,False,0.4002784490585327,0.3932860195636749,0.4215381145477295,0.42101725935935974,0.384297520661157,0.384297520661157,,,48.0,93.0,149.0,0.384297520661157,0.768595041322314,0.722396051095537,0.004065725952386856,,,
hungary,cleveland,9,reliability_gated_sfda,2,242,61,0.0,96.0,0.39669421487603307,,,0.9406695365905762,False,0.41110390424728394,0.4040685296058655,0.42611226439476013,0.42509496212005615,0.40082644628099173,0.40082644628099173,,,48.0,97.0,145.0,0.40082644628099173,0.8016528925619835,0.7540904549527759,0.004163588397204876,,,
hungary,cleveland,9,reliability_gated_sfda,3,242,61,0.0,96.0,0.39669421487603307,,,0.9422780871391296,False,0.3988588750362396,0.3918844759464264,0.43221768736839294,0.43202027678489685,0.40082644628099173,0.40082644628099173,,,48.0,97.0,145.0,0.40082644628099173,0.8016528925619835,0.755379954152856,0.0040732212364673615,,,
hungary,cleveland,9,reliability_gated_sfda,4,243,60,0.0,98.0,0.40329218106995884,,,0.9410993456840515,False,0.4071313440799713,0.3997819125652313,0.4278278052806854,0.42620497941970825,0.39094650205761317,0.39094650205761317,,,49.0,95.0,148.0,0.39094650205761317,0.7818930041152263,0.7358389945677769,0.004364538937807083,,,
hungary,cleveland,9,reliability_gated_sfda,5,243,60,0.0,98.0,0.40329218106995884,,,0.9396209120750427,False,0.41197118163108826,0.40474167466163635,0.4423423707485199,0.44107019901275635,0.41975308641975306,0.41975308641975306,,,49.0,102.0,141.0,0.41975308641975306,0.8395061728395061,0.7888175558160853,0.004274383652955294,,,
hungary,cleveland,9,conservative_candidate,1,242,61,0.0,96.0,,,,0.9398916363716125,False,0.4002784490585327,0.3996734321117401,,,0.384297520661157,0.384297520661157,,,48.0,,,0.384297520661157,0.768595041322314,0.722396051095537,,full,1.0,0.0009780115215107799
hungary,cleveland,9,conservative_candidate,2,242,61,0.0,96.0,,,,0.9406695365905762,False,0.41110390424728394,0.4104906916618347,,,0.40082644628099173,0.39669421487603307,,,48.0,,,0.40082644628099173,0.8016528925619835,0.7540904549527759,,full,1.0,0.0014217100106179714
hungary,cleveland,9,conservative_candidate,3,242,61,0.0,96.0,,,,0.9422780871391296,False,0.3988588750362396,0.3983013927936554,,,0.40082644628099173,0.40082644628099173,,,48.0,,,0.40082644628099173,0.8016528925619835,0.755379954152856,,full,1.0,0.0008824559045024216
hungary,cleveland,9,conservative_candidate,4,243,60,0.0,98.0,,,,0.9410993456840515,False,0.4071313440799713,0.4060339629650116,,,0.39094650205761317,0.3868312757201646,,,49.0,,,0.39094650205761317,0.7818930041152263,0.7358389945677769,,full,1.0,0.0016914400039240718
hungary,cleveland,9,conservative_candidate,5,243,60,0.0,98.0,,,,0.9396209120750427,False,0.41197118163108826,0.4114147424697876,,,0.41975308641975306,0.4156378600823045,,,49.0,,,0.41975308641975306,0.8395061728395061,0.7888175558160853,,full,1.0,0.0011732863495126367
hungary,switzerland,9,pseudo_label_sfda,1,98,25,0.012755102040816325,22.0,0.22448979591836735,17.0,5.0,0.9345554113388062,False,,,,,,,,,,,,,,,,,,
hungary,switzerland,9,pseudo_label_sfda,2,98,25,0.007653061224489795,20.0,0.20408163265306123,14.0,6.0,0.9315048456192017,False,,,,,,,,,,,,,,,,,,
hungary,switzerland,9,pseudo_label_sfda,3,98,25,0.011479591836734693,17.0,0.17346938775510204,11.0,6.0,0.9370661973953247,False,,,,,,,,,,,,,,,,,,
hungary,switzerland,9,pseudo_label_sfda,4,99,24,0.01388888888888889,20.0,0.20202020202020202,14.0,6.0,0.9373468160629272,False,,,,,,,,,,,,,,,,,,
hungary,switzerland,9,pseudo_label_sfda,5,99,24,0.0101010101010101,21.0,0.21212121212121213,16.0,5.0,0.9337045550346375,False,,,,,,,,,,,,,,,,,,
hungary,switzerland,9,entropy_sfda,1,98,25,0.012755102040816325,,,,,,,0.48611220717430115,0.45904985070228577,0.5781291127204895,0.5925673246383667,0.5918367346938775,0.5918367346938775,0.7680472731590271,0.7856630086898804,,,,,,,,,,
hungary,switzerland,9,entropy_sfda,2,98,25,0.007653061224489795,,,,,,,0.500553548336029,0.47453659772872925,0.5797267556190491,0.5931501388549805,0.6122448979591837,0.6122448979591837,0.7566911578178406,0.7748779654502869,,,,,,,,,,
hungary,switzerland,9,entropy_sfda,3,98,25,0.011479591836734693,,,,,,,0.5015925765037537,0.475513219833374,0.5514522194862366,0.5493556261062622,0.5612244897959183,0.5306122448979592,0.7548097968101501,0.7745162844657898,,,,,,,,,,
hungary,switzerland,9,entropy_sfda,4,99,24,0.01388888888888889,,,,,,,0.4988119304180145,0.4732154309749603,0.5802871584892273,0.5914320349693298,0.5959595959595959,0.5959595959595959,0.7534357905387878,0.770835816860199,,,,,,,,,,
hungary,switzerland,9,entropy_sfda,5,99,24,0.0101010101010101,,,,,,,0.49098584055900574,0.4618898630142212,0.5844761729240417,0.6082068681716919,0.6060606060606061,0.6363636363636364,0.761469841003418,0.7804309725761414,,,,,,,,,,
hungary,switzerland,9,reliability_gated_sfda,1,98,25,0.012755102040816325,40.0,0.40816326530612246,,,0.889779269695282,False,0.48611220717430115,0.48142296075820923,0.5781291127204895,0.5722993612289429,0.5918367346938775,0.5714285714285714,,,20.0,58.0,40.0,0.5918367346938775,0.8163265306122449,0.7170857504624618,0.006601181346923113,,,
hungary,switzerland,9,reliability_gated_sfda,2,98,25,0.007653061224489795,40.0,0.40816326530612246,,,0.8814433217048645,False,0.500553548336029,0.4961780309677124,0.5797267556190491,0.5763761401176453,0.6122448979591837,0.6020408163265306,,,20.0,60.0,38.0,0.6122448979591837,0.7755102040816326,0.6783369003249327,0.0047652749344706535,,,
hungary,switzerland,9,reliability_gated_sfda,3,98,25,0.011479591836734693,40.0,0.40816326530612246,,,0.8878098726272583,False,0.5015925765037537,0.49647828936576843,0.5514522194862366,0.5473518967628479,0.5612244897959183,0.5306122448979592,,,20.0,55.0,43.0,0.5612244897959183,0.8775510204081634,0.7701547273350526,0.0056013562716543674,,,
hungary,switzerland,9,reliability_gated_sfda,4,99,24,0.01388888888888889,40.0,0.40404040404040403,,,0.8851171731948853,False,0.4988119304180145,0.4949735105037689,0.5802871584892273,0.5747509002685547,0.5959595959595959,0.5656565656565656,,,20.0,59.0,40.0,0.5959595959595959,0.8080808080808082,0.7053122255537246,0.00616532564163208,,,
hungary,switzerland,9,reliability_gated_sfda,5,99,24,0.0101010101010101,40.0,0.40404040404040403,,,0.8861181139945984,False,0.49098584055900574,0.4865104556083679,0.5844761729240417,0.5797392129898071,0.6060606060606061,0.5858585858585859,,,20.0,60.0,39.0,0.6060606060606061,0.7878787878787878,0.6911016083435068,0.005711211822926998,,,
hungary,switzerland,9,conservative_candidate,1,98,25,0.012755102040816325,40.0,,,,0.889779269695282,False,0.48611220717430115,0.48602381348609924,,,0.5918367346938775,0.5918367346938775,,,20.0,,,0.5918367346938775,0.8163265306122449,0.7170857504624618,,full,0.9872448979591837,0.0017905179411172867
hungary,switzerland,9,conservative_candidate,2,98,25,0.007653061224489795,40.0,,,,0.8814433217048645,False,0.500553548336029,0.5003057718276978,,,0.6122448979591837,0.6122448979591837,,,20.0,,,0.6122448979591837,0.7755102040816326,0.6783369003249327,,full,0.9923469387755102,0.003379003144800663
hungary,switzerland,9,conservative_candidate,3,98,25,0.011479591836734693,40.0,,,,0.8878098726272583,False,0.5015925765037537,0.5015021562576294,,,0.5612244897959183,0.5612244897959183,,,20.0,,,0.5612244897959183,0.8775510204081634,0.7701547273350526,,full,0.9885204081632653,0.0014996423851698637
hungary,switzerland,9,conservative_candidate,4,99,24,0.01388888888888889,40.0,,,,0.8851171731948853,False,0.4988119304180145,0.499067097902298,,,0.5959595959595959,0.5959595959595959,,,20.0,,,0.5959595959595959,0.8080808080808082,0.7053122255537246,,full,0.9861111111111112,0.0009186252718791366
hungary,switzerland,9,conservative_candidate,5,99,24,0.0101010101010101,40.0,,,,0.8861181139945984,False,0.49098584055900574,0.4906492233276367,,,0.6060606060606061,0.6060606060606061,,,20.0,,,0.6060606060606061,0.7878787878787878,0.6911016083435068,,full,0.98989898989899,0.001726714544929564
hungary,va_long_beach,9,pseudo_label_sfda,1,160,40,0.13984375,45.0,0.28125,37.0,8.0,0.9431195855140686,False,,,,,,,,,,,,,,,,,,
hungary,va_long_beach,9,pseudo_label_sfda,2,160,40,0.13828125000000002,45.0,0.28125,36.0,9.0,0.9411370754241943,False,,,,,,,,,,,,,,,,,,
hungary,va_long_beach,9,pseudo_label_sfda,3,160,40,0.12578125,45.0,0.28125,36.0,9.0,0.9462748765945435,False,,,,,,,,,,,,,,,,,,
hungary,va_long_beach,9,pseudo_label_sfda,4,160,40,0.1328125,52.0,0.325,41.0,11.0,0.9438571333885193,False,,,,,,,,,,,,,,,,,,
hungary,va_long_beach,9,pseudo_label_sfda,5,160,40,0.14765625,49.0,0.30625,38.0,11.0,0.9433876276016235,False,,,,,,,,,,,,,,,,,,
hungary,va_long_beach,9,entropy_sfda,1,160,40,0.13984375,,,,,,,0.44340261816978455,0.39499431848526,0.5554259419441223,0.5415116548538208,0.51875,0.51875,0.8004997968673706,0.8312526941299438,,,,,,,,,,
hungary,va_long_beach,9,entropy_sfda,2,160,40,0.13828125000000002,,,,,,,0.4471077024936676,0.39914995431900024,0.5679963827133179,0.5569020509719849,0.53125,0.53125,0.7975993156433105,0.8288310766220093,,,,,,,,,,
hungary,va_long_beach,9,entropy_sfda,3,160,40,0.12578125,,,,,,,0.44146037101745605,0.39634543657302856,0.5724788904190063,0.5634725689888,0.5375,0.5375,0.8002734184265137,0.8289813995361328,,,,,,,,,,
hungary,va_long_beach,9,entropy_sfda,4,160,40,0.1328125,,,,,,,0.4331030249595642,0.3859456479549408,0.5689287185668945,0.5571929812431335,0.53125,0.53125,0.8061534762382507,0.8361404538154602,,,,,,,,,,
hungary,va_long_beach,9,entropy_sfda,5,160,40,0.14765625,,,,,,,0.4379768371582031,0.38682591915130615,0.5418059229850769,0.511978030204773,0.48125,0.475,0.8031286001205444,0.8383143544197083,,,,,,,,,,
hungary,va_long_beach,9,reliability_gated_sfda,1,160,40,0.13984375,64.0,0.4,,,0.9185914993286133,False,0.44340261816978455,0.4367186427116394,0.5554259419441223,0.5508331060409546,0.51875,0.51875,,,32.0,83.0,77.0,0.51875,0.9624999999999999,0.7605022611189632,0.006128902081400156,,,
hungary,va_long_beach,9,reliability_gated_sfda,2,160,40,0.13828125000000002,64.0,0.4,,,0.912625789642334,False,0.4471077024936676,0.4405718743801117,0.5679963827133179,0.5633773803710938,0.53125,0.53125,,,32.0,85.0,75.0,0.53125,0.9375,0.7372750825015828,0.006200070958584547,,,
hungary,va_long_beach,9,reliability_gated_sfda,3,160,40,0.12578125,64.0,0.4,,,0.9158833026885986,False,0.44146037101745605,0.43536415696144104,0.5724788904190063,0.5671858787536621,0.5375,0.5375,,,32.0,86.0,74.0,0.5375,0.925,0.740631179320626,0.0065132370218634605,,,
hungary,va_long_beach,9,reliability_gated_sfda,4,160,40,0.1328125,64.0,0.4,,,0.9222664833068848,False,0.4331030249595642,0.4267454147338867,0.5689287185668945,0.5638880729675293,0.53125,0.53125,,,32.0,85.0,75.0,0.53125,0.9375,0.7497918431181461,0.0063918218947947025,,,
hungary,va_long_beach,9,reliability_gated_sfda,5,160,40,0.14765625,64.0,0.4,,,0.9235608577728271,False,0.4379768371582031,0.4308837950229645,0.5418059229850769,0.5370209813117981,0.48125,0.48125,,,32.0,77.0,83.0,0.48125,0.9625,0.757671650184784,0.006304413080215454,,,
hungary,va_long_beach,9,conservative_candidate,1,160,40,0.13984375,64.0,,,,0.9185914993286133,False,0.44340261816978455,0.4428485333919525,,,0.51875,0.51875,,,32.0,,,0.51875,0.9624999999999999,0.7605022611189632,,full,0.86015625,0.001237521762959659
hungary,va_long_beach,9,conservative_candidate,2,160,40,0.13828125000000002,64.0,,,,0.912625789642334,False,0.4471077024936676,0.44666165113449097,,,0.53125,0.53125,,,32.0,,,0.53125,0.9375,0.7372750825015828,,full,0.86171875,0.0012142104096710682
hungary,va_long_beach,9,conservative_candidate,3,160,40,0.12578125,64.0,,,,0.9158833026885986,False,0.44146037101745605,0.4412614703178406,,,0.5375,0.5375,,,32.0,,,0.5375,0.925,0.740631179320626,,full,0.87421875,0.001799347228370607
hungary,va_long_beach,9,conservative_candidate,4,160,40,0.1328125,64.0,,,,0.9222664833068848,False,0.4331030249595642,0.4329618811607361,,,0.53125,0.53125,,,32.0,,,0.53125,0.9375,0.7497918431181461,,full,0.8671875,0.0011074969079345465
hungary,va_long_beach,9,conservative_candidate,5,160,40,0.14765625,64.0,,,,0.9235608577728271,False,0.4379768371582031,0.4370352625846863,,,0.48125,0.48125,,,32.0,,,0.48125,0.9625,0.757671650184784,,full,0.85234375,0.001285031670704484
switzerland,cleveland,0,pseudo_label_sfda,1,242,61,0.0,127.0,0.5247933884297521,127.0,0.0,0.9401901960372925,False,,,,,,,,,,,,,,,,,,
switzerland,cleveland,0,pseudo_label_sfda,2,242,61,0.0,131.0,0.5413223140495868,131.0,0.0,0.9397804141044617,False,,,,,,,,,,,,,,,,,,
switzerland,cleveland,0,pseudo_label_sfda,3,242,61,0.0,128.0,0.5289256198347108,128.0,0.0,0.9401602745056152,False,,,,,,,,,,,,,,,,,,
switzerland,cleveland,0,pseudo_label_sfda,4,243,60,0.0,130.0,0.5349794238683128,130.0,0.0,0.9409582018852234,False,,,,,,,,,,,,,,,,,,
switzerland,cleveland,0,pseudo_label_sfda,5,243,60,0.0,132.0,0.5432098765432098,132.0,0.0,0.9396911263465881,False,,,,,,,,,,,,,,,,,,
switzerland,cleveland,0,entropy_sfda,1,242,61,0.0,,,,,,,0.3285771310329437,0.20578649640083313,0.8891314268112183,0.9427524209022522,1.0,1.0,0.8891314268112183,0.9427524209022522,,,,,,,,,,
switzerland,cleveland,0,entropy_sfda,2,242,61,0.0,,,,,,,0.32430946826934814,0.20223428308963776,0.891261875629425,0.9441155195236206,1.0,1.0,0.891261875629425,0.9441155195236206,,,,,,,,,,
switzerland,cleveland,0,entropy_sfda,3,242,61,0.0,,,,,,,0.32922402024269104,0.20780116319656372,0.8885241150856018,0.9418763518333435,1.0,1.0,0.8885241150856018,0.9418763518333435,,,,,,,,,,
switzerland,cleveland,0,entropy_sfda,4,243,60,0.0,,,,,,,0.3260882794857025,0.2042122483253479,0.8900480270385742,0.9431843161582947,1.0,1.0,0.8900480270385742,0.9431843161582947,,,,,,,,,,
switzerland,cleveland,0,entropy_sfda,5,243,60,0.0,,,,,,,0.32373738288879395,0.20158281922340393,0.8917103409767151,0.9443950057029724,1.0,1.0,0.8917103409767151,0.9443950057029724,,,,,,,,,,
switzerland,cleveland,0,reliability_gated_sfda,1,242,61,0.0,0.0,0.0,,,0.0,True,0.3285771310329437,0.3285771310329437,0.8891314268112183,0.8891314268112183,1.0,1.0,,,0.0,242.0,0.0,1.0,0.0,0.0,0.0,,,
switzerland,cleveland,0,reliability_gated_sfda,2,242,61,0.0,0.0,0.0,,,0.0,True,0.32430946826934814,0.32430946826934814,0.891261875629425,0.891261875629425,1.0,1.0,,,0.0,242.0,0.0,1.0,0.0,0.0,0.0,,,
switzerland,cleveland,0,reliability_gated_sfda,3,242,61,0.0,0.0,0.0,,,0.0,True,0.32922402024269104,0.32922402024269104,0.8885241150856018,0.8885241150856018,1.0,1.0,,,0.0,242.0,0.0,1.0,0.0,0.0,0.0,,,
switzerland,cleveland,0,reliability_gated_sfda,4,243,60,0.0,0.0,0.0,,,0.0,True,0.3260882794857025,0.3260882794857025,0.8900480270385742,0.8900480270385742,1.0,1.0,,,0.0,243.0,0.0,1.0,0.0,0.0,0.0,,,
switzerland,cleveland,0,reliability_gated_sfda,5,243,60,0.0,0.0,0.0,,,0.0,True,0.32373738288879395,0.32373738288879395,0.8917103409767151,0.8917103409767151,1.0,1.0,,,0.0,243.0,0.0,1.0,0.0,0.0,0.0,,,
switzerland,cleveland,0,conservative_candidate,1,242,61,0.0,0.0,,,,0.0,True,0.3285771310329437,0.3285771310329437,,,1.0,1.0,,,0.0,,,1.0,0.0,0.0,,full,1.0,0.0
switzerland,cleveland,0,conservative_candidate,2,242,61,0.0,0.0,,,,0.0,True,0.32430946826934814,0.32430946826934814,,,1.0,1.0,,,0.0,,,1.0,0.0,0.0,,full,1.0,0.0
switzerland,cleveland,0,conservative_candidate,3,242,61,0.0,0.0,,,,0.0,True,0.32922402024269104,0.32922402024269104,,,1.0,1.0,,,0.0,,,1.0,0.0,0.0,,full,1.0,0.0
switzerland,cleveland,0,conservative_candidate,4,243,60,0.0,0.0,,,,0.0,True,0.3260882794857025,0.3260882794857025,,,1.0,1.0,,,0.0,,,1.0,0.0,0.0,,full,1.0,0.0
switzerland,cleveland,0,conservative_candidate,5,243,60,0.0,0.0,,,,0.0,True,0.32373738288879395,0.32373738288879395,,,1.0,1.0,,,0.0,,,1.0,0.0,0.0,,full,1.0,0.0
switzerland,hungary,0,pseudo_label_sfda,1,235,59,0.0005319148936170213,112.0,0.4765957446808511,112.0,0.0,0.9549748301506042,False,,,,,,,,,,,,,,,,,,
switzerland,hungary,0,pseudo_label_sfda,2,235,59,0.002127659574468085,117.0,0.4978723404255319,117.0,0.0,0.9558581113815308,False,,,,,,,,,,,,,,,,,,
switzerland,hungary,0,pseudo_label_sfda,3,235,59,0.002127659574468085,112.0,0.4765957446808511,112.0,0.0,0.9550608992576599,False,,,,,,,,,,,,,,,,,,
switzerland,hungary,0,pseudo_label_sfda,4,235,59,0.001595744680851064,115.0,0.48936170212765956,115.0,0.0,0.9555506706237793,False,,,,,,,,,,,,,,,,,,
switzerland,hungary,0,pseudo_label_sfda,5,236,58,0.00211864406779661,124.0,0.5254237288135594,124.0,0.0,0.9546935558319092,False,,,,,,,,,,,,,,,,,,
switzerland,hungary,0,entropy_sfda,1,235,59,0.0005319148936170213,,,,,,,0.31416425108909607,0.18815430998802185,0.8941395878791809,0.9490175843238831,1.0,1.0,0.8941395878791809,0.9490175843238831,,,,,,,,,,
switzerland,hungary,0,entropy_sfda,2,235,59,0.002127659574468085,,,,,,,0.30603960156440735,0.18142807483673096,0.8978756070137024,0.9514087438583374,1.0,1.0,0.8978756070137024,0.9514087438583374,,,,,,,,,,
switzerland,hungary,0,entropy_sfda,3,235,59,0.002127659574468085,,,,,,,0.3106864392757416,0.1843208521604538,0.8961753249168396,0.9505774974822998,1.0,1.0,0.8961753249168396,0.9505774974822998,,,,,,,,,,
switzerland,hungary,0,entropy_sfda,4,235,59,0.001595744680851064,,,,,,,0.3077903687953949,0.18318438529968262,0.8969867825508118,0.9506685733795166,1.0,1.0,0.8969867825508118,0.9506685733795166,,,,,,,,,,
switzerland,hungary,0,entropy_sfda,5,236,58,0.00211864406779661,,,,,,,0.29651957750320435,0.1745365858078003,0.9029558897018433,0.9538981914520264,1.0,1.0,0.9029558897018433,0.9538981914520264,,,,,,,,,,
switzerland,hungary,0,reliability_gated_sfda,1,235,59,0.0005319148936170213,0.0,0.0,,,0.0,True,0.31416425108909607,0.31416425108909607,0.8941395878791809,0.8941395878791809,1.0,1.0,,,0.0,235.0,0.0,1.0,0.0,0.0,0.0,,,
switzerland,hungary,0,reliability_gated_sfda,2,235,59,0.002127659574468085,0.0,0.0,,,0.0,True,0.30603960156440735,0.30603960156440735,0.8978756070137024,0.8978756070137024,1.0,1.0,,,0.0,235.0,0.0,1.0,0.0,0.0,0.0,,,
switzerland,hungary,0,reliability_gated_sfda,3,235,59,0.002127659574468085,0.0,0.0,,,0.0,True,0.3106864392757416,0.3106864392757416,0.8961753249168396,0.8961753249168396,1.0,1.0,,,0.0,235.0,0.0,1.0,0.0,0.0,0.0,,,
switzerland,hungary,0,reliability_gated_sfda,4,235,59,0.001595744680851064,0.0,0.0,,,0.0,True,0.3077903687953949,0.3077903687953949,0.8969867825508118,0.8969867825508118,1.0,1.0,,,0.0,235.0,0.0,1.0,0.0,0.0,0.0,,,
switzerland,hungary,0,reliability_gated_sfda,5,236,58,0.00211864406779661,0.0,0.0,,,0.0,True,0.29651957750320435,0.29651957750320435,0.9029558897018433,0.9029558897018433,1.0,1.0,,,0.0,236.0,0.0,1.0,0.0,0.0,0.0,,,
switzerland,hungary,0,conservative_candidate,1,235,59,0.0005319148936170213,0.0,,,,0.0,True,0.31416425108909607,0.31416425108909607,,,1.0,1.0,,,0.0,,,1.0,0.0,0.0,,full,0.999468085106383,0.0
switzerland,hungary,0,conservative_candidate,2,235,59,0.002127659574468085,0.0,,,,0.0,True,0.30603960156440735,0.30603960156440735,,,1.0,1.0,,,0.0,,,1.0,0.0,0.0,,full,0.997872340425532,0.0
switzerland,hungary,0,conservative_candidate,3,235,59,0.002127659574468085,0.0,,,,0.0,True,0.3106864392757416,0.3106864392757416,,,1.0,1.0,,,0.0,,,1.0,0.0,0.0,,full,0.997872340425532,0.0
switzerland,hungary,0,conservative_candidate,4,235,59,0.001595744680851064,0.0,,,,0.0,True,0.3077903687953949,0.3077903687953949,,,1.0,1.0,,,0.0,,,1.0,0.0,0.0,,full,0.9984042553191489,0.0
switzerland,hungary,0,conservative_candidate,5,236,58,0.00211864406779661,0.0,,,,0.0,True,0.29651957750320435,0.29651957750320435,,,1.0,1.0,,,0.0,,,1.0,0.0,0.0,,full,0.9978813559322034,0.0
switzerland,va_long_beach,0,pseudo_label_sfda,1,160,40,0.13984375,123.0,0.76875,123.0,0.0,0.9572650790214539,False,,,,,,,,,,,,,,,,,,
switzerland,va_long_beach,0,pseudo_label_sfda,2,160,40,0.13828125000000002,128.0,0.8,128.0,0.0,0.9561032056808472,False,,,,,,,,,,,,,,,,,,
switzerland,va_long_beach,0,pseudo_label_sfda,3,160,40,0.12578125,130.0,0.8125,130.0,0.0,0.9566496014595032,False,,,,,,,,,,,,,,,,,,
switzerland,va_long_beach,0,pseudo_label_sfda,4,160,40,0.1328125,129.0,0.80625,129.0,0.0,0.9563474059104919,False,,,,,,,,,,,,,,,,,,
switzerland,va_long_beach,0,pseudo_label_sfda,5,160,40,0.14765625,126.0,0.7875,126.0,0.0,0.9567701816558838,False,,,,,,,,,,,,,,,,,,
switzerland,va_long_beach,0,entropy_sfda,1,160,40,0.13984375,,,,,,,0.22924093902111053,0.1653665155172348,0.9326567649841309,0.9564483761787415,1.0,1.0,0.9326567649841309,0.9564483761787415,,,,,,,,,,
switzerland,va_long_beach,0,entropy_sfda,2,160,40,0.13828125000000002,,,,,,,0.22671881318092346,0.16319118440151215,0.9335061311721802,0.9570968747138977,1.0,1.0,0.9335061311721802,0.9570968747138977,,,,,,,,,,
switzerland,va_long_beach,0,entropy_sfda,3,160,40,0.12578125,,,,,,,0.21806195378303528,0.15505771338939667,0.9378126859664917,0.9604131579399109,1.0,1.0,0.9378126859664917,0.9604131579399109,,,,,,,,,,
switzerland,va_long_beach,0,entropy_sfda,4,160,40,0.1328125,,,,,,,0.2214016616344452,0.1581253856420517,0.9360302090644836,0.9591283798217773,1.0,1.0,0.9360302090644836,0.9591283798217773,,,,,,,,,,
switzerland,va_long_beach,0,entropy_sfda,5,160,40,0.14765625,,,,,,,0.22658321261405945,0.16303591430187225,0.9336898922920227,0.9572492837905884,1.0,1.0,0.9336898922920227,0.9572492837905884,,,,,,,,,,
switzerland,va_long_beach,0,reliability_gated_sfda,1,160,40,0.13984375,0.0,0.0,,,0.0,True,0.22924093902111053,0.22924093902111053,0.9326567649841309,0.9326567649841309,1.0,1.0,,,0.0,160.0,0.0,1.0,0.0,0.0,0.0,,,
switzerland,va_long_beach,0,reliability_gated_sfda,2,160,40,0.13828125000000002,0.0,0.0,,,0.0,True,0.22671881318092346,0.22671881318092346,0.9335061311721802,0.9335061311721802,1.0,1.0,,,0.0,160.0,0.0,1.0,0.0,0.0,0.0,,,
switzerland,va_long_beach,0,reliability_gated_sfda,3,160,40,0.12578125,0.0,0.0,,,0.0,True,0.21806195378303528,0.21806195378303528,0.9378126859664917,0.9378126859664917,1.0,1.0,,,0.0,160.0,0.0,1.0,0.0,0.0,0.0,,,
switzerland,va_long_beach,0,reliability_gated_sfda,4,160,40,0.1328125,0.0,0.0,,,0.0,True,0.2214016616344452,0.2214016616344452,0.9360302090644836,0.9360302090644836,1.0,1.0,,,0.0,160.0,0.0,1.0,0.0,0.0,0.0,,,
switzerland,va_long_beach,0,reliability_gated_sfda,5,160,40,0.14765625,0.0,0.0,,,0.0,True,0.22658321261405945,0.22658321261405945,0.9336898922920227,0.9336898922920227,1.0,1.0,,,0.0,160.0,0.0,1.0,0.0,0.0,0.0,,,
switzerland,va_long_beach,0,conservative_candidate,1,160,40,0.13984375,0.0,,,,0.0,True,0.22924093902111053,0.22924093902111053,,,1.0,1.0,,,0.0,,,1.0,0.0,0.0,,full,0.86015625,0.0
switzerland,va_long_beach,0,conservative_candidate,2,160,40,0.13828125000000002,0.0,,,,0.0,True,0.22671881318092346,0.22671881318092346,,,1.0,1.0,,,0.0,,,1.0,0.0,0.0,,full,0.86171875,0.0
switzerland,va_long_beach,0,conservative_candidate,3,160,40,0.12578125,0.0,,,,0.0,True,0.21806195378303528,0.21806195378303528,,,1.0,1.0,,,0.0,,,1.0,0.0,0.0,,full,0.87421875,0.0
switzerland,va_long_beach,0,conservative_candidate,4,160,40,0.1328125,0.0,,,,0.0,True,0.2214016616344452,0.2214016616344452,,,1.0,1.0,,,0.0,,,1.0,0.0,0.0,,full,0.8671875,0.0
switzerland,va_long_beach,0,conservative_candidate,5,160,40,0.14765625,0.0,,,,0.0,True,0.22658321261405945,0.22658321261405945,,,1.0,1.0,,,0.0,,,1.0,0.0,0.0,,full,0.85234375,0.0
switzerland,cleveland,1,pseudo_label_sfda,1,242,61,0.0,131.0,0.5413223140495868,131.0,0.0,0.9557452201843262,False,,,,,,,,,,,,,,,,,,
switzerland,cleveland,1,pseudo_label_sfda,2,242,61,0.0,138.0,0.5702479338842975,138.0,0.0,0.9557875394821167,False,,,,,,,,,,,,,,,,,,
switzerland,cleveland,1,pseudo_label_sfda,3,242,61,0.0,132.0,0.5454545454545454,132.0,0.0,0.9567749500274658,False,,,,,,,,,,,,,,,,,,
switzerland,cleveland,1,pseudo_label_sfda,4,243,60,0.0,135.0,0.5555555555555556,135.0,0.0,0.9566294550895691,False,,,,,,,,,,,,,,,,,,
switzerland,cleveland,1,pseudo_label_sfda,5,243,60,0.0,136.0,0.5596707818930041,136.0,0.0,0.9558371305465698,False,,,,,,,,,,,,,,,,,,
switzerland,cleveland,1,entropy_sfda,1,242,61,0.0,,,,,,,0.29406794905662537,0.1675826758146286,0.9025192856788635,0.9551260471343994,1.0,1.0,0.9025192856788635,0.9551260471343994,,,,,,,,,,
switzerland,cleveland,1,entropy_sfda,2,242,61,0.0,,,,,,,0.28794530034065247,0.1632409542798996,0.9049106240272522,0.9562638998031616,1.0,1.0,0.9049106240272522,0.9562638998031616,,,,,,,,,,
switzerland,cleveland,1,entropy_sfda,3,242,61,0.0,,,,,,,0.29345324635505676,0.16772454977035522,0.9022158980369568,0.954820990562439,1.0,1.0,0.9022158980369568,0.954820990562439,,,,,,,,,,
switzerland,cleveland,1,entropy_sfda,4,243,60,0.0,,,,,,,0.29265278577804565,0.16753223538398743,0.9024590253829956,0.9547232985496521,1.0,1.0,0.9024590253829956,0.9547232985496521,,,,,,,,,,
switzerland,cleveland,1,entropy_sfda,5,243,60,0.0,,,,,,,0.2905813157558441,0.1642632782459259,0.9040645956993103,0.9561512470245361,1.0,1.0,0.9040645956993103,0.9561512470245361,,,,,,,,,,
switzerland,cleveland,1,reliability_gated_sfda,1,242,61,0.0,0.0,0.0,,,0.0,True,0.29406794905662537,0.29406794905662537,0.9025192856788635,0.9025192856788635,1.0,1.0,,,0.0,242.0,0.0,1.0,0.0,0.0,0.0,,,
switzerland,cleveland,1,reliability_gated_sfda,2,242,61,0.0,0.0,0.0,,,0.0,True,0.28794530034065247,0.28794530034065247,0.9049106240272522,0.9049106240272522,1.0,1.0,,,0.0,242.0,0.0,1.0,0.0,0.0,0.0,,,
switzerland,cleveland,1,reliability_gated_sfda,3,242,61,0.0,0.0,0.0,,,0.0,True,0.29345324635505676,0.29345324635505676,0.9022158980369568,0.9022158980369568,1.0,1.0,,,0.0,242.0,0.0,1.0,0.0,0.0,0.0,,,
switzerland,cleveland,1,reliability_gated_sfda,4,243,60,0.0,0.0,0.0,,,0.0,True,0.29265278577804565,0.29265278577804565,0.9024590253829956,0.9024590253829956,1.0,1.0,,,0.0,243.0,0.0,1.0,0.0,0.0,0.0,,,
switzerland,cleveland,1,reliability_gated_sfda,5,243,60,0.0,0.0,0.0,,,0.0,True,0.2905813157558441,0.2905813157558441,0.9040645956993103,0.9040645956993103,1.0,1.0,,,0.0,243.0,0.0,1.0,0.0,0.0,0.0,,,
switzerland,cleveland,1,conservative_candidate,1,242,61,0.0,0.0,,,,0.0,True,0.29406794905662537,0.29406794905662537,,,1.0,1.0,,,0.0,,,1.0,0.0,0.0,,full,1.0,0.0
switzerland,cleveland,1,conservative_candidate,2,242,61,0.0,0.0,,,,0.0,True,0.28794530034065247,0.28794530034065247,,,1.0,1.0,,,0.0,,,1.0,0.0,0.0,,full,1.0,0.0
switzerland,cleveland,1,conservative_candidate,3,242,61,0.0,0.0,,,,0.0,True,0.29345324635505676,0.29345324635505676,,,1.0,1.0,,,0.0,,,1.0,0.0,0.0,,full,1.0,0.0
switzerland,cleveland,1,conservative_candidate,4,243,60,0.0,0.0,,,,0.0,True,0.29265278577804565,0.29265278577804565,,,1.0,1.0,,,0.0,,,1.0,0.0,0.0,,full,1.0,0.0
switzerland,cleveland,1,conservative_candidate,5,243,60,0.0,0.0,,,,0.0,True,0.2905813157558441,0.2905813157558441,,,1.0,1.0,,,0.0,,,1.0,0.0,0.0,,full,1.0,0.0
switzerland,hungary,1,pseudo_label_sfda,1,235,59,0.0005319148936170213,117.0,0.4978723404255319,117.0,0.0,0.9623750448226929,False,,,,,,,,,,,,,,,,,,
switzerland,hungary,1,pseudo_label_sfda,2,235,59,0.002127659574468085,119.0,0.5063829787234042,119.0,0.0,0.9640525579452515,False,,,,,,,,,,,,,,,,,,
switzerland,hungary,1,pseudo_label_sfda,3,235,59,0.002127659574468085,113.0,0.4808510638297872,113.0,0.0,0.9637081027030945,False,,,,,,,,,,,,,,,,,,
switzerland,hungary,1,pseudo_label_sfda,4,235,59,0.001595744680851064,116.0,0.49361702127659574,116.0,0.0,0.9639138579368591,False,,,,,,,,,,,,,,,,,,
switzerland,hungary,1,pseudo_label_sfda,5,236,58,0.00211864406779661,127.0,0.538135593220339,127.0,0.0,0.9625254273414612,False,,,,,,,,,,,,,,,,,,
switzerland,hungary,1,entropy_sfda,1,235,59,0.0005319148936170213,,,,,,,0.2929912209510803,0.16408206522464752,0.9021441340446472,0.9563387632369995,1.0,1.0,0.9021441340446472,0.9563387632369995,,,,,,,,,,
switzerland,hungary,1,entropy_sfda,2,235,59,0.002127659574468085,,,,,,,0.2857007682323456,0.1594296246767044,0.9052736759185791,0.9578909873962402,1.0,1.0,0.9052736759185791,0.9578909873962402,,,,,,,,,,
switzerland,hungary,1,entropy_sfda,3,235,59,0.002127659574468085,,,,,,,0.289855033159256,0.16053210198879242,0.9043534398078918,0.9578852653503418,1.0,1.0,0.9043534398078918,0.9578852653503418,,,,,,,,,,
switzerland,hungary,1,entropy_sfda,4,235,59,0.001595744680851064,,,,,,,0.288839727640152,0.16200971603393555,0.9039515256881714,0.9570095539093018,1.0,1.0,0.9039515256881714,0.9570095539093018,,,,,,,,,,
switzerland,hungary,1,entropy_sfda,5,236,58,0.00211864406779661,,,,,,,0.2756462097167969,0.15196476876735687,0.9105608463287354,0.9605499505996704,1.0,1.0,0.9105608463287354,0.9605499505996704,,,,,,,,,,
switzerland,hungary,1,reliability_gated_sfda,1,235,59,0.0005319148936170213,0.0,0.0,,,0.0,True,0.2929912209510803,0.2929912209510803,0.9021441340446472,0.9021441340446472,1.0,1.0,,,0.0,235.0,0.0,1.0,0.0,0.0,0.0,,,
switzerland,hungary,1,reliability_gated_sfda,2,235,59,0.002127659574468085,0.0,0.0,,,0.0,True,0.2857007682323456,0.2857007682323456,0.9052736759185791,0.9052736759185791,1.0,1.0,,,0.0,235.0,0.0,1.0,0.0,0.0,0.0,,,
switzerland,hungary,1,reliability_gated_sfda,3,235,59,0.002127659574468085,0.0,0.0,,,0.0,True,0.289855033159256,0.289855033159256,0.9043534398078918,0.9043534398078918,1.0,1.0,,,0.0,235.0,0.0,1.0,0.0,0.0,0.0,,,
switzerland,hungary,1,reliability_gated_sfda,4,235,59,0.001595744680851064,0.0,0.0,,,0.0,True,0.288839727640152,0.288839727640152,0.9039515256881714,0.9039515256881714,1.0,1.0,,,0.0,235.0,0.0,1.0,0.0,0.0,0.0,,,
switzerland,hungary,1,reliability_gated_sfda,5,236,58,0.00211864406779661,0.0,0.0,,,0.0,True,0.2756462097167969,0.2756462097167969,0.9105608463287354,0.9105608463287354,1.0,1.0,,,0.0,236.0,0.0,1.0,0.0,0.0,0.0,,,
switzerland,hungary,1,conservative_candidate,1,235,59,0.0005319148936170213,0.0,,,,0.0,True,0.2929912209510803,0.2929912209510803,,,1.0,1.0,,,0.0,,,1.0,0.0,0.0,,full,0.999468085106383,0.0
switzerland,hungary,1,conservative_candidate,2,235,59,0.002127659574468085,0.0,,,,0.0,True,0.2857007682323456,0.2857007682323456,,,1.0,1.0,,,0.0,,,1.0,0.0,0.0,,full,0.997872340425532,0.0
switzerland,hungary,1,conservative_candidate,3,235,59,0.002127659574468085,0.0,,,,0.0,True,0.289855033159256,0.289855033159256,,,1.0,1.0,,,0.0,,,1.0,0.0,0.0,,full,0.997872340425532,0.0
switzerland,hungary,1,conservative_candidate,4,235,59,0.001595744680851064,0.0,,,,0.0,True,0.288839727640152,0.288839727640152,,,1.0,1.0,,,0.0,,,1.0,0.0,0.0,,full,0.9984042553191489,0.0
switzerland,hungary,1,conservative_candidate,5,236,58,0.00211864406779661,0.0,,,,0.0,True,0.2756462097167969,0.2756462097167969,,,1.0,1.0,,,0.0,,,1.0,0.0,0.0,,full,0.9978813559322034,0.0
switzerland,va_long_beach,1,pseudo_label_sfda,1,160,40,0.13984375,115.0,0.71875,115.0,0.0,0.9604569673538208,False,,,,,,,,,,,,,,,,,,
switzerland,va_long_beach,1,pseudo_label_sfda,2,160,40,0.13828125000000002,119.0,0.74375,119.0,0.0,0.9587740302085876,False,,,,,,,,,,,,,,,,,,
switzerland,va_long_beach,1,pseudo_label_sfda,3,160,40,0.12578125,120.0,0.75,120.0,0.0,0.9592657685279846,False,,,,,,,,,,,,,,,,,,
switzerland,va_long_beach,1,pseudo_label_sfda,4,160,40,0.1328125,120.0,0.75,120.0,0.0,0.9601549506187439,False,,,,,,,,,,,,,,,,,,
switzerland,va_long_beach,1,pseudo_label_sfda,5,160,40,0.14765625,118.0,0.7375,118.0,0.0,0.9599023461341858,False,,,,,,,,,,,,,,,,,,
switzerland,va_long_beach,1,entropy_sfda,1,160,40,0.13984375,,,,,,,0.23731379210948944,0.17001000046730042,0.9271446466445923,0.9530073404312134,1.0,1.0,0.9271446466445923,0.9530073404312134,,,,,,,,,,
switzerland,va_long_beach,1,entropy_sfda,2,160,40,0.13828125000000002,,,,,,,0.2383439540863037,0.1712946742773056,0.9262248277664185,0.9522573351860046,1.0,1.0,0.9262248277664185,0.9522573351860046,,,,,,,,,,
switzerland,va_long_beach,1,entropy_sfda,3,160,40,0.12578125,,,,,,,0.22896942496299744,0.1619015485048294,0.9313963055610657,0.9564955830574036,1.0,1.0,0.9313963055610657,0.9564955830574036,,,,,,,,,,
switzerland,va_long_beach,1,entropy_sfda,4,160,40,0.1328125,,,,,,,0.23169322311878204,0.16516414284706116,0.9290350079536438,0.9544160962104797,1.0,1.0,0.9290350079536438,0.9544160962104797,,,,,,,,,,
switzerland,va_long_beach,1,entropy_sfda,5,160,40,0.14765625,,,,,,,0.23599819839000702,0.17003610730171204,0.9272157549858093,0.9527057409286499,1.0,1.0,0.9272157549858093,0.9527057409286499,,,,,,,,,,
switzerland,va_long_beach,1,reliability_gated_sfda,1,160,40,0.13984375,0.0,0.0,,,0.0,True,0.23731379210948944,0.23731379210948944,0.9271446466445923,0.9271446466445923,1.0,1.0,,,0.0,160.0,0.0,1.0,0.0,0.0,0.0,,,
switzerland,va_long_beach,1,reliability_gated_sfda,2,160,40,0.13828125000000002,0.0,0.0,,,0.0,True,0.2383439540863037,0.2383439540863037,0.9262248277664185,0.9262248277664185,1.0,1.0,,,0.0,160.0,0.0,1.0,0.0,0.0,0.0,,,
switzerland,va_long_beach,1,reliability_gated_sfda,3,160,40,0.12578125,0.0,0.0,,,0.0,True,0.22896942496299744,0.22896942496299744,0.9313963055610657,0.9313963055610657,1.0,1.0,,,0.0,160.0,0.0,1.0,0.0,0.0,0.0,,,
switzerland,va_long_beach,1,reliability_gated_sfda,4,160,40,0.1328125,0.0,0.0,,,0.0,True,0.23169322311878204,0.23169322311878204,0.9290350079536438,0.9290350079536438,1.0,1.0,,,0.0,160.0,0.0,1.0,0.0,0.0,0.0,,,
switzerland,va_long_beach,1,reliability_gated_sfda,5,160,40,0.14765625,0.0,0.0,,,0.0,True,0.23599819839000702,0.23599819839000702,0.9272157549858093,0.9272157549858093,1.0,1.0,,,0.0,160.0,0.0,1.0,0.0,0.0,0.0,,,
switzerland,va_long_beach,1,conservative_candidate,1,160,40,0.13984375,0.0,,,,0.0,True,0.23731379210948944,0.23731379210948944,,,1.0,1.0,,,0.0,,,1.0,0.0,0.0,,full,0.86015625,0.0
switzerland,va_long_beach,1,conservative_candidate,2,160,40,0.13828125000000002,0.0,,,,0.0,True,0.2383439540863037,0.2383439540863037,,,1.0,1.0,,,0.0,,,1.0,0.0,0.0,,full,0.86171875,0.0
switzerland,va_long_beach,1,conservative_candidate,3,160,40,0.12578125,0.0,,,,0.0,True,0.22896942496299744,0.22896942496299744,,,1.0,1.0,,,0.0,,,1.0,0.0,0.0,,full,0.87421875,0.0
switzerland,va_long_beach,1,conservative_candidate,4,160,40,0.1328125,0.0,,,,0.0,True,0.23169322311878204,0.23169322311878204,,,1.0,1.0,,,0.0,,,1.0,0.0,0.0,,full,0.8671875,0.0
switzerland,va_long_beach,1,conservative_candidate,5,160,40,0.14765625,0.0,,,,0.0,True,0.23599819839000702,0.23599819839000702,,,1.0,1.0,,,0.0,,,1.0,0.0,0.0,,full,0.85234375,0.0
switzerland,cleveland,2,pseudo_label_sfda,1,242,61,0.0,123.0,0.5082644628099173,123.0,0.0,0.9463820457458496,False,,,,,,,,,,,,,,,,,,
switzerland,cleveland,2,pseudo_label_sfda,2,242,61,0.0,125.0,0.5165289256198347,125.0,0.0,0.9460428357124329,False,,,,,,,,,,,,,,,,,,
switzerland,cleveland,2,pseudo_label_sfda,3,242,61,0.0,124.0,0.512396694214876,124.0,0.0,0.9480819702148438,False,,,,,,,,,,,,,,,,,,
switzerland,cleveland,2,pseudo_label_sfda,4,243,60,0.0,126.0,0.5185185185185185,126.0,0.0,0.9468911290168762,False,,,,,,,,,,,,,,,,,,
switzerland,cleveland,2,pseudo_label_sfda,5,243,60,0.0,126.0,0.5185185185185185,126.0,0.0,0.9473220705986023,False,,,,,,,,,,,,,,,,,,
switzerland,cleveland,2,entropy_sfda,1,242,61,0.0,,,,,,,0.3253127932548523,0.21587251126766205,0.8885130882263184,0.9370230436325073,1.0,1.0,0.8885130882263184,0.9370230436325073,,,,,,,,,,
switzerland,cleveland,2,entropy_sfda,2,242,61,0.0,,,,,,,0.31959468126296997,0.2100016325712204,0.8918982744216919,0.9396837949752808,1.0,1.0,0.8918982744216919,0.9396837949752808,,,,,,,,,,
switzerland,cleveland,2,entropy_sfda,3,242,61,0.0,,,,,,,0.3230758011341095,0.214345782995224,0.8890655636787415,0.9373812079429626,1.0,1.0,0.8890655636787415,0.9373812079429626,,,,,,,,,,
switzerland,cleveland,2,entropy_sfda,4,243,60,0.0,,,,,,,0.3201727867126465,0.21143563091754913,0.8911752104759216,0.9388859868049622,1.0,1.0,0.8911752104759216,0.9388859868049622,,,,,,,,,,
switzerland,cleveland,2,entropy_sfda,5,243,60,0.0,,,,,,,0.3190019428730011,0.21021738648414612,0.8915694355964661,0.9391527771949768,1.0,1.0,0.8915694355964661,0.9391527771949768,,,,,,,,,,
switzerland,cleveland,2,reliability_gated_sfda,1,242,61,0.0,0.0,0.0,,,0.0,True,0.3253127932548523,0.3253127932548523,0.8885130882263184,0.8885130882263184,1.0,1.0,,,0.0,242.0,0.0,1.0,0.0,0.0,0.0,,,
switzerland,cleveland,2,reliability_gated_sfda,2,242,61,0.0,0.0,0.0,,,0.0,True,0.31959468126296997,0.31959468126296997,0.8918982744216919,0.8918982744216919,1.0,1.0,,,0.0,242.0,0.0,1.0,0.0,0.0,0.0,,,
switzerland,cleveland,2,reliability_gated_sfda,3,242,61,0.0,0.0,0.0,,,0.0,True,0.3230758011341095,0.3230758011341095,0.8890655636787415,0.8890655636787415,1.0,1.0,,,0.0,242.0,0.0,1.0,0.0,0.0,0.0,,,
switzerland,cleveland,2,reliability_gated_sfda,4,243,60,0.0,0.0,0.0,,,0.0,True,0.3201727867126465,0.3201727867126465,0.8911752104759216,0.8911752104759216,1.0,1.0,,,0.0,243.0,0.0,1.0,0.0,0.0,0.0,,,
switzerland,cleveland,2,reliability_gated_sfda,5,243,60,0.0,0.0,0.0,,,0.0,True,0.3190019428730011,0.3190019428730011,0.8915694355964661,0.8915694355964661,1.0,1.0,,,0.0,243.0,0.0,1.0,0.0,0.0,0.0,,,
switzerland,cleveland,2,conservative_candidate,1,242,61,0.0,0.0,,,,0.0,True,0.3253127932548523,0.3253127932548523,,,1.0,1.0,,,0.0,,,1.0,0.0,0.0,,full,1.0,0.0
switzerland,cleveland,2,conservative_candidate,2,242,61,0.0,0.0,,,,0.0,True,0.31959468126296997,0.31959468126296997,,,1.0,1.0,,,0.0,,,1.0,0.0,0.0,,full,1.0,0.0
switzerland,cleveland,2,conservative_candidate,3,242,61,0.0,0.0,,,,0.0,True,0.3230758011341095,0.3230758011341095,,,1.0,1.0,,,0.0,,,1.0,0.0,0.0,,full,1.0,0.0
switzerland,cleveland,2,conservative_candidate,4,243,60,0.0,0.0,,,,0.0,True,0.3201727867126465,0.3201727867126465,,,1.0,1.0,,,0.0,,,1.0,0.0,0.0,,full,1.0,0.0
switzerland,cleveland,2,conservative_candidate,5,243,60,0.0,0.0,,,,0.0,True,0.3190019428730011,0.3190019428730011,,,1.0,1.0,,,0.0,,,1.0,0.0,0.0,,full,1.0,0.0
switzerland,hungary,2,pseudo_label_sfda,1,235,59,0.0005319148936170213,107.0,0.4553191489361702,107.0,0.0,0.955427348613739,False,,,,,,,,,,,,,,,,,,
switzerland,hungary,2,pseudo_label_sfda,2,235,59,0.002127659574468085,115.0,0.48936170212765956,115.0,0.0,0.9552593231201172,False,,,,,,,,,,,,,,,,,,
switzerland,hungary,2,pseudo_label_sfda,3,235,59,0.002127659574468085,112.0,0.4765957446808511,112.0,0.0,0.9531925320625305,False,,,,,,,,,,,,,,,,,,
switzerland,hungary,2,pseudo_label_sfda,4,235,59,0.001595744680851064,112.0,0.4765957446808511,112.0,0.0,0.9555191397666931,False,,,,,,,,,,,,,,,,,,
switzerland,hungary,2,pseudo_label_sfda,5,236,58,0.00211864406779661,122.0,0.5169491525423728,122.0,0.0,0.9534887075424194,False,,,,,,,,,,,,,,,,,,
switzerland,hungary,2,entropy_sfda,1,235,59,0.0005319148936170213,,,,,,,0.32325440645217896,0.21401409804821014,0.8883705735206604,0.9377959370613098,1.0,1.0,0.8883705735206604,0.9377959370613098,,,,,,,,,,
switzerland,hungary,2,entropy_sfda,2,235,59,0.002127659574468085,,,,,,,0.314993679523468,0.2073986828327179,0.891891598701477,0.9401254057884216,1.0,1.0,0.891891598701477,0.9401254057884216,,,,,,,,,,
switzerland,hungary,2,entropy_sfda,3,235,59,0.002127659574468085,,,,,,,0.32025811076164246,0.21058472990989685,0.8899310231208801,0.9392344355583191,1.0,1.0,0.8899310231208801,0.9392344355583191,,,,,,,,,,
switzerland,hungary,2,entropy_sfda,4,235,59,0.001595744680851064,,,,,,,0.31641092896461487,0.208638533949852,0.8911783695220947,0.9396268725395203,1.0,1.0,0.8911783695220947,0.9396268725395203,,,,,,,,,,
switzerland,hungary,2,entropy_sfda,5,236,58,0.00211864406779661,,,,,,,0.30536335706710815,0.19749197363853455,0.8974868059158325,0.9443443417549133,1.0,1.0,0.8974868059158325,0.9443443417549133,,,,,,,,,,
switzerland,hungary,2,reliability_gated_sfda,1,235,59,0.0005319148936170213,0.0,0.0,,,0.0,True,0.32325440645217896,0.32325440645217896,0.8883705735206604,0.8883705735206604,1.0,1.0,,,0.0,235.0,0.0,1.0,0.0,0.0,0.0,,,
switzerland,hungary,2,reliability_gated_sfda,2,235,59,0.002127659574468085,0.0,0.0,,,0.0,True,0.314993679523468,0.314993679523468,0.891891598701477,0.891891598701477,1.0,1.0,,,0.0,235.0,0.0,1.0,0.0,0.0,0.0,,,
switzerland,hungary,2,reliability_gated_sfda,3,235,59,0.002127659574468085,0.0,0.0,,,0.0,True,0.32025811076164246,0.32025811076164246,0.8899310231208801,0.8899310231208801,1.0,1.0,,,0.0,235.0,0.0,1.0,0.0,0.0,0.0,,,
switzerland,hungary,2,reliability_gated_sfda,4,235,59,0.001595744680851064,0.0,0.0,,,0.0,True,0.31641092896461487,0.31641092896461487,0.8911783695220947,0.8911783695220947,1.0,1.0,,,0.0,235.0,0.0,1.0,0.0,0.0,0.0,,,
switzerland,hungary,2,reliability_gated_sfda,5,236,58,0.00211864406779661,0.0,0.0,,,0.0,True,0.30536335706710815,0.30536335706710815,0.8974868059158325,0.8974868059158325,1.0,1.0,,,0.0,236.0,0.0,1.0,0.0,0.0,0.0,,,
switzerland,hungary,2,conservative_candidate,1,235,59,0.0005319148936170213,0.0,,,,0.0,True,0.32325440645217896,0.32325440645217896,,,1.0,1.0,,,0.0,,,1.0,0.0,0.0,,full,0.999468085106383,0.0
switzerland,hungary,2,conservative_candidate,2,235,59,0.002127659574468085,0.0,,,,0.0,True,0.314993679523468,0.314993679523468,,,1.0,1.0,,,0.0,,,1.0,0.0,0.0,,full,0.997872340425532,0.0
switzerland,hungary,2,conservative_candidate,3,235,59,0.002127659574468085,0.0,,,,0.0,True,0.32025811076164246,0.32025811076164246,,,1.0,1.0,,,0.0,,,1.0,0.0,0.0,,full,0.997872340425532,0.0
switzerland,hungary,2,conservative_candidate,4,235,59,0.001595744680851064,0.0,,,,0.0,True,0.31641092896461487,0.31641092896461487,,,1.0,1.0,,,0.0,,,1.0,0.0,0.0,,full,0.9984042553191489,0.0
switzerland,hungary,2,conservative_candidate,5,236,58,0.00211864406779661,0.0,,,,0.0,True,0.30536335706710815,0.30536335706710815,,,1.0,1.0,,,0.0,,,1.0,0.0,0.0,,full,0.9978813559322034,0.0
switzerland,va_long_beach,2,pseudo_label_sfda,1,160,40,0.13984375,127.0,0.79375,127.0,0.0,0.9590998888015747,False,,,,,,,,,,,,,,,,,,
switzerland,va_long_beach,2,pseudo_label_sfda,2,160,40,0.13828125000000002,131.0,0.81875,131.0,0.0,0.9579318165779114,False,,,,,,,,,,,,,,,,,,
switzerland,va_long_beach,2,pseudo_label_sfda,3,160,40,0.12578125,134.0,0.8375,134.0,0.0,0.9580067992210388,False,,,,,,,,,,,,,,,,,,
switzerland,va_long_beach,2,pseudo_label_sfda,4,160,40,0.1328125,132.0,0.825,132.0,0.0,0.9592024683952332,False,,,,,,,,,,,,,,,,,,
switzerland,va_long_beach,2,pseudo_label_sfda,5,160,40,0.14765625,128.0,0.8,128.0,0.0,0.9589192867279053,False,,,,,,,,,,,,,,,,,,
switzerland,va_long_beach,2,entropy_sfda,1,160,40,0.13984375,,,,,,,0.21521274745464325,0.15772390365600586,0.9374548196792603,0.9581552743911743,1.0,1.0,0.9374548196792603,0.9581552743911743,,,,,,,,,,
switzerland,va_long_beach,2,entropy_sfda,2,160,40,0.13828125000000002,,,,,,,0.21440529823303223,0.15694263577461243,0.9377127885818481,0.9582487940788269,1.0,1.0,0.9377127885818481,0.9582487940788269,,,,,,,,,,
switzerland,va_long_beach,2,entropy_sfda,3,160,40,0.12578125,,,,,,,0.20758052170276642,0.15005527436733246,0.940919041633606,0.9611177444458008,1.0,1.0,0.940919041633606,0.9611177444458008,,,,,,,,,,
switzerland,va_long_beach,2,entropy_sfda,4,160,40,0.1328125,,,,,,,0.20727626979351044,0.15076252818107605,0.9404721260070801,0.9603931307792664,1.0,1.0,0.9404721260070801,0.9603931307792664,,,,,,,,,,
switzerland,va_long_beach,2,entropy_sfda,5,160,40,0.14765625,,,,,,,0.21516641974449158,0.15807953476905823,0.9372884035110474,0.957828164100647,1.0,1.0,0.9372884035110474,0.957828164100647,,,,,,,,,,
switzerland,va_long_beach,2,reliability_gated_sfda,1,160,40,0.13984375,0.0,0.0,,,0.0,True,0.21521274745464325,0.21521274745464325,0.9374548196792603,0.9374548196792603,1.0,1.0,,,0.0,160.0,0.0,1.0,0.0,0.0,0.0,,,
switzerland,va_long_beach,2,reliability_gated_sfda,2,160,40,0.13828125000000002,0.0,0.0,,,0.0,True,0.21440529823303223,0.21440529823303223,0.9377127885818481,0.9377127885818481,1.0,1.0,,,0.0,160.0,0.0,1.0,0.0,0.0,0.0,,,
switzerland,va_long_beach,2,reliability_gated_sfda,3,160,40,0.12578125,0.0,0.0,,,0.0,True,0.20758052170276642,0.20758052170276642,0.940919041633606,0.940919041633606,1.0,1.0,,,0.0,160.0,0.0,1.0,0.0,0.0,0.0,,,
switzerland,va_long_beach,2,reliability_gated_sfda,4,160,40,0.1328125,0.0,0.0,,,0.0,True,0.20727626979351044,0.20727626979351044,0.9404721260070801,0.9404721260070801,1.0,1.0,,,0.0,160.0,0.0,1.0,0.0,0.0,0.0,,,
switzerland,va_long_beach,2,reliability_gated_sfda,5,160,40,0.14765625,0.0,0.0,,,0.0,True,0.21516641974449158,0.21516641974449158,0.9372884035110474,0.9372884035110474,1.0,1.0,,,0.0,160.0,0.0,1.0,0.0,0.0,0.0,,,
switzerland,va_long_beach,2,conservative_candidate,1,160,40,0.13984375,0.0,,,,0.0,True,0.21521274745464325,0.21521274745464325,,,1.0,1.0,,,0.0,,,1.0,0.0,0.0,,full,0.86015625,0.0
switzerland,va_long_beach,2,conservative_candidate,2,160,40,0.13828125000000002,0.0,,,,0.0,True,0.21440529823303223,0.21440529823303223,,,1.0,1.0,,,0.0,,,1.0,0.0,0.0,,full,0.86171875,0.0
switzerland,va_long_beach,2,conservative_candidate,3,160,40,0.12578125,0.0,,,,0.0,True,0.20758052170276642,0.20758052170276642,,,1.0,1.0,,,0.0,,,1.0,0.0,0.0,,full,0.87421875,0.0
switzerland,va_long_beach,2,conservative_candidate,4,160,40,0.1328125,0.0,,,,0.0,True,0.20727626979351044,0.20727626979351044,,,1.0,1.0,,,0.0,,,1.0,0.0,0.0,,full,0.8671875,0.0
switzerland,va_long_beach,2,conservative_candidate,5,160,40,0.14765625,0.0,,,,0.0,True,0.21516641974449158,0.21516641974449158,,,1.0,1.0,,,0.0,,,1.0,0.0,0.0,,full,0.85234375,0.0
switzerland,cleveland,3,pseudo_label_sfda,1,242,61,0.0,143.0,0.5909090909090909,143.0,0.0,0.9483237266540527,False,,,,,,,,,,,,,,,,,,
switzerland,cleveland,3,pseudo_label_sfda,2,242,61,0.0,148.0,0.6115702479338843,148.0,0.0,0.9464762806892395,False,,,,,,,,,,,,,,,,,,
switzerland,cleveland,3,pseudo_label_sfda,3,242,61,0.0,142.0,0.5867768595041323,142.0,0.0,0.9487928748130798,False,,,,,,,,,,,,,,,,,,
switzerland,cleveland,3,pseudo_label_sfda,4,243,60,0.0,147.0,0.6049382716049383,147.0,0.0,0.9474973082542419,False,,,,,,,,,,,,,,,,,,
switzerland,cleveland,3,pseudo_label_sfda,5,243,60,0.0,148.0,0.6090534979423868,148.0,0.0,0.9469633102416992,False,,,,,,,,,,,,,,,,,,
switzerland,cleveland,3,entropy_sfda,1,242,61,0.0,,,,,,,0.28913775086402893,0.19277432560920715,0.9068138599395752,0.9466365575790405,1.0,1.0,0.9068138599395752,0.9466365575790405,,,,,,,,,,
switzerland,cleveland,3,entropy_sfda,2,242,61,0.0,,,,,,,0.28733596205711365,0.1909647136926651,0.9078899025917053,0.9474152326583862,1.0,1.0,0.9078899025917053,0.9474152326583862,,,,,,,,,,
switzerland,cleveland,3,entropy_sfda,3,242,61,0.0,,,,,,,0.28972089290618896,0.19401748478412628,0.9063203930854797,0.9460692405700684,1.0,1.0,0.9063203930854797,0.9460692405700684,,,,,,,,,,
switzerland,cleveland,3,entropy_sfda,4,243,60,0.0,,,,,,,0.28946664929389954,0.19330693781375885,0.9064958691596985,0.9463340044021606,1.0,1.0,0.9064958691596985,0.9463340044021606,,,,,,,,,,
switzerland,cleveland,3,entropy_sfda,5,243,60,0.0,,,,,,,0.2866412401199341,0.19033466279506683,0.9082692861557007,0.9476171135902405,1.0,1.0,0.9082692861557007,0.9476171135902405,,,,,,,,,,
switzerland,cleveland,3,reliability_gated_sfda,1,242,61,0.0,0.0,0.0,,,0.0,True,0.28913775086402893,0.28913775086402893,0.9068138599395752,0.9068138599395752,1.0,1.0,,,0.0,242.0,0.0,1.0,0.0,0.0,0.0,,,
switzerland,cleveland,3,reliability_gated_sfda,2,242,61,0.0,0.0,0.0,,,0.0,True,0.28733596205711365,0.28733596205711365,0.9078899025917053,0.9078899025917053,1.0,1.0,,,0.0,242.0,0.0,1.0,0.0,0.0,0.0,,,
switzerland,cleveland,3,reliability_gated_sfda,3,242,61,0.0,0.0,0.0,,,0.0,True,0.28972089290618896,0.28972089290618896,0.9063203930854797,0.9063203930854797,1.0,1.0,,,0.0,242.0,0.0,1.0,0.0,0.0,0.0,,,
switzerland,cleveland,3,reliability_gated_sfda,4,243,60,0.0,0.0,0.0,,,0.0,True,0.28946664929389954,0.28946664929389954,0.9064958691596985,0.9064958691596985,1.0,1.0,,,0.0,243.0,0.0,1.0,0.0,0.0,0.0,,,
switzerland,cleveland,3,reliability_gated_sfda,5,243,60,0.0,0.0,0.0,,,0.0,True,0.2866412401199341,0.2866412401199341,0.9082692861557007,0.9082692861557007,1.0,1.0,,,0.0,243.0,0.0,1.0,0.0,0.0,0.0,,,
switzerland,cleveland,3,conservative_candidate,1,242,61,0.0,0.0,,,,0.0,True,0.28913775086402893,0.28913775086402893,,,1.0,1.0,,,0.0,,,1.0,0.0,0.0,,full,1.0,0.0
switzerland,cleveland,3,conservative_candidate,2,242,61,0.0,0.0,,,,0.0,True,0.28733596205711365,0.28733596205711365,,,1.0,1.0,,,0.0,,,1.0,0.0,0.0,,full,1.0,0.0
switzerland,cleveland,3,conservative_candidate,3,242,61,0.0,0.0,,,,0.0,True,0.28972089290618896,0.28972089290618896,,,1.0,1.0,,,0.0,,,1.0,0.0,0.0,,full,1.0,0.0
switzerland,cleveland,3,conservative_candidate,4,243,60,0.0,0.0,,,,0.0,True,0.28946664929389954,0.28946664929389954,,,1.0,1.0,,,0.0,,,1.0,0.0,0.0,,full,1.0,0.0
switzerland,cleveland,3,conservative_candidate,5,243,60,0.0,0.0,,,,0.0,True,0.2866412401199341,0.2866412401199341,,,1.0,1.0,,,0.0,,,1.0,0.0,0.0,,full,1.0,0.0
switzerland,hungary,3,pseudo_label_sfda,1,235,59,0.0005319148936170213,116.0,0.49361702127659574,116.0,0.0,0.9559161067008972,False,,,,,,,,,,,,,,,,,,
switzerland,hungary,3,pseudo_label_sfda,2,235,59,0.002127659574468085,121.0,0.5148936170212766,121.0,0.0,0.9568600058555603,False,,,,,,,,,,,,,,,,,,
switzerland,hungary,3,pseudo_label_sfda,3,235,59,0.002127659574468085,120.0,0.5106382978723404,120.0,0.0,0.9538490772247314,False,,,,,,,,,,,,,,,,,,
switzerland,hungary,3,pseudo_label_sfda,4,235,59,0.001595744680851064,120.0,0.5106382978723404,120.0,0.0,0.9562886953353882,False,,,,,,,,,,,,,,,,,,
switzerland,hungary,3,pseudo_label_sfda,5,236,58,0.00211864406779661,131.0,0.5550847457627118,131.0,0.0,0.9543818235397339,False,,,,,,,,,,,,,,,,,,
switzerland,hungary,3,entropy_sfda,1,235,59,0.0005319148936170213,,,,,,,0.299465149641037,0.19616131484508514,0.9012358784675598,0.9455641508102417,1.0,1.0,0.9012358784675598,0.9455641508102417,,,,,,,,,,
switzerland,hungary,3,entropy_sfda,2,235,59,0.002127659574468085,,,,,,,0.28907307982444763,0.18768781423568726,0.9059657454490662,0.9486229419708252,1.0,1.0,0.9059657454490662,0.9486229419708252,,,,,,,,,,
switzerland,hungary,3,entropy_sfda,3,235,59,0.002127659574468085,,,,,,,0.2951953709125519,0.19165925681591034,0.903649628162384,0.9474676251411438,1.0,1.0,0.903649628162384,0.9474676251411438,,,,,,,,,,
switzerland,hungary,3,entropy_sfda,4,235,59,0.001595744680851064,,,,,,,0.2925788462162018,0.1910523921251297,0.9040270447731018,0.9472767114639282,1.0,1.0,0.9040270447731018,0.9472767114639282,,,,,,,,,,
switzerland,hungary,3,entropy_sfda,5,236,58,0.00211864406779661,,,,,,,0.2810792326927185,0.1807434856891632,0.9102159142494202,0.9513681530952454,1.0,1.0,0.9102159142494202,0.9513681530952454,,,,,,,,,,
switzerland,hungary,3,reliability_gated_sfda,1,235,59,0.0005319148936170213,0.0,0.0,,,0.0,True,0.299465149641037,0.299465149641037,0.9012358784675598,0.9012358784675598,1.0,1.0,,,0.0,235.0,0.0,1.0,0.0,0.0,0.0,,,
switzerland,hungary,3,reliability_gated_sfda,2,235,59,0.002127659574468085,0.0,0.0,,,0.0,True,0.28907307982444763,0.28907307982444763,0.9059657454490662,0.9059657454490662,1.0,1.0,,,0.0,235.0,0.0,1.0,0.0,0.0,0.0,,,
switzerland,hungary,3,reliability_gated_sfda,3,235,59,0.002127659574468085,0.0,0.0,,,0.0,True,0.2951953709125519,0.2951953709125519,0.903649628162384,0.903649628162384,1.0,1.0,,,0.0,235.0,0.0,1.0,0.0,0.0,0.0,,,
switzerland,hungary,3,reliability_gated_sfda,4,235,59,0.001595744680851064,0.0,0.0,,,0.0,True,0.2925788462162018,0.2925788462162018,0.9040270447731018,0.9040270447731018,1.0,1.0,,,0.0,235.0,0.0,1.0,0.0,0.0,0.0,,,
switzerland,hungary,3,reliability_gated_sfda,5,236,58,0.00211864406779661,0.0,0.0,,,0.0,True,0.2810792326927185,0.2810792326927185,0.9102159142494202,0.9102159142494202,1.0,1.0,,,0.0,236.0,0.0,1.0,0.0,0.0,0.0,,,
switzerland,hungary,3,conservative_candidate,1,235,59,0.0005319148936170213,0.0,,,,0.0,True,0.299465149641037,0.299465149641037,,,1.0,1.0,,,0.0,,,1.0,0.0,0.0,,full,0.999468085106383,0.0
switzerland,hungary,3,conservative_candidate,2,235,59,0.002127659574468085,0.0,,,,0.0,True,0.28907307982444763,0.28907307982444763,,,1.0,1.0,,,0.0,,,1.0,0.0,0.0,,full,0.997872340425532,0.0
switzerland,hungary,3,conservative_candidate,3,235,59,0.002127659574468085,0.0,,,,0.0,True,0.2951953709125519,0.2951953709125519,,,1.0,1.0,,,0.0,,,1.0,0.0,0.0,,full,0.997872340425532,0.0
switzerland,hungary,3,conservative_candidate,4,235,59,0.001595744680851064,0.0,,,,0.0,True,0.2925788462162018,0.2925788462162018,,,1.0,1.0,,,0.0,,,1.0,0.0,0.0,,full,0.9984042553191489,0.0
switzerland,hungary,3,conservative_candidate,5,236,58,0.00211864406779661,0.0,,,,0.0,True,0.2810792326927185,0.2810792326927185,,,1.0,1.0,,,0.0,,,1.0,0.0,0.0,,full,0.9978813559322034,0.0
switzerland,va_long_beach,3,pseudo_label_sfda,1,160,40,0.13984375,129.0,0.80625,129.0,0.0,0.9569455981254578,False,,,,,,,,,,,,,,,,,,
switzerland,va_long_beach,3,pseudo_label_sfda,2,160,40,0.13828125000000002,130.0,0.8125,130.0,0.0,0.9565409421920776,False,,,,,,,,,,,,,,,,,,
switzerland,va_long_beach,3,pseudo_label_sfda,3,160,40,0.12578125,135.0,0.84375,135.0,0.0,0.9560117125511169,False,,,,,,,,,,,,,,,,,,
switzerland,va_long_beach,3,pseudo_label_sfda,4,160,40,0.1328125,133.0,0.83125,133.0,0.0,0.9566470980644226,False,,,,,,,,,,,,,,,,,,
switzerland,va_long_beach,3,pseudo_label_sfda,5,160,40,0.14765625,129.0,0.80625,129.0,0.0,0.9573242664337158,False,,,,,,,,,,,,,,,,,,
switzerland,va_long_beach,3,entropy_sfda,1,160,40,0.13984375,,,,,,,0.21801260113716125,0.16673772037029266,0.9370959997177124,0.9556760787963867,1.0,1.0,0.9370959997177124,0.9556760787963867,,,,,,,,,,
switzerland,va_long_beach,3,entropy_sfda,2,160,40,0.13828125000000002,,,,,,,0.21966007351875305,0.16741490364074707,0.9364468455314636,0.9554288983345032,1.0,1.0,0.9364468455314636,0.9554288983345032,,,,,,,,,,
switzerland,va_long_beach,3,entropy_sfda,3,160,40,0.12578125,,,,,,,0.2102094143629074,0.1586305797100067,0.9407842755317688,0.9589912295341492,1.0,1.0,0.9407842755317688,0.9589912295341492,,,,,,,,,,
switzerland,va_long_beach,3,entropy_sfda,4,160,40,0.1328125,,,,,,,0.21199443936347961,0.1606873720884323,0.9395403861999512,0.9578515887260437,1.0,1.0,0.9395403861999512,0.9578515887260437,,,,,,,,,,
switzerland,va_long_beach,3,entropy_sfda,5,160,40,0.14765625,,,,,,,0.21714739501476288,0.166011780500412,0.9373480081558228,0.9558866620063782,1.0,1.0,0.9373480081558228,0.9558866620063782,,,,,,,,,,
switzerland,va_long_beach,3,reliability_gated_sfda,1,160,40,0.13984375,0.0,0.0,,,0.0,True,0.21801260113716125,0.21801260113716125,0.9370959997177124,0.9370959997177124,1.0,1.0,,,0.0,160.0,0.0,1.0,0.0,0.0,0.0,,,
switzerland,va_long_beach,3,reliability_gated_sfda,2,160,40,0.13828125000000002,0.0,0.0,,,0.0,True,0.21966007351875305,0.21966007351875305,0.9364468455314636,0.9364468455314636,1.0,1.0,,,0.0,160.0,0.0,1.0,0.0,0.0,0.0,,,
switzerland,va_long_beach,3,reliability_gated_sfda,3,160,40,0.12578125,0.0,0.0,,,0.0,True,0.2102094143629074,0.2102094143629074,0.9407842755317688,0.9407842755317688,1.0,1.0,,,0.0,160.0,0.0,1.0,0.0,0.0,0.0,,,
switzerland,va_long_beach,3,reliability_gated_sfda,4,160,40,0.1328125,0.0,0.0,,,0.0,True,0.21199443936347961,0.21199443936347961,0.9395403861999512,0.9395403861999512,1.0,1.0,,,0.0,160.0,0.0,1.0,0.0,0.0,0.0,,,
switzerland,va_long_beach,3,reliability_gated_sfda,5,160,40,0.14765625,0.0,0.0,,,0.0,True,0.21714739501476288,0.21714739501476288,0.9373480081558228,0.9373480081558228,1.0,1.0,,,0.0,160.0,0.0,1.0,0.0,0.0,0.0,,,
switzerland,va_long_beach,3,conservative_candidate,1,160,40,0.13984375,0.0,,,,0.0,True,0.21801260113716125,0.21801260113716125,,,1.0,1.0,,,0.0,,,1.0,0.0,0.0,,full,0.86015625,0.0
switzerland,va_long_beach,3,conservative_candidate,2,160,40,0.13828125000000002,0.0,,,,0.0,True,0.21966007351875305,0.21966007351875305,,,1.0,1.0,,,0.0,,,1.0,0.0,0.0,,full,0.86171875,0.0
switzerland,va_long_beach,3,conservative_candidate,3,160,40,0.12578125,0.0,,,,0.0,True,0.2102094143629074,0.2102094143629074,,,1.0,1.0,,,0.0,,,1.0,0.0,0.0,,full,0.87421875,0.0
switzerland,va_long_beach,3,conservative_candidate,4,160,40,0.1328125,0.0,,,,0.0,True,0.21199443936347961,0.21199443936347961,,,1.0,1.0,,,0.0,,,1.0,0.0,0.0,,full,0.8671875,0.0
switzerland,va_long_beach,3,conservative_candidate,5,160,40,0.14765625,0.0,,,,0.0,True,0.21714739501476288,0.21714739501476288,,,1.0,1.0,,,0.0,,,1.0,0.0,0.0,,full,0.85234375,0.0
switzerland,cleveland,4,pseudo_label_sfda,1,242,61,0.0,119.0,0.49173553719008267,119.0,0.0,0.9521344900131226,False,,,,,,,,,,,,,,,,,,
switzerland,cleveland,4,pseudo_label_sfda,2,242,61,0.0,119.0,0.49173553719008267,119.0,0.0,0.9524364471435547,False,,,,,,,,,,,,,,,,,,
switzerland,cleveland,4,pseudo_label_sfda,3,242,61,0.0,119.0,0.49173553719008267,119.0,0.0,0.9534727931022644,False,,,,,,,,,,,,,,,,,,
switzerland,cleveland,4,pseudo_label_sfda,4,243,60,0.0,123.0,0.5061728395061729,123.0,0.0,0.9517386555671692,False,,,,,,,,,,,,,,,,,,
switzerland,cleveland,4,pseudo_label_sfda,5,243,60,0.0,124.0,0.5102880658436214,124.0,0.0,0.9518687725067139,False,,,,,,,,,,,,,,,,,,
switzerland,cleveland,4,entropy_sfda,1,242,61,0.0,,,,,,,0.33459800481796265,0.21522212028503418,0.8788677453994751,0.9357020854949951,1.0,1.0,0.8788677453994751,0.9357020854949951,,,,,,,,,,
switzerland,cleveland,4,entropy_sfda,2,242,61,0.0,,,,,,,0.3312590420246124,0.21229802072048187,0.8806845545768738,0.9368583559989929,1.0,1.0,0.8806845545768738,0.9368583559989929,,,,,,,,,,
switzerland,cleveland,4,entropy_sfda,3,242,61,0.0,,,,,,,0.3325084447860718,0.21462619304656982,0.8795077800750732,0.935692548751831,1.0,1.0,0.8795077800750732,0.935692548751831,,,,,,,,,,
switzerland,cleveland,4,entropy_sfda,4,243,60,0.0,,,,,,,0.3350726366043091,0.2159602791070938,0.877852201461792,0.9350414872169495,1.0,1.0,0.877852201461792,0.9350414872169495,,,,,,,,,,
switzerland,cleveland,4,entropy_sfda,5,243,60,0.0,,,,,,,0.3288687765598297,0.21109811961650848,0.8818071484565735,0.9371769428253174,1.0,1.0,0.8818071484565735,0.9371769428253174,,,,,,,,,,
switzerland,cleveland,4,reliability_gated_sfda,1,242,61,0.0,0.0,0.0,,,0.0,True,0.33459800481796265,0.33459800481796265,0.8788677453994751,0.8788677453994751,1.0,1.0,,,0.0,242.0,0.0,1.0,0.0,0.0,0.0,,,
switzerland,cleveland,4,reliability_gated_sfda,2,242,61,0.0,0.0,0.0,,,0.0,True,0.3312590420246124,0.3312590420246124,0.8806845545768738,0.8806845545768738,1.0,1.0,,,0.0,242.0,0.0,1.0,0.0,0.0,0.0,,,
switzerland,cleveland,4,reliability_gated_sfda,3,242,61,0.0,0.0,0.0,,,0.0,True,0.3325084447860718,0.3325084447860718,0.8795077800750732,0.8795077800750732,1.0,1.0,,,0.0,242.0,0.0,1.0,0.0,0.0,0.0,,,
switzerland,cleveland,4,reliability_gated_sfda,4,243,60,0.0,0.0,0.0,,,0.0,True,0.3350726366043091,0.3350726366043091,0.877852201461792,0.877852201461792,1.0,1.0,,,0.0,243.0,0.0,1.0,0.0,0.0,0.0,,,
switzerland,cleveland,4,reliability_gated_sfda,5,243,60,0.0,0.0,0.0,,,0.0,True,0.3288687765598297,0.3288687765598297,0.8818071484565735,0.8818071484565735,1.0,1.0,,,0.0,243.0,0.0,1.0,0.0,0.0,0.0,,,
switzerland,cleveland,4,conservative_candidate,1,242,61,0.0,0.0,,,,0.0,True,0.33459800481796265,0.33459800481796265,,,1.0,1.0,,,0.0,,,1.0,0.0,0.0,,full,1.0,0.0
switzerland,cleveland,4,conservative_candidate,2,242,61,0.0,0.0,,,,0.0,True,0.3312590420246124,0.3312590420246124,,,1.0,1.0,,,0.0,,,1.0,0.0,0.0,,full,1.0,0.0
switzerland,cleveland,4,conservative_candidate,3,242,61,0.0,0.0,,,,0.0,True,0.3325084447860718,0.3325084447860718,,,1.0,1.0,,,0.0,,,1.0,0.0,0.0,,full,1.0,0.0
switzerland,cleveland,4,conservative_candidate,4,243,60,0.0,0.0,,,,0.0,True,0.3350726366043091,0.3350726366043091,,,1.0,1.0,,,0.0,,,1.0,0.0,0.0,,full,1.0,0.0
switzerland,cleveland,4,conservative_candidate,5,243,60,0.0,0.0,,,,0.0,True,0.3288687765598297,0.3288687765598297,,,1.0,1.0,,,0.0,,,1.0,0.0,0.0,,full,1.0,0.0
switzerland,hungary,4,pseudo_label_sfda,1,235,59,0.0005319148936170213,123.0,0.5234042553191489,123.0,0.0,0.9584120512008667,False,,,,,,,,,,,,,,,,,,
switzerland,hungary,4,pseudo_label_sfda,2,235,59,0.002127659574468085,131.0,0.5574468085106383,131.0,0.0,0.9582898020744324,False,,,,,,,,,,,,,,,,,,
switzerland,hungary,4,pseudo_label_sfda,3,235,59,0.002127659574468085,127.0,0.5404255319148936,127.0,0.0,0.9559267163276672,False,,,,,,,,,,,,,,,,,,
switzerland,hungary,4,pseudo_label_sfda,4,235,59,0.001595744680851064,125.0,0.5319148936170213,125.0,0.0,0.9588853716850281,False,,,,,,,,,,,,,,,,,,
switzerland,hungary,4,pseudo_label_sfda,5,236,58,0.00211864406779661,138.0,0.5847457627118644,138.0,0.0,0.9569301605224609,False,,,,,,,,,,,,,,,,,,
switzerland,hungary,4,entropy_sfda,1,235,59,0.0005319148936170213,,,,,,,0.30784139037132263,0.1886807084083557,0.8917158246040344,0.9462650418281555,1.0,1.0,0.8917158246040344,0.9462650418281555,,,,,,,,,,
switzerland,hungary,4,entropy_sfda,2,235,59,0.002127659574468085,,,,,,,0.2975921332836151,0.18151678144931793,0.8965513706207275,0.9488908648490906,1.0,1.0,0.8965513706207275,0.9488908648490906,,,,,,,,,,
switzerland,hungary,4,entropy_sfda,3,235,59,0.002127659574468085,,,,,,,0.3060108721256256,0.18682894110679626,0.8931057453155518,0.9471731781959534,1.0,1.0,0.8931057453155518,0.9471731781959534,,,,,,,,,,
switzerland,hungary,4,entropy_sfda,4,235,59,0.001595744680851064,,,,,,,0.30023518204689026,0.18295998871326447,0.8956078290939331,0.9485031962394714,1.0,1.0,0.8956078290939331,0.9485031962394714,,,,,,,,,,
switzerland,hungary,4,entropy_sfda,5,236,58,0.00211864406779661,,,,,,,0.28789642453193665,0.172917440533638,0.9021000266075134,0.9522307515144348,1.0,1.0,0.9021000266075134,0.9522307515144348,,,,,,,,,,
switzerland,hungary,4,reliability_gated_sfda,1,235,59,0.0005319148936170213,0.0,0.0,,,0.0,True,0.30784139037132263,0.30784139037132263,0.8917158246040344,0.8917158246040344,1.0,1.0,,,0.0,235.0,0.0,1.0,0.0,0.0,0.0,,,
switzerland,hungary,4,reliability_gated_sfda,2,235,59,0.002127659574468085,0.0,0.0,,,0.0,True,0.2975921332836151,0.2975921332836151,0.8965513706207275,0.8965513706207275,1.0,1.0,,,0.0,235.0,0.0,1.0,0.0,0.0,0.0,,,
switzerland,hungary,4,reliability_gated_sfda,3,235,59,0.002127659574468085,0.0,0.0,,,0.0,True,0.3060108721256256,0.3060108721256256,0.8931057453155518,0.8931057453155518,1.0,1.0,,,0.0,235.0,0.0,1.0,0.0,0.0,0.0,,,
switzerland,hungary,4,reliability_gated_sfda,4,235,59,0.001595744680851064,0.0,0.0,,,0.0,True,0.30023518204689026,0.30023518204689026,0.8956078290939331,0.8956078290939331,1.0,1.0,,,0.0,235.0,0.0,1.0,0.0,0.0,0.0,,,
switzerland,hungary,4,reliability_gated_sfda,5,236,58,0.00211864406779661,0.0,0.0,,,0.0,True,0.28789642453193665,0.28789642453193665,0.9021000266075134,0.9021000266075134,1.0,1.0,,,0.0,236.0,0.0,1.0,0.0,0.0,0.0,,,
switzerland,hungary,4,conservative_candidate,1,235,59,0.0005319148936170213,0.0,,,,0.0,True,0.30784139037132263,0.30784139037132263,,,1.0,1.0,,,0.0,,,1.0,0.0,0.0,,full,0.999468085106383,0.0
switzerland,hungary,4,conservative_candidate,2,235,59,0.002127659574468085,0.0,,,,0.0,True,0.2975921332836151,0.2975921332836151,,,1.0,1.0,,,0.0,,,1.0,0.0,0.0,,full,0.997872340425532,0.0
switzerland,hungary,4,conservative_candidate,3,235,59,0.002127659574468085,0.0,,,,0.0,True,0.3060108721256256,0.3060108721256256,,,1.0,1.0,,,0.0,,,1.0,0.0,0.0,,full,0.997872340425532,0.0
switzerland,hungary,4,conservative_candidate,4,235,59,0.001595744680851064,0.0,,,,0.0,True,0.30023518204689026,0.30023518204689026,,,1.0,1.0,,,0.0,,,1.0,0.0,0.0,,full,0.9984042553191489,0.0
switzerland,hungary,4,conservative_candidate,5,236,58,0.00211864406779661,0.0,,,,0.0,True,0.28789642453193665,0.28789642453193665,,,1.0,1.0,,,0.0,,,1.0,0.0,0.0,,full,0.9978813559322034,0.0
switzerland,va_long_beach,4,pseudo_label_sfda,1,160,40,0.13984375,126.0,0.7875,126.0,0.0,0.9574764966964722,False,,,,,,,,,,,,,,,,,,
switzerland,va_long_beach,4,pseudo_label_sfda,2,160,40,0.13828125000000002,129.0,0.80625,129.0,0.0,0.9563429355621338,False,,,,,,,,,,,,,,,,,,
switzerland,va_long_beach,4,pseudo_label_sfda,3,160,40,0.12578125,131.0,0.81875,131.0,0.0,0.9570650458335876,False,,,,,,,,,,,,,,,,,,
switzerland,va_long_beach,4,pseudo_label_sfda,4,160,40,0.1328125,129.0,0.80625,129.0,0.0,0.9574172496795654,False,,,,,,,,,,,,,,,,,,
switzerland,va_long_beach,4,pseudo_label_sfda,5,160,40,0.14765625,125.0,0.78125,125.0,0.0,0.957588791847229,False,,,,,,,,,,,,,,,,,,
switzerland,va_long_beach,4,entropy_sfda,1,160,40,0.13984375,,,,,,,0.2283916473388672,0.16630305349826813,0.9306026697158813,0.9543393850326538,1.0,1.0,0.9306026697158813,0.9543393850326538,,,,,,,,,,
switzerland,va_long_beach,4,entropy_sfda,2,160,40,0.13828125000000002,,,,,,,0.22756430506706238,0.16487689316272736,0.9310483932495117,0.9548618197441101,1.0,1.0,0.9310483932495117,0.9548618197441101,,,,,,,,,,
switzerland,va_long_beach,4,entropy_sfda,3,160,40,0.12578125,,,,,,,0.21892479062080383,0.15694206953048706,0.9352170825004578,0.9581181406974792,1.0,1.0,0.9352170825004578,0.9581181406974792,,,,,,,,,,
switzerland,va_long_beach,4,entropy_sfda,4,160,40,0.1328125,,,,,,,0.2207079380750656,0.15831658244132996,0.9343303442001343,0.9575504064559937,1.0,1.0,0.9343303442001343,0.9575504064559937,,,,,,,,,,
switzerland,va_long_beach,4,entropy_sfda,5,160,40,0.14765625,,,,,,,0.22863741219043732,0.16638489067554474,0.9305194616317749,0.9543838500976562,1.0,1.0,0.9305194616317749,0.9543838500976562,,,,,,,,,,
switzerland,va_long_beach,4,reliability_gated_sfda,1,160,40,0.13984375,0.0,0.0,,,0.0,True,0.2283916473388672,0.2283916473388672,0.9306026697158813,0.9306026697158813,1.0,1.0,,,0.0,160.0,0.0,1.0,0.0,0.0,0.0,,,
switzerland,va_long_beach,4,reliability_gated_sfda,2,160,40,0.13828125000000002,0.0,0.0,,,0.0,True,0.22756430506706238,0.22756430506706238,0.9310483932495117,0.9310483932495117,1.0,1.0,,,0.0,160.0,0.0,1.0,0.0,0.0,0.0,,,
switzerland,va_long_beach,4,reliability_gated_sfda,3,160,40,0.12578125,0.0,0.0,,,0.0,True,0.21892479062080383,0.21892479062080383,0.9352170825004578,0.9352170825004578,1.0,1.0,,,0.0,160.0,0.0,1.0,0.0,0.0,0.0,,,
switzerland,va_long_beach,4,reliability_gated_sfda,4,160,40,0.1328125,0.0,0.0,,,0.0,True,0.2207079380750656,0.2207079380750656,0.9343303442001343,0.9343303442001343,1.0,1.0,,,0.0,160.0,0.0,1.0,0.0,0.0,0.0,,,
switzerland,va_long_beach,4,reliability_gated_sfda,5,160,40,0.14765625,0.0,0.0,,,0.0,True,0.22863741219043732,0.22863741219043732,0.9305194616317749,0.9305194616317749,1.0,1.0,,,0.0,160.0,0.0,1.0,0.0,0.0,0.0,,,
switzerland,va_long_beach,4,conservative_candidate,1,160,40,0.13984375,0.0,,,,0.0,True,0.2283916473388672,0.2283916473388672,,,1.0,1.0,,,0.0,,,1.0,0.0,0.0,,full,0.86015625,0.0
switzerland,va_long_beach,4,conservative_candidate,2,160,40,0.13828125000000002,0.0,,,,0.0,True,0.22756430506706238,0.22756430506706238,,,1.0,1.0,,,0.0,,,1.0,0.0,0.0,,full,0.86171875,0.0
switzerland,va_long_beach,4,conservative_candidate,3,160,40,0.12578125,0.0,,,,0.0,True,0.21892479062080383,0.21892479062080383,,,1.0,1.0,,,0.0,,,1.0,0.0,0.0,,full,0.87421875,0.0
switzerland,va_long_beach,4,conservative_candidate,4,160,40,0.1328125,0.0,,,,0.0,True,0.2207079380750656,0.2207079380750656,,,1.0,1.0,,,0.0,,,1.0,0.0,0.0,,full,0.8671875,0.0
switzerland,va_long_beach,4,conservative_candidate,5,160,40,0.14765625,0.0,,,,0.0,True,0.22863741219043732,0.22863741219043732,,,1.0,1.0,,,0.0,,,1.0,0.0,0.0,,full,0.85234375,0.0
switzerland,cleveland,5,pseudo_label_sfda,1,242,61,0.0,129.0,0.5330578512396694,129.0,0.0,0.9394840002059937,False,,,,,,,,,,,,,,,,,,
switzerland,cleveland,5,pseudo_label_sfda,2,242,61,0.0,127.0,0.5247933884297521,127.0,0.0,0.9390528798103333,False,,,,,,,,,,,,,,,,,,
switzerland,cleveland,5,pseudo_label_sfda,3,242,61,0.0,130.0,0.5371900826446281,130.0,0.0,0.9399128556251526,False,,,,,,,,,,,,,,,,,,
switzerland,cleveland,5,pseudo_label_sfda,4,243,60,0.0,130.0,0.5349794238683128,130.0,0.0,0.9393048882484436,False,,,,,,,,,,,,,,,,,,
switzerland,cleveland,5,pseudo_label_sfda,5,243,60,0.0,132.0,0.5432098765432098,132.0,0.0,0.9391613006591797,False,,,,,,,,,,,,,,,,,,
switzerland,cleveland,5,entropy_sfda,1,242,61,0.0,,,,,,,0.3154815137386322,0.21659421920776367,0.8969308733940125,0.9394388794898987,1.0,1.0,0.8969308733940125,0.9394388794898987,,,,,,,,,,
switzerland,cleveland,5,entropy_sfda,2,242,61,0.0,,,,,,,0.31439608335494995,0.2145894318819046,0.8979093432426453,0.9404693841934204,1.0,1.0,0.8979093432426453,0.9404693841934204,,,,,,,,,,
switzerland,cleveland,5,entropy_sfda,3,242,61,0.0,,,,,,,0.31468603014945984,0.21712931990623474,0.8971216082572937,0.939109206199646,1.0,1.0,0.8971216082572937,0.939109206199646,,,,,,,,,,
switzerland,cleveland,5,entropy_sfda,4,243,60,0.0,,,,,,,0.3154520094394684,0.215667724609375,0.8970215320587158,0.9398724436759949,1.0,1.0,0.8970215320587158,0.9398724436759949,,,,,,,,,,
switzerland,cleveland,5,entropy_sfda,5,243,60,0.0,,,,,,,0.3138745427131653,0.2148745208978653,0.8977567553520203,0.9400612711906433,1.0,1.0,0.8977567553520203,0.9400612711906433,,,,,,,,,,
switzerland,cleveland,5,reliability_gated_sfda,1,242,61,0.0,0.0,0.0,,,0.0,True,0.3154815137386322,0.3154815137386322,0.8969308733940125,0.8969308733940125,1.0,1.0,,,0.0,242.0,0.0,1.0,0.0,0.0,0.0,,,
switzerland,cleveland,5,reliability_gated_sfda,2,242,61,0.0,0.0,0.0,,,0.0,True,0.31439608335494995,0.31439608335494995,0.8979093432426453,0.8979093432426453,1.0,1.0,,,0.0,242.0,0.0,1.0,0.0,0.0,0.0,,,
switzerland,cleveland,5,reliability_gated_sfda,3,242,61,0.0,0.0,0.0,,,0.0,True,0.31468603014945984,0.31468603014945984,0.8971216082572937,0.8971216082572937,1.0,1.0,,,0.0,242.0,0.0,1.0,0.0,0.0,0.0,,,
switzerland,cleveland,5,reliability_gated_sfda,4,243,60,0.0,0.0,0.0,,,0.0,True,0.3154520094394684,0.3154520094394684,0.8970215320587158,0.8970215320587158,1.0,1.0,,,0.0,243.0,0.0,1.0,0.0,0.0,0.0,,,
switzerland,cleveland,5,reliability_gated_sfda,5,243,60,0.0,0.0,0.0,,,0.0,True,0.3138745427131653,0.3138745427131653,0.8977567553520203,0.8977567553520203,1.0,1.0,,,0.0,243.0,0.0,1.0,0.0,0.0,0.0,,,
switzerland,cleveland,5,conservative_candidate,1,242,61,0.0,0.0,,,,0.0,True,0.3154815137386322,0.3154815137386322,,,1.0,1.0,,,0.0,,,1.0,0.0,0.0,,full,1.0,0.0
switzerland,cleveland,5,conservative_candidate,2,242,61,0.0,0.0,,,,0.0,True,0.31439608335494995,0.31439608335494995,,,1.0,1.0,,,0.0,,,1.0,0.0,0.0,,full,1.0,0.0
switzerland,cleveland,5,conservative_candidate,3,242,61,0.0,0.0,,,,0.0,True,0.31468603014945984,0.31468603014945984,,,1.0,1.0,,,0.0,,,1.0,0.0,0.0,,full,1.0,0.0
switzerland,cleveland,5,conservative_candidate,4,243,60,0.0,0.0,,,,0.0,True,0.3154520094394684,0.3154520094394684,,,1.0,1.0,,,0.0,,,1.0,0.0,0.0,,full,1.0,0.0
switzerland,cleveland,5,conservative_candidate,5,243,60,0.0,0.0,,,,0.0,True,0.3138745427131653,0.3138745427131653,,,1.0,1.0,,,0.0,,,1.0,0.0,0.0,,full,1.0,0.0
switzerland,hungary,5,pseudo_label_sfda,1,235,59,0.0005319148936170213,110.0,0.46808510638297873,110.0,0.0,0.9461939930915833,False,,,,,,,,,,,,,,,,,,
switzerland,hungary,5,pseudo_label_sfda,2,235,59,0.002127659574468085,116.0,0.49361702127659574,116.0,0.0,0.9472560286521912,False,,,,,,,,,,,,,,,,,,
switzerland,hungary,5,pseudo_label_sfda,3,235,59,0.002127659574468085,115.0,0.48936170212765956,115.0,0.0,0.9452359676361084,False,,,,,,,,,,,,,,,,,,
switzerland,hungary,5,pseudo_label_sfda,4,235,59,0.001595744680851064,115.0,0.48936170212765956,115.0,0.0,0.9470034837722778,False,,,,,,,,,,,,,,,,,,
switzerland,hungary,5,pseudo_label_sfda,5,236,58,0.00211864406779661,124.0,0.5254237288135594,124.0,0.0,0.9457553029060364,False,,,,,,,,,,,,,,,,,,
switzerland,hungary,5,entropy_sfda,1,235,59,0.0005319148936170213,,,,,,,0.32991260290145874,0.22501155734062195,0.887998640537262,0.9356719255447388,1.0,1.0,0.887998640537262,0.9356719255447388,,,,,,,,,,
switzerland,hungary,5,entropy_sfda,2,235,59,0.002127659574468085,,,,,,,0.3201584815979004,0.21731236577033997,0.8927740454673767,0.9386499524116516,1.0,1.0,0.8927740454673767,0.9386499524116516,,,,,,,,,,
switzerland,hungary,5,entropy_sfda,3,235,59,0.002127659574468085,,,,,,,0.3236992657184601,0.21860146522521973,0.8914186358451843,0.938401997089386,1.0,1.0,0.8914186358451843,0.938401997089386,,,,,,,,,,
switzerland,hungary,5,entropy_sfda,4,235,59,0.001595744680851064,,,,,,,0.3223004639148712,0.2190835028886795,0.8913654685020447,0.937794029712677,1.0,1.0,0.8913654685020447,0.937794029712677,,,,,,,,,,
switzerland,hungary,5,entropy_sfda,5,236,58,0.00211864406779661,,,,,,,0.31377172470092773,0.21160438656806946,0.8960205316543579,0.9408414363861084,1.0,1.0,0.8960205316543579,0.9408414363861084,,,,,,,,,,
switzerland,hungary,5,reliability_gated_sfda,1,235,59,0.0005319148936170213,0.0,0.0,,,0.0,True,0.32991260290145874,0.32991260290145874,0.887998640537262,0.887998640537262,1.0,1.0,,,0.0,235.0,0.0,1.0,0.0,0.0,0.0,,,
switzerland,hungary,5,reliability_gated_sfda,2,235,59,0.002127659574468085,0.0,0.0,,,0.0,True,0.3201584815979004,0.3201584815979004,0.8927740454673767,0.8927740454673767,1.0,1.0,,,0.0,235.0,0.0,1.0,0.0,0.0,0.0,,,
switzerland,hungary,5,reliability_gated_sfda,3,235,59,0.002127659574468085,0.0,0.0,,,0.0,True,0.3236992657184601,0.3236992657184601,0.8914186358451843,0.8914186358451843,1.0,1.0,,,0.0,235.0,0.0,1.0,0.0,0.0,0.0,,,
switzerland,hungary,5,reliability_gated_sfda,4,235,59,0.001595744680851064,0.0,0.0,,,0.0,True,0.3223004639148712,0.3223004639148712,0.8913654685020447,0.8913654685020447,1.0,1.0,,,0.0,235.0,0.0,1.0,0.0,0.0,0.0,,,
switzerland,hungary,5,reliability_gated_sfda,5,236,58,0.00211864406779661,0.0,0.0,,,0.0,True,0.31377172470092773,0.31377172470092773,0.8960205316543579,0.8960205316543579,1.0,1.0,,,0.0,236.0,0.0,1.0,0.0,0.0,0.0,,,
switzerland,hungary,5,conservative_candidate,1,235,59,0.0005319148936170213,0.0,,,,0.0,True,0.32991260290145874,0.32991260290145874,,,1.0,1.0,,,0.0,,,1.0,0.0,0.0,,full,0.999468085106383,0.0
switzerland,hungary,5,conservative_candidate,2,235,59,0.002127659574468085,0.0,,,,0.0,True,0.3201584815979004,0.3201584815979004,,,1.0,1.0,,,0.0,,,1.0,0.0,0.0,,full,0.997872340425532,0.0
switzerland,hungary,5,conservative_candidate,3,235,59,0.002127659574468085,0.0,,,,0.0,True,0.3236992657184601,0.3236992657184601,,,1.0,1.0,,,0.0,,,1.0,0.0,0.0,,full,0.997872340425532,0.0
switzerland,hungary,5,conservative_candidate,4,235,59,0.001595744680851064,0.0,,,,0.0,True,0.3223004639148712,0.3223004639148712,,,1.0,1.0,,,0.0,,,1.0,0.0,0.0,,full,0.9984042553191489,0.0
switzerland,hungary,5,conservative_candidate,5,236,58,0.00211864406779661,0.0,,,,0.0,True,0.31377172470092773,0.31377172470092773,,,1.0,1.0,,,0.0,,,1.0,0.0,0.0,,full,0.9978813559322034,0.0
switzerland,va_long_beach,5,pseudo_label_sfda,1,160,40,0.13984375,135.0,0.84375,135.0,0.0,0.9519729018211365,False,,,,,,,,,,,,,,,,,,
switzerland,va_long_beach,5,pseudo_label_sfda,2,160,40,0.13828125000000002,137.0,0.85625,137.0,0.0,0.951408863067627,False,,,,,,,,,,,,,,,,,,
switzerland,va_long_beach,5,pseudo_label_sfda,3,160,40,0.12578125,142.0,0.8875,142.0,0.0,0.9512141942977905,False,,,,,,,,,,,,,,,,,,
switzerland,va_long_beach,5,pseudo_label_sfda,4,160,40,0.1328125,139.0,0.86875,139.0,0.0,0.9514444470405579,False,,,,,,,,,,,,,,,,,,
switzerland,va_long_beach,5,pseudo_label_sfda,5,160,40,0.14765625,135.0,0.84375,135.0,0.0,0.952034592628479,False,,,,,,,,,,,,,,,,,,
switzerland,va_long_beach,5,entropy_sfda,1,160,40,0.13984375,,,,,,,0.21858656406402588,0.16761291027069092,0.9392067193984985,0.9572494626045227,1.0,1.0,0.9392067193984985,0.9572494626045227,,,,,,,,,,
switzerland,va_long_beach,5,entropy_sfda,2,160,40,0.13828125000000002,,,,,,,0.2186957597732544,0.16779270768165588,0.9392009973526001,0.9571952819824219,1.0,1.0,0.9392009973526001,0.9571952819824219,,,,,,,,,,
switzerland,va_long_beach,5,entropy_sfda,3,160,40,0.12578125,,,,,,,0.211726114153862,0.16122040152549744,0.9423038363456726,0.9597561955451965,1.0,1.0,0.9423038363456726,0.9597561955451965,,,,,,,,,,
switzerland,va_long_beach,5,entropy_sfda,4,160,40,0.1328125,,,,,,,0.21452435851097107,0.1640198677778244,0.9407781362533569,0.9584667086601257,1.0,1.0,0.9407781362533569,0.9584667086601257,,,,,,,,,,
switzerland,va_long_beach,5,entropy_sfda,5,160,40,0.14765625,,,,,,,0.2184418886899948,0.16779886186122894,0.9391802549362183,0.957109808921814,1.0,1.0,0.9391802549362183,0.957109808921814,,,,,,,,,,
switzerland,va_long_beach,5,reliability_gated_sfda,1,160,40,0.13984375,0.0,0.0,,,0.0,True,0.21858656406402588,0.21858656406402588,0.9392067193984985,0.9392067193984985,1.0,1.0,,,0.0,160.0,0.0,1.0,0.0,0.0,0.0,,,
switzerland,va_long_beach,5,reliability_gated_sfda,2,160,40,0.13828125000000002,0.0,0.0,,,0.0,True,0.2186957597732544,0.2186957597732544,0.9392009973526001,0.9392009973526001,1.0,1.0,,,0.0,160.0,0.0,1.0,0.0,0.0,0.0,,,
switzerland,va_long_beach,5,reliability_gated_sfda,3,160,40,0.12578125,0.0,0.0,,,0.0,True,0.211726114153862,0.211726114153862,0.9423038363456726,0.9423038363456726,1.0,1.0,,,0.0,160.0,0.0,1.0,0.0,0.0,0.0,,,
switzerland,va_long_beach,5,reliability_gated_sfda,4,160,40,0.1328125,0.0,0.0,,,0.0,True,0.21452435851097107,0.21452435851097107,0.9407781362533569,0.9407781362533569,1.0,1.0,,,0.0,160.0,0.0,1.0,0.0,0.0,0.0,,,
switzerland,va_long_beach,5,reliability_gated_sfda,5,160,40,0.14765625,0.0,0.0,,,0.0,True,0.2184418886899948,0.2184418886899948,0.9391802549362183,0.9391802549362183,1.0,1.0,,,0.0,160.0,0.0,1.0,0.0,0.0,0.0,,,
switzerland,va_long_beach,5,conservative_candidate,1,160,40,0.13984375,0.0,,,,0.0,True,0.21858656406402588,0.21858656406402588,,,1.0,1.0,,,0.0,,,1.0,0.0,0.0,,full,0.86015625,0.0
switzerland,va_long_beach,5,conservative_candidate,2,160,40,0.13828125000000002,0.0,,,,0.0,True,0.2186957597732544,0.2186957597732544,,,1.0,1.0,,,0.0,,,1.0,0.0,0.0,,full,0.86171875,0.0
switzerland,va_long_beach,5,conservative_candidate,3,160,40,0.12578125,0.0,,,,0.0,True,0.211726114153862,0.211726114153862,,,1.0,1.0,,,0.0,,,1.0,0.0,0.0,,full,0.87421875,0.0
switzerland,va_long_beach,5,conservative_candidate,4,160,40,0.1328125,0.0,,,,0.0,True,0.21452435851097107,0.21452435851097107,,,1.0,1.0,,,0.0,,,1.0,0.0,0.0,,full,0.8671875,0.0
switzerland,va_long_beach,5,conservative_candidate,5,160,40,0.14765625,0.0,,,,0.0,True,0.2184418886899948,0.2184418886899948,,,1.0,1.0,,,0.0,,,1.0,0.0,0.0,,full,0.85234375,0.0
switzerland,cleveland,6,pseudo_label_sfda,1,242,61,0.0,162.0,0.6694214876033058,162.0,0.0,0.9433205723762512,False,,,,,,,,,,,,,,,,,,
switzerland,cleveland,6,pseudo_label_sfda,2,242,61,0.0,160.0,0.6611570247933884,160.0,0.0,0.9444578886032104,False,,,,,,,,,,,,,,,,,,
switzerland,cleveland,6,pseudo_label_sfda,3,242,61,0.0,159.0,0.6570247933884298,159.0,0.0,0.9432624578475952,False,,,,,,,,,,,,,,,,,,
switzerland,cleveland,6,pseudo_label_sfda,4,243,60,0.0,162.0,0.6666666666666666,162.0,0.0,0.9435827136039734,False,,,,,,,,,,,,,,,,,,
switzerland,cleveland,6,pseudo_label_sfda,5,243,60,0.0,161.0,0.6625514403292181,161.0,0.0,0.9434013366699219,False,,,,,,,,,,,,,,,,,,
switzerland,cleveland,6,entropy_sfda,1,242,61,0.0,,,,,,,0.26864781975746155,0.15061527490615845,0.919741153717041,0.9636018872261047,1.0,1.0,0.919741153717041,0.9636018872261047,,,,,,,,,,
switzerland,cleveland,6,entropy_sfda,2,242,61,0.0,,,,,,,0.26989349722862244,0.15126772224903107,0.9188864827156067,0.9632795453071594,1.0,1.0,0.9188864827156067,0.9632795453071594,,,,,,,,,,
switzerland,cleveland,6,entropy_sfda,3,242,61,0.0,,,,,,,0.2735488712787628,0.1539081484079361,0.9174714088439941,0.9624723196029663,1.0,1.0,0.9174714088439941,0.9624723196029663,,,,,,,,,,
switzerland,cleveland,6,entropy_sfda,4,243,60,0.0,,,,,,,0.271287739276886,0.15219976007938385,0.9183793067932129,0.9630169868469238,1.0,1.0,0.9183793067932129,0.9630169868469238,,,,,,,,,,
switzerland,cleveland,6,entropy_sfda,5,243,60,0.0,,,,,,,0.2712045907974243,0.15178777277469635,0.9186044931411743,0.9632145166397095,1.0,1.0,0.9186044931411743,0.9632145166397095,,,,,,,,,,
switzerland,cleveland,6,reliability_gated_sfda,1,242,61,0.0,0.0,0.0,,,0.0,True,0.26864781975746155,0.26864781975746155,0.919741153717041,0.919741153717041,1.0,1.0,,,0.0,242.0,0.0,1.0,0.0,0.0,0.0,,,
switzerland,cleveland,6,reliability_gated_sfda,2,242,61,0.0,0.0,0.0,,,0.0,True,0.26989349722862244,0.26989349722862244,0.9188864827156067,0.9188864827156067,1.0,1.0,,,0.0,242.0,0.0,1.0,0.0,0.0,0.0,,,
switzerland,cleveland,6,reliability_gated_sfda,3,242,61,0.0,0.0,0.0,,,0.0,True,0.2735488712787628,0.2735488712787628,0.9174714088439941,0.9174714088439941,1.0,1.0,,,0.0,242.0,0.0,1.0,0.0,0.0,0.0,,,
switzerland,cleveland,6,reliability_gated_sfda,4,243,60,0.0,0.0,0.0,,,0.0,True,0.271287739276886,0.271287739276886,0.9183793067932129,0.9183793067932129,1.0,1.0,,,0.0,243.0,0.0,1.0,0.0,0.0,0.0,,,
switzerland,cleveland,6,reliability_gated_sfda,5,243,60,0.0,0.0,0.0,,,0.0,True,0.2712045907974243,0.2712045907974243,0.9186044931411743,0.9186044931411743,1.0,1.0,,,0.0,243.0,0.0,1.0,0.0,0.0,0.0,,,
switzerland,cleveland,6,conservative_candidate,1,242,61,0.0,0.0,,,,0.0,True,0.26864781975746155,0.26864781975746155,,,1.0,1.0,,,0.0,,,1.0,0.0,0.0,,full,1.0,0.0
switzerland,cleveland,6,conservative_candidate,2,242,61,0.0,0.0,,,,0.0,True,0.26989349722862244,0.26989349722862244,,,1.0,1.0,,,0.0,,,1.0,0.0,0.0,,full,1.0,0.0
switzerland,cleveland,6,conservative_candidate,3,242,61,0.0,0.0,,,,0.0,True,0.2735488712787628,0.2735488712787628,,,1.0,1.0,,,0.0,,,1.0,0.0,0.0,,full,1.0,0.0
switzerland,cleveland,6,conservative_candidate,4,243,60,0.0,0.0,,,,0.0,True,0.271287739276886,0.271287739276886,,,1.0,1.0,,,0.0,,,1.0,0.0,0.0,,full,1.0,0.0
switzerland,cleveland,6,conservative_candidate,5,243,60,0.0,0.0,,,,0.0,True,0.2712045907974243,0.2712045907974243,,,1.0,1.0,,,0.0,,,1.0,0.0,0.0,,full,1.0,0.0
switzerland,hungary,6,pseudo_label_sfda,1,235,59,0.0005319148936170213,135.0,0.574468085106383,135.0,0.0,0.9434667229652405,False,,,,,,,,,,,,,,,,,,
switzerland,hungary,6,pseudo_label_sfda,2,235,59,0.002127659574468085,139.0,0.5914893617021276,139.0,0.0,0.9434928894042969,False,,,,,,,,,,,,,,,,,,
switzerland,hungary,6,pseudo_label_sfda,3,235,59,0.002127659574468085,140.0,0.5957446808510638,140.0,0.0,0.9426133036613464,False,,,,,,,,,,,,,,,,,,
switzerland,hungary,6,pseudo_label_sfda,4,235,59,0.001595744680851064,140.0,0.5957446808510638,140.0,0.0,0.9433120489120483,False,,,,,,,,,,,,,,,,,,
switzerland,hungary,6,pseudo_label_sfda,5,236,58,0.00211864406779661,150.0,0.635593220338983,150.0,0.0,0.942612886428833,False,,,,,,,,,,,,,,,,,,
switzerland,hungary,6,entropy_sfda,1,235,59,0.0005319148936170213,,,,,,,0.28403282165527344,0.15891698002815247,0.9132590293884277,0.9610683917999268,1.0,1.0,0.9132590293884277,0.9610683917999268,,,,,,,,,,
switzerland,hungary,6,entropy_sfda,2,235,59,0.002127659574468085,,,,,,,0.28124549984931946,0.15827129781246185,0.9144172072410583,0.9613439440727234,1.0,1.0,0.9144172072410583,0.9613439440727234,,,,,,,,,,
switzerland,hungary,6,entropy_sfda,3,235,59,0.002127659574468085,,,,,,,0.282829225063324,0.15814010798931122,0.9137521386146545,0.9613322019577026,1.0,1.0,0.9137521386146545,0.9613322019577026,,,,,,,,,,
switzerland,hungary,6,entropy_sfda,4,235,59,0.001595744680851064,,,,,,,0.27999988198280334,0.15739642083644867,0.9149616360664368,0.961554229259491,1.0,1.0,0.9149616360664368,0.961554229259491,,,,,,,,,,
switzerland,hungary,6,entropy_sfda,5,236,58,0.00211864406779661,,,,,,,0.27515909075737,0.1541159301996231,0.9170984625816345,0.9625779390335083,1.0,1.0,0.9170984625816345,0.9625779390335083,,,,,,,,,,
switzerland,hungary,6,reliability_gated_sfda,1,235,59,0.0005319148936170213,0.0,0.0,,,0.0,True,0.28403282165527344,0.28403282165527344,0.9132590293884277,0.9132590293884277,1.0,1.0,,,0.0,235.0,0.0,1.0,0.0,0.0,0.0,,,
switzerland,hungary,6,reliability_gated_sfda,2,235,59,0.002127659574468085,0.0,0.0,,,0.0,True,0.28124549984931946,0.28124549984931946,0.9144172072410583,0.9144172072410583,1.0,1.0,,,0.0,235.0,0.0,1.0,0.0,0.0,0.0,,,
switzerland,hungary,6,reliability_gated_sfda,3,235,59,0.002127659574468085,0.0,0.0,,,0.0,True,0.282829225063324,0.282829225063324,0.9137521386146545,0.9137521386146545,1.0,1.0,,,0.0,235.0,0.0,1.0,0.0,0.0,0.0,,,
switzerland,hungary,6,reliability_gated_sfda,4,235,59,0.001595744680851064,0.0,0.0,,,0.0,True,0.27999988198280334,0.27999988198280334,0.9149616360664368,0.9149616360664368,1.0,1.0,,,0.0,235.0,0.0,1.0,0.0,0.0,0.0,,,
switzerland,hungary,6,reliability_gated_sfda,5,236,58,0.00211864406779661,0.0,0.0,,,0.0,True,0.27515909075737,0.27515909075737,0.9170984625816345,0.9170984625816345,1.0,1.0,,,0.0,236.0,0.0,1.0,0.0,0.0,0.0,,,
switzerland,hungary,6,conservative_candidate,1,235,59,0.0005319148936170213,0.0,,,,0.0,True,0.28403282165527344,0.28403282165527344,,,1.0,1.0,,,0.0,,,1.0,0.0,0.0,,full,0.999468085106383,0.0
switzerland,hungary,6,conservative_candidate,2,235,59,0.002127659574468085,0.0,,,,0.0,True,0.28124549984931946,0.28124549984931946,,,1.0,1.0,,,0.0,,,1.0,0.0,0.0,,full,0.997872340425532,0.0
switzerland,hungary,6,conservative_candidate,3,235,59,0.002127659574468085,0.0,,,,0.0,True,0.282829225063324,0.282829225063324,,,1.0,1.0,,,0.0,,,1.0,0.0,0.0,,full,0.997872340425532,0.0
switzerland,hungary,6,conservative_candidate,4,235,59,0.001595744680851064,0.0,,,,0.0,True,0.27999988198280334,0.27999988198280334,,,1.0,1.0,,,0.0,,,1.0,0.0,0.0,,full,0.9984042553191489,0.0
switzerland,hungary,6,conservative_candidate,5,236,58,0.00211864406779661,0.0,,,,0.0,True,0.27515909075737,0.27515909075737,,,1.0,1.0,,,0.0,,,1.0,0.0,0.0,,full,0.9978813559322034,0.0
switzerland,va_long_beach,6,pseudo_label_sfda,1,160,40,0.13984375,126.0,0.7875,126.0,0.0,0.9447600245475769,False,,,,,,,,,,,,,,,,,,
switzerland,va_long_beach,6,pseudo_label_sfda,2,160,40,0.13828125000000002,126.0,0.7875,126.0,0.0,0.9437423348426819,False,,,,,,,,,,,,,,,,,,
switzerland,va_long_beach,6,pseudo_label_sfda,3,160,40,0.12578125,134.0,0.8375,134.0,0.0,0.9441467523574829,False,,,,,,,,,,,,,,,,,,
switzerland,va_long_beach,6,pseudo_label_sfda,4,160,40,0.1328125,128.0,0.8,128.0,0.0,0.9457816481590271,False,,,,,,,,,,,,,,,,,,
switzerland,va_long_beach,6,pseudo_label_sfda,5,160,40,0.14765625,130.0,0.8125,130.0,0.0,0.944911539554596,False,,,,,,,,,,,,,,,,,,
switzerland,va_long_beach,6,entropy_sfda,1,160,40,0.13984375,,,,,,,0.2471344918012619,0.1799224466085434,0.9284986257553101,0.9533592462539673,1.0,1.0,0.9284986257553101,0.9533592462539673,,,,,,,,,,
switzerland,va_long_beach,6,entropy_sfda,2,160,40,0.13828125000000002,,,,,,,0.24935078620910645,0.18118897080421448,0.9276911020278931,0.9530225992202759,1.0,1.0,0.9276911020278931,0.9530225992202759,,,,,,,,,,
switzerland,va_long_beach,6,entropy_sfda,3,160,40,0.12578125,,,,,,,0.2387549877166748,0.1717580407857895,0.932238757610321,0.9563850164413452,1.0,1.0,0.932238757610321,0.9563850164413452,,,,,,,,,,
switzerland,va_long_beach,6,entropy_sfda,4,160,40,0.1328125,,,,,,,0.24144521355628967,0.17451274394989014,0.9308046102523804,0.9552497863769531,1.0,1.0,0.9308046102523804,0.9552497863769531,,,,,,,,,,
switzerland,va_long_beach,6,entropy_sfda,5,160,40,0.14765625,,,,,,,0.24295039474964142,0.1761854887008667,0.9301351308822632,0.9546130299568176,1.0,1.0,0.9301351308822632,0.9546130299568176,,,,,,,,,,
switzerland,va_long_beach,6,reliability_gated_sfda,1,160,40,0.13984375,0.0,0.0,,,0.0,True,0.2471344918012619,0.2471344918012619,0.9284986257553101,0.9284986257553101,1.0,1.0,,,0.0,160.0,0.0,1.0,0.0,0.0,0.0,,,
switzerland,va_long_beach,6,reliability_gated_sfda,2,160,40,0.13828125000000002,0.0,0.0,,,0.0,True,0.24935078620910645,0.24935078620910645,0.9276911020278931,0.9276911020278931,1.0,1.0,,,0.0,160.0,0.0,1.0,0.0,0.0,0.0,,,
switzerland,va_long_beach,6,reliability_gated_sfda,3,160,40,0.12578125,0.0,0.0,,,0.0,True,0.2387549877166748,0.2387549877166748,0.932238757610321,0.932238757610321,1.0,1.0,,,0.0,160.0,0.0,1.0,0.0,0.0,0.0,,,
switzerland,va_long_beach,6,reliability_gated_sfda,4,160,40,0.1328125,0.0,0.0,,,0.0,True,0.24144521355628967,0.24144521355628967,0.9308046102523804,0.9308046102523804,1.0,1.0,,,0.0,160.0,0.0,1.0,0.0,0.0,0.0,,,
switzerland,va_long_beach,6,reliability_gated_sfda,5,160,40,0.14765625,0.0,0.0,,,0.0,True,0.24295039474964142,0.24295039474964142,0.9301351308822632,0.9301351308822632,1.0,1.0,,,0.0,160.0,0.0,1.0,0.0,0.0,0.0,,,
switzerland,va_long_beach,6,conservative_candidate,1,160,40,0.13984375,0.0,,,,0.0,True,0.2471344918012619,0.2471344918012619,,,1.0,1.0,,,0.0,,,1.0,0.0,0.0,,full,0.86015625,0.0
switzerland,va_long_beach,6,conservative_candidate,2,160,40,0.13828125000000002,0.0,,,,0.0,True,0.24935078620910645,0.24935078620910645,,,1.0,1.0,,,0.0,,,1.0,0.0,0.0,,full,0.86171875,0.0
switzerland,va_long_beach,6,conservative_candidate,3,160,40,0.12578125,0.0,,,,0.0,True,0.2387549877166748,0.2387549877166748,,,1.0,1.0,,,0.0,,,1.0,0.0,0.0,,full,0.87421875,0.0
switzerland,va_long_beach,6,conservative_candidate,4,160,40,0.1328125,0.0,,,,0.0,True,0.24144521355628967,0.24144521355628967,,,1.0,1.0,,,0.0,,,1.0,0.0,0.0,,full,0.8671875,0.0
switzerland,va_long_beach,6,conservative_candidate,5,160,40,0.14765625,0.0,,,,0.0,True,0.24295039474964142,0.24295039474964142,,,1.0,1.0,,,0.0,,,1.0,0.0,0.0,,full,0.85234375,0.0
switzerland,cleveland,7,pseudo_label_sfda,1,242,61,0.0,124.0,0.512396694214876,124.0,0.0,0.945559024810791,False,,,,,,,,,,,,,,,,,,
switzerland,cleveland,7,pseudo_label_sfda,2,242,61,0.0,126.0,0.5206611570247934,126.0,0.0,0.9449617266654968,False,,,,,,,,,,,,,,,,,,
switzerland,cleveland,7,pseudo_label_sfda,3,242,61,0.0,128.0,0.5289256198347108,128.0,0.0,0.9456444978713989,False,,,,,,,,,,,,,,,,,,
switzerland,cleveland,7,pseudo_label_sfda,4,243,60,0.0,127.0,0.522633744855967,127.0,0.0,0.9454047679901123,False,,,,,,,,,,,,,,,,,,
switzerland,cleveland,7,pseudo_label_sfda,5,243,60,0.0,131.0,0.5390946502057613,131.0,0.0,0.9437922239303589,False,,,,,,,,,,,,,,,,,,
switzerland,cleveland,7,entropy_sfda,1,242,61,0.0,,,,,,,0.3225788176059723,0.21304254233837128,0.8909559845924377,0.9395158290863037,1.0,1.0,0.8909559845924377,0.9395158290863037,,,,,,,,,,
switzerland,cleveland,7,entropy_sfda,2,242,61,0.0,,,,,,,0.3183627724647522,0.20905253291130066,0.8931559324264526,0.9411361217498779,1.0,1.0,0.8931559324264526,0.9411361217498779,,,,,,,,,,
switzerland,cleveland,7,entropy_sfda,3,242,61,0.0,,,,,,,0.3195396959781647,0.2114870697259903,0.8920676708221436,0.9399024248123169,1.0,1.0,0.8920676708221436,0.9399024248123169,,,,,,,,,,
switzerland,cleveland,7,entropy_sfda,4,243,60,0.0,,,,,,,0.3201611340045929,0.21116779744625092,0.8920138478279114,0.9402075409889221,1.0,1.0,0.8920138478279114,0.9402075409889221,,,,,,,,,,
switzerland,cleveland,7,entropy_sfda,5,243,60,0.0,,,,,,,0.31783729791641235,0.2084825187921524,0.8933164477348328,0.9412060379981995,1.0,1.0,0.8933164477348328,0.9412060379981995,,,,,,,,,,
switzerland,cleveland,7,reliability_gated_sfda,1,242,61,0.0,0.0,0.0,,,0.0,True,0.3225788176059723,0.3225788176059723,0.8909559845924377,0.8909559845924377,1.0,1.0,,,0.0,242.0,0.0,1.0,0.0,0.0,0.0,,,
switzerland,cleveland,7,reliability_gated_sfda,2,242,61,0.0,0.0,0.0,,,0.0,True,0.3183627724647522,0.3183627724647522,0.8931559324264526,0.8931559324264526,1.0,1.0,,,0.0,242.0,0.0,1.0,0.0,0.0,0.0,,,
switzerland,cleveland,7,reliability_gated_sfda,3,242,61,0.0,0.0,0.0,,,0.0,True,0.3195396959781647,0.3195396959781647,0.8920676708221436,0.8920676708221436,1.0,1.0,,,0.0,242.0,0.0,1.0,0.0,0.0,0.0,,,
switzerland,cleveland,7,reliability_gated_sfda,4,243,60,0.0,0.0,0.0,,,0.0,True,0.3201611340045929,0.3201611340045929,0.8920138478279114,0.8920138478279114,1.0,1.0,,,0.0,243.0,0.0,1.0,0.0,0.0,0.0,,,
switzerland,cleveland,7,reliability_gated_sfda,5,243,60,0.0,0.0,0.0,,,0.0,True,0.31783729791641235,0.31783729791641235,0.8933164477348328,0.8933164477348328,1.0,1.0,,,0.0,243.0,0.0,1.0,0.0,0.0,0.0,,,
switzerland,cleveland,7,conservative_candidate,1,242,61,0.0,0.0,,,,0.0,True,0.3225788176059723,0.3225788176059723,,,1.0,1.0,,,0.0,,,1.0,0.0,0.0,,full,1.0,0.0
switzerland,cleveland,7,conservative_candidate,2,242,61,0.0,0.0,,,,0.0,True,0.3183627724647522,0.3183627724647522,,,1.0,1.0,,,0.0,,,1.0,0.0,0.0,,full,1.0,0.0
switzerland,cleveland,7,conservative_candidate,3,242,61,0.0,0.0,,,,0.0,True,0.3195396959781647,0.3195396959781647,,,1.0,1.0,,,0.0,,,1.0,0.0,0.0,,full,1.0,0.0
switzerland,cleveland,7,conservative_candidate,4,243,60,0.0,0.0,,,,0.0,True,0.3201611340045929,0.3201611340045929,,,1.0,1.0,,,0.0,,,1.0,0.0,0.0,,full,1.0,0.0
switzerland,cleveland,7,conservative_candidate,5,243,60,0.0,0.0,,,,0.0,True,0.31783729791641235,0.31783729791641235,,,1.0,1.0,,,0.0,,,1.0,0.0,0.0,,full,1.0,0.0
switzerland,hungary,7,pseudo_label_sfda,1,235,59,0.0005319148936170213,112.0,0.4765957446808511,112.0,0.0,0.950584888458252,False,,,,,,,,,,,,,,,,,,
switzerland,hungary,7,pseudo_label_sfda,2,235,59,0.002127659574468085,119.0,0.5063829787234042,119.0,0.0,0.9514128565788269,False,,,,,,,,,,,,,,,,,,
switzerland,hungary,7,pseudo_label_sfda,3,235,59,0.002127659574468085,113.0,0.4808510638297872,113.0,0.0,0.9499193429946899,False,,,,,,,,,,,,,,,,,,
switzerland,hungary,7,pseudo_label_sfda,4,235,59,0.001595744680851064,114.0,0.4851063829787234,114.0,0.0,0.9514262676239014,False,,,,,,,,,,,,,,,,,,
switzerland,hungary,7,pseudo_label_sfda,5,236,58,0.00211864406779661,122.0,0.5169491525423728,122.0,0.0,0.9508842825889587,False,,,,,,,,,,,,,,,,,,
switzerland,hungary,7,entropy_sfda,1,235,59,0.0005319148936170213,,,,,,,0.32318028807640076,0.20993736386299133,0.8899785876274109,0.940990686416626,1.0,1.0,0.8899785876274109,0.940990686416626,,,,,,,,,,
switzerland,hungary,7,entropy_sfda,2,235,59,0.002127659574468085,,,,,,,0.3133426010608673,0.20345991849899292,0.8944047689437866,0.943260669708252,1.0,1.0,0.8944047689437866,0.943260669708252,,,,,,,,,,
switzerland,hungary,7,entropy_sfda,3,235,59,0.002127659574468085,,,,,,,0.3204035460948944,0.20726637542247772,0.8915841579437256,0.9421646595001221,1.0,1.0,0.8915841579437256,0.9421646595001221,,,,,,,,,,
switzerland,hungary,7,entropy_sfda,4,235,59,0.001595744680851064,,,,,,,0.31692343950271606,0.20589672029018402,0.892858624458313,0.9424241185188293,1.0,1.0,0.892858624458313,0.9424241185188293,,,,,,,,,,
switzerland,hungary,7,entropy_sfda,5,236,58,0.00211864406779661,,,,,,,0.30751490592956543,0.19827800989151,0.8977365493774414,0.9453164935112,1.0,1.0,0.8977365493774414,0.9453164935112,,,,,,,,,,
switzerland,hungary,7,reliability_gated_sfda,1,235,59,0.0005319148936170213,0.0,0.0,,,0.0,True,0.32318028807640076,0.32318028807640076,0.8899785876274109,0.8899785876274109,1.0,1.0,,,0.0,235.0,0.0,1.0,0.0,0.0,0.0,,,
switzerland,hungary,7,reliability_gated_sfda,2,235,59,0.002127659574468085,0.0,0.0,,,0.0,True,0.3133426010608673,0.3133426010608673,0.8944047689437866,0.8944047689437866,1.0,1.0,,,0.0,235.0,0.0,1.0,0.0,0.0,0.0,,,
switzerland,hungary,7,reliability_gated_sfda,3,235,59,0.002127659574468085,0.0,0.0,,,0.0,True,0.3204035460948944,0.3204035460948944,0.8915841579437256,0.8915841579437256,1.0,1.0,,,0.0,235.0,0.0,1.0,0.0,0.0,0.0,,,
switzerland,hungary,7,reliability_gated_sfda,4,235,59,0.001595744680851064,0.0,0.0,,,0.0,True,0.31692343950271606,0.31692343950271606,0.892858624458313,0.892858624458313,1.0,1.0,,,0.0,235.0,0.0,1.0,0.0,0.0,0.0,,,
switzerland,hungary,7,reliability_gated_sfda,5,236,58,0.00211864406779661,0.0,0.0,,,0.0,True,0.30751490592956543,0.30751490592956543,0.8977365493774414,0.8977365493774414,1.0,1.0,,,0.0,236.0,0.0,1.0,0.0,0.0,0.0,,,
switzerland,hungary,7,conservative_candidate,1,235,59,0.0005319148936170213,0.0,,,,0.0,True,0.32318028807640076,0.32318028807640076,,,1.0,1.0,,,0.0,,,1.0,0.0,0.0,,full,0.999468085106383,0.0
switzerland,hungary,7,conservative_candidate,2,235,59,0.002127659574468085,0.0,,,,0.0,True,0.3133426010608673,0.3133426010608673,,,1.0,1.0,,,0.0,,,1.0,0.0,0.0,,full,0.997872340425532,0.0
switzerland,hungary,7,conservative_candidate,3,235,59,0.002127659574468085,0.0,,,,0.0,True,0.3204035460948944,0.3204035460948944,,,1.0,1.0,,,0.0,,,1.0,0.0,0.0,,full,0.997872340425532,0.0
switzerland,hungary,7,conservative_candidate,4,235,59,0.001595744680851064,0.0,,,,0.0,True,0.31692343950271606,0.31692343950271606,,,1.0,1.0,,,0.0,,,1.0,0.0,0.0,,full,0.9984042553191489,0.0
switzerland,hungary,7,conservative_candidate,5,236,58,0.00211864406779661,0.0,,,,0.0,True,0.30751490592956543,0.30751490592956543,,,1.0,1.0,,,0.0,,,1.0,0.0,0.0,,full,0.9978813559322034,0.0
switzerland,va_long_beach,7,pseudo_label_sfda,1,160,40,0.13984375,132.0,0.825,132.0,0.0,0.9537879228591919,False,,,,,,,,,,,,,,,,,,
switzerland,va_long_beach,7,pseudo_label_sfda,2,160,40,0.13828125000000002,133.0,0.83125,133.0,0.0,0.9541863203048706,False,,,,,,,,,,,,,,,,,,
switzerland,va_long_beach,7,pseudo_label_sfda,3,160,40,0.12578125,139.0,0.86875,139.0,0.0,0.9527645111083984,False,,,,,,,,,,,,,,,,,,
switzerland,va_long_beach,7,pseudo_label_sfda,4,160,40,0.1328125,136.0,0.85,136.0,0.0,0.9541481137275696,False,,,,,,,,,,,,,,,,,,
switzerland,va_long_beach,7,pseudo_label_sfda,5,160,40,0.14765625,132.0,0.825,132.0,0.0,0.9536428451538086,False,,,,,,,,,,,,,,,,,,
switzerland,va_long_beach,7,entropy_sfda,1,160,40,0.13984375,,,,,,,0.22078490257263184,0.1641157567501068,0.9371720552444458,0.957545280456543,1.0,1.0,0.9371720552444458,0.957545280456543,,,,,,,,,,
switzerland,va_long_beach,7,entropy_sfda,2,160,40,0.13828125000000002,,,,,,,0.22025637328624725,0.16328886151313782,0.9373363256454468,0.9577947854995728,1.0,1.0,0.9373363256454468,0.9577947854995728,,,,,,,,,,
switzerland,va_long_beach,7,entropy_sfda,3,160,40,0.12578125,,,,,,,0.21404966711997986,0.1575196236371994,0.9402315020561218,0.9601247906684875,1.0,1.0,0.9402315020561218,0.9601247906684875,,,,,,,,,,
switzerland,va_long_beach,7,entropy_sfda,4,160,40,0.1328125,,,,,,,0.2144441157579422,0.15829980373382568,0.9395856857299805,0.9594954252243042,1.0,1.0,0.9395856857299805,0.9594954252243042,,,,,,,,,,
switzerland,va_long_beach,7,entropy_sfda,5,160,40,0.14765625,,,,,,,0.22132954001426697,0.16454245150089264,0.936819851398468,0.9573236703872681,1.0,1.0,0.936819851398468,0.9573236703872681,,,,,,,,,,
switzerland,va_long_beach,7,reliability_gated_sfda,1,160,40,0.13984375,0.0,0.0,,,0.0,True,0.22078490257263184,0.22078490257263184,0.9371720552444458,0.9371720552444458,1.0,1.0,,,0.0,160.0,0.0,1.0,0.0,0.0,0.0,,,
switzerland,va_long_beach,7,reliability_gated_sfda,2,160,40,0.13828125000000002,0.0,0.0,,,0.0,True,0.22025637328624725,0.22025637328624725,0.9373363256454468,0.9373363256454468,1.0,1.0,,,0.0,160.0,0.0,1.0,0.0,0.0,0.0,,,
switzerland,va_long_beach,7,reliability_gated_sfda,3,160,40,0.12578125,0.0,0.0,,,0.0,True,0.21404966711997986,0.21404966711997986,0.9402315020561218,0.9402315020561218,1.0,1.0,,,0.0,160.0,0.0,1.0,0.0,0.0,0.0,,,
switzerland,va_long_beach,7,reliability_gated_sfda,4,160,40,0.1328125,0.0,0.0,,,0.0,True,0.2144441157579422,0.2144441157579422,0.9395856857299805,0.9395856857299805,1.0,1.0,,,0.0,160.0,0.0,1.0,0.0,0.0,0.0,,,
switzerland,va_long_beach,7,reliability_gated_sfda,5,160,40,0.14765625,0.0,0.0,,,0.0,True,0.22132954001426697,0.22132954001426697,0.936819851398468,0.936819851398468,1.0,1.0,,,0.0,160.0,0.0,1.0,0.0,0.0,0.0,,,
switzerland,va_long_beach,7,conservative_candidate,1,160,40,0.13984375,0.0,,,,0.0,True,0.22078490257263184,0.22078490257263184,,,1.0,1.0,,,0.0,,,1.0,0.0,0.0,,full,0.86015625,0.0
switzerland,va_long_beach,7,conservative_candidate,2,160,40,0.13828125000000002,0.0,,,,0.0,True,0.22025637328624725,0.22025637328624725,,,1.0,1.0,,,0.0,,,1.0,0.0,0.0,,full,0.86171875,0.0
switzerland,va_long_beach,7,conservative_candidate,3,160,40,0.12578125,0.0,,,,0.0,True,0.21404966711997986,0.21404966711997986,,,1.0,1.0,,,0.0,,,1.0,0.0,0.0,,full,0.87421875,0.0
switzerland,va_long_beach,7,conservative_candidate,4,160,40,0.1328125,0.0,,,,0.0,True,0.2144441157579422,0.2144441157579422,,,1.0,1.0,,,0.0,,,1.0,0.0,0.0,,full,0.8671875,0.0
switzerland,va_long_beach,7,conservative_candidate,5,160,40,0.14765625,0.0,,,,0.0,True,0.22132954001426697,0.22132954001426697,,,1.0,1.0,,,0.0,,,1.0,0.0,0.0,,full,0.85234375,0.0
switzerland,cleveland,8,pseudo_label_sfda,1,242,61,0.0,107.0,0.44214876033057854,107.0,0.0,0.9434549808502197,False,,,,,,,,,,,,,,,,,,
switzerland,cleveland,8,pseudo_label_sfda,2,242,61,0.0,113.0,0.4669421487603306,113.0,0.0,0.9422440528869629,False,,,,,,,,,,,,,,,,,,
switzerland,cleveland,8,pseudo_label_sfda,3,242,61,0.0,107.0,0.44214876033057854,107.0,0.0,0.9446865916252136,False,,,,,,,,,,,,,,,,,,
switzerland,cleveland,8,pseudo_label_sfda,4,243,60,0.0,113.0,0.46502057613168724,113.0,0.0,0.9418938159942627,False,,,,,,,,,,,,,,,,,,
switzerland,cleveland,8,pseudo_label_sfda,5,243,60,0.0,112.0,0.4609053497942387,112.0,0.0,0.943367063999176,False,,,,,,,,,,,,,,,,,,
switzerland,cleveland,8,entropy_sfda,1,242,61,0.0,,,,,,,0.3509581983089447,0.2304234802722931,0.8755527138710022,0.9318055510520935,1.0,1.0,0.8755527138710022,0.9318055510520935,,,,,,,,,,
switzerland,cleveland,8,entropy_sfda,2,242,61,0.0,,,,,,,0.3475799560546875,0.22833800315856934,0.8770293593406677,0.9323984980583191,1.0,1.0,0.8770293593406677,0.9323984980583191,,,,,,,,,,
switzerland,cleveland,8,entropy_sfda,3,242,61,0.0,,,,,,,0.3532187342643738,0.23351216316223145,0.8732953071594238,0.9300244450569153,1.0,1.0,0.8732953071594238,0.9300244450569153,,,,,,,,,,
switzerland,cleveland,8,entropy_sfda,4,243,60,0.0,,,,,,,0.35092616081237793,0.23029440641403198,0.8751527070999146,0.9316462874412537,1.0,1.0,0.8751527070999146,0.9316462874412537,,,,,,,,,,
switzerland,cleveland,8,entropy_sfda,5,243,60,0.0,,,,,,,0.3491447865962982,0.22936150431632996,0.8757374286651611,0.9318234920501709,1.0,1.0,0.8757374286651611,0.9318234920501709,,,,,,,,,,
switzerland,cleveland,8,reliability_gated_sfda,1,242,61,0.0,0.0,0.0,,,0.0,True,0.3509581983089447,0.3509581983089447,0.8755527138710022,0.8755527138710022,1.0,1.0,,,0.0,242.0,0.0,1.0,0.0,0.0,0.0,,,
switzerland,cleveland,8,reliability_gated_sfda,2,242,61,0.0,0.0,0.0,,,0.0,True,0.3475799560546875,0.3475799560546875,0.8770293593406677,0.8770293593406677,1.0,1.0,,,0.0,242.0,0.0,1.0,0.0,0.0,0.0,,,
switzerland,cleveland,8,reliability_gated_sfda,3,242,61,0.0,0.0,0.0,,,0.0,True,0.3532187342643738,0.3532187342643738,0.8732953071594238,0.8732953071594238,1.0,1.0,,,0.0,242.0,0.0,1.0,0.0,0.0,0.0,,,
switzerland,cleveland,8,reliability_gated_sfda,4,243,60,0.0,0.0,0.0,,,0.0,True,0.35092616081237793,0.35092616081237793,0.8751527070999146,0.8751527070999146,1.0,1.0,,,0.0,243.0,0.0,1.0,0.0,0.0,0.0,,,
switzerland,cleveland,8,reliability_gated_sfda,5,243,60,0.0,0.0,0.0,,,0.0,True,0.3491447865962982,0.3491447865962982,0.8757374286651611,0.8757374286651611,1.0,1.0,,,0.0,243.0,0.0,1.0,0.0,0.0,0.0,,,
switzerland,cleveland,8,conservative_candidate,1,242,61,0.0,0.0,,,,0.0,True,0.3509581983089447,0.3509581983089447,,,1.0,1.0,,,0.0,,,1.0,0.0,0.0,,full,1.0,0.0
switzerland,cleveland,8,conservative_candidate,2,242,61,0.0,0.0,,,,0.0,True,0.3475799560546875,0.3475799560546875,,,1.0,1.0,,,0.0,,,1.0,0.0,0.0,,full,1.0,0.0
switzerland,cleveland,8,conservative_candidate,3,242,61,0.0,0.0,,,,0.0,True,0.3532187342643738,0.3532187342643738,,,1.0,1.0,,,0.0,,,1.0,0.0,0.0,,full,1.0,0.0
switzerland,cleveland,8,conservative_candidate,4,243,60,0.0,0.0,,,,0.0,True,0.35092616081237793,0.35092616081237793,,,1.0,1.0,,,0.0,,,1.0,0.0,0.0,,full,1.0,0.0
switzerland,cleveland,8,conservative_candidate,5,243,60,0.0,0.0,,,,0.0,True,0.3491447865962982,0.3491447865962982,,,1.0,1.0,,,0.0,,,1.0,0.0,0.0,,full,1.0,0.0
switzerland,hungary,8,pseudo_label_sfda,1,235,59,0.0005319148936170213,109.0,0.46382978723404256,109.0,0.0,0.9549086689949036,False,,,,,,,,,,,,,,,,,,
switzerland,hungary,8,pseudo_label_sfda,2,235,59,0.002127659574468085,115.0,0.48936170212765956,115.0,0.0,0.9551493525505066,False,,,,,,,,,,,,,,,,,,
switzerland,hungary,8,pseudo_label_sfda,3,235,59,0.002127659574468085,111.0,0.4723404255319149,111.0,0.0,0.9534596800804138,False,,,,,,,,,,,,,,,,,,
switzerland,hungary,8,pseudo_label_sfda,4,235,59,0.001595744680851064,109.0,0.46382978723404256,109.0,0.0,0.9568055868148804,False,,,,,,,,,,,,,,,,,,
switzerland,hungary,8,pseudo_label_sfda,5,236,58,0.00211864406779661,120.0,0.5084745762711864,120.0,0.0,0.9543810486793518,False,,,,,,,,,,,,,,,,,,
switzerland,hungary,8,entropy_sfda,1,235,59,0.0005319148936170213,,,,,,,0.3249409794807434,0.2041497528553009,0.8881728053092957,0.9425126910209656,1.0,1.0,0.8881728053092957,0.9425126910209656,,,,,,,,,,
switzerland,hungary,8,entropy_sfda,2,235,59,0.002127659574468085,,,,,,,0.31508156657218933,0.19744360446929932,0.8930025100708008,0.9450467228889465,1.0,1.0,0.8930025100708008,0.9450467228889465,,,,,,,,,,
switzerland,hungary,8,entropy_sfda,3,235,59,0.002127659574468085,,,,,,,0.321603387594223,0.20069268345832825,0.8904070854187012,0.9441369771957397,1.0,1.0,0.8904070854187012,0.9441369771957397,,,,,,,,,,
switzerland,hungary,8,entropy_sfda,4,235,59,0.001595744680851064,,,,,,,0.31918931007385254,0.2001638263463974,0.8909333348274231,0.9439740180969238,1.0,1.0,0.8909333348274231,0.9439740180969238,,,,,,,,,,
switzerland,hungary,8,entropy_sfda,5,236,58,0.00211864406779661,,,,,,,0.3091749846935272,0.19197389483451843,0.8961675763130188,0.9470753073692322,1.0,1.0,0.8961675763130188,0.9470753073692322,,,,,,,,,,
switzerland,hungary,8,reliability_gated_sfda,1,235,59,0.0005319148936170213,0.0,0.0,,,0.0,True,0.3249409794807434,0.3249409794807434,0.8881728053092957,0.8881728053092957,1.0,1.0,,,0.0,235.0,0.0,1.0,0.0,0.0,0.0,,,
switzerland,hungary,8,reliability_gated_sfda,2,235,59,0.002127659574468085,0.0,0.0,,,0.0,True,0.31508156657218933,0.31508156657218933,0.8930025100708008,0.8930025100708008,1.0,1.0,,,0.0,235.0,0.0,1.0,0.0,0.0,0.0,,,
switzerland,hungary,8,reliability_gated_sfda,3,235,59,0.002127659574468085,0.0,0.0,,,0.0,True,0.321603387594223,0.321603387594223,0.8904070854187012,0.8904070854187012,1.0,1.0,,,0.0,235.0,0.0,1.0,0.0,0.0,0.0,,,
switzerland,hungary,8,reliability_gated_sfda,4,235,59,0.001595744680851064,0.0,0.0,,,0.0,True,0.31918931007385254,0.31918931007385254,0.8909333348274231,0.8909333348274231,1.0,1.0,,,0.0,235.0,0.0,1.0,0.0,0.0,0.0,,,
switzerland,hungary,8,reliability_gated_sfda,5,236,58,0.00211864406779661,0.0,0.0,,,0.0,True,0.3091749846935272,0.3091749846935272,0.8961675763130188,0.8961675763130188,1.0,1.0,,,0.0,236.0,0.0,1.0,0.0,0.0,0.0,,,
switzerland,hungary,8,conservative_candidate,1,235,59,0.0005319148936170213,0.0,,,,0.0,True,0.3249409794807434,0.3249409794807434,,,1.0,1.0,,,0.0,,,1.0,0.0,0.0,,full,0.999468085106383,0.0
switzerland,hungary,8,conservative_candidate,2,235,59,0.002127659574468085,0.0,,,,0.0,True,0.31508156657218933,0.31508156657218933,,,1.0,1.0,,,0.0,,,1.0,0.0,0.0,,full,0.997872340425532,0.0
switzerland,hungary,8,conservative_candidate,3,235,59,0.002127659574468085,0.0,,,,0.0,True,0.321603387594223,0.321603387594223,,,1.0,1.0,,,0.0,,,1.0,0.0,0.0,,full,0.997872340425532,0.0
switzerland,hungary,8,conservative_candidate,4,235,59,0.001595744680851064,0.0,,,,0.0,True,0.31918931007385254,0.31918931007385254,,,1.0,1.0,,,0.0,,,1.0,0.0,0.0,,full,0.9984042553191489,0.0
switzerland,hungary,8,conservative_candidate,5,236,58,0.00211864406779661,0.0,,,,0.0,True,0.3091749846935272,0.3091749846935272,,,1.0,1.0,,,0.0,,,1.0,0.0,0.0,,full,0.9978813559322034,0.0
switzerland,va_long_beach,8,pseudo_label_sfda,1,160,40,0.13984375,120.0,0.75,120.0,0.0,0.9542806148529053,False,,,,,,,,,,,,,,,,,,
switzerland,va_long_beach,8,pseudo_label_sfda,2,160,40,0.13828125000000002,122.0,0.7625,122.0,0.0,0.9536333680152893,False,,,,,,,,,,,,,,,,,,
switzerland,va_long_beach,8,pseudo_label_sfda,3,160,40,0.12578125,126.0,0.7875,126.0,0.0,0.9532269239425659,False,,,,,,,,,,,,,,,,,,
switzerland,va_long_beach,8,pseudo_label_sfda,4,160,40,0.1328125,123.0,0.76875,123.0,0.0,0.9540916085243225,False,,,,,,,,,,,,,,,,,,
switzerland,va_long_beach,8,pseudo_label_sfda,5,160,40,0.14765625,121.0,0.75625,121.0,0.0,0.9539735317230225,False,,,,,,,,,,,,,,,,,,
switzerland,va_long_beach,8,entropy_sfda,1,160,40,0.13984375,,,,,,,0.24717994034290314,0.18377964198589325,0.9240873456001282,0.9488849639892578,1.0,1.0,0.9240873456001282,0.9488849639892578,,,,,,,,,,
switzerland,va_long_beach,8,entropy_sfda,2,160,40,0.13828125000000002,,,,,,,0.24715431034564972,0.18313217163085938,0.9238889813423157,0.949018657207489,1.0,1.0,0.9238889813423157,0.949018657207489,,,,,,,,,,
switzerland,va_long_beach,8,entropy_sfda,3,160,40,0.12578125,,,,,,,0.237858384847641,0.17449522018432617,0.9288492202758789,0.9528919458389282,1.0,1.0,0.9288492202758789,0.9528919458389282,,,,,,,,,,
switzerland,va_long_beach,8,entropy_sfda,4,160,40,0.1328125,,,,,,,0.24095094203948975,0.17799635231494904,0.9268947839736938,0.9511644244194031,1.0,1.0,0.9268947839736938,0.9511644244194031,,,,,,,,,,
switzerland,va_long_beach,8,entropy_sfda,5,160,40,0.14765625,,,,,,,0.24611620604991913,0.18289539217948914,0.9244523048400879,0.9491708874702454,1.0,1.0,0.9244523048400879,0.9491708874702454,,,,,,,,,,
switzerland,va_long_beach,8,reliability_gated_sfda,1,160,40,0.13984375,0.0,0.0,,,0.0,True,0.24717994034290314,0.24717994034290314,0.9240873456001282,0.9240873456001282,1.0,1.0,,,0.0,160.0,0.0,1.0,0.0,0.0,0.0,,,
switzerland,va_long_beach,8,reliability_gated_sfda,2,160,40,0.13828125000000002,0.0,0.0,,,0.0,True,0.24715431034564972,0.24715431034564972,0.9238889813423157,0.9238889813423157,1.0,1.0,,,0.0,160.0,0.0,1.0,0.0,0.0,0.0,,,
switzerland,va_long_beach,8,reliability_gated_sfda,3,160,40,0.12578125,0.0,0.0,,,0.0,True,0.237858384847641,0.237858384847641,0.9288492202758789,0.9288492202758789,1.0,1.0,,,0.0,160.0,0.0,1.0,0.0,0.0,0.0,,,
switzerland,va_long_beach,8,reliability_gated_sfda,4,160,40,0.1328125,0.0,0.0,,,0.0,True,0.24095094203948975,0.24095094203948975,0.9268947839736938,0.9268947839736938,1.0,1.0,,,0.0,160.0,0.0,1.0,0.0,0.0,0.0,,,
switzerland,va_long_beach,8,reliability_gated_sfda,5,160,40,0.14765625,0.0,0.0,,,0.0,True,0.24611620604991913,0.24611620604991913,0.9244523048400879,0.9244523048400879,1.0,1.0,,,0.0,160.0,0.0,1.0,0.0,0.0,0.0,,,
switzerland,va_long_beach,8,conservative_candidate,1,160,40,0.13984375,0.0,,,,0.0,True,0.24717994034290314,0.24717994034290314,,,1.0,1.0,,,0.0,,,1.0,0.0,0.0,,full,0.86015625,0.0
switzerland,va_long_beach,8,conservative_candidate,2,160,40,0.13828125000000002,0.0,,,,0.0,True,0.24715431034564972,0.24715431034564972,,,1.0,1.0,,,0.0,,,1.0,0.0,0.0,,full,0.86171875,0.0
switzerland,va_long_beach,8,conservative_candidate,3,160,40,0.12578125,0.0,,,,0.0,True,0.237858384847641,0.237858384847641,,,1.0,1.0,,,0.0,,,1.0,0.0,0.0,,full,0.87421875,0.0
switzerland,va_long_beach,8,conservative_candidate,4,160,40,0.1328125,0.0,,,,0.0,True,0.24095094203948975,0.24095094203948975,,,1.0,1.0,,,0.0,,,1.0,0.0,0.0,,full,0.8671875,0.0
switzerland,va_long_beach,8,conservative_candidate,5,160,40,0.14765625,0.0,,,,0.0,True,0.24611620604991913,0.24611620604991913,,,1.0,1.0,,,0.0,,,1.0,0.0,0.0,,full,0.85234375,0.0
switzerland,cleveland,9,pseudo_label_sfda,1,242,61,0.0,119.0,0.49173553719008267,119.0,0.0,0.9491748809814453,False,,,,,,,,,,,,,,,,,,
switzerland,cleveland,9,pseudo_label_sfda,2,242,61,0.0,120.0,0.49586776859504134,120.0,0.0,0.9479681849479675,False,,,,,,,,,,,,,,,,,,
switzerland,cleveland,9,pseudo_label_sfda,3,242,61,0.0,120.0,0.49586776859504134,120.0,0.0,0.9490764737129211,False,,,,,,,,,,,,,,,,,,
switzerland,cleveland,9,pseudo_label_sfda,4,243,60,0.0,122.0,0.5020576131687243,122.0,0.0,0.949036180973053,False,,,,,,,,,,,,,,,,,,
switzerland,cleveland,9,pseudo_label_sfda,5,243,60,0.0,123.0,0.5061728395061729,123.0,0.0,0.9485551118850708,False,,,,,,,,,,,,,,,,,,
switzerland,cleveland,9,entropy_sfda,1,242,61,0.0,,,,,,,0.3236159086227417,0.20239321887493134,0.8889878988265991,0.9427748918533325,1.0,1.0,0.8889878988265991,0.9427748918533325,,,,,,,,,,
switzerland,cleveland,9,entropy_sfda,2,242,61,0.0,,,,,,,0.3236744701862335,0.2018112689256668,0.8890914916992188,0.9430657029151917,1.0,1.0,0.8890914916992188,0.9430657029151917,,,,,,,,,,
switzerland,cleveland,9,entropy_sfda,3,242,61,0.0,,,,,,,0.32331085205078125,0.20248621702194214,0.8887803554534912,0.9426053762435913,1.0,1.0,0.8887803554534912,0.9426053762435913,,,,,,,,,,
switzerland,cleveland,9,entropy_sfda,4,243,60,0.0,,,,,,,0.3226531147956848,0.20216964185237885,0.8891260027885437,0.9426501989364624,1.0,1.0,0.8891260027885437,0.9426501989364624,,,,,,,,,,
switzerland,cleveland,9,entropy_sfda,5,243,60,0.0,,,,,,,0.3196968734264374,0.19916951656341553,0.8909128308296204,0.9438909888267517,1.0,1.0,0.8909128308296204,0.9438909888267517,,,,,,,,,,
switzerland,cleveland,9,reliability_gated_sfda,1,242,61,0.0,0.0,0.0,,,0.0,True,0.3236159086227417,0.3236159086227417,0.8889878988265991,0.8889878988265991,1.0,1.0,,,0.0,242.0,0.0,1.0,0.0,0.0,0.0,,,
switzerland,cleveland,9,reliability_gated_sfda,2,242,61,0.0,0.0,0.0,,,0.0,True,0.3236744701862335,0.3236744701862335,0.8890914916992188,0.8890914916992188,1.0,1.0,,,0.0,242.0,0.0,1.0,0.0,0.0,0.0,,,
switzerland,cleveland,9,reliability_gated_sfda,3,242,61,0.0,0.0,0.0,,,0.0,True,0.32331085205078125,0.32331085205078125,0.8887803554534912,0.8887803554534912,1.0,1.0,,,0.0,242.0,0.0,1.0,0.0,0.0,0.0,,,
switzerland,cleveland,9,reliability_gated_sfda,4,243,60,0.0,0.0,0.0,,,0.0,True,0.3226531147956848,0.3226531147956848,0.8891260027885437,0.8891260027885437,1.0,1.0,,,0.0,243.0,0.0,1.0,0.0,0.0,0.0,,,
switzerland,cleveland,9,reliability_gated_sfda,5,243,60,0.0,0.0,0.0,,,0.0,True,0.3196968734264374,0.3196968734264374,0.8909128308296204,0.8909128308296204,1.0,1.0,,,0.0,243.0,0.0,1.0,0.0,0.0,0.0,,,
switzerland,cleveland,9,conservative_candidate,1,242,61,0.0,0.0,,,,0.0,True,0.3236159086227417,0.3236159086227417,,,1.0,1.0,,,0.0,,,1.0,0.0,0.0,,full,1.0,0.0
switzerland,cleveland,9,conservative_candidate,2,242,61,0.0,0.0,,,,0.0,True,0.3236744701862335,0.3236744701862335,,,1.0,1.0,,,0.0,,,1.0,0.0,0.0,,full,1.0,0.0
switzerland,cleveland,9,conservative_candidate,3,242,61,0.0,0.0,,,,0.0,True,0.32331085205078125,0.32331085205078125,,,1.0,1.0,,,0.0,,,1.0,0.0,0.0,,full,1.0,0.0
switzerland,cleveland,9,conservative_candidate,4,243,60,0.0,0.0,,,,0.0,True,0.3226531147956848,0.3226531147956848,,,1.0,1.0,,,0.0,,,1.0,0.0,0.0,,full,1.0,0.0
switzerland,cleveland,9,conservative_candidate,5,243,60,0.0,0.0,,,,0.0,True,0.3196968734264374,0.3196968734264374,,,1.0,1.0,,,0.0,,,1.0,0.0,0.0,,full,1.0,0.0
switzerland,hungary,9,pseudo_label_sfda,1,235,59,0.0005319148936170213,119.0,0.5063829787234042,119.0,0.0,0.9555646777153015,False,,,,,,,,,,,,,,,,,,
switzerland,hungary,9,pseudo_label_sfda,2,235,59,0.002127659574468085,125.0,0.5319148936170213,125.0,0.0,0.9560056328773499,False,,,,,,,,,,,,,,,,,,
switzerland,hungary,9,pseudo_label_sfda,3,235,59,0.002127659574468085,122.0,0.5191489361702127,122.0,0.0,0.9536494612693787,False,,,,,,,,,,,,,,,,,,
switzerland,hungary,9,pseudo_label_sfda,4,235,59,0.001595744680851064,119.0,0.5063829787234042,119.0,0.0,0.9571168422698975,False,,,,,,,,,,,,,,,,,,
switzerland,hungary,9,pseudo_label_sfda,5,236,58,0.00211864406779661,131.0,0.5550847457627118,131.0,0.0,0.9550778269767761,False,,,,,,,,,,,,,,,,,,
switzerland,hungary,9,entropy_sfda,1,235,59,0.0005319148936170213,,,,,,,0.3004954755306244,0.176551952958107,0.8999819755554199,0.9527464509010315,1.0,1.0,0.8999819755554199,0.9527464509010315,,,,,,,,,,
switzerland,hungary,9,entropy_sfda,2,235,59,0.002127659574468085,,,,,,,0.29192018508911133,0.17024162411689758,0.9038456082344055,0.9550377130508423,1.0,1.0,0.9038456082344055,0.9550377130508423,,,,,,,,,,
switzerland,hungary,9,entropy_sfda,3,235,59,0.002127659574468085,,,,,,,0.29894453287124634,0.17434631288051605,0.9009670615196228,0.9537044167518616,1.0,1.0,0.9009670615196228,0.9537044167518616,,,,,,,,,,
switzerland,hungary,9,entropy_sfda,4,235,59,0.001595744680851064,,,,,,,0.2945096492767334,0.17208966612815857,0.9025641083717346,0.9542831778526306,1.0,1.0,0.9025641083717346,0.9542831778526306,,,,,,,,,,
switzerland,hungary,9,entropy_sfda,5,236,58,0.00211864406779661,,,,,,,0.28444069623947144,0.16404740512371063,0.9076439738273621,0.9571676850318909,1.0,1.0,0.9076439738273621,0.9571676850318909,,,,,,,,,,
switzerland,hungary,9,reliability_gated_sfda,1,235,59,0.0005319148936170213,0.0,0.0,,,0.0,True,0.3004954755306244,0.3004954755306244,0.8999819755554199,0.8999819755554199,1.0,1.0,,,0.0,235.0,0.0,1.0,0.0,0.0,0.0,,,
switzerland,hungary,9,reliability_gated_sfda,2,235,59,0.002127659574468085,0.0,0.0,,,0.0,True,0.29192018508911133,0.29192018508911133,0.9038456082344055,0.9038456082344055,1.0,1.0,,,0.0,235.0,0.0,1.0,0.0,0.0,0.0,,,
switzerland,hungary,9,reliability_gated_sfda,3,235,59,0.002127659574468085,0.0,0.0,,,0.0,True,0.29894453287124634,0.29894453287124634,0.9009670615196228,0.9009670615196228,1.0,1.0,,,0.0,235.0,0.0,1.0,0.0,0.0,0.0,,,
switzerland,hungary,9,reliability_gated_sfda,4,235,59,0.001595744680851064,0.0,0.0,,,0.0,True,0.2945096492767334,0.2945096492767334,0.9025641083717346,0.9025641083717346,1.0,1.0,,,0.0,235.0,0.0,1.0,0.0,0.0,0.0,,,
switzerland,hungary,9,reliability_gated_sfda,5,236,58,0.00211864406779661,0.0,0.0,,,0.0,True,0.28444069623947144,0.28444069623947144,0.9076439738273621,0.9076439738273621,1.0,1.0,,,0.0,236.0,0.0,1.0,0.0,0.0,0.0,,,
switzerland,hungary,9,conservative_candidate,1,235,59,0.0005319148936170213,0.0,,,,0.0,True,0.3004954755306244,0.3004954755306244,,,1.0,1.0,,,0.0,,,1.0,0.0,0.0,,full,0.999468085106383,0.0
switzerland,hungary,9,conservative_candidate,2,235,59,0.002127659574468085,0.0,,,,0.0,True,0.29192018508911133,0.29192018508911133,,,1.0,1.0,,,0.0,,,1.0,0.0,0.0,,full,0.997872340425532,0.0
switzerland,hungary,9,conservative_candidate,3,235,59,0.002127659574468085,0.0,,,,0.0,True,0.29894453287124634,0.29894453287124634,,,1.0,1.0,,,0.0,,,1.0,0.0,0.0,,full,0.997872340425532,0.0
switzerland,hungary,9,conservative_candidate,4,235,59,0.001595744680851064,0.0,,,,0.0,True,0.2945096492767334,0.2945096492767334,,,1.0,1.0,,,0.0,,,1.0,0.0,0.0,,full,0.9984042553191489,0.0
switzerland,hungary,9,conservative_candidate,5,236,58,0.00211864406779661,0.0,,,,0.0,True,0.28444069623947144,0.28444069623947144,,,1.0,1.0,,,0.0,,,1.0,0.0,0.0,,full,0.9978813559322034,0.0
switzerland,va_long_beach,9,pseudo_label_sfda,1,160,40,0.13984375,127.0,0.79375,127.0,0.0,0.9585368037223816,False,,,,,,,,,,,,,,,,,,
switzerland,va_long_beach,9,pseudo_label_sfda,2,160,40,0.13828125000000002,128.0,0.8,128.0,0.0,0.9584475755691528,False,,,,,,,,,,,,,,,,,,
switzerland,va_long_beach,9,pseudo_label_sfda,3,160,40,0.12578125,131.0,0.81875,131.0,0.0,0.9590373635292053,False,,,,,,,,,,,,,,,,,,
switzerland,va_long_beach,9,pseudo_label_sfda,4,160,40,0.1328125,129.0,0.80625,129.0,0.0,0.9594660401344299,False,,,,,,,,,,,,,,,,,,
switzerland,va_long_beach,9,pseudo_label_sfda,5,160,40,0.14765625,125.0,0.78125,125.0,0.0,0.9592089653015137,False,,,,,,,,,,,,,,,,,,
switzerland,va_long_beach,9,entropy_sfda,1,160,40,0.13984375,,,,,,,0.21413807570934296,0.15299049019813538,0.9388796091079712,0.9606790542602539,1.0,1.0,0.9388796091079712,0.9606790542602539,,,,,,,,,,
switzerland,va_long_beach,9,entropy_sfda,2,160,40,0.13828125000000002,,,,,,,0.21428623795509338,0.1531919538974762,0.9388366937637329,0.9605628848075867,1.0,1.0,0.9388366937637329,0.9605628848075867,,,,,,,,,,
switzerland,va_long_beach,9,entropy_sfda,3,160,40,0.12578125,,,,,,,0.20574994385242462,0.14517787098884583,0.9424389600753784,0.9634806513786316,1.0,1.0,0.9424389600753784,0.9634806513786316,,,,,,,,,,
switzerland,va_long_beach,9,entropy_sfda,4,160,40,0.1328125,,,,,,,0.20699426531791687,0.1465567946434021,0.9417136907577515,0.9628688097000122,1.0,1.0,0.9417136907577515,0.9628688097000122,,,,,,,,,,
switzerland,va_long_beach,9,entropy_sfda,5,160,40,0.14765625,,,,,,,0.2143205851316452,0.15325233340263367,0.9387058019638062,0.9605115056037903,1.0,1.0,0.9387058019638062,0.9605115056037903,,,,,,,,,,
switzerland,va_long_beach,9,reliability_gated_sfda,1,160,40,0.13984375,0.0,0.0,,,0.0,True,0.21413807570934296,0.21413807570934296,0.9388796091079712,0.9388796091079712,1.0,1.0,,,0.0,160.0,0.0,1.0,0.0,0.0,0.0,,,
switzerland,va_long_beach,9,reliability_gated_sfda,2,160,40,0.13828125000000002,0.0,0.0,,,0.0,True,0.21428623795509338,0.21428623795509338,0.9388366937637329,0.9388366937637329,1.0,1.0,,,0.0,160.0,0.0,1.0,0.0,0.0,0.0,,,
switzerland,va_long_beach,9,reliability_gated_sfda,3,160,40,0.12578125,0.0,0.0,,,0.0,True,0.20574994385242462,0.20574994385242462,0.9424389600753784,0.9424389600753784,1.0,1.0,,,0.0,160.0,0.0,1.0,0.0,0.0,0.0,,,
switzerland,va_long_beach,9,reliability_gated_sfda,4,160,40,0.1328125,0.0,0.0,,,0.0,True,0.20699426531791687,0.20699426531791687,0.9417136907577515,0.9417136907577515,1.0,1.0,,,0.0,160.0,0.0,1.0,0.0,0.0,0.0,,,
switzerland,va_long_beach,9,reliability_gated_sfda,5,160,40,0.14765625,0.0,0.0,,,0.0,True,0.2143205851316452,0.2143205851316452,0.9387058019638062,0.9387058019638062,1.0,1.0,,,0.0,160.0,0.0,1.0,0.0,0.0,0.0,,,
switzerland,va_long_beach,9,conservative_candidate,1,160,40,0.13984375,0.0,,,,0.0,True,0.21413807570934296,0.21413807570934296,,,1.0,1.0,,,0.0,,,1.0,0.0,0.0,,full,0.86015625,0.0
switzerland,va_long_beach,9,conservative_candidate,2,160,40,0.13828125000000002,0.0,,,,0.0,True,0.21428623795509338,0.21428623795509338,,,1.0,1.0,,,0.0,,,1.0,0.0,0.0,,full,0.86171875,0.0
switzerland,va_long_beach,9,conservative_candidate,3,160,40,0.12578125,0.0,,,,0.0,True,0.20574994385242462,0.20574994385242462,,,1.0,1.0,,,0.0,,,1.0,0.0,0.0,,full,0.87421875,0.0
switzerland,va_long_beach,9,conservative_candidate,4,160,40,0.1328125,0.0,,,,0.0,True,0.20699426531791687,0.20699426531791687,,,1.0,1.0,,,0.0,,,1.0,0.0,0.0,,full,0.8671875,0.0
switzerland,va_long_beach,9,conservative_candidate,5,160,40,0.14765625,0.0,,,,0.0,True,0.2143205851316452,0.2143205851316452,,,1.0,1.0,,,0.0,,,1.0,0.0,0.0,,full,0.85234375,0.0
va_long_beach,cleveland,0,pseudo_label_sfda,1,242,61,0.0,5.0,0.02066115702479339,5.0,0.0,0.928642749786377,True,,,,,,,,,,,,,,,,,,
va_long_beach,cleveland,0,pseudo_label_sfda,2,242,61,0.0,5.0,0.02066115702479339,5.0,0.0,0.9231719970703125,True,,,,,,,,,,,,,,,,,,
va_long_beach,cleveland,0,pseudo_label_sfda,3,242,61,0.0,5.0,0.02066115702479339,5.0,0.0,0.9273363947868347,True,,,,,,,,,,,,,,,,,,
va_long_beach,cleveland,0,pseudo_label_sfda,4,243,60,0.0,4.0,0.01646090534979424,4.0,0.0,0.921804666519165,True,,,,,,,,,,,,,,,,,,
va_long_beach,cleveland,0,pseudo_label_sfda,5,243,60,0.0,5.0,0.0205761316872428,5.0,0.0,0.9208682179450989,True,,,,,,,,,,,,,,,,,,
va_long_beach,cleveland,0,entropy_sfda,1,242,61,0.0,,,,,,,0.6044487953186035,0.5297662019729614,0.6088085770606995,0.7082344889640808,0.6776859504132231,0.8429752066115702,0.6674813628196716,0.7302060723304749,,,,,,,,,,
va_long_beach,cleveland,0,entropy_sfda,2,242,61,0.0,,,,,,,0.6078189611434937,0.5331838130950928,0.6066204905509949,0.7094965577125549,0.6735537190082644,0.8429752066115702,0.6637990474700928,0.7298398613929749,,,,,,,,,,
va_long_beach,cleveland,0,entropy_sfda,3,242,61,0.0,,,,,,,0.6031122207641602,0.5287855863571167,0.612957239151001,0.7102276086807251,0.6818181818181818,0.8512396694214877,0.6689384579658508,0.7312511205673218,,,,,,,,,,
va_long_beach,cleveland,0,entropy_sfda,4,243,60,0.0,,,,,,,0.6049864888191223,0.5308689475059509,0.6074646711349487,0.7111123204231262,0.6790123456790124,0.8477366255144033,0.6664655804634094,0.7300332188606262,,,,,,,,,,
va_long_beach,cleveland,0,entropy_sfda,5,243,60,0.0,,,,,,,0.6057289242744446,0.5291611552238464,0.6110605001449585,0.7187073826789856,0.6872427983539094,0.8724279835390947,0.6664649844169617,0.7324749827384949,,,,,,,,,,
va_long_beach,cleveland,0,reliability_gated_sfda,1,242,61,0.0,96.0,0.39669421487603307,,,0.7314768433570862,False,0.6044487953186035,0.600730299949646,0.6088085770606995,0.6091159582138062,0.6776859504132231,0.6735537190082644,,,48.0,164.0,78.0,0.6776859504132231,0.6446280991735538,0.47153052712274984,0.004406123887747526,,,
va_long_beach,cleveland,0,reliability_gated_sfda,2,242,61,0.0,96.0,0.39669421487603307,,,0.7292754054069519,False,0.6078189611434937,0.6043215394020081,0.6066204905509949,0.6063863635063171,0.6735537190082644,0.6694214876033058,,,48.0,163.0,79.0,0.6735537190082644,0.6528925619834711,0.47613848782767937,0.004525798372924328,,,
va_long_beach,cleveland,0,reliability_gated_sfda,3,242,61,0.0,96.0,0.39669421487603307,,,0.7300090193748474,False,0.6031122207641602,0.5993898510932922,0.612957239151001,0.6132301688194275,0.6818181818181818,0.6776859504132231,,,48.0,165.0,77.0,0.6818181818181818,0.6363636363636365,0.46455119414763024,0.004430884495377541,,,
va_long_beach,cleveland,0,reliability_gated_sfda,4,243,60,0.0,98.0,0.40329218106995884,,,0.7324060201644897,False,0.6049864888191223,0.6015467643737793,0.6074646711349487,0.6070276498794556,0.6790123456790124,0.6748971193415638,,,49.0,165.0,78.0,0.6790123456790124,0.6419753086419753,0.4701865808463391,0.004496706649661064,,,
va_long_beach,cleveland,0,reliability_gated_sfda,5,243,60,0.0,98.0,0.40329218106995884,,,0.7280920147895813,False,0.6057289242744446,0.6024637222290039,0.6110605001449585,0.6104633212089539,0.6872427983539094,0.6872427983539094,,,49.0,167.0,76.0,0.6872427983539094,0.6255144032921811,0.45543204217290684,0.0045264046639204025,,,
va_long_beach,cleveland,0,conservative_candidate,1,242,61,0.0,96.0,,,,0.7314768433570862,False,0.6044487953186035,0.6060215830802917,,,0.6776859504132231,0.6735537190082644,,,48.0,,,0.6776859504132231,0.6446280991735538,0.47153052712274984,,full,1.0,0.0020969777833670378
va_long_beach,cleveland,0,conservative_candidate,2,242,61,0.0,96.0,,,,0.7292754054069519,False,0.6078189611434937,0.609265923500061,,,0.6735537190082644,0.6694214876033058,,,48.0,,,0.6735537190082644,0.6528925619834711,0.47613848782767937,,full,1.0,0.002124576596543193
va_long_beach,cleveland,0,conservative_candidate,3,242,61,0.0,96.0,,,,0.7300090193748474,False,0.6031122207641602,0.6042335629463196,,,0.6818181818181818,0.6776859504132231,,,48.0,,,0.6818181818181818,0.6363636363636365,0.46455119414763024,,full,1.0,0.0016776275588199496
va_long_beach,cleveland,0,conservative_candidate,4,243,60,0.0,98.0,,,,0.7324060201644897,False,0.6049864888191223,0.6065911054611206,,,0.6790123456790124,0.6748971193415638,,,49.0,,,0.6790123456790124,0.6419753086419753,0.4701865808463391,,full,1.0,0.002231934340670705
va_long_beach,cleveland,0,conservative_candidate,5,243,60,0.0,98.0,,,,0.7280920147895813,False,0.6057289242744446,0.6077418923377991,,,0.6872427983539094,0.6872427983539094,,,49.0,,,0.6872427983539094,0.6255144032921811,0.45543204217290684,,full,1.0,0.002731331856921315
va_long_beach,hungary,0,pseudo_label_sfda,1,235,59,0.0005319148936170213,1.0,0.00425531914893617,1.0,0.0,0.9147792458534241,True,,,,,,,,,,,,,,,,,,
va_long_beach,hungary,0,pseudo_label_sfda,2,235,59,0.002127659574468085,4.0,0.01702127659574468,4.0,0.0,0.9124628305435181,True,,,,,,,,,,,,,,,,,,
va_long_beach,hungary,0,pseudo_label_sfda,3,235,59,0.002127659574468085,4.0,0.01702127659574468,4.0,0.0,0.9124628305435181,True,,,,,,,,,,,,,,,,,,
va_long_beach,hungary,0,pseudo_label_sfda,4,235,59,0.001595744680851064,3.0,0.01276595744680851,3.0,0.0,0.9116906523704529,True,,,,,,,,,,,,,,,,,,
va_long_beach,hungary,0,pseudo_label_sfda,5,236,58,0.00211864406779661,4.0,0.01694915254237288,4.0,0.0,0.9124628305435181,True,,,,,,,,,,,,,,,,,,
va_long_beach,hungary,0,entropy_sfda,1,235,59,0.0005319148936170213,,,,,,,0.6325791478157043,0.5877875089645386,0.5481698513031006,0.5987780690193176,0.48936170212765956,0.6,0.6375272870063782,0.6803039312362671,,,,,,,,,,
va_long_beach,hungary,0,entropy_sfda,2,235,59,0.002127659574468085,,,,,,,0.6261839270591736,0.5799577236175537,0.5549173355102539,0.6004173755645752,0.4978723404255319,0.6,0.6443562507629395,0.6867692470550537,,,,,,,,,,
va_long_beach,hungary,0,entropy_sfda,3,235,59,0.002127659574468085,,,,,,,0.6293205618858337,0.5850061178207397,0.5493335723876953,0.598539412021637,0.5063829787234042,0.6085106382978723,0.6389570236206055,0.6820364594459534,,,,,,,,,,
va_long_beach,hungary,0,entropy_sfda,4,235,59,0.001595744680851064,,,,,,,0.6253191828727722,0.5785341858863831,0.5572052597999573,0.6035599112510681,0.5063829787234042,0.6127659574468085,0.6432474851608276,0.6863633394241333,,,,,,,,,,
va_long_beach,hungary,0,entropy_sfda,5,236,58,0.00211864406779661,,,,,,,0.624416172504425,0.5749796032905579,0.5646166801452637,0.6259785890579224,0.5338983050847458,0.6652542372881356,0.6441223621368408,0.688495934009552,,,,,,,,,,
va_long_beach,hungary,0,reliability_gated_sfda,1,235,59,0.0005319148936170213,94.0,0.4,,,0.7186058759689331,False,0.6325791478157043,0.6290796995162964,0.5481698513031006,0.5479313135147095,0.48936170212765956,0.4851063829787234,,,47.0,115.0,120.0,0.48936170212765956,0.9787234042553191,0.7029422847838248,0.0045933504588902,,,
va_long_beach,hungary,0,reliability_gated_sfda,2,235,59,0.002127659574468085,94.0,0.4,,,0.7262409329414368,False,0.6261839270591736,0.6224658489227295,0.5549173355102539,0.5545675158500671,0.4978723404255319,0.49361702127659574,,,47.0,117.0,118.0,0.4978723404255319,0.9957446808510638,0.7216119278097864,0.004810785874724388,,,
va_long_beach,hungary,0,reliability_gated_sfda,3,235,59,0.002127659574468085,94.0,0.4,,,0.7253136038780212,False,0.6293205618858337,0.6258899569511414,0.5493335723876953,0.5486189126968384,0.5063829787234042,0.502127659574468,,,47.0,119.0,116.0,0.5063829787234042,0.9872340425531916,0.7145307615279288,0.004574886988848448,,,
va_long_beach,hungary,0,reliability_gated_sfda,4,235,59,0.001595744680851064,94.0,0.4,,,0.7270357012748718,False,0.6253191828727722,0.6216214895248413,0.5572052597999573,0.5565903782844543,0.5063829787234042,0.4978723404255319,,,47.0,119.0,116.0,0.5063829787234042,0.9872340425531916,0.716609041692985,0.004849852062761784,,,
va_long_beach,hungary,0,reliability_gated_sfda,5,236,58,0.00211864406779661,94.0,0.3983050847457627,,,0.7264072895050049,False,0.624416172504425,0.6207765340805054,0.5646166801452637,0.5642541646957397,0.5338983050847458,0.5296610169491526,,,47.0,126.0,110.0,0.5338983050847458,0.9322033898305084,0.6757246780604406,0.00464555574581027,,,
va_long_beach,hungary,0,conservative_candidate,1,235,59,0.0005319148936170213,94.0,,,,0.7186058759689331,False,0.6325791478157043,0.6342421770095825,,,0.48936170212765956,0.4851063829787234,,,47.0,,,0.48936170212765956,0.9787234042553191,0.7029422847838248,,full,0.999468085106383,0.002709660679101944
va_long_beach,hungary,0,conservative_candidate,2,235,59,0.002127659574468085,94.0,,,,0.7262409329414368,False,0.6261839270591736,0.6278222799301147,,,0.4978723404255319,0.49361702127659574,,,47.0,,,0.4978723404255319,0.9957446808510638,0.7216119278097864,,full,0.997872340425532,0.002560120541602373
va_long_beach,hungary,0,conservative_candidate,3,235,59,0.002127659574468085,94.0,,,,0.7253136038780212,False,0.6293205618858337,0.6306803226470947,,,0.5063829787234042,0.502127659574468,,,47.0,,,0.5063829787234042,0.9872340425531916,0.7145307615279288,,full,0.997872340425532,0.0025394978001713753
va_long_beach,hungary,0,conservative_candidate,4,235,59,0.001595744680851064,94.0,,,,0.7270357012748718,False,0.6253191828727722,0.6266760230064392,,,0.5063829787234042,0.502127659574468,,,47.0,,,0.5063829787234042,0.9872340425531916,0.716609041692985,,full,0.9984042553191489,0.0023736930452287197
va_long_beach,hungary,0,conservative_candidate,5,236,58,0.00211864406779661,94.0,,,,0.7264072895050049,False,0.624416172504425,0.62590092420578,,,0.5338983050847458,0.5338983050847458,,,47.0,,,0.5338983050847458,0.9322033898305084,0.6757246780604406,,full,0.9978813559322034,0.0023363586515188217
va_long_beach,switzerland,0,pseudo_label_sfda,1,98,25,0.012755102040816325,4.0,0.04081632653061224,4.0,0.0,0.9066435694694519,True,,,,,,,,,,,,,,,,,,
va_long_beach,switzerland,0,pseudo_label_sfda,2,98,25,0.007653061224489795,4.0,0.04081632653061224,4.0,0.0,0.9066435694694519,True,,,,,,,,,,,,,,,,,,
va_long_beach,switzerland,0,pseudo_label_sfda,3,98,25,0.011479591836734693,4.0,0.04081632653061224,4.0,0.0,0.9066435694694519,True,,,,,,,,,,,,,,,,,,
va_long_beach,switzerland,0,pseudo_label_sfda,4,99,24,0.01388888888888889,2.0,0.020202020202020204,2.0,0.0,0.9101320505142212,True,,,,,,,,,,,,,,,,,,
va_long_beach,switzerland,0,pseudo_label_sfda,5,99,24,0.0101010101010101,2.0,0.020202020202020204,2.0,0.0,0.9031550884246826,True,,,,,,,,,,,,,,,,,,
va_long_beach,switzerland,0,entropy_sfda,1,98,25,0.012755102040816325,,,,,,,0.5534635186195374,0.5100573897361755,0.7072877883911133,0.7517457008361816,0.8775510204081632,0.9081632653061225,0.7236976623535156,0.7608411908149719,,,,,,,,,,
va_long_beach,switzerland,0,entropy_sfda,2,98,25,0.007653061224489795,,,,,,,0.5593693852424622,0.5169247388839722,0.6972880363464355,0.7423430681228638,0.8673469387755102,0.8979591836734694,0.7176789045333862,0.7550843954086304,,,,,,,,,,
va_long_beach,switzerland,0,entropy_sfda,3,98,25,0.011479591836734693,,,,,,,0.5647662878036499,0.5249984264373779,0.6944568157196045,0.7379742860794067,0.8571428571428571,0.8979591836734694,0.7120513916015625,0.7468400001525879,,,,,,,,,,
va_long_beach,switzerland,0,entropy_sfda,4,99,24,0.01388888888888889,,,,,,,0.5664315819740295,0.5232070088386536,0.689934253692627,0.7366530299186707,0.8484848484848485,0.8787878787878788,0.7124236226081848,0.7495377659797668,,,,,,,,,,
va_long_beach,switzerland,0,entropy_sfda,5,99,24,0.0101010101010101,,,,,,,0.5594521164894104,0.5156732201576233,0.6979159116744995,0.7433589100837708,0.8585858585858586,0.8888888888888888,0.7184346318244934,0.7557358145713806,,,,,,,,,,
va_long_beach,switzerland,0,reliability_gated_sfda,1,98,25,0.012755102040816325,24.0,0.24489795918367346,,,0.7283409237861633,False,0.5534635186195374,0.5514282584190369,0.7072877883911133,0.7082324624061584,0.8775510204081632,0.8775510204081632,,,12.0,86.0,12.0,0.8775510204081632,0.24489795918367352,0.17609408840394333,0.0018346062861382961,,,
va_long_beach,switzerland,0,reliability_gated_sfda,2,98,25,0.007653061224489795,26.0,0.2653061224489796,,,0.7313110828399658,False,0.5593693852424622,0.5574705004692078,0.6972880363464355,0.6977249383926392,0.8673469387755102,0.8673469387755102,,,13.0,85.0,13.0,0.8673469387755102,0.26530612244897966,0.19253645074561163,0.0022396030835807323,,,
va_long_beach,switzerland,0,reliability_gated_sfda,3,98,25,0.011479591836734693,28.0,0.2857142857142857,,,0.7215403318405151,False,0.5647662878036499,0.561949610710144,0.6944568157196045,0.6961423754692078,0.8571428571428571,0.8571428571428571,,,14.0,84.0,14.0,0.8571428571428571,0.2857142857142858,0.20378781238206975,0.0022492955904453993,,,
va_long_beach,switzerland,0,reliability_gated_sfda,4,99,24,0.01388888888888889,30.0,0.30303030303030304,,,0.7252670526504517,False,0.5664315819740295,0.564158022403717,0.689934253692627,0.6907159686088562,0.8484848484848485,0.8484848484848485,,,15.0,84.0,15.0,0.8484848484848485,0.303030303030303,0.21672542398224773,0.0024150540120899677,,,
va_long_beach,switzerland,0,reliability_gated_sfda,5,99,24,0.0101010101010101,28.0,0.2828282828282828,,,0.7269083857536316,False,0.5594521164894104,0.5565532445907593,0.6979159116744995,0.6994301676750183,0.8585858585858586,0.8585858585858586,,,14.0,85.0,14.0,0.8585858585858586,0.2828282828282829,0.20351358131904554,0.0024289132561534643,,,
va_long_beach,switzerland,0,conservative_candidate,1,98,25,0.012755102040816325,24.0,,,,0.7283409237861633,False,0.5534635186195374,0.5549936294555664,,,0.8775510204081632,0.8775510204081632,,,12.0,,,0.8775510204081632,0.24489795918367352,0.17609408840394333,,full,0.9872448979591837,0.001576789771206677
va_long_beach,switzerland,0,conservative_candidate,2,98,25,0.007653061224489795,26.0,,,,0.7313110828399658,False,0.5593693852424622,0.5613398551940918,,,0.8673469387755102,0.8673469387755102,,,13.0,,,0.8673469387755102,0.26530612244897966,0.19253645074561163,,full,0.9923469387755102,0.00207293638959527
va_long_beach,switzerland,0,conservative_candidate,3,98,25,0.011479591836734693,28.0,,,,0.7215403318405151,False,0.5647662878036499,0.565973162651062,,,0.8571428571428571,0.8571428571428571,,,14.0,,,0.8571428571428571,0.2857142857142858,0.20378781238206975,,full,0.9885204081632653,0.001446123351342976
va_long_beach,switzerland,0,conservative_candidate,4,99,24,0.01388888888888889,30.0,,,,0.7252670526504517,False,0.5664315819740295,0.5686058402061462,,,0.8484848484848485,0.8484848484848485,,,15.0,,,0.8484848484848485,0.303030303030303,0.21672542398224773,,full,0.9861111111111112,0.0022227149456739426
va_long_beach,switzerland,0,conservative_candidate,5,99,24,0.0101010101010101,28.0,,,,0.7269083857536316,False,0.5594521164894104,0.5608868598937988,,,0.8585858585858586,0.8585858585858586,,,14.0,,,0.8585858585858586,0.2828282828282829,0.20351358131904554,,full,0.98989898989899,0.0015185029478743672
va_long_beach,cleveland,1,pseudo_label_sfda,1,242,61,0.0,16.0,0.06611570247933884,16.0,0.0,0.9399435520172119,False,,,,,,,,,,,,,,,,,,
va_long_beach,cleveland,1,pseudo_label_sfda,2,242,61,0.0,15.0,0.06198347107438017,15.0,0.0,0.9377433061599731,False,,,,,,,,,,,,,,,,,,
va_long_beach,cleveland,1,pseudo_label_sfda,3,242,61,0.0,14.0,0.05785123966942149,14.0,0.0,0.9411558508872986,False,,,,,,,,,,,,,,,,,,
va_long_beach,cleveland,1,pseudo_label_sfda,4,243,60,0.0,16.0,0.06584362139917696,16.0,0.0,0.934312105178833,False,,,,,,,,,,,,,,,,,,
va_long_beach,cleveland,1,pseudo_label_sfda,5,243,60,0.0,15.0,0.06172839506172839,15.0,0.0,0.9361959099769592,False,,,,,,,,,,,,,,,,,,
va_long_beach,cleveland,1,entropy_sfda,1,242,61,0.0,,,,,,,0.5896064043045044,0.4749089479446411,0.6452777981758118,0.7741796970367432,0.7272727272727273,0.9958677685950413,0.6647927761077881,0.7742397785186768,,,,,,,,,,
va_long_beach,cleveland,1,entropy_sfda,2,242,61,0.0,,,,,,,0.590952455997467,0.47072142362594604,0.6460726261138916,0.7793743014335632,0.743801652892562,0.9958677685950413,0.664503276348114,0.7794060111045837,,,,,,,,,,
va_long_beach,cleveland,1,entropy_sfda,3,242,61,0.0,,,,,,,0.5879706740379333,0.4737018048763275,0.6479290127754211,0.7744685411453247,0.7231404958677686,0.9958677685950413,0.6672228574752808,0.77452552318573,,,,,,,,,,
va_long_beach,cleveland,1,entropy_sfda,4,243,60,0.0,,,,,,,0.587563693523407,0.4711074233055115,0.6468586325645447,0.7778737545013428,0.7325102880658436,0.9958847736625515,0.6659346222877502,0.7779214382171631,,,,,,,,,,
va_long_beach,cleveland,1,entropy_sfda,5,243,60,0.0,,,,,,,0.5900929570198059,0.4714554250240326,0.64708012342453,0.778770387172699,0.7366255144032922,1.0,0.6660724878311157,0.778770387172699,,,,,,,,,,
va_long_beach,cleveland,1,reliability_gated_sfda,1,242,61,0.0,96.0,0.39669421487603307,,,0.7141579985618591,False,0.5896064043045044,0.5855759978294373,0.6452777981758118,0.6475440263748169,0.7272727272727273,0.7231404958677686,,,48.0,176.0,66.0,0.7272727272727273,0.5454545454545454,0.38954072648828675,0.003406278323382139,,,
va_long_beach,cleveland,1,reliability_gated_sfda,2,242,61,0.0,96.0,0.39669421487603307,,,0.7122423052787781,False,0.590952455997467,0.5868773460388184,0.6460726261138916,0.6486551761627197,0.743801652892562,0.7355371900826446,,,48.0,180.0,62.0,0.743801652892562,0.5123966942148761,0.3649506027048285,0.003328740131109953,,,
va_long_beach,cleveland,1,reliability_gated_sfda,3,242,61,0.0,96.0,0.39669421487603307,,,0.7145388722419739,False,0.5879706740379333,0.5834563970565796,0.6479290127754211,0.6507389545440674,0.7231404958677686,0.7148760330578512,,,48.0,175.0,67.0,0.7231404958677686,0.5537190082644627,0.39565375570423345,0.003634848864749074,,,
va_long_beach,cleveland,1,reliability_gated_sfda,4,243,60,0.0,98.0,0.40329218106995884,,,0.715245246887207,False,0.587563693523407,0.5834378004074097,0.6468586325645447,0.6490797400474548,0.7325102880658436,0.7242798353909465,,,49.0,178.0,65.0,0.7325102880658436,0.5349794238683128,0.3826414901042671,0.0033607513178139925,,,
va_long_beach,cleveland,1,reliability_gated_sfda,5,243,60,0.0,98.0,0.40329218106995884,,,0.7114995121955872,False,0.5900929570198059,0.5859072208404541,0.64708012342453,0.6497646570205688,0.7366255144032922,0.7325102880658436,,,49.0,179.0,64.0,0.7366255144032922,0.5267489711934157,0.3747816360536427,0.003418802749365568,,,
va_long_beach,cleveland,1,conservative_candidate,1,242,61,0.0,96.0,,,,0.7141579985618591,False,0.5896064043045044,0.5923957228660583,,,0.7272727272727273,0.71900826446281,,,48.0,,,0.7272727272727273,0.5454545454545454,0.38954072648828675,,full,1.0,0.004082428757101297
va_long_beach,cleveland,1,conservative_candidate,2,242,61,0.0,96.0,,,,0.7122423052787781,False,0.590952455997467,0.593201756477356,,,0.743801652892562,0.731404958677686,,,48.0,,,0.743801652892562,0.5123966942148761,0.3649506027048285,,full,1.0,0.003388479119166732
va_long_beach,cleveland,1,conservative_candidate,3,242,61,0.0,96.0,,,,0.7145388722419739,False,0.5879706740379333,0.5901804566383362,,,0.7231404958677686,0.7148760330578512,,,48.0,,,0.7231404958677686,0.5537190082644627,0.39565375570423345,,full,1.0,0.00337810255587101
va_long_beach,cleveland,1,conservative_candidate,4,243,60,0.0,98.0,,,,0.715245246887207,False,0.587563693523407,0.589483916759491,,,0.7325102880658436,0.720164609053498,,,49.0,,,0.7325102880658436,0.5349794238683128,0.3826414901042671,,full,1.0,0.0033270218409597874
va_long_beach,cleveland,1,conservative_candidate,5,243,60,0.0,98.0,,,,0.7114995121955872,False,0.5900929570198059,0.5926098227500916,,,0.7366255144032922,0.7283950617283951,,,49.0,,,0.7366255144032922,0.5267489711934157,0.3747816360536427,,full,1.0,0.003518845420330763
va_long_beach,hungary,1,pseudo_label_sfda,1,235,59,0.0005319148936170213,5.0,0.02127659574468085,5.0,0.0,0.9110416173934937,True,,,,,,,,,,,,,,,,,,
va_long_beach,hungary,1,pseudo_label_sfda,2,235,59,0.002127659574468085,9.0,0.03829787234042553,9.0,0.0,0.9286743998527527,True,,,,,,,,,,,,,,,,,,
va_long_beach,hungary,1,pseudo_label_sfda,3,235,59,0.002127659574468085,11.0,0.04680851063829787,11.0,0.0,0.9255987405776978,False,,,,,,,,,,,,,,,,,,
va_long_beach,hungary,1,pseudo_label_sfda,4,235,59,0.001595744680851064,11.0,0.04680851063829787,11.0,0.0,0.9259402751922607,False,,,,,,,,,,,,,,,,,,
va_long_beach,hungary,1,pseudo_label_sfda,5,236,58,0.00211864406779661,12.0,0.05084745762711865,12.0,0.0,0.924450159072876,False,,,,,,,,,,,,,,,,,,
va_long_beach,hungary,1,entropy_sfda,1,235,59,0.0005319148936170213,,,,,,,0.6273629665374756,0.540763258934021,0.5899611711502075,0.7102851867675781,0.5787234042553191,0.9702127659574468,0.6231625080108643,0.7111702561378479,,,,,,,,,,
va_long_beach,hungary,1,entropy_sfda,2,235,59,0.002127659574468085,,,,,,,0.6195307374000549,0.535645067691803,0.5982332825660706,0.7112085223197937,0.5872340425531914,0.9659574468085106,0.6308518052101135,0.7126246094703674,,,,,,,,,,
va_long_beach,hungary,1,entropy_sfda,3,235,59,0.002127659574468085,,,,,,,0.6246113777160645,0.5417295694351196,0.5921265482902527,0.7097210884094238,0.5957446808510638,0.9617021276595744,0.6250393390655518,0.7111774682998657,,,,,,,,,,
va_long_beach,hungary,1,entropy_sfda,4,235,59,0.001595744680851064,,,,,,,0.6176242232322693,0.5360491871833801,0.5983006358146667,0.7117005586624146,0.5957446808510638,0.9744680851063829,0.6296558976173401,0.7125041484832764,,,,,,,,,,
va_long_beach,hungary,1,entropy_sfda,5,236,58,0.00211864406779661,,,,,,,0.6153570413589478,0.5273972153663635,0.6045528054237366,0.7220438122749329,0.6186440677966102,0.9745762711864406,0.6347087025642395,0.7230183482170105,,,,,,,,,,
va_long_beach,hungary,1,reliability_gated_sfda,1,235,59,0.0005319148936170213,94.0,0.4,,,0.6957915425300598,False,0.6273629665374756,0.6230278015136719,0.5899611711502075,0.5934029221534729,0.5787234042553191,0.574468085106383,,,47.0,136.0,99.0,0.5787234042553191,0.8425531914893618,0.585929554246194,0.004024894908070564,,,
va_long_beach,hungary,1,reliability_gated_sfda,2,235,59,0.002127659574468085,94.0,0.4,,,0.7017613649368286,False,0.6195307374000549,0.615082323551178,0.5982332825660706,0.6015357971191406,0.5872340425531914,0.5829787234042553,,,47.0,138.0,97.0,0.5872340425531914,0.8255319148936171,0.5780937940257338,0.004153115209192038,,,
va_long_beach,hungary,1,reliability_gated_sfda,3,235,59,0.002127659574468085,94.0,0.4,,,0.6975889801979065,False,0.6246113777160645,0.6205735206604004,0.5921265482902527,0.595214307308197,0.5957446808510638,0.5957446808510638,,,47.0,140.0,95.0,0.5957446808510638,0.8085106382978724,0.5628080943905428,0.0038555865176022053,,,
va_long_beach,hungary,1,reliability_gated_sfda,4,235,59,0.001595744680851064,94.0,0.4,,,0.7066764831542969,False,0.6176242232322693,0.6132962107658386,0.5983006358146667,0.6013612151145935,0.5957446808510638,0.5914893617021276,,,47.0,140.0,95.0,0.5957446808510638,0.8085106382978724,0.5704437170378381,0.003739634994417429,,,
va_long_beach,hungary,1,reliability_gated_sfda,5,236,58,0.00211864406779661,94.0,0.3983050847457627,,,0.7064929008483887,False,0.6153570413589478,0.6109121441841125,0.6045528054237366,0.6078148484230042,0.6186440677966102,0.614406779661017,,,47.0,146.0,90.0,0.6186440677966102,0.7627118644067796,0.5377088851436942,0.003919449169188738,,,
va_long_beach,hungary,1,conservative_candidate,1,235,59,0.0005319148936170213,94.0,,,,0.6957915425300598,False,0.6273629665374756,0.6285766363143921,,,0.5787234042553191,0.5659574468085107,,,47.0,,,0.5787234042553191,0.8425531914893618,0.585929554246194,,full,0.999468085106383,0.002449158811941743
va_long_beach,hungary,1,conservative_candidate,2,235,59,0.002127659574468085,94.0,,,,0.7017613649368286,False,0.6195307374000549,0.6207746267318726,,,0.5872340425531914,0.5787234042553191,,,47.0,,,0.5872340425531914,0.8255319148936171,0.5780937940257338,,full,0.997872340425532,0.002375461161136627
va_long_beach,hungary,1,conservative_candidate,3,235,59,0.002127659574468085,94.0,,,,0.6975889801979065,False,0.6246113777160645,0.6260262131690979,,,0.5957446808510638,0.5872340425531914,,,47.0,,,0.5957446808510638,0.8085106382978724,0.5628080943905428,,full,0.997872340425532,0.0027316405903548002
va_long_beach,hungary,1,conservative_candidate,4,235,59,0.001595744680851064,94.0,,,,0.7066764831542969,False,0.6176242232322693,0.6184628009796143,,,0.5957446808510638,0.5829787234042553,,,47.0,,,0.5957446808510638,0.8085106382978724,0.5704437170378381,,full,0.9984042553191489,0.002106552477926016
va_long_beach,hungary,1,conservative_candidate,5,236,58,0.00211864406779661,94.0,,,,0.7064929008483887,False,0.6153570413589478,0.6166447997093201,,,0.6186440677966102,0.6101694915254238,,,47.0,,,0.6186440677966102,0.7627118644067796,0.5377088851436942,,full,0.9978813559322034,0.0024555830750614405
va_long_beach,switzerland,1,pseudo_label_sfda,1,98,25,0.012755102040816325,9.0,0.09183673469387756,9.0,0.0,0.9160448908805847,True,,,,,,,,,,,,,,,,,,
va_long_beach,switzerland,1,pseudo_label_sfda,2,98,25,0.007653061224489795,7.0,0.07142857142857142,7.0,0.0,0.9176057577133179,True,,,,,,,,,,,,,,,,,,
va_long_beach,switzerland,1,pseudo_label_sfda,3,98,25,0.011479591836734693,6.0,0.061224489795918366,6.0,0.0,0.9153451323509216,True,,,,,,,,,,,,,,,,,,
va_long_beach,switzerland,1,pseudo_label_sfda,4,99,24,0.01388888888888889,6.0,0.06060606060606061,6.0,0.0,0.9147160053253174,True,,,,,,,,,,,,,,,,,,
va_long_beach,switzerland,1,pseudo_label_sfda,5,99,24,0.0101010101010101,8.0,0.08080808080808081,8.0,0.0,0.9162005186080933,True,,,,,,,,,,,,,,,,,,
va_long_beach,switzerland,1,entropy_sfda,1,98,25,0.012755102040816325,,,,,,,0.5356203317642212,0.48111557960510254,0.7384936213493347,0.7858753800392151,0.9591836734693877,0.9693877551020408,0.7409960031509399,0.7864074110984802,,,,,,,,,,
va_long_beach,switzerland,1,entropy_sfda,2,98,25,0.007653061224489795,,,,,,,0.5439535975456238,0.49166378378868103,0.7287184000015259,0.7753293514251709,0.9387755102040817,0.9693877551020408,0.731756329536438,0.7759790420532227,,,,,,,,,,
va_long_beach,switzerland,1,entropy_sfda,3,98,25,0.011479591836734693,,,,,,,0.5473188161849976,0.4941651225090027,0.7276749610900879,0.7755553722381592,0.9591836734693877,0.9795918367346939,0.7290474772453308,0.7758025527000427,,,,,,,,,,
va_long_beach,switzerland,1,entropy_sfda,4,99,24,0.01388888888888889,,,,,,,0.549740195274353,0.4936462938785553,0.7237796187400818,0.7753620147705078,0.9494949494949495,0.9797979797979798,0.726417601108551,0.7755866646766663,,,,,,,,,,
va_long_beach,switzerland,1,entropy_sfda,5,99,24,0.0101010101010101,,,,,,,0.5404602885246277,0.4850720465183258,0.7313253879547119,0.7808419466018677,0.9494949494949495,0.9797979797979798,0.7338733077049255,0.7812511324882507,,,,,,,,,,
va_long_beach,switzerland,1,reliability_gated_sfda,1,98,25,0.012755102040816325,8.0,0.08163265306122448,,,0.7280328869819641,True,0.5356203317642212,0.5356203317642212,0.7384936213493347,0.7384936213493347,0.9591836734693877,0.9591836734693877,,,4.0,94.0,4.0,0.9591836734693877,0.08163265306122458,0.05867320434444407,0.0,,,
va_long_beach,switzerland,1,reliability_gated_sfda,2,98,25,0.007653061224489795,12.0,0.12244897959183673,,,0.7224438786506653,True,0.5439535975456238,0.5439535975456238,0.7287184000015259,0.7287184000015259,0.9387755102040817,0.9387755102040817,,,6.0,92.0,6.0,0.9387755102040817,0.12244897959183665,0.08778550670401143,0.0,,,
va_long_beach,switzerland,1,reliability_gated_sfda,3,98,25,0.011479591836734693,8.0,0.08163265306122448,,,0.7185158729553223,True,0.5473188161849976,0.5473188161849976,0.7276749610900879,0.7276749610900879,0.9591836734693877,0.9591836734693877,,,4.0,94.0,4.0,0.9591836734693877,0.08163265306122458,0.057981028898414756,0.0,,,
va_long_beach,switzerland,1,reliability_gated_sfda,4,99,24,0.01388888888888889,10.0,0.10101010101010101,,,0.7214858531951904,True,0.549740195274353,0.549740195274353,0.7237796187400818,0.7237796187400818,0.9494949494949495,0.9494949494949495,,,5.0,94.0,5.0,0.9494949494949495,0.101010101010101,0.07186517336820779,0.0,,,
va_long_beach,switzerland,1,reliability_gated_sfda,5,99,24,0.0101010101010101,10.0,0.10101010101010101,,,0.7240504622459412,True,0.5404602885246277,0.5404602885246277,0.7313253879547119,0.7313253879547119,0.9494949494949495,0.9494949494949495,,,5.0,94.0,5.0,0.9494949494949495,0.101010101010101,0.07239765870839938,0.0,,,
va_long_beach,switzerland,1,conservative_candidate,1,98,25,0.012755102040816325,8.0,,,,0.7280328869819641,True,0.5356203317642212,0.5356203317642212,,,0.9591836734693877,0.9591836734693877,,,4.0,,,0.9591836734693877,0.08163265306122458,0.05867320434444407,,full,0.9872448979591837,0.0
va_long_beach,switzerland,1,conservative_candidate,2,98,25,0.007653061224489795,12.0,,,,0.7224438786506653,True,0.5439535975456238,0.5439535975456238,,,0.9387755102040817,0.9387755102040817,,,6.0,,,0.9387755102040817,0.12244897959183665,0.08778550670401143,,full,0.9923469387755102,0.0
va_long_beach,switzerland,1,conservative_candidate,3,98,25,0.011479591836734693,8.0,,,,0.7185158729553223,True,0.5473188161849976,0.5473188161849976,,,0.9591836734693877,0.9591836734693877,,,4.0,,,0.9591836734693877,0.08163265306122458,0.057981028898414756,,full,0.9885204081632653,0.0
va_long_beach,switzerland,1,conservative_candidate,4,99,24,0.01388888888888889,10.0,,,,0.7214858531951904,True,0.549740195274353,0.549740195274353,,,0.9494949494949495,0.9494949494949495,,,5.0,,,0.9494949494949495,0.101010101010101,0.07186517336820779,,full,0.9861111111111112,0.0
va_long_beach,switzerland,1,conservative_candidate,5,99,24,0.0101010101010101,10.0,,,,0.7240504622459412,True,0.5404602885246277,0.5404602885246277,,,0.9494949494949495,0.9494949494949495,,,5.0,,,0.9494949494949495,0.101010101010101,0.07239765870839938,,full,0.98989898989899,0.0
va_long_beach,cleveland,2,pseudo_label_sfda,1,242,61,0.0,16.0,0.06611570247933884,16.0,0.0,0.9279311895370483,False,,,,,,,,,,,,,,,,,,
va_long_beach,cleveland,2,pseudo_label_sfda,2,242,61,0.0,13.0,0.05371900826446281,13.0,0.0,0.9331434965133667,False,,,,,,,,,,,,,,,,,,
va_long_beach,cleveland,2,pseudo_label_sfda,3,242,61,0.0,14.0,0.05785123966942149,14.0,0.0,0.9326725602149963,False,,,,,,,,,,,,,,,,,,
va_long_beach,cleveland,2,pseudo_label_sfda,4,243,60,0.0,15.0,0.06172839506172839,15.0,0.0,0.9258397817611694,False,,,,,,,,,,,,,,,,,,
va_long_beach,cleveland,2,pseudo_label_sfda,5,243,60,0.0,14.0,0.05761316872427984,14.0,0.0,0.9269763231277466,False,,,,,,,,,,,,,,,,,,
va_long_beach,cleveland,2,entropy_sfda,1,242,61,0.0,,,,,,,0.5965747833251953,0.5194589495658875,0.6510174870491028,0.7421430945396423,0.7975206611570248,0.9628099173553719,0.6661093831062317,0.7440784573554993,,,,,,,,,,
va_long_beach,cleveland,2,entropy_sfda,2,242,61,0.0,,,,,,,0.5989277958869934,0.5200340747833252,0.6505203247070312,0.7443652749061584,0.8057851239669421,0.9669421487603306,0.6652645468711853,0.7461533546447754,,,,,,,,,,
va_long_beach,cleveland,2,entropy_sfda,3,242,61,0.0,,,,,,,0.5945957899093628,0.5178937315940857,0.6528393030166626,0.7426887154579163,0.8016528925619835,0.9628099173553719,0.6677051186561584,0.7447030544281006,,,,,,,,,,
va_long_beach,cleveland,2,entropy_sfda,4,243,60,0.0,,,,,,,0.5942307114601135,0.5149126648902893,0.6533600091934204,0.7475838661193848,0.8065843621399177,0.9753086419753086,0.6677548885345459,0.7488980293273926,,,,,,,,,,
va_long_beach,cleveland,2,entropy_sfda,5,243,60,0.0,,,,,,,0.5962967276573181,0.5165329575538635,0.6543566584587097,0.7486488223075867,0.8148148148148148,0.9917695473251029,0.6667526960372925,0.7490428686141968,,,,,,,,,,
va_long_beach,cleveland,2,reliability_gated_sfda,1,242,61,0.0,96.0,0.39669421487603307,,,0.7020713686943054,False,0.5965747833251953,0.5926498770713806,0.6510174870491028,0.6538003087043762,0.7975206611570248,0.7933884297520661,,,48.0,193.0,49.0,0.7975206611570248,0.4049586776859504,0.2843098931076113,0.0035761536564677954,,,
va_long_beach,cleveland,2,reliability_gated_sfda,2,242,61,0.0,94.0,0.3884297520661157,,,0.7010359168052673,False,0.5989277958869934,0.5956608057022095,0.6505203247070312,0.6526312828063965,0.8057851239669421,0.8057851239669421,,,47.0,195.0,47.0,0.8057851239669421,0.38842975206611574,0.2723032073541121,0.003065855009481311,,,
va_long_beach,cleveland,2,reliability_gated_sfda,3,242,61,0.0,96.0,0.39669421487603307,,,0.703200101852417,False,0.5945957899093628,0.5910935401916504,0.6528393030166626,0.6548696756362915,0.8016528925619835,0.7933884297520661,,,48.0,194.0,48.0,0.8016528925619835,0.39669421487603307,0.278955412305091,0.003285024780780077,,,
va_long_beach,cleveland,2,reliability_gated_sfda,4,243,60,0.0,94.0,0.3868312757201646,,,0.705528974533081,False,0.5942307114601135,0.5909931063652039,0.6533600091934204,0.6550133228302002,0.8065843621399177,0.7983539094650206,,,47.0,196.0,47.0,0.8065843621399177,0.3868312757201646,0.2729206732761713,0.0030909739434719086,,,
va_long_beach,cleveland,2,reliability_gated_sfda,5,243,60,0.0,90.0,0.37037037037037035,,,0.7019238471984863,False,0.5962967276573181,0.5930346846580505,0.6543566584587097,0.6564462780952454,0.8148148148148148,0.8106995884773662,,,45.0,198.0,45.0,0.8148148148148148,0.37037037037037046,0.2599717952586987,0.003001873381435871,,,
va_long_beach,cleveland,2,conservative_candidate,1,242,61,0.0,96.0,,,,0.7020713686943054,False,0.5965747833251953,0.597650945186615,,,0.7975206611570248,0.7975206611570248,,,48.0,,,0.7975206611570248,0.4049586776859504,0.2843098931076113,,full,1.0,0.0015421919524669647
va_long_beach,cleveland,2,conservative_candidate,2,242,61,0.0,94.0,,,,0.7010359168052673,False,0.5989277958869934,0.6003541946411133,,,0.8057851239669421,0.8057851239669421,,,47.0,,,0.8057851239669421,0.38842975206611574,0.2723032073541121,,full,1.0,0.002001497894525528
va_long_beach,cleveland,2,conservative_candidate,3,242,61,0.0,96.0,,,,0.703200101852417,False,0.5945957899093628,0.5959442257881165,,,0.8016528925619835,0.7975206611570248,,,48.0,,,0.8016528925619835,0.39669421487603307,0.278955412305091,,full,1.0,0.00195738160982728
va_long_beach,cleveland,2,conservative_candidate,4,243,60,0.0,94.0,,,,0.705528974533081,False,0.5942307114601135,0.5957855582237244,,,0.8065843621399177,0.8024691358024691,,,47.0,,,0.8065843621399177,0.3868312757201646,0.2729206732761713,,full,1.0,0.0020748048555105925
va_long_beach,cleveland,2,conservative_candidate,5,243,60,0.0,90.0,,,,0.7019238471984863,False,0.5962967276573181,0.5980094075202942,,,0.8148148148148148,0.8148148148148148,,,45.0,,,0.8148148148148148,0.37037037037037046,0.2599717952586987,,full,1.0,0.0020249849185347557
va_long_beach,hungary,2,pseudo_label_sfda,1,235,59,0.0005319148936170213,3.0,0.01276595744680851,3.0,0.0,0.9082755446434021,True,,,,,,,,,,,,,,,,,,
va_long_beach,hungary,2,pseudo_label_sfda,2,235,59,0.002127659574468085,5.0,0.02127659574468085,5.0,0.0,0.9323757290840149,True,,,,,,,,,,,,,,,,,,
va_long_beach,hungary,2,pseudo_label_sfda,3,235,59,0.002127659574468085,6.0,0.02553191489361702,6.0,0.0,0.93092942237854,True,,,,,,,,,,,,,,,,,,
va_long_beach,hungary,2,pseudo_label_sfda,4,235,59,0.001595744680851064,7.0,0.029787234042553193,7.0,0.0,0.9265915155410767,True,,,,,,,,,,,,,,,,,,
va_long_beach,hungary,2,pseudo_label_sfda,5,236,58,0.00211864406779661,7.0,0.029661016949152543,7.0,0.0,0.9265915155410767,True,,,,,,,,,,,,,,,,,,
va_long_beach,hungary,2,entropy_sfda,1,235,59,0.0005319148936170213,,,,,,,0.6348278522491455,0.5781601667404175,0.5875926613807678,0.6723416447639465,0.6127659574468085,0.8212765957446808,0.6230111122131348,0.684955358505249,,,,,,,,,,
va_long_beach,hungary,2,entropy_sfda,2,235,59,0.002127659574468085,,,,,,,0.6281763315200806,0.5695363283157349,0.5930861234664917,0.6781842708587646,0.625531914893617,0.825531914893617,0.6282734274864197,0.691924512386322,,,,,,,,,,
va_long_beach,hungary,2,entropy_sfda,3,235,59,0.002127659574468085,,,,,,,0.6305285692214966,0.5723087191581726,0.590806245803833,0.677139937877655,0.6382978723404256,0.8212765957446808,0.6261681318283081,0.6920897364616394,,,,,,,,,,
va_long_beach,hungary,2,entropy_sfda,4,235,59,0.001595744680851064,,,,,,,0.6247568726539612,0.5673515200614929,0.5954002141952515,0.6786735653877258,0.6127659574468085,0.8297872340425532,0.6304613351821899,0.6903190612792969,,,,,,,,,,
va_long_beach,hungary,2,entropy_sfda,5,236,58,0.00211864406779661,,,,,,,0.6241369247436523,0.561973512172699,0.6014600992202759,0.689764142036438,0.6567796610169492,0.864406779661017,0.633290708065033,0.7006177306175232,,,,,,,,,,
va_long_beach,hungary,2,reliability_gated_sfda,1,235,59,0.0005319148936170213,94.0,0.4,,,0.6876424551010132,False,0.6348278522491455,0.6316221952438354,0.5875926613807678,0.5898169279098511,0.6127659574468085,0.6170212765957447,,,47.0,144.0,91.0,0.6127659574468085,0.774468085106383,0.5322738603678911,0.003634063759818673,,,
va_long_beach,hungary,2,reliability_gated_sfda,2,235,59,0.002127659574468085,94.0,0.4,,,0.695228636264801,False,0.6281763315200806,0.6247701644897461,0.5930861234664917,0.59515380859375,0.625531914893617,0.6297872340425532,,,47.0,147.0,88.0,0.625531914893617,0.7489361702127659,0.5195740384956246,0.0037994198501110077,,,
va_long_beach,hungary,2,reliability_gated_sfda,3,235,59,0.002127659574468085,94.0,0.4,,,0.6934731006622314,False,0.6305285692214966,0.6274315118789673,0.590806245803833,0.592607855796814,0.6382978723404256,0.6382978723404256,,,47.0,150.0,85.0,0.6382978723404256,0.7234042553191489,0.5005940273046602,0.0035737373400479555,,,
va_long_beach,hungary,2,reliability_gated_sfda,4,235,59,0.001595744680851064,94.0,0.4,,,0.6996513605117798,False,0.6247568726539612,0.6213951706886292,0.5954002141952515,0.5971526503562927,0.6127659574468085,0.6170212765957447,,,47.0,144.0,91.0,0.6127659574468085,0.774468085106383,0.540992982955797,0.003580411896109581,,,
va_long_beach,hungary,2,reliability_gated_sfda,5,236,58,0.00211864406779661,94.0,0.3983050847457627,,,0.697838306427002,False,0.6241369247436523,0.6206807494163513,0.6014600992202759,0.6038483381271362,0.6567796610169492,0.6567796610169492,,,47.0,155.0,81.0,0.6567796610169492,0.6864406779661016,0.47800971754697913,0.0036363392136991024,,,
va_long_beach,hungary,2,conservative_candidate,1,235,59,0.0005319148936170213,94.0,,,,0.6876424551010132,False,0.6348278522491455,0.6359837055206299,,,0.6127659574468085,0.6085106382978723,,,47.0,,,0.6127659574468085,0.774468085106383,0.5322738603678911,,full,0.999468085106383,0.001922277850098908
va_long_beach,hungary,2,conservative_candidate,2,235,59,0.002127659574468085,94.0,,,,0.695228636264801,False,0.6281763315200806,0.6290988326072693,,,0.625531914893617,0.6212765957446809,,,47.0,,,0.625531914893617,0.7489361702127659,0.5195740384956246,,full,0.997872340425532,0.0017965841107070446
va_long_beach,hungary,2,conservative_candidate,3,235,59,0.002127659574468085,94.0,,,,0.6934731006622314,False,0.6305285692214966,0.6315252184867859,,,0.6382978723404256,0.6382978723404256,,,47.0,,,0.6382978723404256,0.7234042553191489,0.5005940273046602,,full,0.997872340425532,0.0018807132728397846
va_long_beach,hungary,2,conservative_candidate,4,235,59,0.001595744680851064,94.0,,,,0.6996513605117798,False,0.6247568726539612,0.6258983612060547,,,0.6127659574468085,0.6085106382978723,,,47.0,,,0.6127659574468085,0.774468085106383,0.540992982955797,,full,0.9984042553191489,0.0019450057297945023
va_long_beach,hungary,2,conservative_candidate,5,236,58,0.00211864406779661,94.0,,,,0.697838306427002,False,0.6241369247436523,0.6248299479484558,,,0.6567796610169492,0.6567796610169492,,,47.0,,,0.6567796610169492,0.6864406779661016,0.47800971754697913,,full,0.9978813559322034,0.0013946894323453307
va_long_beach,switzerland,2,pseudo_label_sfda,1,98,25,0.012755102040816325,6.0,0.061224489795918366,6.0,0.0,0.9108619093894958,True,,,,,,,,,,,,,,,,,,
va_long_beach,switzerland,2,pseudo_label_sfda,2,98,25,0.007653061224489795,4.0,0.04081632653061224,4.0,0.0,0.9106541872024536,True,,,,,,,,,,,,,,,,,,
va_long_beach,switzerland,2,pseudo_label_sfda,3,98,25,0.011479591836734693,4.0,0.04081632653061224,4.0,0.0,0.9117216467857361,True,,,,,,,,,,,,,,,,,,
va_long_beach,switzerland,2,pseudo_label_sfda,4,99,24,0.01388888888888889,5.0,0.050505050505050504,5.0,0.0,0.9108138084411621,True,,,,,,,,,,,,,,,,,,
va_long_beach,switzerland,2,pseudo_label_sfda,5,99,24,0.0101010101010101,5.0,0.050505050505050504,5.0,0.0,0.9103883504867554,True,,,,,,,,,,,,,,,,,,
va_long_beach,switzerland,2,entropy_sfda,1,98,25,0.012755102040816325,,,,,,,0.5591899752616882,0.5183330774307251,0.7102073431015015,0.7517027854919434,0.8979591836734694,0.9693877551020408,0.7162532210350037,0.7529106140136719,,,,,,,,,,
va_long_beach,switzerland,2,entropy_sfda,2,98,25,0.007653061224489795,,,,,,,0.566914975643158,0.5270761251449585,0.6994813680648804,0.7411414980888367,0.8877551020408163,0.9285714285714286,0.7103667855262756,0.746224045753479,,,,,,,,,,
va_long_beach,switzerland,2,entropy_sfda,3,98,25,0.011479591836734693,,,,,,,0.569072961807251,0.5315635204315186,0.6956807971000671,0.736363410949707,0.8775510204081632,0.9285714285714286,0.706517219543457,0.7412107586860657,,,,,,,,,,
va_long_beach,switzerland,2,entropy_sfda,4,99,24,0.01388888888888889,,,,,,,0.569099485874176,0.5288665294647217,0.6942785978317261,0.7375023365020752,0.8686868686868687,0.9393939393939394,0.7065850496292114,0.7425547242164612,,,,,,,,,,
va_long_beach,switzerland,2,entropy_sfda,5,99,24,0.0101010101010101,,,,,,,0.559768795967102,0.5186999440193176,0.7030045390129089,0.745517909526825,0.8585858585858586,0.9292929292929293,0.7155091166496277,0.7506487369537354,,,,,,,,,,
va_long_beach,switzerland,2,reliability_gated_sfda,1,98,25,0.012755102040816325,20.0,0.20408163265306123,,,0.7160152196884155,False,0.5591899752616882,0.5572497248649597,0.7102073431015015,0.7114201188087463,0.8979591836734694,0.8979591836734694,,,10.0,88.0,10.0,0.8979591836734694,0.20408163265306123,0.14426170867316576,0.0016993405297398567,,,
va_long_beach,switzerland,2,reliability_gated_sfda,2,98,25,0.007653061224489795,22.0,0.22448979591836735,,,0.7205222249031067,False,0.566914975643158,0.5650943517684937,0.6994813680648804,0.7003307938575745,0.8877551020408163,0.8877551020408163,,,11.0,87.0,11.0,0.8877551020408163,0.22448979591836737,0.16051200543317337,0.001842676429077983,,,
va_long_beach,switzerland,2,reliability_gated_sfda,3,98,25,0.011479591836734693,24.0,0.24489795918367346,,,0.7158142924308777,False,0.569072961807251,0.5670050382614136,0.6956807971000671,0.696696937084198,0.8775510204081632,0.8775510204081632,,,12.0,86.0,12.0,0.8775510204081632,0.24489795918367352,0.1732890701688662,0.001937782857567072,,,
va_long_beach,switzerland,2,reliability_gated_sfda,4,99,24,0.01388888888888889,26.0,0.26262626262626265,,,0.7173808813095093,False,0.569099485874176,0.5665875673294067,0.6942785978317261,0.6956908106803894,0.8686868686868687,0.8686868686868687,,,13.0,86.0,13.0,0.8686868686868687,0.26262626262626254,0.18578635057482515,0.0021496755070984364,,,
va_long_beach,switzerland,2,reliability_gated_sfda,5,99,24,0.0101010101010101,28.0,0.2828282828282828,,,0.7169801592826843,False,0.559768795967102,0.5565266609191895,0.7030045390129089,0.7051815390586853,0.8585858585858586,0.8585858585858586,,,14.0,85.0,14.0,0.8585858585858586,0.2828282828282829,0.20073396154185147,0.002627016045153141,,,
va_long_beach,switzerland,2,conservative_candidate,1,98,25,0.012755102040816325,20.0,,,,0.7160152196884155,False,0.5591899752616882,0.5603203177452087,,,0.8979591836734694,0.8979591836734694,,,10.0,,,0.8979591836734694,0.20408163265306123,0.14426170867316576,,full,0.9872448979591837,0.001161036780104041
va_long_beach,switzerland,2,conservative_candidate,2,98,25,0.007653061224489795,22.0,,,,0.7205222249031067,False,0.566914975643158,0.5685479044914246,,,0.8877551020408163,0.8877551020408163,,,11.0,,,0.8877551020408163,0.22448979591836737,0.16051200543317337,,full,0.9923469387755102,0.0016654711216688156
va_long_beach,switzerland,2,conservative_candidate,3,98,25,0.011479591836734693,24.0,,,,0.7158142924308777,False,0.569072961807251,0.5705969333648682,,,0.8775510204081632,0.8775510204081632,,,12.0,,,0.8775510204081632,0.24489795918367352,0.1732890701688662,,full,0.9885204081632653,0.0015321628889068961
va_long_beach,switzerland,2,conservative_candidate,4,99,24,0.01388888888888889,26.0,,,,0.7173808813095093,False,0.569099485874176,0.5703700184822083,,,0.8686868686868687,0.8686868686868687,,,13.0,,,0.8686868686868687,0.26262626262626254,0.18578635057482515,,full,0.9861111111111112,0.0013172455364838243
va_long_beach,switzerland,2,conservative_candidate,5,99,24,0.0101010101010101,28.0,,,,0.7169801592826843,False,0.559768795967102,0.5605282783508301,,,0.8585858585858586,0.8585858585858586,,,14.0,,,0.8585858585858586,0.2828282828282829,0.20073396154185147,,full,0.98989898989899,0.0010236167581751943
va_long_beach,cleveland,3,pseudo_label_sfda,1,242,61,0.0,14.0,0.05785123966942149,14.0,0.0,0.9313657879829407,False,,,,,,,,,,,,,,,,,,
va_long_beach,cleveland,3,pseudo_label_sfda,2,242,61,0.0,12.0,0.049586776859504134,12.0,0.0,0.93149733543396,False,,,,,,,,,,,,,,,,,,
va_long_beach,cleveland,3,pseudo_label_sfda,3,242,61,0.0,13.0,0.05371900826446281,13.0,0.0,0.935286283493042,False,,,,,,,,,,,,,,,,,,
va_long_beach,cleveland,3,pseudo_label_sfda,4,243,60,0.0,12.0,0.04938271604938271,12.0,0.0,0.9317352771759033,False,,,,,,,,,,,,,,,,,,
va_long_beach,cleveland,3,pseudo_label_sfda,5,243,60,0.0,9.0,0.037037037037037035,9.0,0.0,0.9343783855438232,True,,,,,,,,,,,,,,,,,,
va_long_beach,cleveland,3,entropy_sfda,1,242,61,0.0,,,,,,,0.5834184288978577,0.49641740322113037,0.670619785785675,0.7741566896438599,0.8636363636363636,1.0,0.6830008029937744,0.7741566896438599,,,,,,,,,,
va_long_beach,cleveland,3,entropy_sfda,2,242,61,0.0,,,,,,,0.5872886180877686,0.49840104579925537,0.666327714920044,0.7739011645317078,0.8553719008264463,1.0,0.6798062920570374,0.7739011645317078,,,,,,,,,,
va_long_beach,cleveland,3,entropy_sfda,3,242,61,0.0,,,,,,,0.5831608772277832,0.496825248003006,0.6699231266975403,0.7737200856208801,0.8636363636363636,1.0,0.6824870705604553,0.7737200856208801,,,,,,,,,,
va_long_beach,cleveland,3,entropy_sfda,4,243,60,0.0,,,,,,,0.5828213095664978,0.49564647674560547,0.6687772870063782,0.7747324705123901,0.8600823045267489,1.0,0.6826131939888,0.7747324705123901,,,,,,,,,,
va_long_beach,cleveland,3,entropy_sfda,5,243,60,0.0,,,,,,,0.5859209299087524,0.4961359202861786,0.6707565188407898,0.7771113514900208,0.8806584362139918,1.0,0.6820431351661682,0.7771113514900208,,,,,,,,,,
va_long_beach,cleveland,3,reliability_gated_sfda,1,242,61,0.0,66.0,0.2727272727272727,,,0.7213780283927917,False,0.5834184288978577,0.5804114937782288,0.670619785785675,0.6732566356658936,0.8636363636363636,0.8636363636363636,,,33.0,209.0,33.0,0.8636363636363636,0.2727272727272727,0.19673946228894318,0.00271240109577775,,,
va_long_beach,cleveland,3,reliability_gated_sfda,2,242,61,0.0,70.0,0.2892561983471074,,,0.7172606587409973,False,0.5872886180877686,0.5844035744667053,0.666327714920044,0.6685672402381897,0.8553719008264463,0.8553719008264463,,,35.0,207.0,35.0,0.8553719008264463,0.28925619834710736,0.2074720913713628,0.0025548480916768312,,,
va_long_beach,cleveland,3,reliability_gated_sfda,3,242,61,0.0,66.0,0.2727272727272727,,,0.7208020687103271,False,0.5831608772277832,0.5802507400512695,0.6699231266975403,0.6723257303237915,0.8636363636363636,0.8636363636363636,,,33.0,209.0,33.0,0.8636363636363636,0.2727272727272727,0.19658238237554376,0.0025608392897993326,,,
va_long_beach,cleveland,3,reliability_gated_sfda,4,243,60,0.0,68.0,0.27983539094650206,,,0.7217453122138977,False,0.5828213095664978,0.5799229741096497,0.6687772870063782,0.6712075471878052,0.8600823045267489,0.8600823045267489,,,34.0,209.0,34.0,0.8600823045267489,0.2798353909465021,0.2019698816071813,0.0025589335709810257,,,
va_long_beach,cleveland,3,reliability_gated_sfda,5,243,60,0.0,58.0,0.23868312757201646,,,0.7205255627632141,False,0.5859209299087524,0.5830408930778503,0.6707565188407898,0.6735566854476929,0.8806584362139918,0.8806584362139918,,,29.0,214.0,29.0,0.8806584362139918,0.23868312757201648,0.1719772948159112,0.0028048576787114143,,,
va_long_beach,cleveland,3,conservative_candidate,1,242,61,0.0,66.0,,,,0.7213780283927917,False,0.5834184288978577,0.5836549997329712,,,0.8636363636363636,0.8636363636363636,,,33.0,,,0.8636363636363636,0.2727272727272727,0.19673946228894318,,full,1.0,0.0013484247028827667
va_long_beach,cleveland,3,conservative_candidate,2,242,61,0.0,70.0,,,,0.7172606587409973,False,0.5872886180877686,0.5875926613807678,,,0.8553719008264463,0.8553719008264463,,,35.0,,,0.8553719008264463,0.28925619834710736,0.2074720913713628,,full,1.0,0.0009718187502585351
va_long_beach,cleveland,3,conservative_candidate,3,242,61,0.0,66.0,,,,0.7208020687103271,False,0.5831608772277832,0.5837289094924927,,,0.8636363636363636,0.8636363636363636,,,33.0,,,0.8636363636363636,0.2727272727272727,0.19658238237554376,,full,1.0,0.0012963733170181513
va_long_beach,cleveland,3,conservative_candidate,4,243,60,0.0,68.0,,,,0.7217453122138977,False,0.5828213095664978,0.5828513503074646,,,0.8600823045267489,0.8600823045267489,,,34.0,,,0.8600823045267489,0.2798353909465021,0.2019698816071813,,full,1.0,0.001347762648947537
va_long_beach,cleveland,3,conservative_candidate,5,243,60,0.0,58.0,,,,0.7205255627632141,False,0.5859209299087524,0.585991621017456,,,0.8806584362139918,0.8806584362139918,,,29.0,,,0.8806584362139918,0.23868312757201648,0.1719772948159112,,full,1.0,0.0014841418014839292
va_long_beach,hungary,3,pseudo_label_sfda,1,235,59,0.0005319148936170213,2.0,0.00851063829787234,2.0,0.0,0.9024651050567627,True,,,,,,,,,,,,,,,,,,
va_long_beach,hungary,3,pseudo_label_sfda,2,235,59,0.002127659574468085,5.0,0.02127659574468085,5.0,0.0,0.9251706004142761,True,,,,,,,,,,,,,,,,,,
va_long_beach,hungary,3,pseudo_label_sfda,3,235,59,0.002127659574468085,5.0,0.02127659574468085,5.0,0.0,0.9249839782714844,True,,,,,,,,,,,,,,,,,,
va_long_beach,hungary,3,pseudo_label_sfda,4,235,59,0.001595744680851064,6.0,0.02553191489361702,6.0,0.0,0.921308696269989,True,,,,,,,,,,,,,,,,,,
va_long_beach,hungary,3,pseudo_label_sfda,5,236,58,0.00211864406779661,6.0,0.025423728813559324,6.0,0.0,0.921308696269989,True,,,,,,,,,,,,,,,,,,
va_long_beach,hungary,3,entropy_sfda,1,235,59,0.0005319148936170213,,,,,,,0.6363555192947388,0.5857383608818054,0.5764304399490356,0.6680331826210022,0.6425531914893617,0.8936170212765957,0.6212829947471619,0.6784377694129944,,,,,,,,,,
va_long_beach,hungary,3,entropy_sfda,2,235,59,0.002127659574468085,,,,,,,0.6302804350852966,0.5812459588050842,0.5827544927597046,0.6672644019126892,0.6425531914893617,0.8638297872340426,0.6255239844322205,0.6803271770477295,,,,,,,,,,
va_long_beach,hungary,3,entropy_sfda,3,235,59,0.002127659574468085,,,,,,,0.6325656175613403,0.5858197808265686,0.5751071572303772,0.6625950336456299,0.6297872340425532,0.8723404255319149,0.6222160458564758,0.67597895860672,,,,,,,,,,
va_long_beach,hungary,3,entropy_sfda,4,235,59,0.001595744680851064,,,,,,,0.6271496415138245,0.5773924589157104,0.5852230191230774,0.6741116046905518,0.6510638297872341,0.8978723404255319,0.6273798942565918,0.6827852129936218,,,,,,,,,,
va_long_beach,hungary,3,entropy_sfda,5,236,58,0.00211864406779661,,,,,,,0.6271945238113403,0.5743739604949951,0.5864325165748596,0.6804011464118958,0.6652542372881356,0.923728813559322,0.6295022368431091,0.6879069805145264,,,,,,,,,,
va_long_beach,hungary,3,reliability_gated_sfda,1,235,59,0.0005319148936170213,94.0,0.4,,,0.7006757259368896,False,0.6363555192947388,0.6334030032157898,0.5764304399490356,0.5777471661567688,0.6425531914893617,0.6425531914893617,,,47.0,151.0,84.0,0.6425531914893617,0.7148936170212765,0.5006421633271838,0.003675756510347128,,,
va_long_beach,hungary,3,reliability_gated_sfda,2,235,59,0.002127659574468085,94.0,0.4,,,0.7062360048294067,False,0.6302804350852966,0.627228319644928,0.5827544927597046,0.583776593208313,0.6425531914893617,0.6468085106382979,,,47.0,151.0,84.0,0.6425531914893617,0.7148936170212765,0.503809391512165,0.00400299858301878,,,
va_long_beach,hungary,3,reliability_gated_sfda,3,235,59,0.002127659574468085,94.0,0.4,,,0.7079815864562988,False,0.6325656175613403,0.629753589630127,0.5751071572303772,0.5761371850967407,0.6297872340425532,0.6340425531914894,,,47.0,148.0,87.0,0.6297872340425532,0.7404255319148936,0.5230923073277748,0.0036548746284097433,,,
va_long_beach,hungary,3,reliability_gated_sfda,4,235,59,0.001595744680851064,94.0,0.4,,,0.7115269899368286,False,0.6271496415138245,0.6240575909614563,0.5852230191230774,0.5862085223197937,0.6510638297872341,0.6553191489361702,,,47.0,153.0,82.0,0.6510638297872341,0.6978723404255318,0.4957626307339838,0.003860314842313528,,,
va_long_beach,hungary,3,reliability_gated_sfda,5,236,58,0.00211864406779661,94.0,0.3983050847457627,,,0.7106951475143433,False,0.6271945238113403,0.6241421699523926,0.5864325165748596,0.5876308083534241,0.6652542372881356,0.6694915254237288,,,47.0,157.0,79.0,0.6652542372881356,0.6694915254237288,0.47479631829684715,0.0037452024407684803,,,
va_long_beach,hungary,3,conservative_candidate,1,235,59,0.0005319148936170213,94.0,,,,0.7006757259368896,False,0.6363555192947388,0.6366853713989258,,,0.6425531914893617,0.6468085106382979,,,47.0,,,0.6425531914893617,0.7148936170212765,0.5006421633271838,,full,0.999468085106383,0.001365966396406293
va_long_beach,hungary,3,conservative_candidate,2,235,59,0.002127659574468085,94.0,,,,0.7062360048294067,False,0.6302804350852966,0.6302887201309204,,,0.6425531914893617,0.6553191489361702,,,47.0,,,0.6425531914893617,0.7148936170212765,0.503809391512165,,full,0.997872340425532,0.0014563696458935738
va_long_beach,hungary,3,conservative_candidate,3,235,59,0.002127659574468085,94.0,,,,0.7079815864562988,False,0.6325656175613403,0.6327744126319885,,,0.6297872340425532,0.6382978723404256,,,47.0,,,0.6297872340425532,0.7404255319148936,0.5230923073277748,,full,0.997872340425532,0.0019395379349589348
va_long_beach,hungary,3,conservative_candidate,4,235,59,0.001595744680851064,94.0,,,,0.7115269899368286,False,0.6271496415138245,0.6271576285362244,,,0.6510638297872341,0.6638297872340425,,,47.0,,,0.6510638297872341,0.6978723404255318,0.4957626307339838,,full,0.9984042553191489,0.0015761037357151508
va_long_beach,hungary,3,conservative_candidate,5,236,58,0.00211864406779661,94.0,,,,0.7106951475143433,False,0.6271945238113403,0.6274329423904419,,,0.6652542372881356,0.6779661016949152,,,47.0,,,0.6652542372881356,0.6694915254237288,0.47479631829684715,,full,0.9978813559322034,0.0013979444047436118
va_long_beach,switzerland,3,pseudo_label_sfda,1,98,25,0.012755102040816325,3.0,0.030612244897959183,3.0,0.0,0.9151049256324768,True,,,,,,,,,,,,,,,,,,
va_long_beach,switzerland,3,pseudo_label_sfda,2,98,25,0.007653061224489795,2.0,0.02040816326530612,2.0,0.0,0.9161957502365112,True,,,,,,,,,,,,,,,,,,
va_long_beach,switzerland,3,pseudo_label_sfda,3,98,25,0.011479591836734693,2.0,0.02040816326530612,2.0,0.0,0.9179205894470215,True,,,,,,,,,,,,,,,,,,
va_long_beach,switzerland,3,pseudo_label_sfda,4,99,24,0.01388888888888889,2.0,0.020202020202020204,2.0,0.0,0.9111984372138977,True,,,,,,,,,,,,,,,,,,
va_long_beach,switzerland,3,pseudo_label_sfda,5,99,24,0.0101010101010101,3.0,0.030303030303030304,3.0,0.0,0.9151049256324768,True,,,,,,,,,,,,,,,,,,
va_long_beach,switzerland,3,entropy_sfda,1,98,25,0.012755102040816325,,,,,,,0.5636072158813477,0.5258635878562927,0.6995490193367004,0.7437716126441956,0.8775510204081632,0.9795918367346939,0.7095784544944763,0.7457606792449951,,,,,,,,,,
va_long_beach,switzerland,3,entropy_sfda,2,98,25,0.007653061224489795,,,,,,,0.5671558380126953,0.5328365564346313,0.6912627816200256,0.7313324809074402,0.8673469387755102,0.9285714285714286,0.7067110538482666,0.7389829158782959,,,,,,,,,,
va_long_beach,switzerland,3,entropy_sfda,3,98,25,0.011479591836734693,,,,,,,0.5718567967414856,0.5356083512306213,0.6891186237335205,0.7320032119750977,0.8673469387755102,0.9489795918367347,0.7033777832984924,0.7385231852531433,,,,,,,,,,
va_long_beach,switzerland,3,entropy_sfda,4,99,24,0.01388888888888889,,,,,,,0.5755487084388733,0.5391149520874023,0.6810363531112671,0.7266271710395813,0.8484848484848485,0.9494949494949495,0.6963538527488708,0.7333642244338989,,,,,,,,,,
va_long_beach,switzerland,3,entropy_sfda,5,99,24,0.0101010101010101,,,,,,,0.5667403936386108,0.5300154685974121,0.6905291080474854,0.7351287603378296,0.8484848484848485,0.9494949494949495,0.704868495464325,0.7398384809494019,,,,,,,,,,
va_long_beach,switzerland,3,reliability_gated_sfda,1,98,25,0.012755102040816325,24.0,0.24489795918367346,,,0.7172980308532715,False,0.5636072158813477,0.560585081577301,0.6995490193367004,0.7023777365684509,0.8775510204081632,0.8775510204081632,,,12.0,86.0,12.0,0.8775510204081632,0.24489795918367352,0.1734242011288314,0.002828700467944145,,,
va_long_beach,switzerland,3,reliability_gated_sfda,2,98,25,0.007653061224489795,26.0,0.2653061224489796,,,0.7197450399398804,False,0.5671558380126953,0.5636202096939087,0.6912627816200256,0.694628119468689,0.8673469387755102,0.8673469387755102,,,13.0,85.0,13.0,0.8673469387755102,0.26530612244897966,0.18949139249146063,0.0033653322607278824,,,
va_long_beach,switzerland,3,reliability_gated_sfda,3,98,25,0.011479591836734693,26.0,0.2653061224489796,,,0.7166344523429871,False,0.5718567967414856,0.5694029331207275,0.6891186237335205,0.6907897591590881,0.8673469387755102,0.8673469387755102,,,13.0,85.0,13.0,0.8673469387755102,0.26530612244897966,0.18794492157839432,0.0020117147359997034,,,
va_long_beach,switzerland,3,reliability_gated_sfda,4,99,24,0.01388888888888889,30.0,0.30303030303030304,,,0.7136001586914062,False,0.5755487084388733,0.5723091959953308,0.6810363531112671,0.6837155818939209,0.8484848484848485,0.8484848484848485,,,15.0,84.0,15.0,0.8484848484848485,0.303030303030303,0.21323910465946902,0.0028454402927309275,,,
va_long_beach,switzerland,3,reliability_gated_sfda,5,99,24,0.0101010101010101,30.0,0.30303030303030304,,,0.7143820524215698,False,0.5667403936386108,0.5635716319084167,0.6905291080474854,0.6934011578559875,0.8484848484848485,0.8484848484848485,,,15.0,84.0,15.0,0.8484848484848485,0.303030303030303,0.2142927491194179,0.0028769904747605324,,,
va_long_beach,switzerland,3,conservative_candidate,1,98,25,0.012755102040816325,24.0,,,,0.7172980308532715,False,0.5636072158813477,0.5635307431221008,,,0.8775510204081632,0.8775510204081632,,,12.0,,,0.8775510204081632,0.24489795918367352,0.1734242011288314,,full,0.9872448979591837,0.0014369742712005973
va_long_beach,switzerland,3,conservative_candidate,2,98,25,0.007653061224489795,26.0,,,,0.7197450399398804,False,0.5671558380126953,0.5666685104370117,,,0.8673469387755102,0.8673469387755102,,,13.0,,,0.8673469387755102,0.26530612244897966,0.18949139249146063,,full,0.9923469387755102,0.002031282288953662
va_long_beach,switzerland,3,conservative_candidate,3,98,25,0.011479591836734693,26.0,,,,0.7166344523429871,False,0.5718567967414856,0.5725722908973694,,,0.8673469387755102,0.8673469387755102,,,13.0,,,0.8673469387755102,0.26530612244897966,0.18794492157839432,,full,0.9885204081632653,0.0008529041660949588
va_long_beach,switzerland,3,conservative_candidate,4,99,24,0.01388888888888889,30.0,,,,0.7136001586914062,False,0.5755487084388733,0.5756256580352783,,,0.8484848484848485,0.8484848484848485,,,15.0,,,0.8484848484848485,0.303030303030303,0.21323910465946902,,full,0.9861111111111112,0.001198947778902948
va_long_beach,switzerland,3,conservative_candidate,5,99,24,0.0101010101010101,30.0,,,,0.7143820524215698,False,0.5667403936386108,0.5669119954109192,,,0.8484848484848485,0.8484848484848485,,,15.0,,,0.8484848484848485,0.303030303030303,0.2142927491194179,,full,0.98989898989899,0.0014097557868808508
va_long_beach,cleveland,4,pseudo_label_sfda,1,242,61,0.0,12.0,0.049586776859504134,12.0,0.0,0.9395888447761536,False,,,,,,,,,,,,,,,,,,
va_long_beach,cleveland,4,pseudo_label_sfda,2,242,61,0.0,11.0,0.045454545454545456,11.0,0.0,0.937791109085083,False,,,,,,,,,,,,,,,,,,
va_long_beach,cleveland,4,pseudo_label_sfda,3,242,61,0.0,12.0,0.049586776859504134,12.0,0.0,0.941627025604248,False,,,,,,,,,,,,,,,,,,
va_long_beach,cleveland,4,pseudo_label_sfda,4,243,60,0.0,11.0,0.04526748971193416,11.0,0.0,0.9355737566947937,False,,,,,,,,,,,,,,,,,,
va_long_beach,cleveland,4,pseudo_label_sfda,5,243,60,0.0,10.0,0.0411522633744856,10.0,0.0,0.9391142129898071,False,,,,,,,,,,,,,,,,,,
va_long_beach,cleveland,4,entropy_sfda,1,242,61,0.0,,,,,,,0.6059615612030029,0.53297358751297,0.6413324475288391,0.7217843532562256,0.8842975206611571,1.0,0.6447693109512329,0.7217843532562256,,,,,,,,,,
va_long_beach,cleveland,4,entropy_sfda,2,242,61,0.0,,,,,,,0.60905522108078,0.5350186228752136,0.6390566825866699,0.722602128982544,0.8842975206611571,1.0,0.6421244144439697,0.722602128982544,,,,,,,,,,
va_long_beach,cleveland,4,entropy_sfda,3,242,61,0.0,,,,,,,0.6034977436065674,0.5292606353759766,0.644290030002594,0.7253404259681702,0.8760330578512396,1.0,0.6476458311080933,0.7253404259681702,,,,,,,,,,
va_long_beach,cleveland,4,entropy_sfda,4,243,60,0.0,,,,,,,0.6048833131790161,0.5317357182502747,0.6420747637748718,0.7236995100975037,0.8806584362139918,1.0,0.6450017094612122,0.7236995100975037,,,,,,,,,,
va_long_beach,cleveland,4,entropy_sfda,5,243,60,0.0,,,,,,,0.6058500409126282,0.530436098575592,0.6436997652053833,0.7270047068595886,0.897119341563786,1.0,0.6464599967002869,0.7270047068595886,,,,,,,,,,
va_long_beach,cleveland,4,reliability_gated_sfda,1,242,61,0.0,56.0,0.23140495867768596,,,0.7089365720748901,False,0.6059615612030029,0.6023771166801453,0.6413324475288391,0.6447312831878662,0.8842975206611571,0.8884297520661157,,,28.0,214.0,28.0,0.8842975206611571,0.23140495867768585,0.16405143816609022,0.003398808417841792,,,
va_long_beach,cleveland,4,reliability_gated_sfda,2,242,61,0.0,56.0,0.23140495867768596,,,0.7050118446350098,False,0.60905522108078,0.6057002544403076,0.6390566825866699,0.6422632336616516,0.8842975206611571,0.8884297520661157,,,28.0,214.0,28.0,0.8842975206611571,0.23140495867768585,0.1631432367750435,0.0032083599362522364,,,
va_long_beach,cleveland,4,reliability_gated_sfda,3,242,61,0.0,60.0,0.24793388429752067,,,0.7061501741409302,False,0.6034977436065674,0.5996776223182678,0.644290030002594,0.647849440574646,0.8760330578512396,0.8842975206611571,,,30.0,212.0,30.0,0.8760330578512396,0.24793388429752072,0.1750785555721315,0.003559479024261236,,,
va_long_beach,cleveland,4,reliability_gated_sfda,4,243,60,0.0,58.0,0.23868312757201646,,,0.7055447101593018,False,0.6048833131790161,0.6011127829551697,0.6420747637748718,0.6456146836280823,0.8806584362139918,0.8888888888888888,,,29.0,214.0,29.0,0.8806584362139918,0.23868312757201648,0.168401618062714,0.003540253499522805,,,
va_long_beach,cleveland,4,reliability_gated_sfda,5,243,60,0.0,50.0,0.205761316872428,,,0.7070007920265198,False,0.6058500409126282,0.602377712726593,0.6436997652053833,0.6470264196395874,0.897119341563786,0.9053497942386831,,,25.0,218.0,25.0,0.897119341563786,0.20576131687242794,0.14547341399722627,0.0033273089211434126,,,
va_long_beach,cleveland,4,conservative_candidate,1,242,61,0.0,56.0,,,,0.7089365720748901,False,0.6059615612030029,0.6067887544631958,,,0.8842975206611571,0.8884297520661157,,,28.0,,,0.8842975206611571,0.23140495867768585,0.16405143816609022,,full,1.0,0.0012217405019327998
va_long_beach,cleveland,4,conservative_candidate,2,242,61,0.0,56.0,,,,0.7050118446350098,False,0.60905522108078,0.6101731061935425,,,0.8842975206611571,0.8884297520661157,,,28.0,,,0.8842975206611571,0.23140495867768585,0.1631432367750435,,full,1.0,0.0014308489626273513
va_long_beach,cleveland,4,conservative_candidate,3,242,61,0.0,60.0,,,,0.7061501741409302,False,0.6034977436065674,0.6044971346855164,,,0.8760330578512396,0.8842975206611571,,,30.0,,,0.8760330578512396,0.24793388429752072,0.1750785555721315,,full,1.0,0.0012808105675503612
va_long_beach,cleveland,4,conservative_candidate,4,243,60,0.0,58.0,,,,0.7055447101593018,False,0.6048833131790161,0.6059008836746216,,,0.8806584362139918,0.8888888888888888,,,29.0,,,0.8806584362139918,0.23868312757201648,0.168401618062714,,full,1.0,0.0013531388249248266
va_long_beach,cleveland,4,conservative_candidate,5,243,60,0.0,50.0,,,,0.7070007920265198,False,0.6058500409126282,0.6064842343330383,,,0.897119341563786,0.9094650205761317,,,25.0,,,0.897119341563786,0.20576131687242794,0.14547341399722627,,full,1.0,0.0010379714658483863
va_long_beach,hungary,4,pseudo_label_sfda,1,235,59,0.0005319148936170213,4.0,0.01702127659574468,4.0,0.0,0.9236255884170532,True,,,,,,,,,,,,,,,,,,
va_long_beach,hungary,4,pseudo_label_sfda,2,235,59,0.002127659574468085,9.0,0.03829787234042553,9.0,0.0,0.93316650390625,True,,,,,,,,,,,,,,,,,,
va_long_beach,hungary,4,pseudo_label_sfda,3,235,59,0.002127659574468085,10.0,0.0425531914893617,10.0,0.0,0.9304641485214233,False,,,,,,,,,,,,,,,,,,
va_long_beach,hungary,4,pseudo_label_sfda,4,235,59,0.001595744680851064,10.0,0.0425531914893617,10.0,0.0,0.9295810461044312,False,,,,,,,,,,,,,,,,,,
va_long_beach,hungary,4,pseudo_label_sfda,5,236,58,0.00211864406779661,11.0,0.046610169491525424,11.0,0.0,0.930104672908783,False,,,,,,,,,,,,,,,,,,
va_long_beach,hungary,4,entropy_sfda,1,235,59,0.0005319148936170213,,,,,,,0.6396206617355347,0.5816446542739868,0.5898353457450867,0.66986083984375,0.676595744680851,0.9957446808510638,0.6016180515289307,0.6699292063713074,,,,,,,,,,
va_long_beach,hungary,4,entropy_sfda,2,235,59,0.002127659574468085,,,,,,,0.6325307488441467,0.5717382431030273,0.5968802571296692,0.6775638461112976,0.6936170212765957,0.9957446808510638,0.6079891920089722,0.6776178479194641,,,,,,,,,,
va_long_beach,hungary,4,entropy_sfda,3,235,59,0.002127659574468085,,,,,,,0.6360697746276855,0.5774775147438049,0.5917060375213623,0.6747998595237732,0.7021276595744681,0.9957446808510638,0.6029342412948608,0.6748496294021606,,,,,,,,,,
va_long_beach,hungary,4,entropy_sfda,4,235,59,0.001595744680851064,,,,,,,0.6292293667793274,0.5712963342666626,0.598526656627655,0.6758078932762146,0.6978723404255319,0.9957446808510638,0.6092774868011475,0.6758080124855042,,,,,,,,,,
va_long_beach,hungary,4,entropy_sfda,5,236,58,0.00211864406779661,,,,,,,0.6288794875144958,0.5658556818962097,0.601891279220581,0.6850769519805908,0.7161016949152542,0.9957627118644068,0.6116868257522583,0.6851279139518738,,,,,,,,,,
va_long_beach,hungary,4,reliability_gated_sfda,1,235,59,0.0005319148936170213,94.0,0.4,,,0.6680539846420288,False,0.6396206617355347,0.6355401277542114,0.5898353457450867,0.5951693654060364,0.676595744680851,0.6808510638297872,,,47.0,159.0,76.0,0.676595744680851,0.6468085106382979,0.4318731608095079,0.005334009416401386,,,
va_long_beach,hungary,4,reliability_gated_sfda,2,235,59,0.002127659574468085,94.0,0.4,,,0.6747576594352722,False,0.6325307488441467,0.6281867623329163,0.5968802571296692,0.602250337600708,0.6936170212765957,0.6978723404255319,,,47.0,163.0,72.0,0.6936170212765957,0.6127659574468085,0.412588802966234,0.0053700655698776245,,,
va_long_beach,hungary,4,reliability_gated_sfda,3,235,59,0.002127659574468085,94.0,0.4,,,0.67164546251297,False,0.6360697746276855,0.6321037411689758,0.5917060375213623,0.5968519449234009,0.7021276595744681,0.7063829787234043,,,47.0,165.0,70.0,0.7021276595744681,0.5957446808510638,0.3992778729615356,0.005145843606442213,,,
va_long_beach,hungary,4,reliability_gated_sfda,4,235,59,0.001595744680851064,94.0,0.4,,,0.6812210083007812,False,0.6292293667793274,0.6249815821647644,0.598526656627655,0.6034928560256958,0.6978723404255319,0.7021276595744681,,,47.0,164.0,71.0,0.6978723404255319,0.6042553191489362,0.4109745591363522,0.004966152366250753,,,
va_long_beach,hungary,4,reliability_gated_sfda,5,236,58,0.00211864406779661,94.0,0.3983050847457627,,,0.6786256432533264,False,0.6288794875144958,0.6245772838592529,0.601891279220581,0.6070250272750854,0.7161016949152542,0.7161016949152542,,,47.0,169.0,67.0,0.7161016949152542,0.5677966101694916,0.3845049810425385,0.0051337601616978645,,,
va_long_beach,hungary,4,conservative_candidate,1,235,59,0.0005319148936170213,94.0,,,,0.6680539846420288,False,0.6396206617355347,0.6399199366569519,,,0.676595744680851,0.6808510638297872,,,47.0,,,0.676595744680851,0.6468085106382979,0.4318731608095079,,full,0.999468085106383,0.001012677326798439
va_long_beach,hungary,4,conservative_candidate,2,235,59,0.002127659574468085,94.0,,,,0.6747576594352722,False,0.6325307488441467,0.6325756311416626,,,0.6936170212765957,0.6978723404255319,,,47.0,,,0.6936170212765957,0.6127659574468085,0.412588802966234,,full,0.997872340425532,0.00101532693952322
va_long_beach,hungary,4,conservative_candidate,3,235,59,0.002127659574468085,94.0,,,,0.67164546251297,False,0.6360697746276855,0.6364052891731262,,,0.7021276595744681,0.7063829787234043,,,47.0,,,0.7021276595744681,0.5957446808510638,0.3992778729615356,,full,0.997872340425532,0.0010887605603784323
va_long_beach,hungary,4,conservative_candidate,4,235,59,0.001595744680851064,94.0,,,,0.6812210083007812,False,0.6292293667793274,0.6297262907028198,,,0.6978723404255319,0.7021276595744681,,,47.0,,,0.6978723404255319,0.6042553191489362,0.4109745591363522,,full,0.9984042553191489,0.0011693598935380578
va_long_beach,hungary,4,conservative_candidate,5,236,58,0.00211864406779661,94.0,,,,0.6786256432533264,False,0.6288794875144958,0.6294069290161133,,,0.7161016949152542,0.7161016949152542,,,47.0,,,0.7161016949152542,0.5677966101694916,0.3845049810425385,,full,0.9978813559322034,0.001187237910926342
va_long_beach,switzerland,4,pseudo_label_sfda,1,98,25,0.012755102040816325,8.0,0.08163265306122448,8.0,0.0,0.9173439741134644,True,,,,,,,,,,,,,,,,,,
va_long_beach,switzerland,4,pseudo_label_sfda,2,98,25,0.007653061224489795,6.0,0.061224489795918366,6.0,0.0,0.916624128818512,True,,,,,,,,,,,,,,,,,,
va_long_beach,switzerland,4,pseudo_label_sfda,3,98,25,0.011479591836734693,5.0,0.05102040816326531,5.0,0.0,0.9162716865539551,True,,,,,,,,,,,,,,,,,,
va_long_beach,switzerland,4,pseudo_label_sfda,4,99,24,0.01388888888888889,7.0,0.0707070707070707,7.0,0.0,0.9183862805366516,True,,,,,,,,,,,,,,,,,,
va_long_beach,switzerland,4,pseudo_label_sfda,5,99,24,0.0101010101010101,6.0,0.06060606060606061,6.0,0.0,0.9177414774894714,True,,,,,,,,,,,,,,,,,,
va_long_beach,switzerland,4,entropy_sfda,1,98,25,0.012755102040816325,,,,,,,0.5612077116966248,0.5160263776779175,0.7075670957565308,0.7501223683357239,0.9489795918367347,1.0,0.7088237404823303,0.7501223683357239,,,,,,,,,,
va_long_beach,switzerland,4,entropy_sfda,2,98,25,0.007653061224489795,,,,,,,0.5678841471672058,0.5236531496047974,0.7002111673355103,0.7433963418006897,0.9183673469387755,0.9897959183673469,0.7023749351501465,0.7435076832771301,,,,,,,,,,
va_long_beach,switzerland,4,entropy_sfda,3,98,25,0.011479591836734693,,,,,,,0.5752257108688354,0.5324742794036865,0.694682776927948,0.7379013299942017,0.9285714285714286,0.9897959183673469,0.6964579820632935,0.7379944324493408,,,,,,,,,,
va_long_beach,switzerland,4,entropy_sfda,4,99,24,0.01388888888888889,,,,,,,0.5730052590370178,0.5267415046691895,0.695415198802948,0.7415660619735718,0.9191919191919192,0.98989898989899,0.6975224614143372,0.7416302561759949,,,,,,,,,,
va_long_beach,switzerland,4,entropy_sfda,5,99,24,0.0101010101010101,,,,,,,0.564717173576355,0.5186680555343628,0.7029483914375305,0.7478021383285522,0.9191919191919192,0.98989898989899,0.7048953175544739,0.7478671073913574,,,,,,,,,,
va_long_beach,switzerland,4,reliability_gated_sfda,1,98,25,0.012755102040816325,10.0,0.10204081632653061,,,0.717487633228302,True,0.5612077116966248,0.5612077116966248,0.7075670957565308,0.7075670957565308,0.9489795918367347,0.9489795918367347,,,5.0,93.0,5.0,0.9489795918367347,0.1020408163265305,0.07227918420953576,0.0,,,
va_long_beach,switzerland,4,reliability_gated_sfda,2,98,25,0.007653061224489795,16.0,0.16326530612244897,,,0.7122539281845093,False,0.5678841471672058,0.5652682781219482,0.7002111673355103,0.7024540901184082,0.9183673469387755,0.9285714285714286,,,8.0,90.0,8.0,0.9183673469387755,0.16326530612244894,0.115396409022813,0.0022428620140999556,,,
va_long_beach,switzerland,4,reliability_gated_sfda,3,98,25,0.011479591836734693,14.0,0.14285714285714285,,,0.7105740904808044,True,0.5752257108688354,0.5752257108688354,0.694682776927948,0.694682776927948,0.9285714285714286,0.9285714285714286,,,7.0,91.0,7.0,0.9285714285714286,0.1428571428571428,0.10034528427890364,0.0,,,
va_long_beach,switzerland,4,reliability_gated_sfda,4,99,24,0.01388888888888889,16.0,0.16161616161616163,,,0.7141873836517334,False,0.5730052590370178,0.5707077383995056,0.695415198802948,0.697300136089325,0.9191919191919192,0.9191919191919192,,,8.0,91.0,8.0,0.9191919191919192,0.16161616161616155,0.11382110940353098,0.001952850492671132,,,
va_long_beach,switzerland,4,reliability_gated_sfda,5,99,24,0.0101010101010101,16.0,0.16161616161616163,,,0.7120699882507324,False,0.564717173576355,0.5626772046089172,0.7029483914375305,0.704520583152771,0.9191919191919192,0.9191919191919192,,,8.0,91.0,8.0,0.9191919191919192,0.16161616161616155,0.1139195736738239,0.0016144225373864174,,,
va_long_beach,switzerland,4,conservative_candidate,1,98,25,0.012755102040816325,10.0,,,,0.717487633228302,True,0.5612077116966248,0.5612077116966248,,,0.9489795918367347,0.9489795918367347,,,5.0,,,0.9489795918367347,0.1020408163265305,0.07227918420953576,,full,0.9872448979591837,0.0
va_long_beach,switzerland,4,conservative_candidate,2,98,25,0.007653061224489795,16.0,,,,0.7122539281845093,False,0.5678841471672058,0.5684924125671387,,,0.9183673469387755,0.9285714285714286,,,8.0,,,0.9183673469387755,0.16326530612244894,0.115396409022813,,full,0.9923469387755102,0.0007460159831680357
va_long_beach,switzerland,4,conservative_candidate,3,98,25,0.011479591836734693,14.0,,,,0.7105740904808044,True,0.5752257108688354,0.5752257108688354,,,0.9285714285714286,0.9285714285714286,,,7.0,,,0.9285714285714286,0.1428571428571428,0.10034528427890364,,full,0.9885204081632653,0.0
va_long_beach,switzerland,4,conservative_candidate,4,99,24,0.01388888888888889,16.0,,,,0.7141873836517334,False,0.5730052590370178,0.5739540457725525,,,0.9191919191919192,0.9292929292929293,,,8.0,,,0.9191919191919192,0.16161616161616155,0.11382110940353098,,full,0.9861111111111112,0.0010004558134824038
va_long_beach,switzerland,4,conservative_candidate,5,99,24,0.0101010101010101,16.0,,,,0.7120699882507324,False,0.564717173576355,0.5660119652748108,,,0.9191919191919192,0.9292929292929293,,,8.0,,,0.9191919191919192,0.16161616161616155,0.1139195736738239,,full,0.98989898989899,0.001330652623437345
va_long_beach,cleveland,5,pseudo_label_sfda,1,242,61,0.0,9.0,0.0371900826446281,9.0,0.0,0.9169430136680603,True,,,,,,,,,,,,,,,,,,
va_long_beach,cleveland,5,pseudo_label_sfda,2,242,61,0.0,8.0,0.03305785123966942,8.0,0.0,0.9147440195083618,True,,,,,,,,,,,,,,,,,,
va_long_beach,cleveland,5,pseudo_label_sfda,3,242,61,0.0,8.0,0.03305785123966942,8.0,0.0,0.9172516465187073,True,,,,,,,,,,,,,,,,,,
va_long_beach,cleveland,5,pseudo_label_sfda,4,243,60,0.0,7.0,0.02880658436213992,7.0,0.0,0.9151381850242615,True,,,,,,,,,,,,,,,,,,
va_long_beach,cleveland,5,pseudo_label_sfda,5,243,60,0.0,8.0,0.03292181069958848,8.0,0.0,0.9145008325576782,True,,,,,,,,,,,,,,,,,,
va_long_beach,cleveland,5,entropy_sfda,1,242,61,0.0,,,,,,,0.6067711710929871,0.5480135083198547,0.6570949554443359,0.7295364737510681,0.9710743801652892,1.0,0.6575113534927368,0.7295364737510681,,,,,,,,,,
va_long_beach,cleveland,5,entropy_sfda,2,242,61,0.0,,,,,,,0.611007571220398,0.5513747930526733,0.6529319286346436,0.7284064292907715,0.9752066115702479,1.0,0.6531863808631897,0.7284064292907715,,,,,,,,,,
va_long_beach,cleveland,5,entropy_sfda,3,242,61,0.0,,,,,,,0.6058391332626343,0.5468422174453735,0.6594992280006409,0.7309327721595764,0.9586776859504132,1.0,0.6600304245948792,0.7309327721595764,,,,,,,,,,
va_long_beach,cleveland,5,entropy_sfda,4,243,60,0.0,,,,,,,0.6083810925483704,0.5492934584617615,0.6544758081436157,0.7286282777786255,0.9629629629629629,1.0,0.6549825072288513,0.7286282777786255,,,,,,,,,,
va_long_beach,cleveland,5,entropy_sfda,5,243,60,0.0,,,,,,,0.6090777516365051,0.5499505996704102,0.6562447547912598,0.7297020554542542,0.9670781893004116,1.0,0.6566567420959473,0.7297020554542542,,,,,,,,,,
va_long_beach,cleveland,5,reliability_gated_sfda,1,242,61,0.0,14.0,0.05785123966942149,,,0.7141739130020142,True,0.6067711710929871,0.6067711710929871,0.6570949554443359,0.6570949554443359,0.9710743801652892,0.9710743801652892,,,7.0,235.0,7.0,0.9710743801652892,0.05785123966942152,0.04131584620672811,0.0,,,
va_long_beach,cleveland,5,reliability_gated_sfda,2,242,61,0.0,12.0,0.049586776859504134,,,0.7120254635810852,True,0.611007571220398,0.611007571220398,0.6529319286346436,0.6529319286346436,0.9752066115702479,0.9752066115702479,,,6.0,236.0,6.0,0.9752066115702479,0.04958677685950419,0.0353070477808803,0.0,,,
va_long_beach,cleveland,5,reliability_gated_sfda,3,242,61,0.0,20.0,0.08264462809917356,,,0.7089323401451111,False,0.6058391332626343,0.6070879697799683,0.6594992280006409,0.6573458313941956,0.9586776859504132,0.9586776859504132,,,10.0,232.0,10.0,0.9586776859504132,0.0826446280991735,0.05858944959876947,0.002205816563218832,,,
va_long_beach,cleveland,5,reliability_gated_sfda,4,243,60,0.0,18.0,0.07407407407407407,,,0.707994282245636,False,0.6083810925483704,0.6101604104042053,0.6544758081436157,0.6517909169197083,0.9629629629629629,0.9588477366255144,,,9.0,234.0,9.0,0.9629629629629629,0.07407407407407418,0.05244402090708422,0.002765938639640808,,,
va_long_beach,cleveland,5,reliability_gated_sfda,5,243,60,0.0,16.0,0.06584362139917696,,,0.7103785276412964,False,0.6090777516365051,0.6111889481544495,0.6562447547912598,0.6530730128288269,0.9670781893004116,0.9629629629629629,,,8.0,235.0,8.0,0.9670781893004116,0.06584362139917688,0.04677389482411823,0.003190241288393736,,,
va_long_beach,cleveland,5,conservative_candidate,1,242,61,0.0,14.0,,,,0.7141739130020142,True,0.6067711710929871,0.6067711710929871,,,0.9710743801652892,0.9710743801652892,,,7.0,,,0.9710743801652892,0.05785123966942152,0.04131584620672811,,full,1.0,0.0
va_long_beach,cleveland,5,conservative_candidate,2,242,61,0.0,12.0,,,,0.7120254635810852,True,0.611007571220398,0.611007571220398,,,0.9752066115702479,0.9752066115702479,,,6.0,,,0.9752066115702479,0.04958677685950419,0.0353070477808803,,full,1.0,0.0
va_long_beach,cleveland,5,conservative_candidate,3,242,61,0.0,20.0,,,,0.7089323401451111,False,0.6058391332626343,0.6083624958992004,,,0.9586776859504132,0.9628099173553719,,,10.0,,,0.9586776859504132,0.0826446280991735,0.05858944959876947,,full,1.0,0.003213212126865983
va_long_beach,cleveland,5,conservative_candidate,4,243,60,0.0,18.0,,,,0.707994282245636,False,0.6083810925483704,0.6110161542892456,,,0.9629629629629629,0.9629629629629629,,,9.0,,,0.9629629629629629,0.07407407407407418,0.05244402090708422,,full,1.0,0.0033938325941562653
va_long_beach,cleveland,5,conservative_candidate,5,243,60,0.0,16.0,,,,0.7103785276412964,False,0.6090777516365051,0.6118995547294617,,,0.9670781893004116,0.9629629629629629,,,8.0,,,0.9670781893004116,0.06584362139917688,0.04677389482411823,,full,1.0,0.0036988072097301483
va_long_beach,hungary,5,pseudo_label_sfda,1,235,59,0.0005319148936170213,1.0,0.00425531914893617,1.0,0.0,0.9064204096794128,True,,,,,,,,,,,,,,,,,,
va_long_beach,hungary,5,pseudo_label_sfda,2,235,59,0.002127659574468085,5.0,0.02127659574468085,5.0,0.0,0.9112022519111633,True,,,,,,,,,,,,,,,,,,
va_long_beach,hungary,5,pseudo_label_sfda,3,235,59,0.002127659574468085,5.0,0.02127659574468085,5.0,0.0,0.9112022519111633,True,,,,,,,,,,,,,,,,,,
va_long_beach,hungary,5,pseudo_label_sfda,4,235,59,0.001595744680851064,4.0,0.01702127659574468,4.0,0.0,0.9123977422714233,True,,,,,,,,,,,,,,,,,,
va_long_beach,hungary,5,pseudo_label_sfda,5,236,58,0.00211864406779661,5.0,0.0211864406779661,5.0,0.0,0.9112022519111633,True,,,,,,,,,,,,,,,,,,
va_long_beach,hungary,5,entropy_sfda,1,235,59,0.0005319148936170213,,,,,,,0.6422402262687683,0.5986078977584839,0.6069086790084839,0.6757410764694214,0.948936170212766,1.0,0.607624351978302,0.6757410764694214,,,,,,,,,,
va_long_beach,hungary,5,entropy_sfda,2,235,59,0.002127659574468085,,,,,,,0.6359261274337769,0.5923611521720886,0.6134147047996521,0.680882453918457,0.9617021276595744,1.0,0.6139739155769348,0.680882453918457,,,,,,,,,,
va_long_beach,hungary,5,entropy_sfda,3,235,59,0.002127659574468085,,,,,,,0.6391636729240417,0.5948156118392944,0.6087383031845093,0.6798587441444397,0.9574468085106383,1.0,0.6093196868896484,0.6798587441444397,,,,,,,,,,
va_long_beach,hungary,5,entropy_sfda,4,235,59,0.001595744680851064,,,,,,,0.6339215636253357,0.5888382196426392,0.6151353120803833,0.6837033629417419,0.9659574468085106,1.0,0.6155974864959717,0.6837033629417419,,,,,,,,,,
va_long_beach,hungary,5,entropy_sfda,5,236,58,0.00211864406779661,,,,,,,0.6336939930915833,0.5878363251686096,0.6173140406608582,0.6862706542015076,0.961864406779661,1.0,0.6178559064865112,0.6862706542015076,,,,,,,,,,
va_long_beach,hungary,5,reliability_gated_sfda,1,235,59,0.0005319148936170213,24.0,0.10212765957446808,,,0.6824350953102112,False,0.6422402262687683,0.6424003839492798,0.6069086790084839,0.6057905554771423,0.948936170212766,0.948936170212766,,,12.0,223.0,12.0,0.948936170212766,0.10212765957446801,0.06965842702152392,0.0014848128193989396,,,
va_long_beach,hungary,5,reliability_gated_sfda,2,235,59,0.002127659574468085,18.0,0.07659574468085106,,,0.7022043466567993,False,0.6359261274337769,0.6363125443458557,0.6134147047996521,0.6122819781303406,0.9617021276595744,0.9659574468085106,,,9.0,226.0,9.0,0.9617021276595744,0.07659574468085117,0.05367142683998831,0.0013892122078686953,,,
va_long_beach,hungary,5,reliability_gated_sfda,3,235,59,0.002127659574468085,20.0,0.0851063829787234,,,0.70068359375,False,0.6391636729240417,0.6399487257003784,0.6087383031845093,0.6069497466087341,0.9574468085106383,0.9574468085106383,,,10.0,225.0,10.0,0.9574468085106383,0.0851063829787233,0.05950576830579441,0.0019290517084300518,,,
va_long_beach,hungary,5,reliability_gated_sfda,4,235,59,0.001595744680851064,16.0,0.06808510638297872,,,0.7020249962806702,False,0.6339215636253357,0.6350978016853333,0.6151353120803833,0.6128842830657959,0.9659574468085106,0.9702127659574468,,,8.0,227.0,8.0,0.9659574468085106,0.06808510638297882,0.047721174034180885,0.0023041421081870794,,,
va_long_beach,hungary,5,reliability_gated_sfda,5,236,58,0.00211864406779661,18.0,0.07627118644067797,,,0.7026916742324829,False,0.6336939930915833,0.6346769332885742,0.6173140406608582,0.6153733730316162,0.961864406779661,0.9661016949152542,,,9.0,227.0,9.0,0.961864406779661,0.07627118644067798,0.05348157869634257,0.0020513469353318214,,,
va_long_beach,hungary,5,conservative_candidate,1,235,59,0.0005319148936170213,24.0,,,,0.6824350953102112,False,0.6422402262687683,0.6438550353050232,,,0.948936170212766,0.9531914893617022,,,12.0,,,0.948936170212766,0.10212765957446801,0.06965842702152392,,full,0.999468085106383,0.0025864855851978064
va_long_beach,hungary,5,conservative_candidate,2,235,59,0.002127659574468085,18.0,,,,0.7022043466567993,False,0.6359261274337769,0.6373189687728882,,,0.9617021276595744,0.9659574468085106,,,9.0,,,0.9617021276595744,0.07659574468085117,0.05367142683998831,,full,0.997872340425532,0.002206474309787154
va_long_beach,hungary,5,conservative_candidate,3,235,59,0.002127659574468085,20.0,,,,0.70068359375,False,0.6391636729240417,0.6409265398979187,,,0.9574468085106383,0.9574468085106383,,,10.0,,,0.9574468085106383,0.0851063829787233,0.05950576830579441,,full,0.997872340425532,0.002786888973787427
va_long_beach,hungary,5,conservative_candidate,4,235,59,0.001595744680851064,16.0,,,,0.7020249962806702,False,0.6339215636253357,0.6358782649040222,,,0.9659574468085106,0.9702127659574468,,,8.0,,,0.9659574468085106,0.06808510638297882,0.047721174034180885,,full,0.9984042553191489,0.0029631732031702995
va_long_beach,hungary,5,conservative_candidate,5,236,58,0.00211864406779661,18.0,,,,0.7026916742324829,False,0.6336939930915833,0.6356908679008484,,,0.961864406779661,0.9661016949152542,,,9.0,,,0.961864406779661,0.07627118644067798,0.05348157869634257,,full,0.9978813559322034,0.0029426752589643
va_long_beach,switzerland,5,pseudo_label_sfda,1,98,25,0.012755102040816325,0.0,0.0,0.0,0.0,,True,,,,,,,,,,,,,,,,,,
va_long_beach,switzerland,5,pseudo_label_sfda,2,98,25,0.007653061224489795,0.0,0.0,0.0,0.0,,True,,,,,,,,,,,,,,,,,,
va_long_beach,switzerland,5,pseudo_label_sfda,3,98,25,0.011479591836734693,0.0,0.0,0.0,0.0,,True,,,,,,,,,,,,,,,,,,
va_long_beach,switzerland,5,pseudo_label_sfda,4,99,24,0.01388888888888889,0.0,0.0,0.0,0.0,,True,,,,,,,,,,,,,,,,,,
va_long_beach,switzerland,5,pseudo_label_sfda,5,99,24,0.0101010101010101,0.0,0.0,0.0,0.0,,True,,,,,,,,,,,,,,,,,,
va_long_beach,switzerland,5,entropy_sfda,1,98,25,0.012755102040816325,,,,,,,0.5679979920387268,0.5396777391433716,0.7136566042900085,0.7424002885818481,0.9897959183673469,1.0,0.713701069355011,0.7424002885818481,,,,,,,,,,
va_long_beach,switzerland,5,entropy_sfda,2,98,25,0.007653061224489795,,,,,,,0.5740761756896973,0.5451011657714844,0.7072874307632446,0.7373679876327515,0.9897959183673469,1.0,0.7073318362236023,0.7373679876327515,,,,,,,,,,
va_long_beach,switzerland,5,entropy_sfda,3,98,25,0.011479591836734693,,,,,,,0.5790932178497314,0.5504164695739746,0.7033162713050842,0.7342180609703064,1.0,1.0,0.7033162713050842,0.7342180609703064,,,,,,,,,,
va_long_beach,switzerland,5,entropy_sfda,4,99,24,0.01388888888888889,,,,,,,0.5795426964759827,0.5499846935272217,0.7016907334327698,0.7337386608123779,0.98989898989899,1.0,0.7017346620559692,0.7337386608123779,,,,,,,,,,
va_long_beach,switzerland,5,entropy_sfda,5,99,24,0.0101010101010101,,,,,,,0.5728476047515869,0.5428203344345093,0.7082406878471375,0.7397841811180115,0.98989898989899,1.0,0.7082846760749817,0.7397841811180115,,,,,,,,,,
va_long_beach,switzerland,5,reliability_gated_sfda,1,98,25,0.012755102040816325,2.0,0.02040816326530612,,,0.6978646516799927,True,0.5679979920387268,0.5679979920387268,0.7136566042900085,0.7136566042900085,0.9897959183673469,0.9897959183673469,,,1.0,97.0,1.0,0.9897959183673469,0.020408163265306145,0.01406047585381911,0.0,,,
va_long_beach,switzerland,5,reliability_gated_sfda,2,98,25,0.007653061224489795,2.0,0.02040816326530612,,,0.6978646516799927,True,0.5740761756896973,0.5740761756896973,0.7072874307632446,0.7072874307632446,0.9897959183673469,0.9897959183673469,,,1.0,97.0,1.0,0.9897959183673469,0.020408163265306145,0.014133139811719984,0.0,,,
va_long_beach,switzerland,5,reliability_gated_sfda,3,98,25,0.011479591836734693,0.0,0.0,,,0.0,True,0.5790932178497314,0.5790932178497314,0.7033162713050842,0.7033162713050842,1.0,1.0,,,0.0,98.0,0.0,1.0,0.0,0.0,0.0,,,
va_long_beach,switzerland,5,reliability_gated_sfda,4,99,24,0.01388888888888889,2.0,0.020202020202020204,,,0.6978646516799927,True,0.5795426964759827,0.5795426964759827,0.7016907334327698,0.7016907334327698,0.98989898989899,0.98989898989899,,,1.0,98.0,1.0,0.98989898989899,0.02020202020202011,0.013902466405521677,0.0,,,
va_long_beach,switzerland,5,reliability_gated_sfda,5,99,24,0.0101010101010101,2.0,0.020202020202020204,,,0.6977351903915405,True,0.5728476047515869,0.5728476047515869,0.7082406878471375,0.7082406878471375,0.98989898989899,0.98989898989899,,,1.0,98.0,1.0,0.98989898989899,0.02020202020202011,0.013953280003748732,0.0,,,
va_long_beach,switzerland,5,conservative_candidate,1,98,25,0.012755102040816325,2.0,,,,0.6978646516799927,True,0.5679979920387268,0.5679979920387268,,,0.9897959183673469,0.9897959183673469,,,1.0,,,0.9897959183673469,0.020408163265306145,0.01406047585381911,,full,0.9872448979591837,0.0
va_long_beach,switzerland,5,conservative_candidate,2,98,25,0.007653061224489795,2.0,,,,0.6978646516799927,True,0.5740761756896973,0.5740761756896973,,,0.9897959183673469,0.9897959183673469,,,1.0,,,0.9897959183673469,0.020408163265306145,0.014133139811719984,,full,0.9923469387755102,0.0
va_long_beach,switzerland,5,conservative_candidate,3,98,25,0.011479591836734693,0.0,,,,0.0,True,0.5790932178497314,0.5790932178497314,,,1.0,1.0,,,0.0,,,1.0,0.0,0.0,,full,0.9885204081632653,0.0
va_long_beach,switzerland,5,conservative_candidate,4,99,24,0.01388888888888889,2.0,,,,0.6978646516799927,True,0.5795426964759827,0.5795426964759827,,,0.98989898989899,0.98989898989899,,,1.0,,,0.98989898989899,0.02020202020202011,0.013902466405521677,,full,0.9861111111111112,0.0
va_long_beach,switzerland,5,conservative_candidate,5,99,24,0.0101010101010101,2.0,,,,0.6977351903915405,True,0.5728476047515869,0.5728476047515869,,,0.98989898989899,0.98989898989899,,,1.0,,,0.98989898989899,0.02020202020202011,0.013953280003748732,,full,0.98989898989899,0.0
va_long_beach,cleveland,6,pseudo_label_sfda,1,242,61,0.0,14.0,0.05785123966942149,14.0,0.0,0.9228243231773376,False,,,,,,,,,,,,,,,,,,
va_long_beach,cleveland,6,pseudo_label_sfda,2,242,61,0.0,11.0,0.045454545454545456,11.0,0.0,0.9197261333465576,False,,,,,,,,,,,,,,,,,,
va_long_beach,cleveland,6,pseudo_label_sfda,3,242,61,0.0,13.0,0.05371900826446281,13.0,0.0,0.9223372936248779,False,,,,,,,,,,,,,,,,,,
va_long_beach,cleveland,6,pseudo_label_sfda,4,243,60,0.0,12.0,0.04938271604938271,12.0,0.0,0.9196009635925293,False,,,,,,,,,,,,,,,,,,
va_long_beach,cleveland,6,pseudo_label_sfda,5,243,60,0.0,10.0,0.0411522633744856,10.0,0.0,0.9246349334716797,False,,,,,,,,,,,,,,,,,,
va_long_beach,cleveland,6,entropy_sfda,1,242,61,0.0,,,,,,,0.5944347381591797,0.5002953410148621,0.6514766216278076,0.7611662149429321,0.7520661157024794,0.9958677685950413,0.6679853200912476,0.761176347732544,,,,,,,,,,
va_long_beach,cleveland,6,entropy_sfda,2,242,61,0.0,,,,,,,0.598813533782959,0.5041420459747314,0.6489232778549194,0.7604559063911438,0.768595041322314,1.0,0.6652776598930359,0.7604559063911438,,,,,,,,,,
va_long_beach,cleveland,6,entropy_sfda,3,242,61,0.0,,,,,,,0.5957357883453369,0.5035209059715271,0.6514204144477844,0.7585853934288025,0.7479338842975206,0.9958677685950413,0.6676236987113953,0.75860595703125,,,,,,,,,,
va_long_beach,cleveland,6,entropy_sfda,4,243,60,0.0,,,,,,,0.5960461497306824,0.501413106918335,0.6505006551742554,0.7618640661239624,0.757201646090535,1.0,0.6664381623268127,0.7618640661239624,,,,,,,,,,
va_long_beach,cleveland,6,entropy_sfda,5,243,60,0.0,,,,,,,0.5980184078216553,0.5029134154319763,0.6515071988105774,0.7628120183944702,0.7695473251028807,1.0,0.6665720343589783,0.7628120183944702,,,,,,,,,,
va_long_beach,cleveland,6,reliability_gated_sfda,1,242,61,0.0,96.0,0.39669421487603307,,,0.7021262049674988,False,0.5944347381591797,0.5902394652366638,0.6514766216278076,0.6542825102806091,0.7520661157024794,0.7520661157024794,,,48.0,182.0,60.0,0.7520661157024794,0.4958677685950412,0.3481617545293382,0.004038614686578512,,,
va_long_beach,cleveland,6,reliability_gated_sfda,2,242,61,0.0,96.0,0.39669421487603307,,,0.6987252235412598,False,0.598813533782959,0.5947139263153076,0.6489232778549194,0.6518911123275757,0.768595041322314,0.768595041322314,,,48.0,186.0,56.0,0.768595041322314,0.4628099173553719,0.3233769629612442,0.003966758027672768,,,
va_long_beach,cleveland,6,reliability_gated_sfda,3,242,61,0.0,96.0,0.39669421487603307,,,0.6991997361183167,False,0.5957357883453369,0.5915839076042175,0.6514204144477844,0.65422523021698,0.7479338842975206,0.7479338842975206,,,48.0,181.0,61.0,0.7479338842975206,0.5041322314049588,0.3524891231670853,0.0039919111877679825,,,
va_long_beach,cleveland,6,reliability_gated_sfda,4,243,60,0.0,98.0,0.40329218106995884,,,0.6996700763702393,False,0.5960461497306824,0.5921600461006165,0.6505006551742554,0.6531729698181152,0.757201646090535,0.757201646090535,,,49.0,184.0,59.0,0.757201646090535,0.48559670781893005,0.33975748564480757,0.0036725890822708607,,,
va_long_beach,cleveland,6,reliability_gated_sfda,5,243,60,0.0,98.0,0.40329218106995884,,,0.6955205202102661,False,0.5980184078216553,0.5942223072052002,0.6515071988105774,0.6539929509162903,0.7695473251028807,0.7695473251028807,,,49.0,187.0,56.0,0.7695473251028807,0.4609053497942386,0.3205691286565835,0.003686328884214163,,,
va_long_beach,cleveland,6,conservative_candidate,1,242,61,0.0,96.0,,,,0.7021262049674988,False,0.5944347381591797,0.5956882238388062,,,0.7520661157024794,0.7520661157024794,,,48.0,,,0.7520661157024794,0.4958677685950412,0.3481617545293382,,full,1.0,0.0017779855988919735
va_long_beach,cleveland,6,conservative_candidate,2,242,61,0.0,96.0,,,,0.6987252235412598,False,0.598813533782959,0.5999191403388977,,,0.768595041322314,0.768595041322314,,,48.0,,,0.768595041322314,0.4628099173553719,0.3233769629612442,,full,1.0,0.0016115823527798057
va_long_beach,cleveland,6,conservative_candidate,3,242,61,0.0,96.0,,,,0.6991997361183167,False,0.5957357883453369,0.5972898602485657,,,0.7479338842975206,0.7479338842975206,,,48.0,,,0.7479338842975206,0.5041322314049588,0.3524891231670853,,full,1.0,0.00209198915399611
va_long_beach,cleveland,6,conservative_candidate,4,243,60,0.0,98.0,,,,0.6996700763702393,False,0.5960461497306824,0.5971148610115051,,,0.757201646090535,0.757201646090535,,,49.0,,,0.757201646090535,0.48559670781893005,0.33975748564480757,,full,1.0,0.0015843712026253343
va_long_beach,cleveland,6,conservative_candidate,5,243,60,0.0,98.0,,,,0.6955205202102661,False,0.5980184078216553,0.5998664498329163,,,0.7695473251028807,0.7695473251028807,,,49.0,,,0.7695473251028807,0.4609053497942386,0.3205691286565835,,full,1.0,0.0024813744239509106
va_long_beach,hungary,6,pseudo_label_sfda,1,235,59,0.0005319148936170213,1.0,0.00425531914893617,1.0,0.0,0.9245108366012573,True,,,,,,,,,,,,,,,,,,
va_long_beach,hungary,6,pseudo_label_sfda,2,235,59,0.002127659574468085,5.0,0.02127659574468085,5.0,0.0,0.9159232974052429,True,,,,,,,,,,,,,,,,,,
va_long_beach,hungary,6,pseudo_label_sfda,3,235,59,0.002127659574468085,5.0,0.02127659574468085,5.0,0.0,0.9159232974052429,True,,,,,,,,,,,,,,,,,,
va_long_beach,hungary,6,pseudo_label_sfda,4,235,59,0.001595744680851064,4.0,0.01702127659574468,4.0,0.0,0.9137763381004333,True,,,,,,,,,,,,,,,,,,
va_long_beach,hungary,6,pseudo_label_sfda,5,236,58,0.00211864406779661,5.0,0.0211864406779661,5.0,0.0,0.9159232974052429,True,,,,,,,,,,,,,,,,,,
va_long_beach,hungary,6,entropy_sfda,1,235,59,0.0005319148936170213,,,,,,,0.6421878933906555,0.5857905149459839,0.5784946084022522,0.6739144921302795,0.5659574468085107,0.9148936170212766,0.6144436597824097,0.6770557761192322,,,,,,,,,,
va_long_beach,hungary,6,entropy_sfda,2,235,59,0.002127659574468085,,,,,,,0.6358685493469238,0.5797542929649353,0.5859526991844177,0.6775861382484436,0.5957446808510638,0.902127659574468,0.6205154657363892,0.6812780499458313,,,,,,,,,,
va_long_beach,hungary,6,entropy_sfda,3,235,59,0.002127659574468085,,,,,,,0.6391497850418091,0.580719530582428,0.5810368061065674,0.6796640157699585,0.6042553191489362,0.9106382978723404,0.6151832938194275,0.6832097768783569,,,,,,,,,,
va_long_beach,hungary,6,entropy_sfda,4,235,59,0.001595744680851064,,,,,,,0.634094774723053,0.5750665068626404,0.587103545665741,0.682171106338501,0.5957446808510638,0.9276595744680851,0.6213786602020264,0.6850649118423462,,,,,,,,,,
va_long_beach,hungary,6,entropy_sfda,5,236,58,0.00211864406779661,,,,,,,0.6336804032325745,0.5710217952728271,0.5916203856468201,0.6918225288391113,0.614406779661017,0.9533898305084746,0.6223739385604858,0.6934438347816467,,,,,,,,,,
va_long_beach,hungary,6,reliability_gated_sfda,1,235,59,0.0005319148936170213,94.0,0.4,,,0.6745601296424866,False,0.6421878933906555,0.6391236782073975,0.5784946084022522,0.5801368355751038,0.5659574468085107,0.5702127659574469,,,47.0,133.0,102.0,0.5659574468085107,0.8680851063829786,0.5852641255184232,0.004052877891808748,,,
va_long_beach,hungary,6,reliability_gated_sfda,2,235,59,0.002127659574468085,94.0,0.4,,,0.6810908317565918,False,0.6358685493469238,0.6326507925987244,0.5859526991844177,0.5876023173332214,0.5957446808510638,0.5914893617021276,,,47.0,140.0,95.0,0.5957446808510638,0.8085106382978724,0.549497546562516,0.0041376883164048195,,,
va_long_beach,hungary,6,reliability_gated_sfda,3,235,59,0.002127659574468085,94.0,0.4,,,0.6796286702156067,False,0.6391497850418091,0.6361987590789795,0.5810368061065674,0.5825260281562805,0.6042553191489362,0.6042553191489362,,,47.0,142.0,93.0,0.6042553191489362,0.7914893617021277,0.5367743541655793,0.003909028135240078,,,
va_long_beach,hungary,6,reliability_gated_sfda,4,235,59,0.001595744680851064,94.0,0.4,,,0.6849116086959839,False,0.634094774723053,0.6307831406593323,0.587103545665741,0.5888935327529907,0.5957446808510638,0.5957446808510638,,,47.0,140.0,95.0,0.5957446808510638,0.8085106382978724,0.5528746650277246,0.004047988448292017,,,
va_long_beach,hungary,6,reliability_gated_sfda,5,236,58,0.00211864406779661,94.0,0.3983050847457627,,,0.6835270524024963,False,0.6336804032325745,0.6304867267608643,0.5916203856468201,0.5933613181114197,0.614406779661017,0.6059322033898306,,,47.0,145.0,91.0,0.614406779661017,0.771186440677966,0.5260100005929221,0.003937512636184692,,,
va_long_beach,hungary,6,conservative_candidate,1,235,59,0.0005319148936170213,94.0,,,,0.6745601296424866,False,0.6421878933906555,0.6433470249176025,,,0.5659574468085107,0.5617021276595745,,,47.0,,,0.5659574468085107,0.8680851063829786,0.5852641255184232,,full,0.999468085106383,0.002224277937784791
va_long_beach,hungary,6,conservative_candidate,2,235,59,0.002127659574468085,94.0,,,,0.6810908317565918,False,0.6358685493469238,0.6369414925575256,,,0.5957446808510638,0.5829787234042553,,,47.0,,,0.5957446808510638,0.8085106382978724,0.549497546562516,,full,0.997872340425532,0.001901225303299725
va_long_beach,hungary,6,conservative_candidate,3,235,59,0.002127659574468085,94.0,,,,0.6796286702156067,False,0.6391497850418091,0.6399791836738586,,,0.6042553191489362,0.5872340425531914,,,47.0,,,0.6042553191489362,0.7914893617021277,0.5367743541655793,,full,0.997872340425532,0.0018191674025729299
va_long_beach,hungary,6,conservative_candidate,4,235,59,0.001595744680851064,94.0,,,,0.6849116086959839,False,0.634094774723053,0.6347547769546509,,,0.5957446808510638,0.5914893617021276,,,47.0,,,0.5957446808510638,0.8085106382978724,0.5528746650277246,,full,0.9984042553191489,0.0013085590908303857
va_long_beach,hungary,6,conservative_candidate,5,236,58,0.00211864406779661,94.0,,,,0.6835270524024963,False,0.6336804032325745,0.6344853043556213,,,0.614406779661017,0.6016949152542372,,,47.0,,,0.614406779661017,0.771186440677966,0.5260100005929221,,full,0.9978813559322034,0.0018373045604676008
va_long_beach,switzerland,6,pseudo_label_sfda,1,98,25,0.012755102040816325,3.0,0.030612244897959183,3.0,0.0,0.9092820286750793,True,,,,,,,,,,,,,,,,,,
va_long_beach,switzerland,6,pseudo_label_sfda,2,98,25,0.007653061224489795,3.0,0.030612244897959183,3.0,0.0,0.9092820286750793,True,,,,,,,,,,,,,,,,,,
va_long_beach,switzerland,6,pseudo_label_sfda,3,98,25,0.011479591836734693,3.0,0.030612244897959183,3.0,0.0,0.9092820286750793,True,,,,,,,,,,,,,,,,,,
va_long_beach,switzerland,6,pseudo_label_sfda,4,99,24,0.01388888888888889,0.0,0.0,0.0,0.0,,True,,,,,,,,,,,,,,,,,,
va_long_beach,switzerland,6,pseudo_label_sfda,5,99,24,0.0101010101010101,3.0,0.030303030303030304,3.0,0.0,0.9092820286750793,True,,,,,,,,,,,,,,,,,,
va_long_beach,switzerland,6,entropy_sfda,1,98,25,0.012755102040816325,,,,,,,0.5679656267166138,0.5295555591583252,0.7079789042472839,0.747312605381012,0.9387755102040817,0.9591836734693877,0.7127156853675842,0.7482807636260986,,,,,,,,,,
va_long_beach,switzerland,6,entropy_sfda,2,98,25,0.007653061224489795,,,,,,,0.5731067061424255,0.5357466340065002,0.7002831101417542,0.7388915419578552,0.8979591836734694,0.9489795918367347,0.7066932916641235,0.7400403022766113,,,,,,,,,,
va_long_beach,switzerland,6,entropy_sfda,3,98,25,0.011479591836734693,,,,,,,0.5777451395988464,0.5424972772598267,0.6956827044487,0.7333903908729553,0.9081632653061225,0.9693877551020408,0.7005257606506348,0.7340067625045776,,,,,,,,,,
va_long_beach,switzerland,6,entropy_sfda,4,99,24,0.01388888888888889,,,,,,,0.5819093585014343,0.5464321970939636,0.6919634938240051,0.7309862971305847,0.898989898989899,0.9595959595959596,0.6978546977043152,0.7317402958869934,,,,,,,,,,
va_long_beach,switzerland,6,entropy_sfda,5,99,24,0.0101010101010101,,,,,,,0.5726677179336548,0.5359591841697693,0.7002782225608826,0.7391141057014465,0.9090909090909091,0.9595959595959596,0.705592930316925,0.7401106953620911,,,,,,,,,,
va_long_beach,switzerland,6,reliability_gated_sfda,1,98,25,0.012755102040816325,12.0,0.12244897959183673,,,0.7195485234260559,True,0.5679656267166138,0.5679656267166138,0.7079789042472839,0.7079789042472839,0.9387755102040817,0.9387755102040817,,,6.0,92.0,6.0,0.9387755102040817,0.12244897959183665,0.08698415615344131,0.0,,,
va_long_beach,switzerland,6,reliability_gated_sfda,2,98,25,0.007653061224489795,20.0,0.20408163265306123,,,0.7087405323982239,False,0.5731067061424255,0.5710577964782715,0.7002831101417542,0.7017581462860107,0.8979591836734694,0.8979591836734694,,,10.0,88.0,10.0,0.8979591836734694,0.20408163265306123,0.14353397912479648,0.0016468057874590158,,,
va_long_beach,switzerland,6,reliability_gated_sfda,3,98,25,0.011479591836734693,18.0,0.1836734693877551,,,0.7070615291595459,False,0.5777451395988464,0.5764251351356506,0.6956827044487,0.6962937116622925,0.9081632653061225,0.9081632653061225,,,9.0,89.0,9.0,0.9081632653061225,0.18367346938775508,0.12837760740024554,0.0013293453957885504,,,
va_long_beach,switzerland,6,reliability_gated_sfda,4,99,24,0.01388888888888889,20.0,0.20202020202020202,,,0.7001508474349976,False,0.5819093585014343,0.5801140069961548,0.6919634938240051,0.6929495334625244,0.898989898989899,0.898989898989899,,,10.0,89.0,10.0,0.898989898989899,0.202020202020202,0.1394801070928306,0.0017397132469341159,,,
va_long_beach,switzerland,6,reliability_gated_sfda,5,99,24,0.0101010101010101,18.0,0.18181818181818182,,,0.70912104845047,False,0.5726677179336548,0.571861743927002,0.7002782225608826,0.7002905011177063,0.9090909090909091,0.9090909090909091,,,9.0,90.0,9.0,0.9090909090909091,0.18181818181818188,0.12762876537767875,0.0012892743106931448,,,
va_long_beach,switzerland,6,conservative_candidate,1,98,25,0.012755102040816325,12.0,,,,0.7195485234260559,True,0.5679656267166138,0.5679656267166138,,,0.9387755102040817,0.9387755102040817,,,6.0,,,0.9387755102040817,0.12244897959183665,0.08698415615344131,,full,0.9872448979591837,0.0
va_long_beach,switzerland,6,conservative_candidate,2,98,25,0.007653061224489795,20.0,,,,0.7087405323982239,False,0.5731067061424255,0.574524998664856,,,0.8979591836734694,0.8979591836734694,,,10.0,,,0.8979591836734694,0.20408163265306123,0.14353397912479648,,full,0.9923469387755102,0.001254819449968636
va_long_beach,switzerland,6,conservative_candidate,3,98,25,0.011479591836734693,18.0,,,,0.7070615291595459,False,0.5777451395988464,0.5792958736419678,,,0.9081632653061225,0.9081632653061225,,,9.0,,,0.9081632653061225,0.18367346938775508,0.12837760740024554,,full,0.9885204081632653,0.0016888030804693699
va_long_beach,switzerland,6,conservative_candidate,4,99,24,0.01388888888888889,20.0,,,,0.7001508474349976,False,0.5819093585014343,0.5832429528236389,,,0.898989898989899,0.898989898989899,,,10.0,,,0.898989898989899,0.202020202020202,0.1394801070928306,,full,0.9861111111111112,0.0015591527335345745
va_long_beach,switzerland,6,conservative_candidate,5,99,24,0.0101010101010101,18.0,,,,0.70912104845047,False,0.5726677179336548,0.5747086405754089,,,0.9090909090909091,0.9090909090909091,,,9.0,,,0.9090909090909091,0.18181818181818188,0.12762876537767875,,full,0.98989898989899,0.0021952649112790823
va_long_beach,cleveland,7,pseudo_label_sfda,1,242,61,0.0,10.0,0.04132231404958678,10.0,0.0,0.9281054735183716,False,,,,,,,,,,,,,,,,,,
va_long_beach,cleveland,7,pseudo_label_sfda,2,242,61,0.0,9.0,0.0371900826446281,9.0,0.0,0.9292437434196472,True,,,,,,,,,,,,,,,,,,
va_long_beach,cleveland,7,pseudo_label_sfda,3,242,61,0.0,9.0,0.0371900826446281,9.0,0.0,0.9289305210113525,True,,,,,,,,,,,,,,,,,,
va_long_beach,cleveland,7,pseudo_label_sfda,4,243,60,0.0,8.0,0.03292181069958848,8.0,0.0,0.922073245048523,True,,,,,,,,,,,,,,,,,,
va_long_beach,cleveland,7,pseudo_label_sfda,5,243,60,0.0,8.0,0.03292181069958848,8.0,0.0,0.9241587519645691,True,,,,,,,,,,,,,,,,,,
va_long_beach,cleveland,7,entropy_sfda,1,242,61,0.0,,,,,,,0.6068038940429688,0.5452829003334045,0.6492559909820557,0.7247554063796997,0.8801652892561983,1.0,0.6557475924491882,0.7247554063796997,,,,,,,,,,
va_long_beach,cleveland,7,entropy_sfda,2,242,61,0.0,,,,,,,0.6102423667907715,0.5476111769676208,0.6468526124954224,0.725494384765625,0.8801652892561983,1.0,0.6533389687538147,0.725494384765625,,,,,,,,,,
va_long_beach,cleveland,7,entropy_sfda,3,242,61,0.0,,,,,,,0.6060158014297485,0.5432932376861572,0.6521066427230835,0.7276846170425415,0.8842975206611571,1.0,0.6579011082649231,0.7276846170425415,,,,,,,,,,
va_long_beach,cleveland,7,entropy_sfda,4,243,60,0.0,,,,,,,0.6070139408111572,0.5443422198295593,0.6492272019386292,0.7271745800971985,0.8847736625514403,1.0,0.6551517844200134,0.7271745800971985,,,,,,,,,,
va_long_beach,cleveland,7,entropy_sfda,5,243,60,0.0,,,,,,,0.6084152460098267,0.5455852746963501,0.6501377820968628,0.7278128266334534,0.8930041152263375,1.0,0.6554647088050842,0.7278128266334534,,,,,,,,,,
va_long_beach,cleveland,7,reliability_gated_sfda,1,242,61,0.0,58.0,0.2396694214876033,,,0.7045433521270752,False,0.6068038940429688,0.6050653457641602,0.6492559909820557,0.6504331231117249,0.8801652892561983,0.8801652892561983,,,29.0,213.0,29.0,0.8801652892561983,0.2396694214876034,0.16885749761723295,0.0014655084814876318,,,
va_long_beach,cleveland,7,reliability_gated_sfda,2,242,61,0.0,58.0,0.2396694214876033,,,0.7014524936676025,False,0.6102423667907715,0.608452558517456,0.6468526124954224,0.6483148336410522,0.8801652892561983,0.8801652892561983,,,29.0,213.0,29.0,0.8801652892561983,0.2396694214876034,0.16811671335835107,0.0015489514917135239,,,
va_long_beach,cleveland,7,reliability_gated_sfda,3,242,61,0.0,56.0,0.23140495867768596,,,0.7023530602455139,False,0.6060158014297485,0.604242742061615,0.6521066427230835,0.6535446643829346,0.8842975206611571,0.8842975206611571,,,28.0,214.0,28.0,0.8842975206611571,0.23140495867768585,0.16252798088325934,0.001538449083454907,,,
va_long_beach,cleveland,7,reliability_gated_sfda,4,243,60,0.0,56.0,0.23045267489711935,,,0.7038074135780334,False,0.6070139408111572,0.6051436066627502,0.6492272019386292,0.6507220268249512,0.8847736625514403,0.8847736625514403,,,28.0,215.0,28.0,0.8847736625514403,0.2304526748971194,0.162194301071481,0.0015917441342025995,,,
va_long_beach,cleveland,7,reliability_gated_sfda,5,243,60,0.0,52.0,0.2139917695473251,,,0.7037355899810791,False,0.6084152460098267,0.6073430180549622,0.6501377820968628,0.6504126787185669,0.8930041152263375,0.8888888888888888,,,26.0,217.0,26.0,0.8930041152263375,0.21399176954732502,0.15059362419348188,0.0013523781672120094,,,
va_long_beach,cleveland,7,conservative_candidate,1,242,61,0.0,58.0,,,,0.7045433521270752,False,0.6068038940429688,0.6087179780006409,,,0.8801652892561983,0.8801652892561983,,,29.0,,,0.8801652892561983,0.2396694214876034,0.16885749761723295,,full,1.0,0.002177566522732377
va_long_beach,cleveland,7,conservative_candidate,2,242,61,0.0,58.0,,,,0.7014524936676025,False,0.6102423667907715,0.6119236946105957,,,0.8801652892561983,0.8801652892561983,,,29.0,,,0.8801652892561983,0.2396694214876034,0.16811671335835107,,full,1.0,0.0019266825402155519
va_long_beach,cleveland,7,conservative_candidate,3,242,61,0.0,56.0,,,,0.7023530602455139,False,0.6060158014297485,0.6079227924346924,,,0.8842975206611571,0.8842975206611571,,,28.0,,,0.8842975206611571,0.23140495867768585,0.16252798088325934,,full,1.0,0.0020973701030015945
va_long_beach,cleveland,7,conservative_candidate,4,243,60,0.0,56.0,,,,0.7038074135780334,False,0.6070139408111572,0.6087578535079956,,,0.8847736625514403,0.8847736625514403,,,28.0,,,0.8847736625514403,0.2304526748971194,0.162194301071481,,full,1.0,0.0019660249818116426
va_long_beach,cleveland,7,conservative_candidate,5,243,60,0.0,52.0,,,,0.7037355899810791,False,0.6084152460098267,0.6106461882591248,,,0.8930041152263375,0.8930041152263375,,,26.0,,,0.8930041152263375,0.21399176954732502,0.15059362419348188,,full,1.0,0.0025566841941326857
va_long_beach,hungary,7,pseudo_label_sfda,1,235,59,0.0005319148936170213,0.0,0.0,0.0,0.0,,True,,,,,,,,,,,,,,,,,,
va_long_beach,hungary,7,pseudo_label_sfda,2,235,59,0.002127659574468085,3.0,0.01276595744680851,3.0,0.0,0.9279796481132507,True,,,,,,,,,,,,,,,,,,
va_long_beach,hungary,7,pseudo_label_sfda,3,235,59,0.002127659574468085,3.0,0.01276595744680851,3.0,0.0,0.9279796481132507,True,,,,,,,,,,,,,,,,,,
va_long_beach,hungary,7,pseudo_label_sfda,4,235,59,0.001595744680851064,3.0,0.01276595744680851,3.0,0.0,0.9279796481132507,True,,,,,,,,,,,,,,,,,,
va_long_beach,hungary,7,pseudo_label_sfda,5,236,58,0.00211864406779661,3.0,0.012711864406779662,3.0,0.0,0.9279796481132507,True,,,,,,,,,,,,,,,,,,
va_long_beach,hungary,7,entropy_sfda,1,235,59,0.0005319148936170213,,,,,,,0.6465590596199036,0.6016412973403931,0.5864251852035522,0.664242148399353,0.6893617021276596,0.9914893617021276,0.6030047535896301,0.6646100878715515,,,,,,,,,,
va_long_beach,hungary,7,entropy_sfda,2,235,59,0.002127659574468085,,,,,,,0.6386101841926575,0.593498706817627,0.5937814116477966,0.6683253645896912,0.6851063829787234,0.9787234042553191,0.6119083762168884,0.6690762042999268,,,,,,,,,,
va_long_beach,hungary,7,entropy_sfda,3,235,59,0.002127659574468085,,,,,,,0.6424987316131592,0.5999911427497864,0.5878390669822693,0.6631572246551514,0.6893617021276596,0.9787234042553191,0.6062296032905579,0.6639178395271301,,,,,,,,,,
va_long_beach,hungary,7,entropy_sfda,4,235,59,0.001595744680851064,,,,,,,0.637645423412323,0.5924973487854004,0.5940099954605103,0.6688530445098877,0.7021276595744681,0.9829787234042553,0.6101428866386414,0.6692885756492615,,,,,,,,,,
va_long_beach,hungary,7,entropy_sfda,5,236,58,0.00211864406779661,,,,,,,0.6372067332267761,0.5897379517555237,0.5982583165168762,0.6757349371910095,0.7203389830508474,0.9872881355932204,0.61329585313797,0.6763082146644592,,,,,,,,,,
va_long_beach,hungary,7,reliability_gated_sfda,1,235,59,0.0005319148936170213,94.0,0.4,,,0.6611714959144592,False,0.6465590596199036,0.6438214182853699,0.5864251852035522,0.5898454785346985,0.6893617021276596,0.6936170212765957,,,47.0,162.0,73.0,0.6893617021276596,0.6212765957446809,0.41055188130420384,0.0035028052516281605,,,
va_long_beach,hungary,7,reliability_gated_sfda,2,235,59,0.002127659574468085,94.0,0.4,,,0.6710717082023621,False,0.6386101841926575,0.6357003450393677,0.5937814116477966,0.5970187783241272,0.6851063829787234,0.6893617021276596,,,47.0,161.0,74.0,0.6851063829787234,0.6297872340425532,0.4217331770913749,0.0034084650687873363,,,
va_long_beach,hungary,7,reliability_gated_sfda,3,235,59,0.002127659574468085,94.0,0.4,,,0.6683554649353027,False,0.6424987316131592,0.6398863196372986,0.5878390669822693,0.5907486081123352,0.6893617021276596,0.6936170212765957,,,47.0,162.0,73.0,0.6893617021276596,0.6212765957446809,0.4143501322406512,0.0032132863998413086,,,
va_long_beach,hungary,7,reliability_gated_sfda,4,235,59,0.001595744680851064,94.0,0.4,,,0.6740277409553528,False,0.637645423412323,0.6347941756248474,0.5940099954605103,0.597284197807312,0.7021276595744681,0.7063829787234043,,,47.0,165.0,70.0,0.7021276595744681,0.5957446808510638,0.40090767263070975,0.0033409877214580774,,,
va_long_beach,hungary,7,reliability_gated_sfda,5,236,58,0.00211864406779661,94.0,0.3983050847457627,,,0.6718425750732422,False,0.6372067332267761,0.6343324184417725,0.5982583165168762,0.6015793085098267,0.7203389830508474,0.7203389830508474,,,47.0,170.0,66.0,0.7203389830508474,0.5593220338983051,0.37498021920293756,0.003383621107786894,,,
va_long_beach,hungary,7,conservative_candidate,1,235,59,0.0005319148936170213,94.0,,,,0.6611714959144592,False,0.6465590596199036,0.6479208469390869,,,0.6893617021276596,0.6893617021276596,,,47.0,,,0.6893617021276596,0.6212765957446809,0.41055188130420384,,full,0.999468085106383,0.0019823373295366764
va_long_beach,hungary,7,conservative_candidate,2,235,59,0.002127659574468085,94.0,,,,0.6710717082023621,False,0.6386101841926575,0.6394355893135071,,,0.6851063829787234,0.6851063829787234,,,47.0,,,0.6851063829787234,0.6297872340425532,0.4217331770913749,,full,0.997872340425532,0.0014134905068203807
va_long_beach,hungary,7,conservative_candidate,3,235,59,0.002127659574468085,94.0,,,,0.6683554649353027,False,0.6424987316131592,0.6435759663581848,,,0.6893617021276596,0.6893617021276596,,,47.0,,,0.6893617021276596,0.6212765957446809,0.4143501322406512,,full,0.997872340425532,0.001719719497486949
va_long_beach,hungary,7,conservative_candidate,4,235,59,0.001595744680851064,94.0,,,,0.6740277409553528,False,0.637645423412323,0.6387105584144592,,,0.7021276595744681,0.7021276595744681,,,47.0,,,0.7021276595744681,0.5957446808510638,0.40090767263070975,,full,0.9984042553191489,0.0016545705730095506
va_long_beach,hungary,7,conservative_candidate,5,236,58,0.00211864406779661,94.0,,,,0.6718425750732422,False,0.6372067332267761,0.6383614540100098,,,0.7203389830508474,0.7203389830508474,,,47.0,,,0.7203389830508474,0.5593220338983051,0.37498021920293756,,full,0.9978813559322034,0.001794670708477497
va_long_beach,switzerland,7,pseudo_label_sfda,1,98,25,0.012755102040816325,0.0,0.0,0.0,0.0,,True,,,,,,,,,,,,,,,,,,
va_long_beach,switzerland,7,pseudo_label_sfda,2,98,25,0.007653061224489795,0.0,0.0,0.0,0.0,,True,,,,,,,,,,,,,,,,,,
va_long_beach,switzerland,7,pseudo_label_sfda,3,98,25,0.011479591836734693,0.0,0.0,0.0,0.0,,True,,,,,,,,,,,,,,,,,,
va_long_beach,switzerland,7,pseudo_label_sfda,4,99,24,0.01388888888888889,0.0,0.0,0.0,0.0,,True,,,,,,,,,,,,,,,,,,
va_long_beach,switzerland,7,pseudo_label_sfda,5,99,24,0.0101010101010101,0.0,0.0,0.0,0.0,,True,,,,,,,,,,,,,,,,,,
va_long_beach,switzerland,7,entropy_sfda,1,98,25,0.012755102040816325,,,,,,,0.572197675704956,0.5391571521759033,0.7079628705978394,0.7415221333503723,0.9693877551020408,0.9897959183673469,0.7098214030265808,0.7418915629386902,,,,,,,,,,
va_long_beach,switzerland,7,entropy_sfda,2,98,25,0.007653061224489795,,,,,,,0.5788121819496155,0.5469168424606323,0.7013686895370483,0.7351582050323486,0.9591836734693877,0.9897959183673469,0.7035225033760071,0.7355202436447144,,,,,,,,,,
va_long_beach,switzerland,7,entropy_sfda,3,98,25,0.011479591836734693,,,,,,,0.5836880207061768,0.5517205595970154,0.6968795657157898,0.7315168380737305,0.9591836734693877,1.0,0.6983570456504822,0.7315168380737305,,,,,,,,,,
va_long_beach,switzerland,7,entropy_sfda,4,99,24,0.01388888888888889,,,,,,,0.5834017992019653,0.5490898489952087,0.6952295303344727,0.7324169278144836,0.9494949494949495,0.98989898989899,0.6976039409637451,0.7327343821525574,,,,,,,,,,
va_long_beach,switzerland,7,entropy_sfda,5,99,24,0.0101010101010101,,,,,,,0.5733811259269714,0.5399221777915955,0.7062634825706482,0.7409878373146057,0.9595959595959596,0.98989898989899,0.7079525589942932,0.7413302063941956,,,,,,,,,,
va_long_beach,switzerland,7,reliability_gated_sfda,1,98,25,0.012755102040816325,6.0,0.061224489795918366,,,0.7136726379394531,True,0.572197675704956,0.572197675704956,0.7079628705978394,0.7079628705978394,0.9693877551020408,0.9693877551020408,,,3.0,95.0,3.0,0.9693877551020408,0.061224489795918435,0.043136918609314144,0.0,,,
va_long_beach,switzerland,7,reliability_gated_sfda,2,98,25,0.007653061224489795,8.0,0.08163265306122448,,,0.7100592851638794,True,0.5788121819496155,0.5788121819496155,0.7013686895370483,0.7013686895370483,0.9591836734693877,0.9591836734693877,,,4.0,94.0,4.0,0.9591836734693877,0.08163265306122458,0.05752042105971457,0.0,,,
va_long_beach,switzerland,7,reliability_gated_sfda,3,98,25,0.011479591836734693,8.0,0.08163265306122448,,,0.7054693102836609,True,0.5836880207061768,0.5836880207061768,0.6968795657157898,0.6968795657157898,0.9591836734693877,0.9591836734693877,,,4.0,94.0,4.0,0.9591836734693877,0.08163265306122458,0.05692822943251122,0.0,,,
va_long_beach,switzerland,7,reliability_gated_sfda,4,99,24,0.01388888888888889,10.0,0.10101010101010101,,,0.707271933555603,True,0.5834017992019653,0.5834017992019653,0.6952295303344727,0.6952295303344727,0.9494949494949495,0.9494949494949495,,,5.0,94.0,5.0,0.9494949494949495,0.101010101010101,0.07044936487436561,0.0,,,
va_long_beach,switzerland,7,reliability_gated_sfda,5,99,24,0.0101010101010101,8.0,0.08080808080808081,,,0.7083609700202942,True,0.5733811259269714,0.5733811259269714,0.7062634825706482,0.7062634825706482,0.9595959595959596,0.9595959595959596,,,4.0,95.0,4.0,0.9595959595959596,0.08080808080808088,0.05666309565308757,0.0,,,
va_long_beach,switzerland,7,conservative_candidate,1,98,25,0.012755102040816325,6.0,,,,0.7136726379394531,True,0.572197675704956,0.572197675704956,,,0.9693877551020408,0.9693877551020408,,,3.0,,,0.9693877551020408,0.061224489795918435,0.043136918609314144,,full,0.9872448979591837,0.0
va_long_beach,switzerland,7,conservative_candidate,2,98,25,0.007653061224489795,8.0,,,,0.7100592851638794,True,0.5788121819496155,0.5788121819496155,,,0.9591836734693877,0.9591836734693877,,,4.0,,,0.9591836734693877,0.08163265306122458,0.05752042105971457,,full,0.9923469387755102,0.0
va_long_beach,switzerland,7,conservative_candidate,3,98,25,0.011479591836734693,8.0,,,,0.7054693102836609,True,0.5836880207061768,0.5836880207061768,,,0.9591836734693877,0.9591836734693877,,,4.0,,,0.9591836734693877,0.08163265306122458,0.05692822943251122,,full,0.9885204081632653,0.0
va_long_beach,switzerland,7,conservative_candidate,4,99,24,0.01388888888888889,10.0,,,,0.707271933555603,True,0.5834017992019653,0.5834017992019653,,,0.9494949494949495,0.9494949494949495,,,5.0,,,0.9494949494949495,0.101010101010101,0.07044936487436561,,full,0.9861111111111112,0.0
va_long_beach,switzerland,7,conservative_candidate,5,99,24,0.0101010101010101,8.0,,,,0.7083609700202942,True,0.5733811259269714,0.5733811259269714,,,0.9595959595959596,0.9595959595959596,,,4.0,,,0.9595959595959596,0.08080808080808088,0.05666309565308757,,full,0.98989898989899,0.0
va_long_beach,cleveland,8,pseudo_label_sfda,1,242,61,0.0,15.0,0.06198347107438017,15.0,0.0,0.933379054069519,False,,,,,,,,,,,,,,,,,,
va_long_beach,cleveland,8,pseudo_label_sfda,2,242,61,0.0,12.0,0.049586776859504134,12.0,0.0,0.931922972202301,False,,,,,,,,,,,,,,,,,,
va_long_beach,cleveland,8,pseudo_label_sfda,3,242,61,0.0,13.0,0.05371900826446281,13.0,0.0,0.9356701970100403,False,,,,,,,,,,,,,,,,,,
va_long_beach,cleveland,8,pseudo_label_sfda,4,243,60,0.0,12.0,0.04938271604938271,12.0,0.0,0.933814525604248,False,,,,,,,,,,,,,,,,,,
va_long_beach,cleveland,8,pseudo_label_sfda,5,243,60,0.0,12.0,0.04938271604938271,12.0,0.0,0.9313469529151917,False,,,,,,,,,,,,,,,,,,
va_long_beach,cleveland,8,entropy_sfda,1,242,61,0.0,,,,,,,0.5910677909851074,0.5078371167182922,0.6384543180465698,0.7473028302192688,0.7231404958677686,0.9545454545454546,0.6695318818092346,0.7496678233146667,,,,,,,,,,
va_long_beach,cleveland,8,entropy_sfda,2,242,61,0.0,,,,,,,0.5953972935676575,0.5086955428123474,0.6364833116531372,0.7508049607276917,0.7272727272727273,0.9710743801652892,0.6669462323188782,0.7527179718017578,,,,,,,,,,
va_long_beach,cleveland,8,entropy_sfda,3,242,61,0.0,,,,,,,0.5904176831245422,0.508492648601532,0.6397767663002014,0.7458813786506653,0.71900826446281,0.9545454545454546,0.6708211302757263,0.7485993504524231,,,,,,,,,,
va_long_beach,cleveland,8,entropy_sfda,4,243,60,0.0,,,,,,,0.5916423797607422,0.5076137781143188,0.6391500234603882,0.7503820061683655,0.7283950617283951,0.9629629629629629,0.6683153510093689,0.7523070573806763,,,,,,,,,,
va_long_beach,cleveland,8,entropy_sfda,5,243,60,0.0,,,,,,,0.593692421913147,0.5081543326377869,0.640505313873291,0.7520977854728699,0.7325102880658436,0.9711934156378601,0.6684747934341431,0.753152072429657,,,,,,,,,,
va_long_beach,cleveland,8,reliability_gated_sfda,1,242,61,0.0,96.0,0.39669421487603307,,,0.7248826026916504,False,0.5910677909851074,0.5871245265007019,0.6384543180465698,0.639994740486145,0.7231404958677686,0.7272727272727273,,,48.0,175.0,67.0,0.7231404958677686,0.5537190082644627,0.4013812758705832,0.004018030595034361,,,
va_long_beach,cleveland,8,reliability_gated_sfda,2,242,61,0.0,96.0,0.39669421487603307,,,0.7214968204498291,False,0.5953972935676575,0.5918412804603577,0.6364833116531372,0.6373816728591919,0.7272727272727273,0.7231404958677686,,,48.0,176.0,66.0,0.7272727272727273,0.5454545454545454,0.3935437202453613,0.003866767743602395,,,
va_long_beach,cleveland,8,reliability_gated_sfda,3,242,61,0.0,96.0,0.39669421487603307,,,0.7242687344551086,False,0.5904176831245422,0.5867258310317993,0.6397767663002014,0.6407361030578613,0.71900826446281,0.7107438016528925,,,48.0,174.0,68.0,0.71900826446281,0.5619834710743801,0.4070270573797304,0.0039366306737065315,,,
va_long_beach,cleveland,8,reliability_gated_sfda,4,243,60,0.0,98.0,0.40329218106995884,,,0.7233332395553589,False,0.5916423797607422,0.5882164835929871,0.6391500234603882,0.6398636698722839,0.7283950617283951,0.720164609053498,,,49.0,177.0,66.0,0.7283950617283951,0.5432098765432098,0.39292175975846655,0.0037332577630877495,,,
va_long_beach,cleveland,8,reliability_gated_sfda,5,243,60,0.0,98.0,0.40329218106995884,,,0.7179749011993408,False,0.593692421913147,0.5898422598838806,0.640505313873291,0.6421760320663452,0.7325102880658436,0.7325102880658436,,,49.0,178.0,65.0,0.7325102880658436,0.5349794238683128,0.38410179899553215,0.0038473051972687244,,,
va_long_beach,cleveland,8,conservative_candidate,1,242,61,0.0,96.0,,,,0.7248826026916504,False,0.5910677909851074,0.59162837266922,,,0.7231404958677686,0.7231404958677686,,,48.0,,,0.7231404958677686,0.5537190082644627,0.4013812758705832,,full,1.0,0.0009999016765505075
va_long_beach,cleveland,8,conservative_candidate,2,242,61,0.0,96.0,,,,0.7214968204498291,False,0.5953972935676575,0.5967803001403809,,,0.7272727272727273,0.7272727272727273,,,48.0,,,0.7272727272727273,0.5454545454545454,0.3935437202453613,,full,1.0,0.0018497693818062544
va_long_beach,cleveland,8,conservative_candidate,3,242,61,0.0,96.0,,,,0.7242687344551086,False,0.5904176831245422,0.5915707945823669,,,0.71900826446281,0.71900826446281,,,48.0,,,0.71900826446281,0.5619834710743801,0.4070270573797304,,full,1.0,0.0015362190315499902
va_long_beach,cleveland,8,conservative_candidate,4,243,60,0.0,98.0,,,,0.7233332395553589,False,0.5916423797607422,0.5926238894462585,,,0.7283950617283951,0.7283950617283951,,,49.0,,,0.7283950617283951,0.5432098765432098,0.39292175975846655,,full,1.0,0.0014339532935991883
va_long_beach,cleveland,8,conservative_candidate,5,243,60,0.0,98.0,,,,0.7179749011993408,False,0.593692421913147,0.5938695669174194,,,0.7325102880658436,0.7325102880658436,,,49.0,,,0.7325102880658436,0.5349794238683128,0.38410179899553215,,full,1.0,0.0009401585557498038
va_long_beach,hungary,8,pseudo_label_sfda,1,235,59,0.0005319148936170213,5.0,0.02127659574468085,5.0,0.0,0.9183741807937622,True,,,,,,,,,,,,,,,,,,
va_long_beach,hungary,8,pseudo_label_sfda,2,235,59,0.002127659574468085,10.0,0.0425531914893617,10.0,0.0,0.9252154231071472,False,,,,,,,,,,,,,,,,,,
va_long_beach,hungary,8,pseudo_label_sfda,3,235,59,0.002127659574468085,10.0,0.0425531914893617,10.0,0.0,0.925189197063446,False,,,,,,,,,,,,,,,,,,
va_long_beach,hungary,8,pseudo_label_sfda,4,235,59,0.001595744680851064,11.0,0.04680851063829787,11.0,0.0,0.9225622415542603,False,,,,,,,,,,,,,,,,,,
va_long_beach,hungary,8,pseudo_label_sfda,5,236,58,0.00211864406779661,12.0,0.05084745762711865,12.0,0.0,0.92344731092453,False,,,,,,,,,,,,,,,,,,
va_long_beach,hungary,8,entropy_sfda,1,235,59,0.0005319148936170213,,,,,,,0.6291009187698364,0.5752425789833069,0.5637038350105286,0.6488032937049866,0.5234042553191489,0.7148936170212766,0.6353127360343933,0.6820296049118042,,,,,,,,,,
va_long_beach,hungary,8,entropy_sfda,2,235,59,0.002127659574468085,,,,,,,0.6210834980010986,0.5670007467269897,0.5724920630455017,0.650555431842804,0.5404255319148936,0.7063829787234043,0.643221914768219,0.6903171539306641,,,,,,,,,,
va_long_beach,hungary,8,entropy_sfda,3,235,59,0.002127659574468085,,,,,,,0.6250030994415283,0.5730644464492798,0.5665321946144104,0.6494120955467224,0.5276595744680851,0.7361702127659574,0.6368672251701355,0.6851779222488403,,,,,,,,,,
va_long_beach,hungary,8,entropy_sfda,4,235,59,0.001595744680851064,,,,,,,0.619407594203949,0.5672699809074402,0.573159396648407,0.6505155563354492,0.5319148936170213,0.6978723404255319,0.6427931785583496,0.6861715316772461,,,,,,,,,,
va_long_beach,hungary,8,entropy_sfda,5,236,58,0.00211864406779661,,,,,,,0.6192395687103271,0.5614762902259827,0.5779932737350464,0.6649650931358337,0.5635593220338984,0.7542372881355932,0.6440781950950623,0.694711446762085,,,,,,,,,,
va_long_beach,hungary,8,reliability_gated_sfda,1,235,59,0.0005319148936170213,94.0,0.4,,,0.713060200214386,False,0.6291009187698364,0.625426709651947,0.5637038350105286,0.5648252367973328,0.5234042553191489,0.5234042553191489,,,47.0,123.0,112.0,0.5234042553191489,0.9531914893617022,0.6793213807818791,0.004345065448433161,,,
va_long_beach,hungary,8,reliability_gated_sfda,2,235,59,0.002127659574468085,94.0,0.4,,,0.7221118211746216,False,0.6210834980010986,0.617339551448822,0.5724920630455017,0.5731514096260071,0.5404255319148936,0.5319148936170213,,,47.0,127.0,108.0,0.5404255319148936,0.9191489361702128,0.6623161243302297,0.0045197103172540665,,,
va_long_beach,hungary,8,reliability_gated_sfda,3,235,59,0.002127659574468085,94.0,0.4,,,0.7194061875343323,False,0.6250030994415283,0.6215136051177979,0.5665321946144104,0.5671675205230713,0.5276595744680851,0.5276595744680851,,,47.0,124.0,111.0,0.5276595744680851,0.9446808510638298,0.6781632723739214,0.004253127612173557,,,
va_long_beach,hungary,8,reliability_gated_sfda,4,235,59,0.001595744680851064,94.0,0.4,,,0.72407466173172,False,0.619407594203949,0.6157197952270508,0.573159396648407,0.5733738541603088,0.5319148936170213,0.5234042553191489,,,47.0,125.0,110.0,0.5319148936170213,0.9361702127659575,0.6767754432220381,0.0044827391393482685,,,
va_long_beach,hungary,8,reliability_gated_sfda,5,236,58,0.00211864406779661,94.0,0.3983050847457627,,,0.7232547402381897,False,0.6192395687103271,0.6155276894569397,0.5779932737350464,0.5787445902824402,0.5635593220338984,0.559322033898305,,,47.0,133.0,103.0,0.5635593220338984,0.8728813559322033,0.6299780453385394,0.004352889023721218,,,
va_long_beach,hungary,8,conservative_candidate,1,235,59,0.0005319148936170213,94.0,,,,0.713060200214386,False,0.6291009187698364,0.629702091217041,,,0.5234042553191489,0.5148936170212766,,,47.0,,,0.5234042553191489,0.9531914893617022,0.6793213807818791,,full,0.999468085106383,0.0016230818582698703
va_long_beach,hungary,8,conservative_candidate,2,235,59,0.002127659574468085,94.0,,,,0.7221118211746216,False,0.6210834980010986,0.6220986843109131,,,0.5404255319148936,0.5319148936170213,,,47.0,,,0.5404255319148936,0.9191489361702128,0.6623161243302297,,full,0.997872340425532,0.002229454228654504
va_long_beach,hungary,8,conservative_candidate,3,235,59,0.002127659574468085,94.0,,,,0.7194061875343323,False,0.6250030994415283,0.6252439022064209,,,0.5276595744680851,0.5234042553191489,,,47.0,,,0.5276595744680851,0.9446808510638298,0.6781632723739214,,full,0.997872340425532,0.0013661189004778862
va_long_beach,hungary,8,conservative_candidate,4,235,59,0.001595744680851064,94.0,,,,0.72407466173172,False,0.619407594203949,0.6202126145362854,,,0.5319148936170213,0.5191489361702127,,,47.0,,,0.5319148936170213,0.9361702127659575,0.6767754432220381,,full,0.9984042553191489,0.002034799661487341
va_long_beach,hungary,8,conservative_candidate,5,236,58,0.00211864406779661,94.0,,,,0.7232547402381897,False,0.6192395687103271,0.6199972033500671,,,0.5635593220338984,0.559322033898305,,,47.0,,,0.5635593220338984,0.8728813559322033,0.6299780453385394,,full,0.9978813559322034,0.0019135430920869112
va_long_beach,switzerland,8,pseudo_label_sfda,1,98,25,0.012755102040816325,9.0,0.09183673469387756,9.0,0.0,0.9162652492523193,True,,,,,,,,,,,,,,,,,,
va_long_beach,switzerland,8,pseudo_label_sfda,2,98,25,0.007653061224489795,7.0,0.07142857142857142,7.0,0.0,0.9143123030662537,True,,,,,,,,,,,,,,,,,,
va_long_beach,switzerland,8,pseudo_label_sfda,3,98,25,0.011479591836734693,6.0,0.061224489795918366,6.0,0.0,0.9150555729866028,True,,,,,,,,,,,,,,,,,,
va_long_beach,switzerland,8,pseudo_label_sfda,4,99,24,0.01388888888888889,7.0,0.0707070707070707,7.0,0.0,0.9200202226638794,True,,,,,,,,,,,,,,,,,,
va_long_beach,switzerland,8,pseudo_label_sfda,5,99,24,0.0101010101010101,7.0,0.0707070707070707,7.0,0.0,0.9155003428459167,True,,,,,,,,,,,,,,,,,,
va_long_beach,switzerland,8,entropy_sfda,1,98,25,0.012755102040816325,,,,,,,0.5458822846412659,0.49871763586997986,0.7197417616844177,0.766638994216919,0.9285714285714286,0.9693877551020408,0.7261227369308472,0.7682082653045654,,,,,,,,,,
va_long_beach,switzerland,8,entropy_sfda,2,98,25,0.007653061224489795,,,,,,,0.5525804162025452,0.5062939524650574,0.7095010876655579,0.7578606009483337,0.8877551020408163,0.9591836734693877,0.720908522605896,0.7602676153182983,,,,,,,,,,
va_long_beach,switzerland,8,entropy_sfda,3,98,25,0.011479591836734693,,,,,,,0.5593340992927551,0.5148899555206299,0.7033098936080933,0.7516133189201355,0.8877551020408163,0.9591836734693877,0.7133941650390625,0.7541292905807495,,,,,,,,,,
va_long_beach,switzerland,8,entropy_sfda,4,99,24,0.01388888888888889,,,,,,,0.5594516396522522,0.5138425827026367,0.7013791799545288,0.7514363527297974,0.8787878787878788,0.9696969696969697,0.7121390104293823,0.7528279423713684,,,,,,,,,,
va_long_beach,switzerland,8,entropy_sfda,5,99,24,0.0101010101010101,,,,,,,0.5505526065826416,0.503444254398346,0.7099931240081787,0.7597448229789734,0.8888888888888888,0.9696969696969697,0.7202763557434082,0.761693000793457,,,,,,,,,,
va_long_beach,switzerland,8,reliability_gated_sfda,1,98,25,0.012755102040816325,14.0,0.14285714285714285,,,0.7324873208999634,True,0.5458822846412659,0.5458822846412659,0.7197417616844177,0.7197417616844177,0.9285714285714286,0.9285714285714286,,,7.0,91.0,7.0,0.9285714285714286,0.1428571428571428,0.10330633862546855,0.0,,,
va_long_beach,switzerland,8,reliability_gated_sfda,2,98,25,0.007653061224489795,22.0,0.22448979591836735,,,0.7281203866004944,False,0.5525804162025452,0.5508667230606079,0.7095010876655579,0.7102423906326294,0.8877551020408163,0.8877551020408163,,,11.0,87.0,11.0,0.8877551020408163,0.22448979591836737,0.1622046613006828,0.001722894492559135,,,
va_long_beach,switzerland,8,reliability_gated_sfda,3,98,25,0.011479591836734693,22.0,0.22448979591836735,,,0.7232599854469299,False,0.5593340992927551,0.5579147934913635,0.7033098936080933,0.7038589715957642,0.8877551020408163,0.8877551020408163,,,11.0,87.0,11.0,0.8877551020408163,0.22448979591836737,0.16050060849476983,0.0016778013668954372,,,
va_long_beach,switzerland,8,reliability_gated_sfda,4,99,24,0.01388888888888889,24.0,0.24242424242424243,,,0.7256258130073547,False,0.5594516396522522,0.558440625667572,0.7013791799545288,0.7011611461639404,0.8787878787878788,0.8787878787878788,,,12.0,87.0,12.0,0.8787878787878788,0.24242424242424243,0.17346610344620264,0.001968087861314416,,,
va_long_beach,switzerland,8,reliability_gated_sfda,5,99,24,0.0101010101010101,22.0,0.2222222222222222,,,0.726618230342865,False,0.5505526065826416,0.5483342409133911,0.7099931240081787,0.7110530734062195,0.8888888888888888,0.8888888888888888,,,11.0,88.0,11.0,0.8888888888888888,0.22222222222222232,0.15983970050190976,0.002017325721681118,,,
va_long_beach,switzerland,8,conservative_candidate,1,98,25,0.012755102040816325,14.0,,,,0.7324873208999634,True,0.5458822846412659,0.5458822846412659,,,0.9285714285714286,0.9285714285714286,,,7.0,,,0.9285714285714286,0.1428571428571428,0.10330633862546855,,full,0.9872448979591837,0.0
va_long_beach,switzerland,8,conservative_candidate,2,98,25,0.007653061224489795,22.0,,,,0.7281203866004944,False,0.5525804162025452,0.5540457367897034,,,0.8877551020408163,0.8877551020408163,,,11.0,,,0.8877551020408163,0.22448979591836737,0.1622046613006828,,full,0.9923469387755102,0.0012538201408460736
va_long_beach,switzerland,8,conservative_candidate,3,98,25,0.011479591836734693,22.0,,,,0.7232599854469299,False,0.5593340992927551,0.5606326460838318,,,0.8877551020408163,0.8877551020408163,,,11.0,,,0.8877551020408163,0.22448979591836737,0.16050060849476983,,full,0.9885204081632653,0.0012148332316428423
va_long_beach,switzerland,8,conservative_candidate,4,99,24,0.01388888888888889,24.0,,,,0.7256258130073547,False,0.5594516396522522,0.5617520213127136,,,0.8787878787878788,0.8787878787878788,,,12.0,,,0.8787878787878788,0.24242424242424243,0.17346610344620264,,full,0.9861111111111112,0.002209712518379092
va_long_beach,switzerland,8,conservative_candidate,5,99,24,0.0101010101010101,22.0,,,,0.726618230342865,False,0.5505526065826416,0.5510340929031372,,,0.8888888888888888,0.8888888888888888,,,11.0,,,0.8888888888888888,0.22222222222222232,0.15983970050190976,,full,0.98989898989899,0.0007171784527599812
va_long_beach,cleveland,9,pseudo_label_sfda,1,242,61,0.0,16.0,0.06611570247933884,16.0,0.0,0.939815878868103,False,,,,,,,,,,,,,,,,,,
va_long_beach,cleveland,9,pseudo_label_sfda,2,242,61,0.0,14.0,0.05785123966942149,14.0,0.0,0.9385160803794861,False,,,,,,,,,,,,,,,,,,
va_long_beach,cleveland,9,pseudo_label_sfda,3,242,61,0.0,15.0,0.06198347107438017,15.0,0.0,0.9425332546234131,False,,,,,,,,,,,,,,,,,,
va_long_beach,cleveland,9,pseudo_label_sfda,4,243,60,0.0,15.0,0.06172839506172839,15.0,0.0,0.9362141489982605,False,,,,,,,,,,,,,,,,,,
va_long_beach,cleveland,9,pseudo_label_sfda,5,243,60,0.0,12.0,0.04938271604938271,12.0,0.0,0.9422810077667236,False,,,,,,,,,,,,,,,,,,
va_long_beach,cleveland,9,entropy_sfda,1,242,61,0.0,,,,,,,0.5965575575828552,0.519400954246521,0.6509222984313965,0.7369842529296875,0.9504132231404959,1.0,0.6515296697616577,0.7369842529296875,,,,,,,,,,
va_long_beach,cleveland,9,entropy_sfda,2,242,61,0.0,,,,,,,0.6003327369689941,0.5226646065711975,0.6480421423912048,0.737326979637146,0.9380165289256198,1.0,0.6486839056015015,0.737326979637146,,,,,,,,,,
va_long_beach,cleveland,9,entropy_sfda,3,242,61,0.0,,,,,,,0.5940260291099548,0.5169734358787537,0.6538737416267395,0.739006519317627,0.9421487603305785,1.0,0.654513418674469,0.739006519317627,,,,,,,,,,
va_long_beach,cleveland,9,entropy_sfda,4,243,60,0.0,,,,,,,0.5957505702972412,0.5175180435180664,0.6511819362640381,0.7402324676513672,0.9423868312757202,1.0,0.6518610119819641,0.7402324676513672,,,,,,,,,,
va_long_beach,cleveland,9,entropy_sfda,5,243,60,0.0,,,,,,,0.5975439548492432,0.5176680088043213,0.6519829034805298,0.7417768239974976,0.9465020576131687,1.0,0.6526980400085449,0.7417768239974976,,,,,,,,,,
va_long_beach,cleveland,9,reliability_gated_sfda,1,242,61,0.0,24.0,0.09917355371900827,,,0.7279222011566162,False,0.5965575575828552,0.5958804488182068,0.6509222984313965,0.6515012383460999,0.9504132231404959,0.9628099173553719,,,12.0,230.0,12.0,0.9504132231404959,0.09917355371900816,0.07219063151966434,0.001005002879537642,,,
va_long_beach,cleveland,9,reliability_gated_sfda,2,242,61,0.0,30.0,0.12396694214876033,,,0.7205304503440857,False,0.6003327369689941,0.5992536544799805,0.6480421423912048,0.6489540338516235,0.9380165289256198,0.9545454545454546,,,15.0,227.0,15.0,0.9380165289256198,0.12396694214876036,0.08932195665422552,0.0011612743837758899,,,
va_long_beach,cleveland,9,reliability_gated_sfda,3,242,61,0.0,28.0,0.11570247933884298,,,0.7254085540771484,False,0.5940260291099548,0.5934283137321472,0.6538737416267395,0.6543354392051697,0.9421487603305785,0.9504132231404959,,,14.0,228.0,14.0,0.9421487603305785,0.11570247933884303,0.08393156824033127,0.0010755815310403705,,,
va_long_beach,cleveland,9,reliability_gated_sfda,4,243,60,0.0,28.0,0.11522633744855967,,,0.7222878336906433,False,0.5957505702972412,0.5944482088088989,0.6511819362640381,0.6523789167404175,0.9423868312757202,0.9588477366255144,,,14.0,229.0,14.0,0.9423868312757202,0.11522633744855959,0.08322658165982716,0.001322081545367837,,,
va_long_beach,cleveland,9,reliability_gated_sfda,5,243,60,0.0,26.0,0.10699588477366255,,,0.7228189706802368,False,0.5975439548492432,0.5963448882102966,0.6519829034805298,0.653139591217041,0.9465020576131687,0.9588477366255144,,,13.0,230.0,13.0,0.9465020576131687,0.10699588477366251,0.07733865529911996,0.0012734780320897698,,,
va_long_beach,cleveland,9,conservative_candidate,1,242,61,0.0,24.0,,,,0.7279222011566162,False,0.5965575575828552,0.5975382924079895,,,0.9504132231404959,0.9628099173553719,,,12.0,,,0.9504132231404959,0.09917355371900816,0.07219063151966434,,full,1.0,0.0013265962479636073
va_long_beach,cleveland,9,conservative_candidate,2,242,61,0.0,30.0,,,,0.7205304503440857,False,0.6003327369689941,0.6014576554298401,,,0.9380165289256198,0.9545454545454546,,,15.0,,,0.9380165289256198,0.12396694214876036,0.08932195665422552,,full,1.0,0.001568639650940895
va_long_beach,cleveland,9,conservative_candidate,3,242,61,0.0,28.0,,,,0.7254085540771484,False,0.5940260291099548,0.595416247844696,,,0.9421487603305785,0.9504132231404959,,,14.0,,,0.9421487603305785,0.11570247933884303,0.08393156824033127,,full,1.0,0.0017558584222570062
va_long_beach,cleveland,9,conservative_candidate,4,243,60,0.0,28.0,,,,0.7222878336906433,False,0.5957505702972412,0.5964752435684204,,,0.9423868312757202,0.9629629629629629,,,14.0,,,0.9423868312757202,0.11522633744855959,0.08322658165982716,,full,1.0,0.0012054953258484602
va_long_beach,cleveland,9,conservative_candidate,5,243,60,0.0,26.0,,,,0.7228189706802368,False,0.5975439548492432,0.5982314348220825,,,0.9465020576131687,0.9588477366255144,,,13.0,,,0.9465020576131687,0.10699588477366251,0.07733865529911996,,full,1.0,0.0011541176354512572
va_long_beach,hungary,9,pseudo_label_sfda,1,235,59,0.0005319148936170213,6.0,0.02553191489361702,6.0,0.0,0.9182658791542053,True,,,,,,,,,,,,,,,,,,
va_long_beach,hungary,9,pseudo_label_sfda,2,235,59,0.002127659574468085,10.0,0.0425531914893617,10.0,0.0,0.9321804046630859,False,,,,,,,,,,,,,,,,,,
va_long_beach,hungary,9,pseudo_label_sfda,3,235,59,0.002127659574468085,12.0,0.05106382978723404,12.0,0.0,0.9280406832695007,False,,,,,,,,,,,,,,,,,,
va_long_beach,hungary,9,pseudo_label_sfda,4,235,59,0.001595744680851064,12.0,0.05106382978723404,12.0,0.0,0.9286885857582092,False,,,,,,,,,,,,,,,,,,
va_long_beach,hungary,9,pseudo_label_sfda,5,236,58,0.00211864406779661,12.0,0.05084745762711865,12.0,0.0,0.9302529692649841,False,,,,,,,,,,,,,,,,,,
va_long_beach,hungary,9,entropy_sfda,1,235,59,0.0005319148936170213,,,,,,,0.6354725956916809,0.5751396417617798,0.6038408279418945,0.6876583695411682,0.8936170212765957,1.0,0.6046781539916992,0.6876583695411682,,,,,,,,,,
va_long_beach,hungary,9,entropy_sfda,2,235,59,0.002127659574468085,,,,,,,0.6274797916412354,0.565528929233551,0.612024188041687,0.6944785714149475,0.8936170212765957,1.0,0.612870991230011,0.6944785714149475,,,,,,,,,,
va_long_beach,hungary,9,entropy_sfda,3,235,59,0.002127659574468085,,,,,,,0.6311812996864319,0.5710682272911072,0.6060224175453186,0.6915543079376221,0.8851063829787233,1.0,0.6070024967193604,0.6915543079376221,,,,,,,,,,
va_long_beach,hungary,9,entropy_sfda,4,235,59,0.001595744680851064,,,,,,,0.6250640153884888,0.565021276473999,0.6120360493659973,0.693620502948761,0.8893617021276595,1.0,0.6131276488304138,0.693620502948761,,,,,,,,,,
va_long_beach,hungary,9,entropy_sfda,5,236,58,0.00211864406779661,,,,,,,0.6243918538093567,0.560583233833313,0.6149953603744507,0.6997458338737488,0.8940677966101694,1.0,0.6160123944282532,0.6997458338737488,,,,,,,,,,
va_long_beach,hungary,9,reliability_gated_sfda,1,235,59,0.0005319148936170213,50.0,0.2127659574468085,,,0.6848571300506592,False,0.6354725956916809,0.6328500509262085,0.6038408279418945,0.6066902279853821,0.8936170212765957,0.9191489361702128,,,25.0,210.0,25.0,0.8936170212765957,0.2127659574468086,0.14563677539216716,0.0028494661673903465,,,
va_long_beach,hungary,9,reliability_gated_sfda,2,235,59,0.002127659574468085,50.0,0.2127659574468085,,,0.6945046186447144,False,0.6274797916412354,0.6248542666435242,0.612024188041687,0.6147482991218567,0.8936170212765957,0.9191489361702128,,,25.0,210.0,25.0,0.8936170212765957,0.2127659574468086,0.14745254239220063,0.0027266109827905893,,,
va_long_beach,hungary,9,reliability_gated_sfda,3,235,59,0.002127659574468085,54.0,0.2297872340425532,,,0.6928176283836365,False,0.6311812996864319,0.628731369972229,0.6060224175453186,0.6085346341133118,0.8851063829787233,0.9063829787234042,,,27.0,208.0,27.0,0.8851063829787233,0.2297872340425533,0.15886192174236294,0.002523090923205018,,,
va_long_beach,hungary,9,reliability_gated_sfda,4,235,59,0.001595744680851064,52.0,0.22127659574468084,,,0.6986579298973083,False,0.6250640153884888,0.6225476861000061,0.6120360493659973,0.6146263480186462,0.8893617021276595,0.902127659574468,,,26.0,209.0,26.0,0.8893617021276595,0.22127659574468095,0.15434995153847195,0.002590314019471407,,,
va_long_beach,hungary,9,reliability_gated_sfda,5,236,58,0.00211864406779661,50.0,0.211864406779661,,,0.6992643475532532,False,0.6243918538093567,0.6219408512115479,0.6149953603744507,0.6175322532653809,0.8940677966101694,0.9152542372881356,,,25.0,211.0,25.0,0.8940677966101694,0.21186440677966112,0.14783535069734918,0.00254293205216527,,,
va_long_beach,hungary,9,conservative_candidate,1,235,59,0.0005319148936170213,50.0,,,,0.6848571300506592,False,0.6354725956916809,0.6366800665855408,,,0.8936170212765957,0.9276595744680851,,,25.0,,,0.8936170212765957,0.2127659574468086,0.14563677539216716,,full,0.999468085106383,0.0019747093319892883
va_long_beach,hungary,9,conservative_candidate,2,235,59,0.002127659574468085,50.0,,,,0.6945046186447144,False,0.6274797916412354,0.6283261179924011,,,0.8936170212765957,0.9276595744680851,,,25.0,,,0.8936170212765957,0.2127659574468086,0.14745254239220063,,full,0.997872340425532,0.001545143430121243
va_long_beach,hungary,9,conservative_candidate,3,235,59,0.002127659574468085,54.0,,,,0.6928176283836365,False,0.6311812996864319,0.632062554359436,,,0.8851063829787233,0.9191489361702128,,,27.0,,,0.8851063829787233,0.2297872340425533,0.15886192174236294,,full,0.997872340425532,0.0017275394639000297
va_long_beach,hungary,9,conservative_candidate,4,235,59,0.001595744680851064,52.0,,,,0.6986579298973083,False,0.6250640153884888,0.6258414387702942,,,0.8893617021276595,0.9148936170212766,,,26.0,,,0.8893617021276595,0.22127659574468095,0.15434995153847195,,full,0.9984042553191489,0.0015361154219135642
va_long_beach,hungary,9,conservative_candidate,5,236,58,0.00211864406779661,50.0,,,,0.6992643475532532,False,0.6243918538093567,0.6251931190490723,,,0.8940677966101694,0.9194915254237288,,,25.0,,,0.8940677966101694,0.21186440677966112,0.14783535069734918,,full,0.9978813559322034,0.0015924035105854273
va_long_beach,switzerland,9,pseudo_label_sfda,1,98,25,0.012755102040816325,9.0,0.09183673469387756,9.0,0.0,0.9226629734039307,True,,,,,,,,,,,,,,,,,,
va_long_beach,switzerland,9,pseudo_label_sfda,2,98,25,0.007653061224489795,7.0,0.07142857142857142,7.0,0.0,0.9217248558998108,True,,,,,,,,,,,,,,,,,,
va_long_beach,switzerland,9,pseudo_label_sfda,3,98,25,0.011479591836734693,5.0,0.05102040816326531,5.0,0.0,0.9224008321762085,True,,,,,,,,,,,,,,,,,,
va_long_beach,switzerland,9,pseudo_label_sfda,4,99,24,0.01388888888888889,7.0,0.0707070707070707,7.0,0.0,0.9261074662208557,True,,,,,,,,,,,,,,,,,,
va_long_beach,switzerland,9,pseudo_label_sfda,5,99,24,0.0101010101010101,8.0,0.08080808080808081,8.0,0.0,0.9206336736679077,True,,,,,,,,,,,,,,,,,,
va_long_beach,switzerland,9,entropy_sfda,1,98,25,0.012755102040816325,,,,,,,0.5463500618934631,0.5031409859657288,0.7260628342628479,0.764350175857544,1.0,1.0,0.7260628342628479,0.764350175857544,,,,,,,,,,
va_long_beach,switzerland,9,entropy_sfda,2,98,25,0.007653061224489795,,,,,,,0.5542577505111694,0.514067530632019,0.7177321910858154,0.7548219561576843,1.0,1.0,0.7177321910858154,0.7548219561576843,,,,,,,,,,
va_long_beach,switzerland,9,entropy_sfda,3,98,25,0.011479591836734693,,,,,,,0.5612733364105225,0.5200597643852234,0.7126929759979248,0.7517964839935303,1.0,1.0,0.7126929759979248,0.7517964839935303,,,,,,,,,,
va_long_beach,switzerland,9,entropy_sfda,4,99,24,0.01388888888888889,,,,,,,0.5593312978744507,0.5154489278793335,0.7141161561012268,0.7552812099456787,1.0,1.0,0.7141161561012268,0.7552812099456787,,,,,,,,,,
va_long_beach,switzerland,9,entropy_sfda,5,99,24,0.0101010101010101,,,,,,,0.550225019454956,0.5058881044387817,0.7213945984840393,0.7615395784378052,1.0,1.0,0.7213945984840393,0.7615395784378052,,,,,,,,,,
va_long_beach,switzerland,9,reliability_gated_sfda,1,98,25,0.012755102040816325,0.0,0.0,,,0.0,True,0.5463500618934631,0.5463500618934631,0.7260628342628479,0.7260628342628479,1.0,1.0,,,0.0,98.0,0.0,1.0,0.0,0.0,0.0,,,
va_long_beach,switzerland,9,reliability_gated_sfda,2,98,25,0.007653061224489795,0.0,0.0,,,0.0,True,0.5542577505111694,0.5542577505111694,0.7177321910858154,0.7177321910858154,1.0,1.0,,,0.0,98.0,0.0,1.0,0.0,0.0,0.0,,,
va_long_beach,switzerland,9,reliability_gated_sfda,3,98,25,0.011479591836734693,0.0,0.0,,,0.0,True,0.5612733364105225,0.5612733364105225,0.7126929759979248,0.7126929759979248,1.0,1.0,,,0.0,98.0,0.0,1.0,0.0,0.0,0.0,,,
va_long_beach,switzerland,9,reliability_gated_sfda,4,99,24,0.01388888888888889,0.0,0.0,,,0.0,True,0.5593312978744507,0.5593312978744507,0.7141161561012268,0.7141161561012268,1.0,1.0,,,0.0,99.0,0.0,1.0,0.0,0.0,0.0,,,
va_long_beach,switzerland,9,reliability_gated_sfda,5,99,24,0.0101010101010101,0.0,0.0,,,0.0,True,0.550225019454956,0.550225019454956,0.7213945984840393,0.7213945984840393,1.0,1.0,,,0.0,99.0,0.0,1.0,0.0,0.0,0.0,,,
va_long_beach,switzerland,9,conservative_candidate,1,98,25,0.012755102040816325,0.0,,,,0.0,True,0.5463500618934631,0.5463500618934631,,,1.0,1.0,,,0.0,,,1.0,0.0,0.0,,full,0.9872448979591837,0.0
va_long_beach,switzerland,9,conservative_candidate,2,98,25,0.007653061224489795,0.0,,,,0.0,True,0.5542577505111694,0.5542577505111694,,,1.0,1.0,,,0.0,,,1.0,0.0,0.0,,full,0.9923469387755102,0.0
va_long_beach,switzerland,9,conservative_candidate,3,98,25,0.011479591836734693,0.0,,,,0.0,True,0.5612733364105225,0.5612733364105225,,,1.0,1.0,,,0.0,,,1.0,0.0,0.0,,full,0.9885204081632653,0.0
va_long_beach,switzerland,9,conservative_candidate,4,99,24,0.01388888888888889,0.0,,,,0.0,True,0.5593312978744507,0.5593312978744507,,,1.0,1.0,,,0.0,,,1.0,0.0,0.0,,full,0.9861111111111112,0.0
va_long_beach,switzerland,9,conservative_candidate,5,99,24,0.0101010101010101,0.0,,,,0.0,True,0.550225019454956,0.550225019454956,,,1.0,1.0,,,0.0,,,1.0,0.0,0.0,,full,0.98989898989899,0.0
